frame_id,video_id,filename,segundo,timestamp_hms,hora_reloj,indice_cuadro_video,t_video_ms,ancho,alto,resolucion,fuente,ubicacion,estado,nitidez,luminancia,motivo_descarte
BYPASS_20260928_V01_F00000,BYPASS_20260928_V01,frame_00000.jpg,0.0,00:00:00,08:10:00,0,0.0,1080,1920,1080x1920,Smartphone 108 MP (Bypass),Óvalo Salida a Cusco,DESCARTADO,1534.555693014058,136.60222029320988,ESTABILIZACION_INICIAL_CAMARA
BYPASS_20260928_V01_F00001,BYPASS_20260928_V01,frame_00001.jpg,1.0,00:00:01,08:10:01,30,1032.9,1080,1920,1080x1920,Smartphone 108 MP (Bypass),Óvalo Salida a Cusco,DESCARTADO,1381.8078980713296,132.73222993827162,ESTABILIZACION_INICIAL_CAMARA
BYPASS_20260928_V01_F00002,BYPASS_20260928_V01,frame_00002.jpg,2.0,00:00:02,08:10:02,59,1999.2,1080,1920,1080x1920,Smartphone 108 MP (Bypass),Óvalo Salida a Cusco,DESCARTADO,1336.3989048400201,129.63578703703703,ESTABILIZACION_INICIAL_CAMARA
BYPASS_20260928_V01_F00003,BYPASS_20260928_V01,frame_00003.jpg,3.0,00:00:03,08:10:03,89,3065.5,1080,1920,1080x1920,Smartphone 108 MP (Bypass),Óvalo Salida a Cusco,DESCARTADO,1448.7783324616455,127.6230073302469,ESTABILIZACION_INICIAL_CAMARA
BYPASS_20260928_V01_F00004,BYPASS_20260928_V01,frame_00004.jpg,4.0,00:00:04,08:10:04,118,4031.7,1080,1920,1080x1920,Smartphone 108 MP (Bypass),Óvalo Salida a Cusco,DESCARTADO,1417.5167623069653,130.2051601080247,ESTABILIZACION_INICIAL_CAMARA
BYPASS_20260928_V01_F00005,BYPASS_20260928_V01,frame_00005.jpg,5.0,00:00:05,08:10:05,148,5031.3,1080,1920,1080x1920,Smartphone 108 MP (Bypass),Óvalo Salida a Cusco,VALIDO,1420.265545644954,132.08943479938273,NINGUNO
BYPASS_20260928_V01_F00006,BYPASS_20260928_V01,frame_00006.jpg,6.0,00:00:06,08:10:06,177,5997.6,1080,1920,1080x1920,Smartphone 108 MP (Bypass),Óvalo Salida a Cusco,VALIDO,1429.4199393902982,135.4703838734568,NINGUNO
BYPASS_20260928_V01_F00007,BYPASS_20260928_V01,frame_00007.jpg,7.0,00:00:07,08:10:07,207,6997.1,1080,1920,1080x1920,Smartphone 108 MP (Bypass),Óvalo Salida a Cusco,VALIDO,1437.3070234587508,135.44590470679012,NINGUNO
BYPASS_20260928_V01_F00008,BYPASS_20260928_V01,frame_00008.jpg,8.0,00:00:08,08:10:08,236,7963.5,1080,1920,1080x1920,Smartphone 108 MP (Bypass),Óvalo Salida a Cusco,VALIDO,1390.137868573973,142.00202932098765,NINGUNO
BYPASS_20260928_V01_F00009,BYPASS_20260928_V01,frame_00009.jpg,9.0,00:00:09,08:10:09,266,8963.1,1080,1920,1080x1920,Smartphone 108 MP (Bypass),Óvalo Salida a Cusco,VALIDO,1349.3681546971115,139.62505015432097,NINGUNO
BYPASS_20260928_V01_F00010,BYPASS_20260928_V01,frame_00010.jpg,10.0,00:00:10,08:10:10,295,9929.3,1080,1920,1080x1920,Smartphone 108 MP (Bypass),Óvalo Salida a Cusco,VALIDO,1385.9631687636306,142.26161844135802,NINGUNO
BYPASS_20260928_V01_F00011,BYPASS_20260928_V01,frame_00011.jpg,11.0,00:00:11,08:10:11,325,10929.0,1080,1920,1080x1920,Smartphone 108 MP (Bypass),Óvalo Salida a Cusco,VALIDO,1491.4146623522831,141.72431134259259,NINGUNO
BYPASS_20260928_V01_F00012,BYPASS_20260928_V01,frame_00012.jpg,12.0,00:00:12,08:10:12,354,11895.2,1080,1920,1080x1920,Smartphone 108 MP (Bypass),Óvalo Salida a Cusco,VALIDO,1479.0217608649684,141.60040316358024,NINGUNO
BYPASS_20260928_V01_F00013,BYPASS_20260928_V01,frame_00013.jpg,13.0,00:00:13,08:10:13,384,12894.8,1080,1920,1080x1920,Smartphone 108 MP (Bypass),Óvalo Salida a Cusco,VALIDO,1447.5900460637276,143.1835339506173,NINGUNO
BYPASS_20260928_V01_F00014,BYPASS_20260928_V01,frame_00014.jpg,14.0,00:00:14,08:10:14,413,13861.1,1080,1920,1080x1920,Smartphone 108 MP (Bypass),Óvalo Salida a Cusco,VALIDO,1412.9382753019736,142.54191358024693,NINGUNO
BYPASS_20260928_V01_F00015,BYPASS_20260928_V01,frame_00015.jpg,15.0,00:00:15,08:10:15,443,14860.7,1080,1920,1080x1920,Smartphone 108 MP (Bypass),Óvalo Salida a Cusco,VALIDO,1439.152749519831,143.38278356481482,NINGUNO
BYPASS_20260928_V01_F00016,BYPASS_20260928_V01,frame_00016.jpg,16.0,00:00:16,08:10:16,472,15827.0,1080,1920,1080x1920,Smartphone 108 MP (Bypass),Óvalo Salida a Cusco,VALIDO,1459.6950633841263,136.7144598765432,NINGUNO
BYPASS_20260928_V01_F00017,BYPASS_20260928_V01,frame_00017.jpg,17.0,00:00:17,08:10:17,502,16826.6,1080,1920,1080x1920,Smartphone 108 MP (Bypass),Óvalo Salida a Cusco,VALIDO,1471.2853353927178,136.40915509259258,NINGUNO
BYPASS_20260928_V01_F00018,BYPASS_20260928_V01,frame_00018.jpg,18.0,00:00:18,08:10:18,532,17826.2,1080,1920,1080x1920,Smartphone 108 MP (Bypass),Óvalo Salida a Cusco,VALIDO,1484.0540807782818,136.4109799382716,NINGUNO
BYPASS_20260928_V01_F00019,BYPASS_20260928_V01,frame_00019.jpg,19.0,00:00:19,08:10:19,561,18792.5,1080,1920,1080x1920,Smartphone 108 MP (Bypass),Óvalo Salida a Cusco,VALIDO,1451.5338771338763,136.28444830246914,NINGUNO
BYPASS_20260928_V01_F00020,BYPASS_20260928_V01,frame_00020.jpg,20.0,00:00:20,08:10:20,591,19792.1,1080,1920,1080x1920,Smartphone 108 MP (Bypass),Óvalo Salida a Cusco,VALIDO,1495.5236418908803,135.64941550925926,NINGUNO
BYPASS_20260928_V01_F00021,BYPASS_20260928_V01,frame_00021.jpg,21.0,00:00:21,08:10:21,620,20758.4,1080,1920,1080x1920,Smartphone 108 MP (Bypass),Óvalo Salida a Cusco,VALIDO,1512.4275746969804,134.78548804012345,NINGUNO
BYPASS_20260928_V01_F00022,BYPASS_20260928_V01,frame_00022.jpg,22.0,00:00:22,08:10:22,650,21758.0,1080,1920,1080x1920,Smartphone 108 MP (Bypass),Óvalo Salida a Cusco,VALIDO,1586.4226477293582,134.95658564814815,NINGUNO
BYPASS_20260928_V01_F00023,BYPASS_20260928_V01,frame_00023.jpg,23.0,00:00:23,08:10:23,679,22724.3,1080,1920,1080x1920,Smartphone 108 MP (Bypass),Óvalo Salida a Cusco,VALIDO,1560.2003781719154,134.87083719135802,NINGUNO
BYPASS_20260928_V01_F00024,BYPASS_20260928_V01,frame_00024.jpg,24.0,00:00:24,08:10:24,709,23723.8,1080,1920,1080x1920,Smartphone 108 MP (Bypass),Óvalo Salida a Cusco,VALIDO,1480.7308092580533,135.07233217592594,NINGUNO
BYPASS_20260928_V01_F00025,BYPASS_20260928_V01,frame_00025.jpg,25.0,00:00:25,08:10:25,738,24690.1,1080,1920,1080x1920,Smartphone 108 MP (Bypass),Óvalo Salida a Cusco,VALIDO,1369.706011947519,134.48065200617285,NINGUNO
BYPASS_20260928_V01_F00026,BYPASS_20260928_V01,frame_00026.jpg,26.0,00:00:26,08:10:26,768,25689.7,1080,1920,1080x1920,Smartphone 108 MP (Bypass),Óvalo Salida a Cusco,VALIDO,1490.2620357266776,133.3890625,NINGUNO
BYPASS_20260928_V01_F00027,BYPASS_20260928_V01,frame_00027.jpg,27.0,00:00:27,08:10:27,797,26656.0,1080,1920,1080x1920,Smartphone 108 MP (Bypass),Óvalo Salida a Cusco,VALIDO,1600.558913869148,132.36963734567902,NINGUNO
BYPASS_20260928_V01_F00028,BYPASS_20260928_V01,frame_00028.jpg,28.0,00:00:28,08:10:28,827,27655.7,1080,1920,1080x1920,Smartphone 108 MP (Bypass),Óvalo Salida a Cusco,VALIDO,1467.950523128858,128.8851350308642,NINGUNO
BYPASS_20260928_V01_F00029,BYPASS_20260928_V01,frame_00029.jpg,29.0,00:00:29,08:10:29,856,28621.9,1080,1920,1080x1920,Smartphone 108 MP (Bypass),Óvalo Salida a Cusco,VALIDO,1466.2475011921438,127.32071759259259,NINGUNO
BYPASS_20260928_V01_F00030,BYPASS_20260928_V01,frame_00030.jpg,30.0,00:00:30,08:10:30,886,29621.5,1080,1920,1080x1920,Smartphone 108 MP (Bypass),Óvalo Salida a Cusco,VALIDO,1529.2000354852532,126.31373649691358,NINGUNO
BYPASS_20260928_V01_F00031,BYPASS_20260928_V01,frame_00031.jpg,31.0,00:00:31,08:10:31,915,30587.8,1080,1920,1080x1920,Smartphone 108 MP (Bypass),Óvalo Salida a Cusco,VALIDO,1505.8693834822918,126.31028742283951,NINGUNO
BYPASS_20260928_V01_F00032,BYPASS_20260928_V01,frame_00032.jpg,32.0,00:00:32,08:10:32,945,31587.4,1080,1920,1080x1920,Smartphone 108 MP (Bypass),Óvalo Salida a Cusco,VALIDO,1501.0332115219164,126.00406442901235,NINGUNO
BYPASS_20260928_V01_F00033,BYPASS_20260928_V01,frame_00033.jpg,33.0,00:00:33,08:10:33,974,32553.7,1080,1920,1080x1920,Smartphone 108 MP (Bypass),Óvalo Salida a Cusco,VALIDO,1518.9195821059664,126.82342206790123,NINGUNO
BYPASS_20260928_V01_F00034,BYPASS_20260928_V01,frame_00034.jpg,34.0,00:00:34,08:10:34,1004,33553.3,1080,1920,1080x1920,Smartphone 108 MP (Bypass),Óvalo Salida a Cusco,VALIDO,1642.0111206175663,128.99806712962962,NINGUNO
BYPASS_20260928_V01_F00035,BYPASS_20260928_V01,frame_00035.jpg,35.0,00:00:35,08:10:35,1034,34552.9,1080,1920,1080x1920,Smartphone 108 MP (Bypass),Óvalo Salida a Cusco,VALIDO,1518.3379980511584,131.0285686728395,NINGUNO
BYPASS_20260928_V01_F00036,BYPASS_20260928_V01,frame_00036.jpg,36.0,00:00:36,08:10:36,1063,35519.1,1080,1920,1080x1920,Smartphone 108 MP (Bypass),Óvalo Salida a Cusco,VALIDO,1448.0550543094973,128.60046875,NINGUNO
BYPASS_20260928_V01_F00037,BYPASS_20260928_V01,frame_00037.jpg,37.0,00:00:37,08:10:37,1093,36518.7,1080,1920,1080x1920,Smartphone 108 MP (Bypass),Óvalo Salida a Cusco,VALIDO,1412.7992172777847,127.59307291666667,NINGUNO
BYPASS_20260928_V01_F00038,BYPASS_20260928_V01,frame_00038.jpg,38.0,00:00:38,08:10:38,1122,37484.9,1080,1920,1080x1920,Smartphone 108 MP (Bypass),Óvalo Salida a Cusco,VALIDO,1542.7252864439847,134.3158989197531,NINGUNO
BYPASS_20260928_V01_F00039,BYPASS_20260928_V01,frame_00039.jpg,39.0,00:00:39,08:10:39,1152,38484.5,1080,1920,1080x1920,Smartphone 108 MP (Bypass),Óvalo Salida a Cusco,VALIDO,1539.2532839008704,136.3392148919753,NINGUNO
BYPASS_20260928_V01_F00040,BYPASS_20260928_V01,frame_00040.jpg,40.0,00:00:40,08:10:40,1181,39450.8,1080,1920,1080x1920,Smartphone 108 MP (Bypass),Óvalo Salida a Cusco,VALIDO,1555.7495914929211,135.08911072530864,NINGUNO
BYPASS_20260928_V01_F00041,BYPASS_20260928_V01,frame_00041.jpg,41.0,00:00:41,08:10:41,1211,40450.4,1080,1920,1080x1920,Smartphone 108 MP (Bypass),Óvalo Salida a Cusco,VALIDO,1603.4791705389198,134.10083140432099,NINGUNO
BYPASS_20260928_V01_F00042,BYPASS_20260928_V01,frame_00042.jpg,42.0,00:00:42,08:10:42,1240,41416.7,1080,1920,1080x1920,Smartphone 108 MP (Bypass),Óvalo Salida a Cusco,VALIDO,1580.6964575928034,136.0553973765432,NINGUNO
BYPASS_20260928_V01_F00043,BYPASS_20260928_V01,frame_00043.jpg,43.0,00:00:43,08:10:43,1270,42416.3,1080,1920,1080x1920,Smartphone 108 MP (Bypass),Óvalo Salida a Cusco,VALIDO,1514.2562893381535,139.15371720679013,NINGUNO
BYPASS_20260928_V01_F00044,BYPASS_20260928_V01,frame_00044.jpg,44.0,00:00:44,08:10:44,1299,43382.5,1080,1920,1080x1920,Smartphone 108 MP (Bypass),Óvalo Salida a Cusco,VALIDO,1429.0756474211807,134.081925154321,NINGUNO
BYPASS_20260928_V01_F00045,BYPASS_20260928_V01,frame_00045.jpg,45.0,00:00:45,08:10:45,1329,44382.1,1080,1920,1080x1920,Smartphone 108 MP (Bypass),Óvalo Salida a Cusco,VALIDO,1476.099513712048,133.00061342592593,NINGUNO
BYPASS_20260928_V01_F00046,BYPASS_20260928_V01,frame_00046.jpg,46.0,00:00:46,08:10:46,1358,45348.4,1080,1920,1080x1920,Smartphone 108 MP (Bypass),Óvalo Salida a Cusco,VALIDO,1546.4778089155168,132.58233796296295,NINGUNO
BYPASS_20260928_V01_F00047,BYPASS_20260928_V01,frame_00047.jpg,47.0,00:00:47,08:10:47,1388,46348.0,1080,1920,1080x1920,Smartphone 108 MP (Bypass),Óvalo Salida a Cusco,VALIDO,1369.7531077459632,135.7014486882716,NINGUNO
BYPASS_20260928_V01_F00048,BYPASS_20260928_V01,frame_00048.jpg,48.0,00:00:48,08:10:48,1417,47314.3,1080,1920,1080x1920,Smartphone 108 MP (Bypass),Óvalo Salida a Cusco,VALIDO,1285.4781004762997,134.06399691358024,NINGUNO
BYPASS_20260928_V01_F00049,BYPASS_20260928_V01,frame_00049.jpg,49.0,00:00:49,08:10:49,1447,48313.9,1080,1920,1080x1920,Smartphone 108 MP (Bypass),Óvalo Salida a Cusco,VALIDO,1520.547574573236,134.32505979938273,NINGUNO
BYPASS_20260928_V01_F00050,BYPASS_20260928_V01,frame_00050.jpg,50.0,00:00:50,08:10:50,1476,49280.2,1080,1920,1080x1920,Smartphone 108 MP (Bypass),Óvalo Salida a Cusco,VALIDO,1458.5573514493453,133.2199749228395,NINGUNO
BYPASS_20260928_V01_F00051,BYPASS_20260928_V01,frame_00051.jpg,51.0,00:00:51,08:10:51,1506,50279.9,1080,1920,1080x1920,Smartphone 108 MP (Bypass),Óvalo Salida a Cusco,VALIDO,1367.2978792177453,132.15481095679013,NINGUNO
BYPASS_20260928_V01_F00052,BYPASS_20260928_V01,frame_00052.jpg,52.0,00:00:52,08:10:52,1535,51246.1,1080,1920,1080x1920,Smartphone 108 MP (Bypass),Óvalo Salida a Cusco,VALIDO,1279.6869622965564,134.09582947530865,NINGUNO
BYPASS_20260928_V01_F00053,BYPASS_20260928_V01,frame_00053.jpg,53.0,00:00:53,08:10:53,1565,52245.7,1080,1920,1080x1920,Smartphone 108 MP (Bypass),Óvalo Salida a Cusco,VALIDO,1309.3573771942176,133.94782600308642,NINGUNO
BYPASS_20260928_V01_F00054,BYPASS_20260928_V01,frame_00054.jpg,54.0,00:00:54,08:10:54,1595,53245.2,1080,1920,1080x1920,Smartphone 108 MP (Bypass),Óvalo Salida a Cusco,VALIDO,1369.9586111705557,142.74987268518518,NINGUNO
BYPASS_20260928_V01_F00055,BYPASS_20260928_V01,frame_00055.jpg,55.0,00:00:55,08:10:55,1624,54211.4,1080,1920,1080x1920,Smartphone 108 MP (Bypass),Óvalo Salida a Cusco,VALIDO,1328.7560572103052,142.96853780864197,NINGUNO
BYPASS_20260928_V01_F00056,BYPASS_20260928_V01,frame_00056.jpg,56.0,00:00:56,08:10:56,1654,55211.1,1080,1920,1080x1920,Smartphone 108 MP (Bypass),Óvalo Salida a Cusco,VALIDO,1339.3562095007283,143.45582175925927,NINGUNO
BYPASS_20260928_V01_F00057,BYPASS_20260928_V01,frame_00057.jpg,57.0,00:00:57,08:10:57,1683,56177.3,1080,1920,1080x1920,Smartphone 108 MP (Bypass),Óvalo Salida a Cusco,VALIDO,1291.275566196644,143.05949074074073,NINGUNO
BYPASS_20260928_V01_F00058,BYPASS_20260928_V01,frame_00058.jpg,58.0,00:00:58,08:10:58,1713,57176.9,1080,1920,1080x1920,Smartphone 108 MP (Bypass),Óvalo Salida a Cusco,VALIDO,1317.117722309371,143.1746161265432,NINGUNO
BYPASS_20260928_V01_F00059,BYPASS_20260928_V01,frame_00059.jpg,59.0,00:00:59,08:10:59,1742,58143.2,1080,1920,1080x1920,Smartphone 108 MP (Bypass),Óvalo Salida a Cusco,VALIDO,1387.9333657619918,145.40407214506172,NINGUNO
BYPASS_20260928_V01_F00060,BYPASS_20260928_V01,frame_00060.jpg,60.0,00:01:00,08:11:00,1772,59142.8,1080,1920,1080x1920,Smartphone 108 MP (Bypass),Óvalo Salida a Cusco,VALIDO,1288.7804178965762,146.10819830246913,NINGUNO
BYPASS_20260928_V01_F00061,BYPASS_20260928_V01,frame_00061.jpg,61.0,00:01:01,08:11:01,1801,60109.1,1080,1920,1080x1920,Smartphone 108 MP (Bypass),Óvalo Salida a Cusco,VALIDO,1298.0403525655722,144.8946412037037,NINGUNO
BYPASS_20260928_V01_F00062,BYPASS_20260928_V01,frame_00062.jpg,62.0,00:01:02,08:11:02,1831,61108.7,1080,1920,1080x1920,Smartphone 108 MP (Bypass),Óvalo Salida a Cusco,VALIDO,1302.6496738611643,144.86850308641976,NINGUNO
BYPASS_20260928_V01_F00063,BYPASS_20260928_V01,frame_00063.jpg,63.0,00:01:03,08:11:03,1860,62074.9,1080,1920,1080x1920,Smartphone 108 MP (Bypass),Óvalo Salida a Cusco,VALIDO,1372.5533046873666,143.78191936728396,NINGUNO
BYPASS_20260928_V01_F00064,BYPASS_20260928_V01,frame_00064.jpg,64.0,00:01:04,08:11:04,1890,63074.6,1080,1920,1080x1920,Smartphone 108 MP (Bypass),Óvalo Salida a Cusco,VALIDO,1328.6981236870665,142.9002912808642,NINGUNO
BYPASS_20260928_V01_F00065,BYPASS_20260928_V01,frame_00065.jpg,65.0,00:01:05,08:11:05,1919,64040.9,1080,1920,1080x1920,Smartphone 108 MP (Bypass),Óvalo Salida a Cusco,VALIDO,1302.2070446159123,138.33123070987654,NINGUNO
BYPASS_20260928_V01_F00066,BYPASS_20260928_V01,frame_00066.jpg,66.0,00:01:06,08:11:06,1949,65040.5,1080,1920,1080x1920,Smartphone 108 MP (Bypass),Óvalo Salida a Cusco,VALIDO,1234.0533010976578,130.93134066358024,NINGUNO
BYPASS_20260928_V01_F00067,BYPASS_20260928_V01,frame_00067.jpg,67.0,00:01:07,08:11:07,1978,66006.8,1080,1920,1080x1920,Smartphone 108 MP (Bypass),Óvalo Salida a Cusco,VALIDO,1126.955244056048,139.71908564814814,NINGUNO
BYPASS_20260928_V01_F00068,BYPASS_20260928_V01,frame_00068.jpg,68.0,00:01:08,08:11:08,2008,67006.3,1080,1920,1080x1920,Smartphone 108 MP (Bypass),Óvalo Salida a Cusco,VALIDO,999.1541584939501,144.032918595679,NINGUNO
BYPASS_20260928_V01_F00069,BYPASS_20260928_V01,frame_00069.jpg,69.0,00:01:09,08:11:09,2037,67972.6,1080,1920,1080x1920,Smartphone 108 MP (Bypass),Óvalo Salida a Cusco,VALIDO,1107.1660101460686,144.7154436728395,NINGUNO
BYPASS_20260928_V01_F00070,BYPASS_20260928_V01,frame_00070.jpg,70.0,00:01:10,08:11:10,2067,68972.1,1080,1920,1080x1920,Smartphone 108 MP (Bypass),Óvalo Salida a Cusco,VALIDO,1119.7621194039848,145.14460069444445,NINGUNO
BYPASS_20260928_V01_F00071,BYPASS_20260928_V01,frame_00071.jpg,71.0,00:01:11,08:11:11,2097,69971.7,1080,1920,1080x1920,Smartphone 108 MP (Bypass),Óvalo Salida a Cusco,VALIDO,991.7099984031913,143.8457523148148,NINGUNO
BYPASS_20260928_V01_F00072,BYPASS_20260928_V01,frame_00072.jpg,72.0,00:01:12,08:11:12,2126,70938.0,1080,1920,1080x1920,Smartphone 108 MP (Bypass),Óvalo Salida a Cusco,VALIDO,918.6490128312658,143.12034336419754,NINGUNO
BYPASS_20260928_V01_F00073,BYPASS_20260928_V01,frame_00073.jpg,73.0,00:01:13,08:11:13,2156,71937.6,1080,1920,1080x1920,Smartphone 108 MP (Bypass),Óvalo Salida a Cusco,VALIDO,964.9194903297504,142.87214891975307,NINGUNO
BYPASS_20260928_V01_F00074,BYPASS_20260928_V01,frame_00074.jpg,74.0,00:01:14,08:11:14,2185,72903.9,1080,1920,1080x1920,Smartphone 108 MP (Bypass),Óvalo Salida a Cusco,VALIDO,1032.9572362283666,143.66793788580247,NINGUNO
BYPASS_20260928_V01_F00075,BYPASS_20260928_V01,frame_00075.jpg,75.0,00:01:15,08:11:15,2215,73903.5,1080,1920,1080x1920,Smartphone 108 MP (Bypass),Óvalo Salida a Cusco,VALIDO,1006.3999409036204,142.71739583333334,NINGUNO
BYPASS_20260928_V01_F00076,BYPASS_20260928_V01,frame_00076.jpg,76.0,00:01:16,08:11:16,2244,74869.8,1080,1920,1080x1920,Smartphone 108 MP (Bypass),Óvalo Salida a Cusco,VALIDO,1094.0190166866114,140.49545138888888,NINGUNO
BYPASS_20260928_V01_F00077,BYPASS_20260928_V01,frame_00077.jpg,77.0,00:01:17,08:11:17,2274,75869.3,1080,1920,1080x1920,Smartphone 108 MP (Bypass),Óvalo Salida a Cusco,VALIDO,1023.1764784953486,138.19442515432098,NINGUNO
BYPASS_20260928_V01_F00078,BYPASS_20260928_V01,frame_00078.jpg,78.0,00:01:18,08:11:18,2303,76835.6,1080,1920,1080x1920,Smartphone 108 MP (Bypass),Óvalo Salida a Cusco,VALIDO,876.285484850689,139.92704282407408,NINGUNO
BYPASS_20260928_V01_F00079,BYPASS_20260928_V01,frame_00079.jpg,79.0,00:01:19,08:11:19,2333,77835.2,1080,1920,1080x1920,Smartphone 108 MP (Bypass),Óvalo Salida a Cusco,VALIDO,822.6086356469425,139.75210841049383,NINGUNO
BYPASS_20260928_V01_F00080,BYPASS_20260928_V01,frame_00080.jpg,80.0,00:01:20,08:11:20,2362,78801.5,1080,1920,1080x1920,Smartphone 108 MP (Bypass),Óvalo Salida a Cusco,VALIDO,852.3171730609262,142.2499209104938,NINGUNO
BYPASS_20260928_V01_F00081,BYPASS_20260928_V01,frame_00081.jpg,81.0,00:01:21,08:11:21,2392,79801.1,1080,1920,1080x1920,Smartphone 108 MP (Bypass),Óvalo Salida a Cusco,VALIDO,913.8094038387198,146.87233410493826,NINGUNO
BYPASS_20260928_V01_F00082,BYPASS_20260928_V01,frame_00082.jpg,82.0,00:01:22,08:11:22,2421,80767.4,1080,1920,1080x1920,Smartphone 108 MP (Bypass),Óvalo Salida a Cusco,VALIDO,911.4236145850263,150.94058834876543,NINGUNO
BYPASS_20260928_V01_F00083,BYPASS_20260928_V01,frame_00083.jpg,83.0,00:01:23,08:11:23,2451,81767.0,1080,1920,1080x1920,Smartphone 108 MP (Bypass),Óvalo Salida a Cusco,VALIDO,863.8783537685061,150.0622723765432,NINGUNO
BYPASS_20260928_V01_F00084,BYPASS_20260928_V01,frame_00084.jpg,84.0,00:01:24,08:11:24,2480,82733.2,1080,1920,1080x1920,Smartphone 108 MP (Bypass),Óvalo Salida a Cusco,VALIDO,882.2406045178034,148.60838541666666,NINGUNO
BYPASS_20260928_V01_F00085,BYPASS_20260928_V01,frame_00085.jpg,85.0,00:01:25,08:11:25,2510,83732.8,1080,1920,1080x1920,Smartphone 108 MP (Bypass),Óvalo Salida a Cusco,VALIDO,874.4773837866474,148.0706288580247,NINGUNO
BYPASS_20260928_V01_F00086,BYPASS_20260928_V01,frame_00086.jpg,86.0,00:01:26,08:11:26,2539,84699.1,1080,1920,1080x1920,Smartphone 108 MP (Bypass),Óvalo Salida a Cusco,VALIDO,936.41521552331,147.51310185185184,NINGUNO
BYPASS_20260928_V01_F00087,BYPASS_20260928_V01,frame_00087.jpg,87.0,00:01:27,08:11:27,2569,85698.7,1080,1920,1080x1920,Smartphone 108 MP (Bypass),Óvalo Salida a Cusco,VALIDO,952.826564698237,146.85498070987654,NINGUNO
BYPASS_20260928_V01_F00088,BYPASS_20260928_V01,frame_00088.jpg,88.0,00:01:28,08:11:28,2599,86698.3,1080,1920,1080x1920,Smartphone 108 MP (Bypass),Óvalo Salida a Cusco,VALIDO,1053.1971982935233,147.33297067901233,NINGUNO
BYPASS_20260928_V01_F00089,BYPASS_20260928_V01,frame_00089.jpg,89.0,00:01:29,08:11:29,2628,87664.5,1080,1920,1080x1920,Smartphone 108 MP (Bypass),Óvalo Salida a Cusco,VALIDO,1050.0599123198997,147.16927083333334,NINGUNO
BYPASS_20260928_V01_F00090,BYPASS_20260928_V01,frame_00090.jpg,90.0,00:01:30,08:11:30,2658,88664.1,1080,1920,1080x1920,Smartphone 108 MP (Bypass),Óvalo Salida a Cusco,VALIDO,1009.5642391594268,145.45916666666668,NINGUNO
BYPASS_20260928_V01_F00091,BYPASS_20260928_V01,frame_00091.jpg,91.0,00:01:31,08:11:31,2687,89630.4,1080,1920,1080x1920,Smartphone 108 MP (Bypass),Óvalo Salida a Cusco,VALIDO,1118.4985785161457,144.95032214506173,NINGUNO
BYPASS_20260928_V01_F00092,BYPASS_20260928_V01,frame_00092.jpg,92.0,00:01:32,08:11:32,2717,90630.0,1080,1920,1080x1920,Smartphone 108 MP (Bypass),Óvalo Salida a Cusco,VALIDO,1241.1033690057134,144.6746875,NINGUNO
BYPASS_20260928_V01_F00093,BYPASS_20260928_V01,frame_00093.jpg,93.0,00:01:33,08:11:33,2746,91629.6,1080,1920,1080x1920,Smartphone 108 MP (Bypass),Óvalo Salida a Cusco,VALIDO,1248.527106476659,145.1098476080247,NINGUNO
BYPASS_20260928_V01_F00094,BYPASS_20260928_V01,frame_00094.jpg,94.0,00:01:34,08:11:34,2776,92629.2,1080,1920,1080x1920,Smartphone 108 MP (Bypass),Óvalo Salida a Cusco,VALIDO,1163.8835030871303,141.59199074074073,NINGUNO
BYPASS_20260928_V01_F00095,BYPASS_20260928_V01,frame_00095.jpg,95.0,00:01:35,08:11:35,2805,93628.8,1080,1920,1080x1920,Smartphone 108 MP (Bypass),Óvalo Salida a Cusco,VALIDO,1097.180371811042,131.448125,NINGUNO
BYPASS_20260928_V01_F00096,BYPASS_20260928_V01,frame_00096.jpg,96.0,00:01:36,08:11:36,2835,94628.4,1080,1920,1080x1920,Smartphone 108 MP (Bypass),Óvalo Salida a Cusco,VALIDO,1203.2936891355487,130.82240547839507,NINGUNO
BYPASS_20260928_V01_F00097,BYPASS_20260928_V01,frame_00097.jpg,97.0,00:01:37,08:11:37,2864,95594.8,1080,1920,1080x1920,Smartphone 108 MP (Bypass),Óvalo Salida a Cusco,VALIDO,1244.9419832783171,134.80858217592592,NINGUNO
BYPASS_20260928_V01_F00098,BYPASS_20260928_V01,frame_00098.jpg,98.0,00:01:38,08:11:38,2894,96594.3,1080,1920,1080x1920,Smartphone 108 MP (Bypass),Óvalo Salida a Cusco,VALIDO,1165.6235578797146,137.38818287037037,NINGUNO
BYPASS_20260928_V01_F00099,BYPASS_20260928_V01,frame_00099.jpg,99.0,00:01:39,08:11:39,2923,97560.6,1080,1920,1080x1920,Smartphone 108 MP (Bypass),Óvalo Salida a Cusco,VALIDO,1147.7211120348936,138.0264699074074,NINGUNO
BYPASS_20260928_V01_F00100,BYPASS_20260928_V01,frame_00100.jpg,100.0,00:01:40,08:11:40,2953,98560.1,1080,1920,1080x1920,Smartphone 108 MP (Bypass),Óvalo Salida a Cusco,VALIDO,1132.0252832792996,143.68196566358026,NINGUNO
BYPASS_20260928_V01_F00101,BYPASS_20260928_V01,frame_00101.jpg,101.0,00:01:41,08:11:41,2982,99526.4,1080,1920,1080x1920,Smartphone 108 MP (Bypass),Óvalo Salida a Cusco,VALIDO,1154.6505457479527,145.4493672839506,NINGUNO
BYPASS_20260928_V01_F00102,BYPASS_20260928_V01,frame_00102.jpg,102.0,00:01:42,08:11:42,3012,100526.0,1080,1920,1080x1920,Smartphone 108 MP (Bypass),Óvalo Salida a Cusco,VALIDO,1128.8552377721712,147.07342592592593,NINGUNO
BYPASS_20260928_V01_F00103,BYPASS_20260928_V01,frame_00103.jpg,103.0,00:01:43,08:11:43,3041,101492.3,1080,1920,1080x1920,Smartphone 108 MP (Bypass),Óvalo Salida a Cusco,VALIDO,1172.639621713531,144.72106674382715,NINGUNO
BYPASS_20260928_V01_F00104,BYPASS_20260928_V01,frame_00104.jpg,104.0,00:01:44,08:11:44,3071,102491.9,1080,1920,1080x1920,Smartphone 108 MP (Bypass),Óvalo Salida a Cusco,VALIDO,1264.1486440430097,144.8342438271605,NINGUNO
BYPASS_20260928_V01_F00105,BYPASS_20260928_V01,frame_00105.jpg,105.0,00:01:45,08:11:45,3101,103491.5,1080,1920,1080x1920,Smartphone 108 MP (Bypass),Óvalo Salida a Cusco,VALIDO,1203.4525745545263,145.3526350308642,NINGUNO
BYPASS_20260928_V01_F00106,BYPASS_20260928_V01,frame_00106.jpg,106.0,00:01:46,08:11:46,3130,104457.8,1080,1920,1080x1920,Smartphone 108 MP (Bypass),Óvalo Salida a Cusco,VALIDO,1185.0113281629513,145.42082947530864,NINGUNO
BYPASS_20260928_V01_F00107,BYPASS_20260928_V01,frame_00107.jpg,107.0,00:01:47,08:11:47,3160,105457.4,1080,1920,1080x1920,Smartphone 108 MP (Bypass),Óvalo Salida a Cusco,VALIDO,1238.6182844609682,142.27785493827162,NINGUNO
BYPASS_20260928_V01_F00108,BYPASS_20260928_V01,frame_00108.jpg,108.0,00:01:48,08:11:48,3189,106423.7,1080,1920,1080x1920,Smartphone 108 MP (Bypass),Óvalo Salida a Cusco,VALIDO,1303.6850076356595,135.54960648148148,NINGUNO
BYPASS_20260928_V01_F00109,BYPASS_20260928_V01,frame_00109.jpg,109.0,00:01:49,08:11:49,3219,107423.3,1080,1920,1080x1920,Smartphone 108 MP (Bypass),Óvalo Salida a Cusco,VALIDO,1243.3905127924331,133.34072337962962,NINGUNO
BYPASS_20260928_V01_F00110,BYPASS_20260928_V01,frame_00110.jpg,110.0,00:01:50,08:11:50,3248,108389.6,1080,1920,1080x1920,Smartphone 108 MP (Bypass),Óvalo Salida a Cusco,VALIDO,1183.428742792695,132.44340277777778,NINGUNO
BYPASS_20260928_V01_F00111,BYPASS_20260928_V01,frame_00111.jpg,111.0,00:01:51,08:11:51,3278,109389.2,1080,1920,1080x1920,Smartphone 108 MP (Bypass),Óvalo Salida a Cusco,VALIDO,1207.8003855765212,132.84472222222223,NINGUNO
BYPASS_20260928_V01_F00112,BYPASS_20260928_V01,frame_00112.jpg,112.0,00:01:52,08:11:52,3307,110355.5,1080,1920,1080x1920,Smartphone 108 MP (Bypass),Óvalo Salida a Cusco,VALIDO,1202.2811423125847,133.2342361111111,NINGUNO
BYPASS_20260928_V01_F00113,BYPASS_20260928_V01,frame_00113.jpg,113.0,00:01:53,08:11:53,3337,111355.1,1080,1920,1080x1920,Smartphone 108 MP (Bypass),Óvalo Salida a Cusco,VALIDO,1204.4636128713012,132.42332947530863,NINGUNO
BYPASS_20260928_V01_F00114,BYPASS_20260928_V01,frame_00114.jpg,114.0,00:01:54,08:11:54,3366,112321.4,1080,1920,1080x1920,Smartphone 108 MP (Bypass),Óvalo Salida a Cusco,VALIDO,1213.152316020146,131.31535300925927,NINGUNO
BYPASS_20260928_V01_F00115,BYPASS_20260928_V01,frame_00115.jpg,115.0,00:01:55,08:11:55,3396,113321.0,1080,1920,1080x1920,Smartphone 108 MP (Bypass),Óvalo Salida a Cusco,VALIDO,1188.7969426000907,129.62704282407407,NINGUNO
BYPASS_20260928_V01_F00116,BYPASS_20260928_V01,frame_00116.jpg,116.0,00:01:56,08:11:56,3425,114287.2,1080,1920,1080x1920,Smartphone 108 MP (Bypass),Óvalo Salida a Cusco,VALIDO,1219.9964358320258,128.22829668209877,NINGUNO
BYPASS_20260928_V01_F00117,BYPASS_20260928_V01,frame_00117.jpg,117.0,00:01:57,08:11:57,3455,115286.8,1080,1920,1080x1920,Smartphone 108 MP (Bypass),Óvalo Salida a Cusco,VALIDO,1233.5321180019719,128.28682677469135,NINGUNO
BYPASS_20260928_V01_F00118,BYPASS_20260928_V01,frame_00118.jpg,118.0,00:01:58,08:11:58,3484,116253.1,1080,1920,1080x1920,Smartphone 108 MP (Bypass),Óvalo Salida a Cusco,VALIDO,1192.775410413418,130.07461419753088,NINGUNO
BYPASS_20260928_V01_F00119,BYPASS_20260928_V01,frame_00119.jpg,119.0,00:01:59,08:11:59,3514,117252.6,1080,1920,1080x1920,Smartphone 108 MP (Bypass),Óvalo Salida a Cusco,VALIDO,1121.725215745013,130.1698726851852,NINGUNO
BYPASS_20260928_V01_F00120,BYPASS_20260928_V01,frame_00120.jpg,120.0,00:02:00,08:12:00,3543,118218.9,1080,1920,1080x1920,Smartphone 108 MP (Bypass),Óvalo Salida a Cusco,VALIDO,1150.344293365533,131.2653009259259,NINGUNO
BYPASS_20260928_V01_F00121,BYPASS_20260928_V01,frame_00121.jpg,121.0,00:02:01,08:12:01,3573,119218.5,1080,1920,1080x1920,Smartphone 108 MP (Bypass),Óvalo Salida a Cusco,VALIDO,1198.668311645247,135.3341512345679,NINGUNO
BYPASS_20260928_V01_F00122,BYPASS_20260928_V01,frame_00122.jpg,122.0,00:02:02,08:12:02,3603,120218.0,1080,1920,1080x1920,Smartphone 108 MP (Bypass),Óvalo Salida a Cusco,VALIDO,1194.9196803328816,137.3474363425926,NINGUNO
BYPASS_20260928_V01_F00123,BYPASS_20260928_V01,frame_00123.jpg,123.0,00:02:03,08:12:03,3632,121184.3,1080,1920,1080x1920,Smartphone 108 MP (Bypass),Óvalo Salida a Cusco,VALIDO,1125.0837330650427,136.53628086419752,NINGUNO
BYPASS_20260928_V01_F00124,BYPASS_20260928_V01,frame_00124.jpg,124.0,00:02:04,08:12:04,3662,122183.9,1080,1920,1080x1920,Smartphone 108 MP (Bypass),Óvalo Salida a Cusco,VALIDO,1193.8229472479088,136.8506886574074,NINGUNO
BYPASS_20260928_V01_F00125,BYPASS_20260928_V01,frame_00125.jpg,125.0,00:02:05,08:12:05,3691,123150.2,1080,1920,1080x1920,Smartphone 108 MP (Bypass),Óvalo Salida a Cusco,VALIDO,1267.2413792194134,136.65673611111112,NINGUNO
BYPASS_20260928_V01_F00126,BYPASS_20260928_V01,frame_00126.jpg,126.0,00:02:06,08:12:06,3721,124149.8,1080,1920,1080x1920,Smartphone 108 MP (Bypass),Óvalo Salida a Cusco,VALIDO,1226.496507473122,137.3979648919753,NINGUNO
BYPASS_20260928_V01_F00127,BYPASS_20260928_V01,frame_00127.jpg,127.0,00:02:07,08:12:07,3750,125116.1,1080,1920,1080x1920,Smartphone 108 MP (Bypass),Óvalo Salida a Cusco,VALIDO,1176.0318480299627,134.24068865740742,NINGUNO
BYPASS_20260928_V01_F00128,BYPASS_20260928_V01,frame_00128.jpg,128.0,00:02:08,08:12:08,3780,126115.7,1080,1920,1080x1920,Smartphone 108 MP (Bypass),Óvalo Salida a Cusco,VALIDO,1130.4348533206994,133.5327199074074,NINGUNO
BYPASS_20260928_V01_F00129,BYPASS_20260928_V01,frame_00129.jpg,129.0,00:02:09,08:12:09,3809,127081.9,1080,1920,1080x1920,Smartphone 108 MP (Bypass),Óvalo Salida a Cusco,VALIDO,1126.9880587232399,134.01704668209877,NINGUNO
BYPASS_20260928_V01_F00130,BYPASS_20260928_V01,frame_00130.jpg,130.0,00:02:10,08:12:10,3839,128081.5,1080,1920,1080x1920,Smartphone 108 MP (Bypass),Óvalo Salida a Cusco,VALIDO,1106.2099684255807,134.37041666666667,NINGUNO
BYPASS_20260928_V01_F00131,BYPASS_20260928_V01,frame_00131.jpg,131.0,00:02:11,08:12:11,3868,129047.8,1080,1920,1080x1920,Smartphone 108 MP (Bypass),Óvalo Salida a Cusco,VALIDO,1055.7146226494033,134.97552083333332,NINGUNO
BYPASS_20260928_V01_F00132,BYPASS_20260928_V01,frame_00132.jpg,132.0,00:02:12,08:12:12,3898,130047.4,1080,1920,1080x1920,Smartphone 108 MP (Bypass),Óvalo Salida a Cusco,VALIDO,1148.3575273186511,136.78395447530863,NINGUNO
BYPASS_20260928_V01_F00133,BYPASS_20260928_V01,frame_00133.jpg,133.0,00:02:13,08:12:13,3927,131013.6,1080,1920,1080x1920,Smartphone 108 MP (Bypass),Óvalo Salida a Cusco,VALIDO,1185.6550119019905,138.8564313271605,NINGUNO
BYPASS_20260928_V01_F00134,BYPASS_20260928_V01,frame_00134.jpg,134.0,00:02:14,08:12:14,3957,132013.2,1080,1920,1080x1920,Smartphone 108 MP (Bypass),Óvalo Salida a Cusco,VALIDO,1175.140505494377,139.347081404321,NINGUNO
BYPASS_20260928_V01_F00135,BYPASS_20260928_V01,frame_00135.jpg,135.0,00:02:15,08:12:15,3986,132979.5,1080,1920,1080x1920,Smartphone 108 MP (Bypass),Óvalo Salida a Cusco,VALIDO,1181.9485539136583,139.36110725308643,NINGUNO
BYPASS_20260928_V01_F00136,BYPASS_20260928_V01,frame_00136.jpg,136.0,00:02:16,08:12:16,4016,133979.1,1080,1920,1080x1920,Smartphone 108 MP (Bypass),Óvalo Salida a Cusco,VALIDO,1309.2150956409084,138.15393325617285,NINGUNO
BYPASS_20260928_V01_F00137,BYPASS_20260928_V01,frame_00137.jpg,137.0,00:02:17,08:12:17,4045,134945.4,1080,1920,1080x1920,Smartphone 108 MP (Bypass),Óvalo Salida a Cusco,VALIDO,1234.9829889974258,139.1692361111111,NINGUNO
BYPASS_20260928_V01_F00138,BYPASS_20260928_V01,frame_00138.jpg,138.0,00:02:18,08:12:18,4075,135945.0,1080,1920,1080x1920,Smartphone 108 MP (Bypass),Óvalo Salida a Cusco,VALIDO,1184.3985542207822,138.01898726851852,NINGUNO
BYPASS_20260928_V01_F00139,BYPASS_20260928_V01,frame_00139.jpg,139.0,00:02:19,08:12:19,4105,136944.7,1080,1920,1080x1920,Smartphone 108 MP (Bypass),Óvalo Salida a Cusco,VALIDO,1301.5833529607323,130.85483410493828,NINGUNO
BYPASS_20260928_V01_F00140,BYPASS_20260928_V01,frame_00140.jpg,140.0,00:02:20,08:12:20,4134,137910.8,1080,1920,1080x1920,Smartphone 108 MP (Bypass),Óvalo Salida a Cusco,VALIDO,1300.5441968371194,132.3491222993827,NINGUNO
BYPASS_20260928_V01_F00141,BYPASS_20260928_V01,frame_00141.jpg,141.0,00:02:21,08:12:21,4164,138910.4,1080,1920,1080x1920,Smartphone 108 MP (Bypass),Óvalo Salida a Cusco,VALIDO,1204.258928045127,135.52905671296296,NINGUNO
BYPASS_20260928_V01_F00142,BYPASS_20260928_V01,frame_00142.jpg,142.0,00:02:22,08:12:22,4193,139910.0,1080,1920,1080x1920,Smartphone 108 MP (Bypass),Óvalo Salida a Cusco,VALIDO,1188.586490101722,136.93240933641977,NINGUNO
BYPASS_20260928_V01_F00143,BYPASS_20260928_V01,frame_00143.jpg,143.0,00:02:23,08:12:23,4223,140909.6,1080,1920,1080x1920,Smartphone 108 MP (Bypass),Óvalo Salida a Cusco,VALIDO,1223.6153932809495,137.1374710648148,NINGUNO
BYPASS_20260928_V01_F00144,BYPASS_20260928_V01,frame_00144.jpg,144.0,00:02:24,08:12:24,4252,141875.9,1080,1920,1080x1920,Smartphone 108 MP (Bypass),Óvalo Salida a Cusco,VALIDO,1124.9218204425147,139.65794560185185,NINGUNO
BYPASS_20260928_V01_F00145,BYPASS_20260928_V01,frame_00145.jpg,145.0,00:02:25,08:12:25,4282,142875.5,1080,1920,1080x1920,Smartphone 108 MP (Bypass),Óvalo Salida a Cusco,VALIDO,1040.9025763185007,139.0629050925926,NINGUNO
BYPASS_20260928_V01_F00146,BYPASS_20260928_V01,frame_00146.jpg,146.0,00:02:26,08:12:26,4311,143841.7,1080,1920,1080x1920,Smartphone 108 MP (Bypass),Óvalo Salida a Cusco,VALIDO,1044.7903525462964,137.46270640432098,NINGUNO
BYPASS_20260928_V01_F00147,BYPASS_20260928_V01,frame_00147.jpg,147.0,00:02:27,08:12:27,4341,144841.4,1080,1920,1080x1920,Smartphone 108 MP (Bypass),Óvalo Salida a Cusco,VALIDO,1082.6020326188245,135.63734567901236,NINGUNO
BYPASS_20260928_V01_F00148,BYPASS_20260928_V01,frame_00148.jpg,148.0,00:02:28,08:12:28,4370,145807.6,1080,1920,1080x1920,Smartphone 108 MP (Bypass),Óvalo Salida a Cusco,VALIDO,1139.8198816955446,136.52610532407408,NINGUNO
BYPASS_20260928_V01_F00149,BYPASS_20260928_V01,frame_00149.jpg,149.0,00:02:29,08:12:29,4400,146807.2,1080,1920,1080x1920,Smartphone 108 MP (Bypass),Óvalo Salida a Cusco,VALIDO,1114.6813378897873,138.19535108024692,NINGUNO
BYPASS_20260928_V01_F00150,BYPASS_20260928_V01,frame_00150.jpg,150.0,00:02:30,08:12:30,4429,147773.5,1080,1920,1080x1920,Smartphone 108 MP (Bypass),Óvalo Salida a Cusco,VALIDO,1149.868486013708,137.58658564814814,NINGUNO
BYPASS_20260928_V01_F00151,BYPASS_20260928_V01,frame_00151.jpg,151.0,00:02:31,08:12:31,4459,148773.0,1080,1920,1080x1920,Smartphone 108 MP (Bypass),Óvalo Salida a Cusco,VALIDO,1231.5832005979937,137.85334297839506,NINGUNO
BYPASS_20260928_V01_F00152,BYPASS_20260928_V01,frame_00152.jpg,152.0,00:02:32,08:12:32,4488,149739.3,1080,1920,1080x1920,Smartphone 108 MP (Bypass),Óvalo Salida a Cusco,VALIDO,1212.3159759623477,139.48066550925927,NINGUNO
BYPASS_20260928_V01_F00153,BYPASS_20260928_V01,frame_00153.jpg,153.0,00:02:33,08:12:33,4518,150738.9,1080,1920,1080x1920,Smartphone 108 MP (Bypass),Óvalo Salida a Cusco,VALIDO,1173.2792085214123,134.9675597993827,NINGUNO
BYPASS_20260928_V01_F00154,BYPASS_20260928_V01,frame_00154.jpg,154.0,00:02:34,08:12:34,4547,151705.2,1080,1920,1080x1920,Smartphone 108 MP (Bypass),Óvalo Salida a Cusco,VALIDO,1180.9689335409996,133.58425925925926,NINGUNO
BYPASS_20260928_V01_F00155,BYPASS_20260928_V01,frame_00155.jpg,155.0,00:02:35,08:12:35,4577,152704.8,1080,1920,1080x1920,Smartphone 108 MP (Bypass),Óvalo Salida a Cusco,VALIDO,1297.7275316700031,132.0252372685185,NINGUNO
BYPASS_20260928_V01_F00156,BYPASS_20260928_V01,frame_00156.jpg,156.0,00:02:36,08:12:36,4606,153671.1,1080,1920,1080x1920,Smartphone 108 MP (Bypass),Óvalo Salida a Cusco,VALIDO,1209.6097739938173,132.16548418209877,NINGUNO
BYPASS_20260928_V01_F00157,BYPASS_20260928_V01,frame_00157.jpg,157.0,00:02:37,08:12:37,4636,154670.7,1080,1920,1080x1920,Smartphone 108 MP (Bypass),Óvalo Salida a Cusco,VALIDO,1117.648662752346,129.9093364197531,NINGUNO
BYPASS_20260928_V01_F00158,BYPASS_20260928_V01,frame_00158.jpg,158.0,00:02:38,08:12:38,4666,155670.2,1080,1920,1080x1920,Smartphone 108 MP (Bypass),Óvalo Salida a Cusco,VALIDO,1068.8746739724993,128.81975694444444,NINGUNO
BYPASS_20260928_V01_F00159,BYPASS_20260928_V01,frame_00159.jpg,159.0,00:02:39,08:12:39,4695,156636.5,1080,1920,1080x1920,Smartphone 108 MP (Bypass),Óvalo Salida a Cusco,VALIDO,1067.2876195105162,131.56160686728396,NINGUNO
BYPASS_20260928_V01_F00160,BYPASS_20260928_V01,frame_00160.jpg,160.0,00:02:40,08:12:40,4725,157636.1,1080,1920,1080x1920,Smartphone 108 MP (Bypass),Óvalo Salida a Cusco,VALIDO,1075.790199731129,133.87910300925927,NINGUNO
BYPASS_20260928_V01_F00161,BYPASS_20260928_V01,frame_00161.jpg,161.0,00:02:41,08:12:41,4754,158602.4,1080,1920,1080x1920,Smartphone 108 MP (Bypass),Óvalo Salida a Cusco,VALIDO,1098.0698407491802,134.21287229938272,NINGUNO
BYPASS_20260928_V01_F00162,BYPASS_20260928_V01,frame_00162.jpg,162.0,00:02:42,08:12:42,4784,159602.0,1080,1920,1080x1920,Smartphone 108 MP (Bypass),Óvalo Salida a Cusco,VALIDO,1052.893670848571,134.03766010802468,NINGUNO
BYPASS_20260928_V01_F00163,BYPASS_20260928_V01,frame_00163.jpg,163.0,00:02:43,08:12:43,4813,160568.3,1080,1920,1080x1920,Smartphone 108 MP (Bypass),Óvalo Salida a Cusco,VALIDO,1012.9655515278457,132.0945447530864,NINGUNO
BYPASS_20260928_V01_F00164,BYPASS_20260928_V01,frame_00164.jpg,164.0,00:02:44,08:12:44,4843,161567.8,1080,1920,1080x1920,Smartphone 108 MP (Bypass),Óvalo Salida a Cusco,VALIDO,923.5651543176389,131.37605516975307,NINGUNO
BYPASS_20260928_V01_F00165,BYPASS_20260928_V01,frame_00165.jpg,165.0,00:02:45,08:12:45,4872,162534.1,1080,1920,1080x1920,Smartphone 108 MP (Bypass),Óvalo Salida a Cusco,VALIDO,928.6108148969615,134.78245563271605,NINGUNO
BYPASS_20260928_V01_F00166,BYPASS_20260928_V01,frame_00166.jpg,166.0,00:02:46,08:12:46,4902,163533.7,1080,1920,1080x1920,Smartphone 108 MP (Bypass),Óvalo Salida a Cusco,VALIDO,845.4661860067979,136.18238233024692,NINGUNO
BYPASS_20260928_V01_F00167,BYPASS_20260928_V01,frame_00167.jpg,167.0,00:02:47,08:12:47,4931,164500.0,1080,1920,1080x1920,Smartphone 108 MP (Bypass),Óvalo Salida a Cusco,VALIDO,916.3167464931123,137.61512538580246,NINGUNO
BYPASS_20260928_V01_F00168,BYPASS_20260928_V01,frame_00168.jpg,168.0,00:02:48,08:12:48,4961,165499.6,1080,1920,1080x1920,Smartphone 108 MP (Bypass),Óvalo Salida a Cusco,VALIDO,1016.7315266603201,136.76884452160493,NINGUNO
BYPASS_20260928_V01_F00169,BYPASS_20260928_V01,frame_00169.jpg,169.0,00:02:49,08:12:49,4990,166465.9,1080,1920,1080x1920,Smartphone 108 MP (Bypass),Óvalo Salida a Cusco,VALIDO,1045.4589535150294,136.68755208333334,NINGUNO
BYPASS_20260928_V01_F00170,BYPASS_20260928_V01,frame_00170.jpg,170.0,00:02:50,08:12:50,5020,167465.5,1080,1920,1080x1920,Smartphone 108 MP (Bypass),Óvalo Salida a Cusco,VALIDO,946.4264341220853,136.6261535493827,NINGUNO
BYPASS_20260928_V01_F00171,BYPASS_20260928_V01,frame_00171.jpg,171.0,00:02:51,08:12:51,5049,168431.7,1080,1920,1080x1920,Smartphone 108 MP (Bypass),Óvalo Salida a Cusco,VALIDO,957.2537531441561,136.4712924382716,NINGUNO
BYPASS_20260928_V01_F00172,BYPASS_20260928_V01,frame_00172.jpg,172.0,00:02:52,08:12:52,5079,169431.3,1080,1920,1080x1920,Smartphone 108 MP (Bypass),Óvalo Salida a Cusco,VALIDO,1002.6525703682273,134.11220100308643,NINGUNO
BYPASS_20260928_V01_F00173,BYPASS_20260928_V01,frame_00173.jpg,173.0,00:02:53,08:12:53,5108,170397.6,1080,1920,1080x1920,Smartphone 108 MP (Bypass),Óvalo Salida a Cusco,VALIDO,1026.4371141814227,133.47587962962962,NINGUNO
BYPASS_20260928_V01_F00174,BYPASS_20260928_V01,frame_00174.jpg,174.0,00:02:54,08:12:54,5138,171397.2,1080,1920,1080x1920,Smartphone 108 MP (Bypass),Óvalo Salida a Cusco,VALIDO,968.9284622533323,133.71452160493828,NINGUNO
BYPASS_20260928_V01_F00175,BYPASS_20260928_V01,frame_00175.jpg,175.0,00:02:55,08:12:55,5168,172396.8,1080,1920,1080x1920,Smartphone 108 MP (Bypass),Óvalo Salida a Cusco,VALIDO,1014.5221733056806,135.38271412037037,NINGUNO
BYPASS_20260928_V01_F00176,BYPASS_20260928_V01,frame_00176.jpg,176.0,00:02:56,08:12:56,5197,173363.1,1080,1920,1080x1920,Smartphone 108 MP (Bypass),Óvalo Salida a Cusco,VALIDO,989.5013977154563,135.23955054012345,NINGUNO
BYPASS_20260928_V01_F00177,BYPASS_20260928_V01,frame_00177.jpg,177.0,00:02:57,08:12:57,5227,174362.7,1080,1920,1080x1920,Smartphone 108 MP (Bypass),Óvalo Salida a Cusco,VALIDO,925.3306826149403,133.99406828703704,NINGUNO
BYPASS_20260928_V01_F00178,BYPASS_20260928_V01,frame_00178.jpg,178.0,00:02:58,08:12:58,5256,175328.9,1080,1920,1080x1920,Smartphone 108 MP (Bypass),Óvalo Salida a Cusco,VALIDO,957.0293633856787,133.3892901234568,NINGUNO
BYPASS_20260928_V01_F00179,BYPASS_20260928_V01,frame_00179.jpg,179.0,00:02:59,08:12:59,5286,176328.5,1080,1920,1080x1920,Smartphone 108 MP (Bypass),Óvalo Salida a Cusco,VALIDO,986.7766548332478,133.2655652006173,NINGUNO
BYPASS_20260928_V01_F00180,BYPASS_20260928_V01,frame_00180.jpg,180.0,00:03:00,08:13:00,5315,177294.8,1080,1920,1080x1920,Smartphone 108 MP (Bypass),Óvalo Salida a Cusco,VALIDO,952.3850329968245,134.67137345679012,NINGUNO
BYPASS_20260928_V01_F00181,BYPASS_20260928_V01,frame_00181.jpg,181.0,00:03:01,08:13:01,5345,178294.4,1080,1920,1080x1920,Smartphone 108 MP (Bypass),Óvalo Salida a Cusco,VALIDO,940.4421635552372,136.8544425154321,NINGUNO
BYPASS_20260928_V01_F00182,BYPASS_20260928_V01,frame_00182.jpg,182.0,00:03:02,08:13:02,5374,179260.7,1080,1920,1080x1920,Smartphone 108 MP (Bypass),Óvalo Salida a Cusco,VALIDO,960.316631926211,137.22936149691358,NINGUNO
BYPASS_20260928_V01_F00183,BYPASS_20260928_V01,frame_00183.jpg,183.0,00:03:03,08:13:03,5404,180260.3,1080,1920,1080x1920,Smartphone 108 MP (Bypass),Óvalo Salida a Cusco,VALIDO,923.0356432839412,137.1233236882716,NINGUNO
BYPASS_20260928_V01_F00184,BYPASS_20260928_V01,frame_00184.jpg,184.0,00:03:04,08:13:04,5433,181226.6,1080,1920,1080x1920,Smartphone 108 MP (Bypass),Óvalo Salida a Cusco,VALIDO,988.533563823502,136.5722762345679,NINGUNO
BYPASS_20260928_V01_F00185,BYPASS_20260928_V01,frame_00185.jpg,185.0,00:03:05,08:13:05,5463,182226.1,1080,1920,1080x1920,Smartphone 108 MP (Bypass),Óvalo Salida a Cusco,VALIDO,908.0702665156464,138.36014274691357,NINGUNO
BYPASS_20260928_V01_F00186,BYPASS_20260928_V01,frame_00186.jpg,186.0,00:03:06,08:13:06,5492,183192.4,1080,1920,1080x1920,Smartphone 108 MP (Bypass),Óvalo Salida a Cusco,VALIDO,960.4981363873645,140.9943364197531,NINGUNO
BYPASS_20260928_V01_F00187,BYPASS_20260928_V01,frame_00187.jpg,187.0,00:03:07,08:13:07,5522,184192.0,1080,1920,1080x1920,Smartphone 108 MP (Bypass),Óvalo Salida a Cusco,VALIDO,1017.4400686532481,142.7856886574074,NINGUNO
BYPASS_20260928_V01_F00188,BYPASS_20260928_V01,frame_00188.jpg,188.0,00:03:08,08:13:08,5551,185158.3,1080,1920,1080x1920,Smartphone 108 MP (Bypass),Óvalo Salida a Cusco,VALIDO,977.8782407392521,142.22886959876544,NINGUNO
BYPASS_20260928_V01_F00189,BYPASS_20260928_V01,frame_00189.jpg,189.0,00:03:09,08:13:09,5581,186157.9,1080,1920,1080x1920,Smartphone 108 MP (Bypass),Óvalo Salida a Cusco,VALIDO,892.6093822858913,140.0896662808642,NINGUNO
BYPASS_20260928_V01_F00190,BYPASS_20260928_V01,frame_00190.jpg,190.0,00:03:10,08:13:10,5610,187124.2,1080,1920,1080x1920,Smartphone 108 MP (Bypass),Óvalo Salida a Cusco,VALIDO,974.4235943898743,138.9401986882716,NINGUNO
BYPASS_20260928_V01_F00191,BYPASS_20260928_V01,frame_00191.jpg,191.0,00:03:11,08:13:11,5640,188123.8,1080,1920,1080x1920,Smartphone 108 MP (Bypass),Óvalo Salida a Cusco,VALIDO,1102.4171732370637,140.8511959876543,NINGUNO
BYPASS_20260928_V01_F00192,BYPASS_20260928_V01,frame_00192.jpg,192.0,00:03:12,08:13:12,5670,189123.4,1080,1920,1080x1920,Smartphone 108 MP (Bypass),Óvalo Salida a Cusco,VALIDO,1035.4285162154586,140.98769675925925,NINGUNO
BYPASS_20260928_V01_F00193,BYPASS_20260928_V01,frame_00193.jpg,193.0,00:03:13,08:13:13,5699,190089.7,1080,1920,1080x1920,Smartphone 108 MP (Bypass),Óvalo Salida a Cusco,VALIDO,1057.16216816135,139.51627314814814,NINGUNO
BYPASS_20260928_V01_F00194,BYPASS_20260928_V01,frame_00194.jpg,194.0,00:03:14,08:13:14,5729,191089.3,1080,1920,1080x1920,Smartphone 108 MP (Bypass),Óvalo Salida a Cusco,VALIDO,1084.1879396040379,139.39436728395063,NINGUNO
BYPASS_20260928_V01_F00195,BYPASS_20260928_V01,frame_00195.jpg,195.0,00:03:15,08:13:15,5758,192055.5,1080,1920,1080x1920,Smartphone 108 MP (Bypass),Óvalo Salida a Cusco,VALIDO,1081.0149414392897,139.10464313271606,NINGUNO
BYPASS_20260928_V01_F00196,BYPASS_20260928_V01,frame_00196.jpg,196.0,00:03:16,08:13:16,5788,193055.1,1080,1920,1080x1920,Smartphone 108 MP (Bypass),Óvalo Salida a Cusco,VALIDO,988.3160931635236,139.56854166666668,NINGUNO
BYPASS_20260928_V01_F00197,BYPASS_20260928_V01,frame_00197.jpg,197.0,00:03:17,08:13:17,5817,194021.4,1080,1920,1080x1920,Smartphone 108 MP (Bypass),Óvalo Salida a Cusco,VALIDO,942.3443733662335,139.81440586419754,NINGUNO
BYPASS_20260928_V01_F00198,BYPASS_20260928_V01,frame_00198.jpg,198.0,00:03:18,08:13:18,5847,195021.0,1080,1920,1080x1920,Smartphone 108 MP (Bypass),Óvalo Salida a Cusco,VALIDO,948.914568708707,139.98963348765432,NINGUNO
BYPASS_20260928_V01_F00199,BYPASS_20260928_V01,frame_00199.jpg,199.0,00:03:19,08:13:19,5876,195987.3,1080,1920,1080x1920,Smartphone 108 MP (Bypass),Óvalo Salida a Cusco,VALIDO,986.2480408477259,140.77186921296297,NINGUNO
BYPASS_20260928_V01_F00200,BYPASS_20260928_V01,frame_00200.jpg,200.0,00:03:20,08:13:20,5906,196986.9,1080,1920,1080x1920,Smartphone 108 MP (Bypass),Óvalo Salida a Cusco,VALIDO,957.5268691821483,140.11278549382715,NINGUNO
BYPASS_20260928_V01_F00201,BYPASS_20260928_V01,frame_00201.jpg,201.0,00:03:21,08:13:21,5935,197953.1,1080,1920,1080x1920,Smartphone 108 MP (Bypass),Óvalo Salida a Cusco,VALIDO,976.6416616748112,140.58140625,NINGUNO
BYPASS_20260928_V01_F00202,BYPASS_20260928_V01,frame_00202.jpg,202.0,00:03:22,08:13:22,5965,198952.7,1080,1920,1080x1920,Smartphone 108 MP (Bypass),Óvalo Salida a Cusco,VALIDO,975.3498628517433,140.0287924382716,NINGUNO
BYPASS_20260928_V01_F00203,BYPASS_20260928_V01,frame_00203.jpg,203.0,00:03:23,08:13:23,5994,199919.0,1080,1920,1080x1920,Smartphone 108 MP (Bypass),Óvalo Salida a Cusco,VALIDO,934.2250250123241,143.37228202160495,NINGUNO
BYPASS_20260928_V01_F00204,BYPASS_20260928_V01,frame_00204.jpg,204.0,00:03:24,08:13:24,6024,200918.6,1080,1920,1080x1920,Smartphone 108 MP (Bypass),Óvalo Salida a Cusco,VALIDO,971.3773970532403,143.97972800925925,NINGUNO
BYPASS_20260928_V01_F00205,BYPASS_20260928_V01,frame_00205.jpg,205.0,00:03:25,08:13:25,6053,201884.9,1080,1920,1080x1920,Smartphone 108 MP (Bypass),Óvalo Salida a Cusco,VALIDO,951.3380083626108,143.92340277777777,NINGUNO
BYPASS_20260928_V01_F00206,BYPASS_20260928_V01,frame_00206.jpg,206.0,00:03:26,08:13:26,6083,202884.5,1080,1920,1080x1920,Smartphone 108 MP (Bypass),Óvalo Salida a Cusco,VALIDO,959.5337695687435,141.69188464506172,NINGUNO
BYPASS_20260928_V01_F00207,BYPASS_20260928_V01,frame_00207.jpg,207.0,00:03:27,08:13:27,6112,203850.8,1080,1920,1080x1920,Smartphone 108 MP (Bypass),Óvalo Salida a Cusco,VALIDO,999.1901582898971,141.4952199074074,NINGUNO
BYPASS_20260928_V01_F00208,BYPASS_20260928_V01,frame_00208.jpg,208.0,00:03:28,08:13:28,6142,204850.3,1080,1920,1080x1920,Smartphone 108 MP (Bypass),Óvalo Salida a Cusco,VALIDO,962.0221475264843,142.32695216049382,NINGUNO
BYPASS_20260928_V01_F00209,BYPASS_20260928_V01,frame_00209.jpg,209.0,00:03:29,08:13:29,6172,205849.9,1080,1920,1080x1920,Smartphone 108 MP (Bypass),Óvalo Salida a Cusco,VALIDO,994.9666663832089,143.65062692901233,NINGUNO
BYPASS_20260928_V01_F00210,BYPASS_20260928_V01,frame_00210.jpg,210.0,00:03:30,08:13:30,6201,206816.3,1080,1920,1080x1920,Smartphone 108 MP (Bypass),Óvalo Salida a Cusco,VALIDO,1136.193465099151,142.6612210648148,NINGUNO
BYPASS_20260928_V01_F00211,BYPASS_20260928_V01,frame_00211.jpg,211.0,00:03:31,08:13:31,6231,207815.8,1080,1920,1080x1920,Smartphone 108 MP (Bypass),Óvalo Salida a Cusco,VALIDO,1134.468271947245,142.77860725308642,NINGUNO
BYPASS_20260928_V01_F00212,BYPASS_20260928_V01,frame_00212.jpg,212.0,00:03:32,08:13:32,6260,208782.2,1080,1920,1080x1920,Smartphone 108 MP (Bypass),Óvalo Salida a Cusco,VALIDO,1235.1129139261259,140.23211805555556,NINGUNO
BYPASS_20260928_V01_F00213,BYPASS_20260928_V01,frame_00213.jpg,213.0,00:03:33,08:13:33,6290,209781.8,1080,1920,1080x1920,Smartphone 108 MP (Bypass),Óvalo Salida a Cusco,VALIDO,1138.8955384146395,135.8512924382716,NINGUNO
BYPASS_20260928_V01_F00214,BYPASS_20260928_V01,frame_00214.jpg,214.0,00:03:34,08:13:34,6319,210748.1,1080,1920,1080x1920,Smartphone 108 MP (Bypass),Óvalo Salida a Cusco,VALIDO,1089.402263019881,136.1268325617284,NINGUNO
BYPASS_20260928_V01_F00215,BYPASS_20260928_V01,frame_00215.jpg,215.0,00:03:35,08:13:35,6349,211747.7,1080,1920,1080x1920,Smartphone 108 MP (Bypass),Óvalo Salida a Cusco,VALIDO,1076.9622471686387,134.33438078703705,NINGUNO
BYPASS_20260928_V01_F00216,BYPASS_20260928_V01,frame_00216.jpg,216.0,00:03:36,08:13:36,6378,212713.9,1080,1920,1080x1920,Smartphone 108 MP (Bypass),Óvalo Salida a Cusco,VALIDO,1084.0544232196485,131.9504050925926,NINGUNO
BYPASS_20260928_V01_F00217,BYPASS_20260928_V01,frame_00217.jpg,217.0,00:03:37,08:13:37,6408,213713.5,1080,1920,1080x1920,Smartphone 108 MP (Bypass),Óvalo Salida a Cusco,VALIDO,1066.9598364004632,132.30114390432098,NINGUNO
BYPASS_20260928_V01_F00218,BYPASS_20260928_V01,frame_00218.jpg,218.0,00:03:38,08:13:38,6437,214679.8,1080,1920,1080x1920,Smartphone 108 MP (Bypass),Óvalo Salida a Cusco,VALIDO,984.0807747439558,132.96186535493828,NINGUNO
BYPASS_20260928_V01_F00219,BYPASS_20260928_V01,frame_00219.jpg,219.0,00:03:39,08:13:39,6467,215679.3,1080,1920,1080x1920,Smartphone 108 MP (Bypass),Óvalo Salida a Cusco,VALIDO,1068.2440065540839,132.32190972222222,NINGUNO
BYPASS_20260928_V01_F00220,BYPASS_20260928_V01,frame_00220.jpg,220.0,00:03:40,08:13:40,6496,216645.6,1080,1920,1080x1920,Smartphone 108 MP (Bypass),Óvalo Salida a Cusco,VALIDO,1133.3735056896005,131.80441550925926,NINGUNO
BYPASS_20260928_V01_F00221,BYPASS_20260928_V01,frame_00221.jpg,221.0,00:03:41,08:13:41,6526,217645.2,1080,1920,1080x1920,Smartphone 108 MP (Bypass),Óvalo Salida a Cusco,VALIDO,1133.2686538070268,132.8885551697531,NINGUNO
BYPASS_20260928_V01_F00222,BYPASS_20260928_V01,frame_00222.jpg,222.0,00:03:42,08:13:42,6555,218611.5,1080,1920,1080x1920,Smartphone 108 MP (Bypass),Óvalo Salida a Cusco,VALIDO,1125.9808024860447,134.06653935185184,NINGUNO
BYPASS_20260928_V01_F00223,BYPASS_20260928_V01,frame_00223.jpg,223.0,00:03:43,08:13:43,6585,219611.1,1080,1920,1080x1920,Smartphone 108 MP (Bypass),Óvalo Salida a Cusco,VALIDO,1181.5213439850393,133.49150270061727,NINGUNO
BYPASS_20260928_V01_F00224,BYPASS_20260928_V01,frame_00224.jpg,224.0,00:03:44,08:13:44,6614,220577.4,1080,1920,1080x1920,Smartphone 108 MP (Bypass),Óvalo Salida a Cusco,VALIDO,1142.7731384709027,132.32979552469135,NINGUNO
BYPASS_20260928_V01_F00225,BYPASS_20260928_V01,frame_00225.jpg,225.0,00:03:45,08:13:45,6644,221576.9,1080,1920,1080x1920,Smartphone 108 MP (Bypass),Óvalo Salida a Cusco,VALIDO,1088.2552225901486,133.97031828703703,NINGUNO
BYPASS_20260928_V01_F00226,BYPASS_20260928_V01,frame_00226.jpg,226.0,00:03:46,08:13:46,6674,222576.5,1080,1920,1080x1920,Smartphone 108 MP (Bypass),Óvalo Salida a Cusco,VALIDO,1184.4079082495048,135.29979166666666,NINGUNO
BYPASS_20260928_V01_F00227,BYPASS_20260928_V01,frame_00227.jpg,227.0,00:03:47,08:13:47,6703,223542.8,1080,1920,1080x1920,Smartphone 108 MP (Bypass),Óvalo Salida a Cusco,VALIDO,1279.856709846086,135.35082947530864,NINGUNO
BYPASS_20260928_V01_F00228,BYPASS_20260928_V01,frame_00228.jpg,228.0,00:03:48,08:13:48,6733,224542.4,1080,1920,1080x1920,Smartphone 108 MP (Bypass),Óvalo Salida a Cusco,VALIDO,1032.5153083199377,132.99889274691358,NINGUNO
BYPASS_20260928_V01_F00229,BYPASS_20260928_V01,frame_00229.jpg,229.0,00:03:49,08:13:49,6762,225508.7,1080,1920,1080x1920,Smartphone 108 MP (Bypass),Óvalo Salida a Cusco,VALIDO,953.2259346698852,130.53065200617283,NINGUNO
BYPASS_20260928_V01_F00230,BYPASS_20260928_V01,frame_00230.jpg,230.0,00:03:50,08:13:50,6792,226508.3,1080,1920,1080x1920,Smartphone 108 MP (Bypass),Óvalo Salida a Cusco,VALIDO,1083.0821488553183,131.93297839506172,NINGUNO
BYPASS_20260928_V01_F00231,BYPASS_20260928_V01,frame_00231.jpg,231.0,00:03:51,08:13:51,6821,227474.6,1080,1920,1080x1920,Smartphone 108 MP (Bypass),Óvalo Salida a Cusco,VALIDO,1071.304604534753,132.88865933641975,NINGUNO
BYPASS_20260928_V01_F00232,BYPASS_20260928_V01,frame_00232.jpg,232.0,00:03:52,08:13:52,6851,228474.3,1080,1920,1080x1920,Smartphone 108 MP (Bypass),Óvalo Salida a Cusco,VALIDO,1122.858390673192,133.21624807098766,NINGUNO
BYPASS_20260928_V01_F00233,BYPASS_20260928_V01,frame_00233.jpg,233.0,00:03:53,08:13:53,6880,229440.4,1080,1920,1080x1920,Smartphone 108 MP (Bypass),Óvalo Salida a Cusco,VALIDO,1136.4986884545897,131.8377025462963,NINGUNO
BYPASS_20260928_V01_F00234,BYPASS_20260928_V01,frame_00234.jpg,234.0,00:03:54,08:13:54,6910,230440.1,1080,1920,1080x1920,Smartphone 108 MP (Bypass),Óvalo Salida a Cusco,VALIDO,1112.197573295265,132.9342322530864,NINGUNO
BYPASS_20260928_V01_F00235,BYPASS_20260928_V01,frame_00235.jpg,235.0,00:03:55,08:13:55,6939,231406.3,1080,1920,1080x1920,Smartphone 108 MP (Bypass),Óvalo Salida a Cusco,VALIDO,992.637396170609,135.1146199845679,NINGUNO
BYPASS_20260928_V01_F00236,BYPASS_20260928_V01,frame_00236.jpg,236.0,00:03:56,08:13:56,6969,232405.9,1080,1920,1080x1920,Smartphone 108 MP (Bypass),Óvalo Salida a Cusco,VALIDO,940.4803331966019,137.6300250771605,NINGUNO
BYPASS_20260928_V01_F00237,BYPASS_20260928_V01,frame_00237.jpg,237.0,00:03:57,08:13:57,6998,233372.2,1080,1920,1080x1920,Smartphone 108 MP (Bypass),Óvalo Salida a Cusco,VALIDO,1008.0510699640721,138.88498070987654,NINGUNO
BYPASS_20260928_V01_F00238,BYPASS_20260928_V01,frame_00238.jpg,238.0,00:03:58,08:13:58,7028,234371.8,1080,1920,1080x1920,Smartphone 108 MP (Bypass),Óvalo Salida a Cusco,VALIDO,983.6267741172835,138.97104166666668,NINGUNO
BYPASS_20260928_V01_F00239,BYPASS_20260928_V01,frame_00239.jpg,239.0,00:03:59,08:13:59,7057,235338.0,1080,1920,1080x1920,Smartphone 108 MP (Bypass),Óvalo Salida a Cusco,VALIDO,1001.341440915926,141.71875,NINGUNO
BYPASS_20260928_V01_F00240,BYPASS_20260928_V01,frame_00240.jpg,240.0,00:04:00,08:14:00,7087,236337.6,1080,1920,1080x1920,Smartphone 108 MP (Bypass),Óvalo Salida a Cusco,VALIDO,1027.26068668337,142.5062075617284,NINGUNO
BYPASS_20260928_V01_F00241,BYPASS_20260928_V01,frame_00241.jpg,241.0,00:04:01,08:14:01,7116,237303.9,1080,1920,1080x1920,Smartphone 108 MP (Bypass),Óvalo Salida a Cusco,VALIDO,1095.0696600596655,143.8996624228395,NINGUNO
BYPASS_20260928_V01_F00242,BYPASS_20260928_V01,frame_00242.jpg,242.0,00:04:02,08:14:02,7146,238303.5,1080,1920,1080x1920,Smartphone 108 MP (Bypass),Óvalo Salida a Cusco,VALIDO,989.9110230984007,146.30325038580247,NINGUNO
BYPASS_20260928_V01_F00243,BYPASS_20260928_V01,frame_00243.jpg,243.0,00:04:03,08:14:03,7175,239269.8,1080,1920,1080x1920,Smartphone 108 MP (Bypass),Óvalo Salida a Cusco,VALIDO,960.2429301389388,144.49352044753087,NINGUNO
BYPASS_20260928_V01_F00244,BYPASS_20260928_V01,frame_00244.jpg,244.0,00:04:04,08:14:04,7205,240269.4,1080,1920,1080x1920,Smartphone 108 MP (Bypass),Óvalo Salida a Cusco,VALIDO,955.5317594407146,146.18195216049384,NINGUNO
BYPASS_20260928_V01_F00245,BYPASS_20260928_V01,frame_00245.jpg,245.0,00:04:05,08:14:05,7235,241269.0,1080,1920,1080x1920,Smartphone 108 MP (Bypass),Óvalo Salida a Cusco,VALIDO,958.7503115919203,142.9002739197531,NINGUNO
BYPASS_20260928_V01_F00246,BYPASS_20260928_V01,frame_00246.jpg,246.0,00:04:06,08:14:06,7264,242235.3,1080,1920,1080x1920,Smartphone 108 MP (Bypass),Óvalo Salida a Cusco,VALIDO,995.7595898766109,143.07076195987653,NINGUNO
BYPASS_20260928_V01_F00247,BYPASS_20260928_V01,frame_00247.jpg,247.0,00:04:07,08:14:07,7294,243234.9,1080,1920,1080x1920,Smartphone 108 MP (Bypass),Óvalo Salida a Cusco,VALIDO,1015.5266504147224,144.61575810185184,NINGUNO
BYPASS_20260928_V01_F00248,BYPASS_20260928_V01,frame_00248.jpg,248.0,00:04:08,08:14:08,7323,244201.2,1080,1920,1080x1920,Smartphone 108 MP (Bypass),Óvalo Salida a Cusco,VALIDO,979.1282526539403,145.3883777006173,NINGUNO
BYPASS_20260928_V01_F00249,BYPASS_20260928_V01,frame_00249.jpg,249.0,00:04:09,08:14:09,7353,245200.8,1080,1920,1080x1920,Smartphone 108 MP (Bypass),Óvalo Salida a Cusco,VALIDO,1011.5357870177468,146.09751929012344,NINGUNO
BYPASS_20260928_V01_F00250,BYPASS_20260928_V01,frame_00250.jpg,250.0,00:04:10,08:14:10,7382,246167.1,1080,1920,1080x1920,Smartphone 108 MP (Bypass),Óvalo Salida a Cusco,VALIDO,967.759380515487,144.88800154320987,NINGUNO
BYPASS_20260928_V01_F00251,BYPASS_20260928_V01,frame_00251.jpg,251.0,00:04:11,08:14:11,7412,247200.0,1080,1920,1080x1920,Smartphone 108 MP (Bypass),Óvalo Salida a Cusco,VALIDO,965.8109556178874,147.14466049382716,NINGUNO
BYPASS_20260928_V01_F00252,BYPASS_20260928_V01,frame_00252.jpg,252.0,00:04:12,08:14:12,7441,248166.3,1080,1920,1080x1920,Smartphone 108 MP (Bypass),Óvalo Salida a Cusco,VALIDO,1009.1906985963423,150.0496026234568,NINGUNO
BYPASS_20260928_V01_F00253,BYPASS_20260928_V01,frame_00253.jpg,253.0,00:04:13,08:14:13,7471,249165.8,1080,1920,1080x1920,Smartphone 108 MP (Bypass),Óvalo Salida a Cusco,VALIDO,1036.6926234281973,150.83575810185187,NINGUNO
BYPASS_20260928_V01_F00254,BYPASS_20260928_V01,frame_00254.jpg,254.0,00:04:14,08:14:14,7500,250132.1,1080,1920,1080x1920,Smartphone 108 MP (Bypass),Óvalo Salida a Cusco,VALIDO,1085.7609650762438,154.64425347222223,NINGUNO
BYPASS_20260928_V01_F00255,BYPASS_20260928_V01,frame_00255.jpg,255.0,00:04:15,08:14:15,7530,251131.8,1080,1920,1080x1920,Smartphone 108 MP (Bypass),Óvalo Salida a Cusco,VALIDO,1003.5391468459306,155.04063078703703,NINGUNO
BYPASS_20260928_V01_F00256,BYPASS_20260928_V01,frame_00256.jpg,256.0,00:04:16,08:14:16,7559,252098.1,1080,1920,1080x1920,Smartphone 108 MP (Bypass),Óvalo Salida a Cusco,VALIDO,1048.4677472945261,154.0679726080247,NINGUNO
BYPASS_20260928_V01_F00257,BYPASS_20260928_V01,frame_00257.jpg,257.0,00:04:17,08:14:17,7589,253097.7,1080,1920,1080x1920,Smartphone 108 MP (Bypass),Óvalo Salida a Cusco,VALIDO,1071.9751885266633,151.93628665123458,NINGUNO
BYPASS_20260928_V01_F00258,BYPASS_20260928_V01,frame_00258.jpg,258.0,00:04:18,08:14:18,7618,254064.0,1080,1920,1080x1920,Smartphone 108 MP (Bypass),Óvalo Salida a Cusco,VALIDO,1087.1289835781517,151.4202160493827,NINGUNO
BYPASS_20260928_V01_F00259,BYPASS_20260928_V01,frame_00259.jpg,259.0,00:04:19,08:14:19,7648,255063.6,1080,1920,1080x1920,Smartphone 108 MP (Bypass),Óvalo Salida a Cusco,VALIDO,993.8905118815103,148.36075424382716,NINGUNO
BYPASS_20260928_V01_F00260,BYPASS_20260928_V01,frame_00260.jpg,260.0,00:04:20,08:14:20,7677,256030.0,1080,1920,1080x1920,Smartphone 108 MP (Bypass),Óvalo Salida a Cusco,VALIDO,931.9250898683836,143.74046875,NINGUNO
BYPASS_20260928_V01_F00261,BYPASS_20260928_V01,frame_00261.jpg,261.0,00:04:21,08:14:21,7707,257029.5,1080,1920,1080x1920,Smartphone 108 MP (Bypass),Óvalo Salida a Cusco,VALIDO,1010.0121010873323,145.15334297839507,NINGUNO
BYPASS_20260928_V01_F00262,BYPASS_20260928_V01,frame_00262.jpg,262.0,00:04:22,08:14:22,7737,258029.1,1080,1920,1080x1920,Smartphone 108 MP (Bypass),Óvalo Salida a Cusco,VALIDO,997.8881497444913,148.83275848765433,NINGUNO
BYPASS_20260928_V01_F00263,BYPASS_20260928_V01,frame_00263.jpg,263.0,00:04:23,08:14:23,7766,258995.3,1080,1920,1080x1920,Smartphone 108 MP (Bypass),Óvalo Salida a Cusco,VALIDO,1007.4517094168809,147.86221064814814,NINGUNO
BYPASS_20260928_V01_F00264,BYPASS_20260928_V01,frame_00264.jpg,264.0,00:04:24,08:14:24,7796,259994.9,1080,1920,1080x1920,Smartphone 108 MP (Bypass),Óvalo Salida a Cusco,VALIDO,985.4586454231802,147.99226466049382,NINGUNO
BYPASS_20260928_V01_F00265,BYPASS_20260928_V01,frame_00265.jpg,265.0,00:04:25,08:14:25,7825,260961.2,1080,1920,1080x1920,Smartphone 108 MP (Bypass),Óvalo Salida a Cusco,VALIDO,988.3587558190537,145.64133294753086,NINGUNO
BYPASS_20260928_V01_F00266,BYPASS_20260928_V01,frame_00266.jpg,266.0,00:04:26,08:14:26,7855,261960.8,1080,1920,1080x1920,Smartphone 108 MP (Bypass),Óvalo Salida a Cusco,VALIDO,915.7675336611314,143.87617283950618,NINGUNO
BYPASS_20260928_V01_F00267,BYPASS_20260928_V01,frame_00267.jpg,267.0,00:04:27,08:14:27,7884,262927.0,1080,1920,1080x1920,Smartphone 108 MP (Bypass),Óvalo Salida a Cusco,VALIDO,958.3261067867747,148.35436149691358,NINGUNO
BYPASS_20260928_V01_F00268,BYPASS_20260928_V01,frame_00268.jpg,268.0,00:04:28,08:14:28,7914,263926.6,1080,1920,1080x1920,Smartphone 108 MP (Bypass),Óvalo Salida a Cusco,VALIDO,981.5601409026826,147.05405092592594,NINGUNO
BYPASS_20260928_V01_F00269,BYPASS_20260928_V01,frame_00269.jpg,269.0,00:04:29,08:14:29,7943,264892.9,1080,1920,1080x1920,Smartphone 108 MP (Bypass),Óvalo Salida a Cusco,VALIDO,935.2233829405612,147.24740933641976,NINGUNO
BYPASS_20260928_V01_F00270,BYPASS_20260928_V01,frame_00270.jpg,270.0,00:04:30,08:14:30,7973,265892.5,1080,1920,1080x1920,Smartphone 108 MP (Bypass),Óvalo Salida a Cusco,VALIDO,981.8800962472637,147.2744637345679,NINGUNO
BYPASS_20260928_V01_F00271,BYPASS_20260928_V01,frame_00271.jpg,271.0,00:04:31,08:14:31,8002,266858.8,1080,1920,1080x1920,Smartphone 108 MP (Bypass),Óvalo Salida a Cusco,VALIDO,951.6328436078209,147.02190200617284,NINGUNO
BYPASS_20260928_V01_F00272,BYPASS_20260928_V01,frame_00272.jpg,272.0,00:04:32,08:14:32,8032,267858.4,1080,1920,1080x1920,Smartphone 108 MP (Bypass),Óvalo Salida a Cusco,VALIDO,975.594839385308,145.56950810185185,NINGUNO
BYPASS_20260928_V01_F00273,BYPASS_20260928_V01,frame_00273.jpg,273.0,00:04:33,08:14:33,8061,268824.6,1080,1920,1080x1920,Smartphone 108 MP (Bypass),Óvalo Salida a Cusco,VALIDO,842.6357847200785,147.3643287037037,NINGUNO
BYPASS_20260928_V01_F00274,BYPASS_20260928_V01,frame_00274.jpg,274.0,00:04:34,08:14:34,8091,269824.2,1080,1920,1080x1920,Smartphone 108 MP (Bypass),Óvalo Salida a Cusco,VALIDO,907.7680700157655,148.65163580246914,NINGUNO
BYPASS_20260928_V01_F00275,BYPASS_20260928_V01,frame_00275.jpg,275.0,00:04:35,08:14:35,8120,270790.5,1080,1920,1080x1920,Smartphone 108 MP (Bypass),Óvalo Salida a Cusco,VALIDO,856.2032654984496,149.04437692901234,NINGUNO
BYPASS_20260928_V01_F00276,BYPASS_20260928_V01,frame_00276.jpg,276.0,00:04:36,08:14:36,8150,271790.1,1080,1920,1080x1920,Smartphone 108 MP (Bypass),Óvalo Salida a Cusco,VALIDO,885.5853844309916,148.6632600308642,NINGUNO
BYPASS_20260928_V01_F00277,BYPASS_20260928_V01,frame_00277.jpg,277.0,00:04:37,08:14:37,8179,272756.3,1080,1920,1080x1920,Smartphone 108 MP (Bypass),Óvalo Salida a Cusco,VALIDO,882.6729913804369,148.04617669753085,NINGUNO
BYPASS_20260928_V01_F00278,BYPASS_20260928_V01,frame_00278.jpg,278.0,00:04:38,08:14:38,8209,273756.0,1080,1920,1080x1920,Smartphone 108 MP (Bypass),Óvalo Salida a Cusco,VALIDO,990.8001454587499,147.27413194444443,NINGUNO
BYPASS_20260928_V01_F00279,BYPASS_20260928_V01,frame_00279.jpg,279.0,00:04:39,08:14:39,8239,274755.6,1080,1920,1080x1920,Smartphone 108 MP (Bypass),Óvalo Salida a Cusco,VALIDO,994.5853903798213,147.37967785493828,NINGUNO
BYPASS_20260928_V01_F00280,BYPASS_20260928_V01,frame_00280.jpg,280.0,00:04:40,08:14:40,8268,275721.8,1080,1920,1080x1920,Smartphone 108 MP (Bypass),Óvalo Salida a Cusco,VALIDO,997.0631723877622,147.03799961419753,NINGUNO
BYPASS_20260928_V01_F00281,BYPASS_20260928_V01,frame_00281.jpg,281.0,00:04:41,08:14:41,8298,276721.4,1080,1920,1080x1920,Smartphone 108 MP (Bypass),Óvalo Salida a Cusco,VALIDO,1099.6997337819928,146.73633294753085,NINGUNO
BYPASS_20260928_V01_F00282,BYPASS_20260928_V01,frame_00282.jpg,282.0,00:04:42,08:14:42,8327,277687.7,1080,1920,1080x1920,Smartphone 108 MP (Bypass),Óvalo Salida a Cusco,VALIDO,1133.062159599869,147.01601273148148,NINGUNO
BYPASS_20260928_V01_F00283,BYPASS_20260928_V01,frame_00283.jpg,283.0,00:04:43,08:14:43,8357,278720.6,1080,1920,1080x1920,Smartphone 108 MP (Bypass),Óvalo Salida a Cusco,VALIDO,1155.9587544873314,147.36110146604938,NINGUNO
BYPASS_20260928_V01_F00284,BYPASS_20260928_V01,frame_00284.jpg,284.0,00:04:44,08:14:44,8386,279720.2,1080,1920,1080x1920,Smartphone 108 MP (Bypass),Óvalo Salida a Cusco,VALIDO,1061.6192410443773,145.565574845679,NINGUNO
BYPASS_20260928_V01_F00285,BYPASS_20260928_V01,frame_00285.jpg,285.0,00:04:45,08:14:45,8416,280719.8,1080,1920,1080x1920,Smartphone 108 MP (Bypass),Óvalo Salida a Cusco,VALIDO,1084.6875496393816,145.38595679012346,NINGUNO
BYPASS_20260928_V01_F00286,BYPASS_20260928_V01,frame_00286.jpg,286.0,00:04:46,08:14:46,8445,281686.1,1080,1920,1080x1920,Smartphone 108 MP (Bypass),Óvalo Salida a Cusco,VALIDO,1024.7068017808501,144.69851658950617,NINGUNO
BYPASS_20260928_V01_F00287,BYPASS_20260928_V01,frame_00287.jpg,287.0,00:04:47,08:14:47,8475,282719.0,1080,1920,1080x1920,Smartphone 108 MP (Bypass),Óvalo Salida a Cusco,VALIDO,929.2007117411215,144.7724324845679,NINGUNO
BYPASS_20260928_V01_F00288,BYPASS_20260928_V01,frame_00288.jpg,288.0,00:04:48,08:14:48,8504,283685.3,1080,1920,1080x1920,Smartphone 108 MP (Bypass),Óvalo Salida a Cusco,VALIDO,979.5528580189609,145.43548032407406,NINGUNO
BYPASS_20260928_V01_F00289,BYPASS_20260928_V01,frame_00289.jpg,289.0,00:04:49,08:14:49,8534,284684.9,1080,1920,1080x1920,Smartphone 108 MP (Bypass),Óvalo Salida a Cusco,VALIDO,1111.2993755201153,147.83938271604939,NINGUNO
BYPASS_20260928_V01_F00290,BYPASS_20260928_V01,frame_00290.jpg,290.0,00:04:50,08:14:50,8563,285651.1,1080,1920,1080x1920,Smartphone 108 MP (Bypass),Óvalo Salida a Cusco,VALIDO,1112.8905588762548,147.88639853395063,NINGUNO
BYPASS_20260928_V01_F00291,BYPASS_20260928_V01,frame_00291.jpg,291.0,00:04:51,08:14:51,8593,286650.7,1080,1920,1080x1920,Smartphone 108 MP (Bypass),Óvalo Salida a Cusco,VALIDO,953.5855933759715,146.37709104938273,NINGUNO
BYPASS_20260928_V01_F00292,BYPASS_20260928_V01,frame_00292.jpg,292.0,00:04:52,08:14:52,8622,287617.0,1080,1920,1080x1920,Smartphone 108 MP (Bypass),Óvalo Salida a Cusco,VALIDO,950.9749733533732,146.2579861111111,NINGUNO
BYPASS_20260928_V01_F00293,BYPASS_20260928_V01,frame_00293.jpg,293.0,00:04:53,08:14:53,8652,288616.6,1080,1920,1080x1920,Smartphone 108 MP (Bypass),Óvalo Salida a Cusco,VALIDO,1034.5308035083574,146.15515239197532,NINGUNO
BYPASS_20260928_V01_F00294,BYPASS_20260928_V01,frame_00294.jpg,294.0,00:04:54,08:14:54,8681,289582.9,1080,1920,1080x1920,Smartphone 108 MP (Bypass),Óvalo Salida a Cusco,VALIDO,1006.0548082709047,145.96817901234567,NINGUNO
BYPASS_20260928_V01_F00295,BYPASS_20260928_V01,frame_00295.jpg,295.0,00:04:55,08:14:55,8711,290582.5,1080,1920,1080x1920,Smartphone 108 MP (Bypass),Óvalo Salida a Cusco,VALIDO,1049.7169611893287,144.6626138117284,NINGUNO
BYPASS_20260928_V01_F00296,BYPASS_20260928_V01,frame_00296.jpg,296.0,00:04:56,08:14:56,8741,291582.1,1080,1920,1080x1920,Smartphone 108 MP (Bypass),Óvalo Salida a Cusco,VALIDO,1063.125555154835,145.09661458333332,NINGUNO
BYPASS_20260928_V01_F00297,BYPASS_20260928_V01,frame_00297.jpg,297.0,00:04:57,08:14:57,8770,292548.4,1080,1920,1080x1920,Smartphone 108 MP (Bypass),Óvalo Salida a Cusco,VALIDO,1116.0287535493826,145.51196180555556,NINGUNO
BYPASS_20260928_V01_F00298,BYPASS_20260928_V01,frame_00298.jpg,298.0,00:04:58,08:14:58,8800,293548.0,1080,1920,1080x1920,Smartphone 108 MP (Bypass),Óvalo Salida a Cusco,VALIDO,1100.7910154099363,148.37560956790122,NINGUNO
BYPASS_20260928_V01_F00299,BYPASS_20260928_V01,frame_00299.jpg,299.0,00:04:59,08:14:59,8829,294514.2,1080,1920,1080x1920,Smartphone 108 MP (Bypass),Óvalo Salida a Cusco,VALIDO,1073.6487503179148,147.24400270061727,NINGUNO
BYPASS_20260928_V01_F00300,BYPASS_20260928_V01,frame_00300.jpg,300.0,00:05:00,08:15:00,8859,295513.8,1080,1920,1080x1920,Smartphone 108 MP (Bypass),Óvalo Salida a Cusco,VALIDO,1101.4913198283678,148.0288464506173,NINGUNO
BYPASS_20260928_V01_F00301,BYPASS_20260928_V01,frame_00301.jpg,301.0,00:05:01,08:15:01,8888,296480.1,1080,1920,1080x1920,Smartphone 108 MP (Bypass),Óvalo Salida a Cusco,VALIDO,1005.9189058620541,147.25105709876544,NINGUNO
BYPASS_20260928_V01_F00302,BYPASS_20260928_V01,frame_00302.jpg,302.0,00:05:02,08:15:02,8918,297479.7,1080,1920,1080x1920,Smartphone 108 MP (Bypass),Óvalo Salida a Cusco,VALIDO,1011.7977300510951,147.51336033950616,NINGUNO
BYPASS_20260928_V01_F00303,BYPASS_20260928_V01,frame_00303.jpg,303.0,00:05:03,08:15:03,8947,298446.0,1080,1920,1080x1920,Smartphone 108 MP (Bypass),Óvalo Salida a Cusco,VALIDO,1100.2440945130313,147.2471952160494,NINGUNO
BYPASS_20260928_V01_F00304,BYPASS_20260928_V01,frame_00304.jpg,304.0,00:05:04,08:15:04,8977,299445.6,1080,1920,1080x1920,Smartphone 108 MP (Bypass),Óvalo Salida a Cusco,VALIDO,1128.137107686813,146.89282986111112,NINGUNO
BYPASS_20260928_V01_F00305,BYPASS_20260928_V01,frame_00305.jpg,305.0,00:05:05,08:15:05,9006,300411.8,1080,1920,1080x1920,Smartphone 108 MP (Bypass),Óvalo Salida a Cusco,VALIDO,1025.3123625390565,146.24630015432098,NINGUNO
BYPASS_20260928_V01_F00306,BYPASS_20260928_V01,frame_00306.jpg,306.0,00:05:06,08:15:06,9036,301411.5,1080,1920,1080x1920,Smartphone 108 MP (Bypass),Óvalo Salida a Cusco,VALIDO,964.2197795425229,146.36079668209877,NINGUNO
BYPASS_20260928_V01_F00307,BYPASS_20260928_V01,frame_00307.jpg,307.0,00:05:07,08:15:07,9065,302377.7,1080,1920,1080x1920,Smartphone 108 MP (Bypass),Óvalo Salida a Cusco,VALIDO,943.7857263581529,146.46532214506172,NINGUNO
BYPASS_20260928_V01_F00308,BYPASS_20260928_V01,frame_00308.jpg,308.0,00:05:08,08:15:08,9095,303377.3,1080,1920,1080x1920,Smartphone 108 MP (Bypass),Óvalo Salida a Cusco,VALIDO,968.7014370806146,146.28965084876543,NINGUNO
BYPASS_20260928_V01_F00309,BYPASS_20260928_V01,frame_00309.jpg,309.0,00:05:09,08:15:09,9124,304343.7,1080,1920,1080x1920,Smartphone 108 MP (Bypass),Óvalo Salida a Cusco,VALIDO,994.1463685456081,146.37515432098766,NINGUNO
BYPASS_20260928_V01_F00310,BYPASS_20260928_V01,frame_00310.jpg,310.0,00:05:10,08:15:10,9154,305343.2,1080,1920,1080x1920,Smartphone 108 MP (Bypass),Óvalo Salida a Cusco,VALIDO,1033.228011016264,147.17901041666667,NINGUNO
BYPASS_20260928_V01_F00311,BYPASS_20260928_V01,frame_00311.jpg,311.0,00:05:11,08:15:11,9183,306309.5,1080,1920,1080x1920,Smartphone 108 MP (Bypass),Óvalo Salida a Cusco,VALIDO,1030.7569328446164,147.71848379629628,NINGUNO
BYPASS_20260928_V01_F00312,BYPASS_20260928_V01,frame_00312.jpg,312.0,00:05:12,08:15:12,9213,307309.1,1080,1920,1080x1920,Smartphone 108 MP (Bypass),Óvalo Salida a Cusco,VALIDO,1136.903637505478,144.01532214506173,NINGUNO
BYPASS_20260928_V01_F00313,BYPASS_20260928_V01,frame_00313.jpg,313.0,00:05:13,08:15:13,9243,308308.8,1080,1920,1080x1920,Smartphone 108 MP (Bypass),Óvalo Salida a Cusco,VALIDO,1246.7865452137235,136.89037808641976,NINGUNO
BYPASS_20260928_V01_F00314,BYPASS_20260928_V01,frame_00314.jpg,314.0,00:05:14,08:15:14,9272,309275.1,1080,1920,1080x1920,Smartphone 108 MP (Bypass),Óvalo Salida a Cusco,VALIDO,1240.8874046875858,134.00119984567903,NINGUNO
BYPASS_20260928_V01_F00315,BYPASS_20260928_V01,frame_00315.jpg,315.0,00:05:15,08:15:15,9302,310274.7,1080,1920,1080x1920,Smartphone 108 MP (Bypass),Óvalo Salida a Cusco,VALIDO,1211.6150043844805,130.6408352623457,NINGUNO
BYPASS_20260928_V01_F00316,BYPASS_20260928_V01,frame_00316.jpg,316.0,00:05:16,08:15:16,9331,311240.9,1080,1920,1080x1920,Smartphone 108 MP (Bypass),Óvalo Salida a Cusco,VALIDO,1174.723107900318,134.8175713734568,NINGUNO
BYPASS_20260928_V01_F00317,BYPASS_20260928_V01,frame_00317.jpg,317.0,00:05:17,08:15:17,9361,312240.5,1080,1920,1080x1920,Smartphone 108 MP (Bypass),Óvalo Salida a Cusco,VALIDO,1170.872371579572,138.3668827160494,NINGUNO
BYPASS_20260928_V01_F00318,BYPASS_20260928_V01,frame_00318.jpg,318.0,00:05:18,08:15:18,9390,313206.7,1080,1920,1080x1920,Smartphone 108 MP (Bypass),Óvalo Salida a Cusco,VALIDO,1137.0824221059456,137.63520061728394,NINGUNO
BYPASS_20260928_V01_F00319,BYPASS_20260928_V01,frame_00319.jpg,319.0,00:05:19,08:15:19,9420,314206.3,1080,1920,1080x1920,Smartphone 108 MP (Bypass),Óvalo Salida a Cusco,VALIDO,1205.445021711804,139.32469521604938,NINGUNO
BYPASS_20260928_V01_F00320,BYPASS_20260928_V01,frame_00320.jpg,320.0,00:05:20,08:15:20,9449,315205.9,1080,1920,1080x1920,Smartphone 108 MP (Bypass),Óvalo Salida a Cusco,VALIDO,1235.655005509708,142.72897183641976,NINGUNO
BYPASS_20260928_V01_F00321,BYPASS_20260928_V01,frame_00321.jpg,321.0,00:05:21,08:15:21,9479,316205.6,1080,1920,1080x1920,Smartphone 108 MP (Bypass),Óvalo Salida a Cusco,VALIDO,1175.4836637938522,143.15479166666665,NINGUNO
BYPASS_20260928_V01_F00322,BYPASS_20260928_V01,frame_00322.jpg,322.0,00:05:22,08:15:22,9508,317171.9,1080,1920,1080x1920,Smartphone 108 MP (Bypass),Óvalo Salida a Cusco,VALIDO,1157.3267829634717,139.21641975308643,NINGUNO
BYPASS_20260928_V01_F00323,BYPASS_20260928_V01,frame_00323.jpg,323.0,00:05:23,08:15:23,9538,318204.8,1080,1920,1080x1920,Smartphone 108 MP (Bypass),Óvalo Salida a Cusco,VALIDO,1147.1062439208981,137.88147955246913,NINGUNO
BYPASS_20260928_V01_F00324,BYPASS_20260928_V01,frame_00324.jpg,324.0,00:05:24,08:15:24,9567,319171.1,1080,1920,1080x1920,Smartphone 108 MP (Bypass),Óvalo Salida a Cusco,VALIDO,1183.3978365331125,138.2483275462963,NINGUNO
BYPASS_20260928_V01_F00325,BYPASS_20260928_V01,frame_00325.jpg,325.0,00:05:25,08:15:25,9597,320170.7,1080,1920,1080x1920,Smartphone 108 MP (Bypass),Óvalo Salida a Cusco,VALIDO,1146.995216156546,139.29316165123456,NINGUNO
BYPASS_20260928_V01_F00326,BYPASS_20260928_V01,frame_00326.jpg,326.0,00:05:26,08:15:26,9626,321137.0,1080,1920,1080x1920,Smartphone 108 MP (Bypass),Óvalo Salida a Cusco,VALIDO,1134.8907789456632,139.6735011574074,NINGUNO
BYPASS_20260928_V01_F00327,BYPASS_20260928_V01,frame_00327.jpg,327.0,00:05:27,08:15:27,9656,322136.6,1080,1920,1080x1920,Smartphone 108 MP (Bypass),Óvalo Salida a Cusco,VALIDO,1193.3692976907776,138.44016782407408,NINGUNO
BYPASS_20260928_V01_F00328,BYPASS_20260928_V01,frame_00328.jpg,328.0,00:05:28,08:15:28,9685,323102.8,1080,1920,1080x1920,Smartphone 108 MP (Bypass),Óvalo Salida a Cusco,VALIDO,1140.5758352526675,139.1334375,NINGUNO
BYPASS_20260928_V01_F00329,BYPASS_20260928_V01,frame_00329.jpg,329.0,00:05:29,08:15:29,9715,324102.5,1080,1920,1080x1920,Smartphone 108 MP (Bypass),Óvalo Salida a Cusco,VALIDO,1149.4048854645907,138.09355709876544,NINGUNO
BYPASS_20260928_V01_F00330,BYPASS_20260928_V01,frame_00330.jpg,330.0,00:05:30,08:15:30,9744,325068.7,1080,1920,1080x1920,Smartphone 108 MP (Bypass),Óvalo Salida a Cusco,VALIDO,1077.6309130740453,137.55353202160495,NINGUNO
BYPASS_20260928_V01_F00331,BYPASS_20260928_V01,frame_00331.jpg,331.0,00:05:31,08:15:31,9774,326068.3,1080,1920,1080x1920,Smartphone 108 MP (Bypass),Óvalo Salida a Cusco,VALIDO,1020.9986554636265,138.86409336419754,NINGUNO
BYPASS_20260928_V01_F00332,BYPASS_20260928_V01,frame_00332.jpg,332.0,00:05:32,08:15:32,9804,327067.9,1080,1920,1080x1920,Smartphone 108 MP (Bypass),Óvalo Salida a Cusco,VALIDO,1003.3136284140802,140.26654320987655,NINGUNO
BYPASS_20260928_V01_F00333,BYPASS_20260928_V01,frame_00333.jpg,333.0,00:05:33,08:15:33,9833,328034.2,1080,1920,1080x1920,Smartphone 108 MP (Bypass),Óvalo Salida a Cusco,VALIDO,1010.9796966654841,141.40966435185186,NINGUNO
BYPASS_20260928_V01_F00334,BYPASS_20260928_V01,frame_00334.jpg,334.0,00:05:34,08:15:34,9863,329033.8,1080,1920,1080x1920,Smartphone 108 MP (Bypass),Óvalo Salida a Cusco,VALIDO,1005.0310744236742,146.15581211419754,NINGUNO
BYPASS_20260928_V01_F00335,BYPASS_20260928_V01,frame_00335.jpg,335.0,00:05:35,08:15:35,9892,330000.0,1080,1920,1080x1920,Smartphone 108 MP (Bypass),Óvalo Salida a Cusco,VALIDO,975.9619434765895,147.4640914351852,NINGUNO
BYPASS_20260928_V01_F00336,BYPASS_20260928_V01,frame_00336.jpg,336.0,00:05:36,08:15:36,9922,330999.7,1080,1920,1080x1920,Smartphone 108 MP (Bypass),Óvalo Salida a Cusco,VALIDO,1079.5213550106096,148.87837191358025,NINGUNO
BYPASS_20260928_V01_F00337,BYPASS_20260928_V01,frame_00337.jpg,337.0,00:05:37,08:15:37,9951,331965.9,1080,1920,1080x1920,Smartphone 108 MP (Bypass),Óvalo Salida a Cusco,VALIDO,1026.4483400432005,150.37940779320988,NINGUNO
BYPASS_20260928_V01_F00338,BYPASS_20260928_V01,frame_00338.jpg,338.0,00:05:38,08:15:38,9981,332965.5,1080,1920,1080x1920,Smartphone 108 MP (Bypass),Óvalo Salida a Cusco,VALIDO,1034.552861225051,149.15320794753086,NINGUNO
BYPASS_20260928_V01_F00339,BYPASS_20260928_V01,frame_00339.jpg,339.0,00:05:39,08:15:39,10010,333931.8,1080,1920,1080x1920,Smartphone 108 MP (Bypass),Óvalo Salida a Cusco,VALIDO,1031.617996222217,144.69442708333332,NINGUNO
BYPASS_20260928_V01_F00340,BYPASS_20260928_V01,frame_00340.jpg,340.0,00:05:40,08:15:40,10040,334931.5,1080,1920,1080x1920,Smartphone 108 MP (Bypass),Óvalo Salida a Cusco,VALIDO,922.5256354361318,131.93694444444444,NINGUNO
BYPASS_20260928_V01_F00341,BYPASS_20260928_V01,frame_00341.jpg,341.0,00:05:41,08:15:41,10069,335897.8,1080,1920,1080x1920,Smartphone 108 MP (Bypass),Óvalo Salida a Cusco,VALIDO,925.9042905948592,130.38469907407406,NINGUNO
BYPASS_20260928_V01_F00342,BYPASS_20260928_V01,frame_00342.jpg,342.0,00:05:42,08:15:42,10099,336897.3,1080,1920,1080x1920,Smartphone 108 MP (Bypass),Óvalo Salida a Cusco,VALIDO,855.5238278632738,146.64979552469137,NINGUNO
BYPASS_20260928_V01_F00343,BYPASS_20260928_V01,frame_00343.jpg,343.0,00:05:43,08:15:43,10128,337863.5,1080,1920,1080x1920,Smartphone 108 MP (Bypass),Óvalo Salida a Cusco,VALIDO,916.8794360850188,149.42672453703705,NINGUNO
BYPASS_20260928_V01_F00344,BYPASS_20260928_V01,frame_00344.jpg,344.0,00:05:44,08:15:44,10158,338863.1,1080,1920,1080x1920,Smartphone 108 MP (Bypass),Óvalo Salida a Cusco,VALIDO,940.0925524937695,151.5382175925926,NINGUNO
BYPASS_20260928_V01_F00345,BYPASS_20260928_V01,frame_00345.jpg,345.0,00:05:45,08:15:45,10187,339829.4,1080,1920,1080x1920,Smartphone 108 MP (Bypass),Óvalo Salida a Cusco,VALIDO,916.795796798182,147.01215663580246,NINGUNO
BYPASS_20260928_V01_F00346,BYPASS_20260928_V01,frame_00346.jpg,346.0,00:05:46,08:15:46,10217,340829.0,1080,1920,1080x1920,Smartphone 108 MP (Bypass),Óvalo Salida a Cusco,VALIDO,826.0861213549366,151.31736689814815,NINGUNO
BYPASS_20260928_V01_F00347,BYPASS_20260928_V01,frame_00347.jpg,347.0,00:05:47,08:15:47,10246,341795.3,1080,1920,1080x1920,Smartphone 108 MP (Bypass),Óvalo Salida a Cusco,VALIDO,773.9665092440179,148.4963638117284,NINGUNO
BYPASS_20260928_V01_F00348,BYPASS_20260928_V01,frame_00348.jpg,348.0,00:05:48,08:15:48,10276,342794.8,1080,1920,1080x1920,Smartphone 108 MP (Bypass),Óvalo Salida a Cusco,VALIDO,793.4881224998715,151.23292824074073,NINGUNO
BYPASS_20260928_V01_F00349,BYPASS_20260928_V01,frame_00349.jpg,349.0,00:05:49,08:15:49,10306,343794.5,1080,1920,1080x1920,Smartphone 108 MP (Bypass),Óvalo Salida a Cusco,VALIDO,757.1356671670044,151.63668209876542,NINGUNO
BYPASS_20260928_V01_F00350,BYPASS_20260928_V01,frame_00350.jpg,350.0,00:05:50,08:15:50,10335,344760.7,1080,1920,1080x1920,Smartphone 108 MP (Bypass),Óvalo Salida a Cusco,VALIDO,771.8541536063005,151.20783179012346,NINGUNO
BYPASS_20260928_V01_F00351,BYPASS_20260928_V01,frame_00351.jpg,351.0,00:05:51,08:15:51,10365,345760.3,1080,1920,1080x1920,Smartphone 108 MP (Bypass),Óvalo Salida a Cusco,VALIDO,806.833210639575,152.46880594135803,NINGUNO
BYPASS_20260928_V01_F00352,BYPASS_20260928_V01,frame_00352.jpg,352.0,00:05:52,08:15:52,10394,346759.9,1080,1920,1080x1920,Smartphone 108 MP (Bypass),Óvalo Salida a Cusco,VALIDO,825.5107407273451,152.93694637345678,NINGUNO
BYPASS_20260928_V01_F00353,BYPASS_20260928_V01,frame_00353.jpg,353.0,00:05:53,08:15:53,10424,347759.5,1080,1920,1080x1920,Smartphone 108 MP (Bypass),Óvalo Salida a Cusco,VALIDO,804.2141145127778,153.6262249228395,NINGUNO
BYPASS_20260928_V01_F00354,BYPASS_20260928_V01,frame_00354.jpg,354.0,00:05:54,08:15:54,10453,348725.7,1080,1920,1080x1920,Smartphone 108 MP (Bypass),Óvalo Salida a Cusco,VALIDO,779.0947526041671,153.16429591049382,NINGUNO
BYPASS_20260928_V01_F00355,BYPASS_20260928_V01,frame_00355.jpg,355.0,00:05:55,08:15:55,10483,349725.3,1080,1920,1080x1920,Smartphone 108 MP (Bypass),Óvalo Salida a Cusco,VALIDO,811.9304437475549,155.10924768518518,NINGUNO
BYPASS_20260928_V01_F00356,BYPASS_20260928_V01,frame_00356.jpg,356.0,00:05:56,08:15:56,10512,350691.6,1080,1920,1080x1920,Smartphone 108 MP (Bypass),Óvalo Salida a Cusco,VALIDO,841.2144042885992,154.48130401234567,NINGUNO
BYPASS_20260928_V01_F00357,BYPASS_20260928_V01,frame_00357.jpg,357.0,00:05:57,08:15:57,10542,351691.2,1080,1920,1080x1920,Smartphone 108 MP (Bypass),Óvalo Salida a Cusco,VALIDO,816.5016449577424,154.9268499228395,NINGUNO
BYPASS_20260928_V01_F00358,BYPASS_20260928_V01,frame_00358.jpg,358.0,00:05:58,08:15:58,10571,352657.5,1080,1920,1080x1920,Smartphone 108 MP (Bypass),Óvalo Salida a Cusco,VALIDO,772.8546312928673,151.4191724537037,NINGUNO
BYPASS_20260928_V01_F00359,BYPASS_20260928_V01,frame_00359.jpg,359.0,00:05:59,08:15:59,10601,353657.1,1080,1920,1080x1920,Smartphone 108 MP (Bypass),Óvalo Salida a Cusco,VALIDO,830.7701041633177,152.2701601080247,NINGUNO
BYPASS_20260928_V01_F00360,BYPASS_20260928_V01,frame_00360.jpg,360.0,00:06:00,08:16:00,10630,354623.3,1080,1920,1080x1920,Smartphone 108 MP (Bypass),Óvalo Salida a Cusco,VALIDO,888.4809940471513,151.75067708333333,NINGUNO
BYPASS_20260928_V01_F00361,BYPASS_20260928_V01,frame_00361.jpg,361.0,00:06:01,08:16:01,10660,355623.0,1080,1920,1080x1920,Smartphone 108 MP (Bypass),Óvalo Salida a Cusco,VALIDO,814.9491133248277,150.81926697530864,NINGUNO
BYPASS_20260928_V01_F00362,BYPASS_20260928_V01,frame_00362.jpg,362.0,00:06:02,08:16:02,10689,356589.2,1080,1920,1080x1920,Smartphone 108 MP (Bypass),Óvalo Salida a Cusco,VALIDO,822.1354076288271,150.56627314814816,NINGUNO
BYPASS_20260928_V01_F00363,BYPASS_20260928_V01,frame_00363.jpg,363.0,00:06:03,08:16:03,10719,357588.8,1080,1920,1080x1920,Smartphone 108 MP (Bypass),Óvalo Salida a Cusco,VALIDO,894.4764312411886,148.81445408950617,NINGUNO
BYPASS_20260928_V01_F00364,BYPASS_20260928_V01,frame_00364.jpg,364.0,00:06:04,08:16:04,10748,358555.1,1080,1920,1080x1920,Smartphone 108 MP (Bypass),Óvalo Salida a Cusco,VALIDO,901.3114641046491,147.47507137345679,NINGUNO
BYPASS_20260928_V01_F00365,BYPASS_20260928_V01,frame_00365.jpg,365.0,00:06:05,08:16:05,10778,359554.7,1080,1920,1080x1920,Smartphone 108 MP (Bypass),Óvalo Salida a Cusco,VALIDO,846.0510310575415,147.40840470679012,NINGUNO
BYPASS_20260928_V01_F00366,BYPASS_20260928_V01,frame_00366.jpg,366.0,00:06:06,08:16:06,10808,360587.6,1080,1920,1080x1920,Smartphone 108 MP (Bypass),Óvalo Salida a Cusco,VALIDO,845.4236840875532,145.04981481481482,NINGUNO
BYPASS_20260928_V01_F00367,BYPASS_20260928_V01,frame_00367.jpg,367.0,00:06:07,08:16:07,10837,361553.9,1080,1920,1080x1920,Smartphone 108 MP (Bypass),Óvalo Salida a Cusco,VALIDO,814.3461030483156,145.20526234567902,NINGUNO
BYPASS_20260928_V01_F00368,BYPASS_20260928_V01,frame_00368.jpg,368.0,00:06:08,08:16:08,10867,362553.5,1080,1920,1080x1920,Smartphone 108 MP (Bypass),Óvalo Salida a Cusco,VALIDO,773.2193591974444,145.234481095679,NINGUNO
BYPASS_20260928_V01_F00369,BYPASS_20260928_V01,frame_00369.jpg,369.0,00:06:09,08:16:09,10896,363519.8,1080,1920,1080x1920,Smartphone 108 MP (Bypass),Óvalo Salida a Cusco,VALIDO,791.6991663493916,144.02368441358024,NINGUNO
BYPASS_20260928_V01_F00370,BYPASS_20260928_V01,frame_00370.jpg,370.0,00:06:10,08:16:10,10926,364519.4,1080,1920,1080x1920,Smartphone 108 MP (Bypass),Óvalo Salida a Cusco,VALIDO,828.8875670251374,143.49962770061728,NINGUNO
BYPASS_20260928_V01_F00371,BYPASS_20260928_V01,frame_00371.jpg,371.0,00:06:11,08:16:11,10955,365485.6,1080,1920,1080x1920,Smartphone 108 MP (Bypass),Óvalo Salida a Cusco,VALIDO,847.4322935594764,145.51241705246915,NINGUNO
BYPASS_20260928_V01_F00372,BYPASS_20260928_V01,frame_00372.jpg,372.0,00:06:12,08:16:12,10985,366518.6,1080,1920,1080x1920,Smartphone 108 MP (Bypass),Óvalo Salida a Cusco,VALIDO,783.3809646378063,144.12467206790123,NINGUNO
BYPASS_20260928_V01_F00373,BYPASS_20260928_V01,frame_00373.jpg,373.0,00:06:13,08:16:13,11014,367518.2,1080,1920,1080x1920,Smartphone 108 MP (Bypass),Óvalo Salida a Cusco,VALIDO,832.6636248809104,144.22981674382717,NINGUNO
BYPASS_20260928_V01_F00374,BYPASS_20260928_V01,frame_00374.jpg,374.0,00:06:14,08:16:14,11044,368517.8,1080,1920,1080x1920,Smartphone 108 MP (Bypass),Óvalo Salida a Cusco,VALIDO,953.3464004433005,143.38953125,NINGUNO
BYPASS_20260928_V01_F00375,BYPASS_20260928_V01,frame_00375.jpg,375.0,00:06:15,08:16:15,11073,369484.1,1080,1920,1080x1920,Smartphone 108 MP (Bypass),Óvalo Salida a Cusco,VALIDO,994.0113077779049,139.3626774691358,NINGUNO
BYPASS_20260928_V01_F00376,BYPASS_20260928_V01,frame_00376.jpg,376.0,00:06:16,08:16:16,11103,370483.7,1080,1920,1080x1920,Smartphone 108 MP (Bypass),Óvalo Salida a Cusco,VALIDO,953.5274862082166,137.18968942901233,NINGUNO
BYPASS_20260928_V01_F00377,BYPASS_20260928_V01,frame_00377.jpg,377.0,00:06:17,08:16:17,11132,371449.9,1080,1920,1080x1920,Smartphone 108 MP (Bypass),Óvalo Salida a Cusco,VALIDO,955.6333690700586,137.39070794753087,NINGUNO
BYPASS_20260928_V01_F00378,BYPASS_20260928_V01,frame_00378.jpg,378.0,00:06:18,08:16:18,11162,372449.5,1080,1920,1080x1920,Smartphone 108 MP (Bypass),Óvalo Salida a Cusco,VALIDO,935.4045195006478,139.22884452160494,NINGUNO
BYPASS_20260928_V01_F00379,BYPASS_20260928_V01,frame_00379.jpg,379.0,00:06:19,08:16:19,11191,373415.8,1080,1920,1080x1920,Smartphone 108 MP (Bypass),Óvalo Salida a Cusco,VALIDO,975.805609494968,140.48390817901233,NINGUNO
BYPASS_20260928_V01_F00380,BYPASS_20260928_V01,frame_00380.jpg,380.0,00:06:20,08:16:20,11221,374415.4,1080,1920,1080x1920,Smartphone 108 MP (Bypass),Óvalo Salida a Cusco,VALIDO,913.6579760876556,142.77167824074073,NINGUNO
BYPASS_20260928_V01_F00381,BYPASS_20260928_V01,frame_00381.jpg,381.0,00:06:21,08:16:21,11250,375381.6,1080,1920,1080x1920,Smartphone 108 MP (Bypass),Óvalo Salida a Cusco,VALIDO,862.5675073397581,145.54771412037036,NINGUNO
BYPASS_20260928_V01_F00382,BYPASS_20260928_V01,frame_00382.jpg,382.0,00:06:22,08:16:22,11280,376381.2,1080,1920,1080x1920,Smartphone 108 MP (Bypass),Óvalo Salida a Cusco,VALIDO,922.857514009895,145.8199575617284,NINGUNO
BYPASS_20260928_V01_F00383,BYPASS_20260928_V01,frame_00383.jpg,383.0,00:06:23,08:16:23,11310,377380.8,1080,1920,1080x1920,Smartphone 108 MP (Bypass),Óvalo Salida a Cusco,VALIDO,857.2270177661105,148.46346836419752,NINGUNO
BYPASS_20260928_V01_F00384,BYPASS_20260928_V01,frame_00384.jpg,384.0,00:06:24,08:16:24,11339,378347.1,1080,1920,1080x1920,Smartphone 108 MP (Bypass),Óvalo Salida a Cusco,VALIDO,838.7042850105879,151.58988425925926,NINGUNO
BYPASS_20260928_V01_F00385,BYPASS_20260928_V01,frame_00385.jpg,385.0,00:06:25,08:16:25,11369,379346.7,1080,1920,1080x1920,Smartphone 108 MP (Bypass),Óvalo Salida a Cusco,VALIDO,822.7673898005223,151.4340914351852,NINGUNO
BYPASS_20260928_V01_F00386,BYPASS_20260928_V01,frame_00386.jpg,386.0,00:06:26,08:16:26,11398,380312.9,1080,1920,1080x1920,Smartphone 108 MP (Bypass),Óvalo Salida a Cusco,VALIDO,826.048712354119,151.15791087962964,NINGUNO
BYPASS_20260928_V01_F00387,BYPASS_20260928_V01,frame_00387.jpg,387.0,00:06:27,08:16:27,11428,381312.5,1080,1920,1080x1920,Smartphone 108 MP (Bypass),Óvalo Salida a Cusco,VALIDO,955.2092070458029,149.8869174382716,NINGUNO
BYPASS_20260928_V01_F00388,BYPASS_20260928_V01,frame_00388.jpg,388.0,00:06:28,08:16:28,11457,382278.8,1080,1920,1080x1920,Smartphone 108 MP (Bypass),Óvalo Salida a Cusco,VALIDO,963.4015612467965,151.20925347222223,NINGUNO
BYPASS_20260928_V01_F00389,BYPASS_20260928_V01,frame_00389.jpg,389.0,00:06:29,08:16:29,11487,383278.4,1080,1920,1080x1920,Smartphone 108 MP (Bypass),Óvalo Salida a Cusco,VALIDO,824.8189486882378,150.9107060185185,NINGUNO
BYPASS_20260928_V01_F00390,BYPASS_20260928_V01,frame_00390.jpg,390.0,00:06:30,08:16:30,11516,384244.7,1080,1920,1080x1920,Smartphone 108 MP (Bypass),Óvalo Salida a Cusco,VALIDO,742.4060039779594,149.86084297839506,NINGUNO
BYPASS_20260928_V01_F00391,BYPASS_20260928_V01,frame_00391.jpg,391.0,00:06:31,08:16:31,11546,385244.2,1080,1920,1080x1920,Smartphone 108 MP (Bypass),Óvalo Salida a Cusco,VALIDO,792.4884021644082,152.48266203703704,NINGUNO
BYPASS_20260928_V01_F00392,BYPASS_20260928_V01,frame_00392.jpg,392.0,00:06:32,08:16:32,11575,386210.5,1080,1920,1080x1920,Smartphone 108 MP (Bypass),Óvalo Salida a Cusco,VALIDO,797.0271057145058,152.58215663580248,NINGUNO
BYPASS_20260928_V01_F00393,BYPASS_20260928_V01,frame_00393.jpg,393.0,00:06:33,08:16:33,11605,387210.1,1080,1920,1080x1920,Smartphone 108 MP (Bypass),Óvalo Salida a Cusco,VALIDO,761.488211786798,148.96777199074074,NINGUNO
BYPASS_20260928_V01_F00394,BYPASS_20260928_V01,frame_00394.jpg,394.0,00:06:34,08:16:34,11634,388176.4,1080,1920,1080x1920,Smartphone 108 MP (Bypass),Óvalo Salida a Cusco,VALIDO,820.4468280877553,149.19267554012345,NINGUNO
BYPASS_20260928_V01_F00395,BYPASS_20260928_V01,frame_00395.jpg,395.0,00:06:35,08:16:35,11664,389176.1,1080,1920,1080x1920,Smartphone 108 MP (Bypass),Óvalo Salida a Cusco,VALIDO,888.0772490231356,139.31976080246915,NINGUNO
BYPASS_20260928_V01_F00396,BYPASS_20260928_V01,frame_00396.jpg,396.0,00:06:36,08:16:36,11693,390142.4,1080,1920,1080x1920,Smartphone 108 MP (Bypass),Óvalo Salida a Cusco,VALIDO,946.5386701888407,134.76645447530865,NINGUNO
BYPASS_20260928_V01_F00397,BYPASS_20260928_V01,frame_00397.jpg,397.0,00:06:37,08:16:37,11723,391175.3,1080,1920,1080x1920,Smartphone 108 MP (Bypass),Óvalo Salida a Cusco,VALIDO,823.6565618062549,136.93037808641975,NINGUNO
BYPASS_20260928_V01_F00398,BYPASS_20260928_V01,frame_00398.jpg,398.0,00:06:38,08:16:38,11752,392141.5,1080,1920,1080x1920,Smartphone 108 MP (Bypass),Óvalo Salida a Cusco,VALIDO,759.3477364111794,141.06400655864198,NINGUNO
BYPASS_20260928_V01_F00399,BYPASS_20260928_V01,frame_00399.jpg,399.0,00:06:39,08:16:39,11782,393141.0,1080,1920,1080x1920,Smartphone 108 MP (Bypass),Óvalo Salida a Cusco,VALIDO,848.0839442016771,148.35712191358024,NINGUNO
BYPASS_20260928_V01_F00400,BYPASS_20260928_V01,frame_00400.jpg,400.0,00:06:40,08:16:40,11812,394140.6,1080,1920,1080x1920,Smartphone 108 MP (Bypass),Óvalo Salida a Cusco,VALIDO,826.8975218963743,150.03943672839506,NINGUNO
BYPASS_20260928_V01_F00401,BYPASS_20260928_V01,frame_00401.jpg,401.0,00:06:41,08:16:41,11841,395106.9,1080,1920,1080x1920,Smartphone 108 MP (Bypass),Óvalo Salida a Cusco,VALIDO,815.2023778991745,150.65961805555557,NINGUNO
BYPASS_20260928_V01_F00402,BYPASS_20260928_V01,frame_00402.jpg,402.0,00:06:42,08:16:42,11871,396106.5,1080,1920,1080x1920,Smartphone 108 MP (Bypass),Óvalo Salida a Cusco,VALIDO,996.9269117044455,148.96984375,NINGUNO
BYPASS_20260928_V01_F00403,BYPASS_20260928_V01,frame_00403.jpg,403.0,00:06:43,08:16:43,11900,397106.2,1080,1920,1080x1920,Smartphone 108 MP (Bypass),Óvalo Salida a Cusco,VALIDO,1069.624526933533,147.76278935185186,NINGUNO
BYPASS_20260928_V01_F00404,BYPASS_20260928_V01,frame_00404.jpg,404.0,00:06:44,08:16:44,11930,398105.8,1080,1920,1080x1920,Smartphone 108 MP (Bypass),Óvalo Salida a Cusco,VALIDO,1033.896962505656,142.5227874228395,NINGUNO
BYPASS_20260928_V01_F00405,BYPASS_20260928_V01,frame_00405.jpg,405.0,00:06:45,08:16:45,11959,399072.1,1080,1920,1080x1920,Smartphone 108 MP (Bypass),Óvalo Salida a Cusco,VALIDO,1025.6104034502196,141.4626350308642,NINGUNO
BYPASS_20260928_V01_F00406,BYPASS_20260928_V01,frame_00406.jpg,406.0,00:06:46,08:16:46,11989,400071.7,1080,1920,1080x1920,Smartphone 108 MP (Bypass),Óvalo Salida a Cusco,VALIDO,1051.336372070699,141.33930169753086,NINGUNO
BYPASS_20260928_V01_F00407,BYPASS_20260928_V01,frame_00407.jpg,407.0,00:06:47,08:16:47,12018,401038.0,1080,1920,1080x1920,Smartphone 108 MP (Bypass),Óvalo Salida a Cusco,VALIDO,1003.3014421312337,139.07330439814814,NINGUNO
BYPASS_20260928_V01_F00408,BYPASS_20260928_V01,frame_00408.jpg,408.0,00:06:48,08:16:48,12048,402037.5,1080,1920,1080x1920,Smartphone 108 MP (Bypass),Óvalo Salida a Cusco,VALIDO,1037.8421678882407,144.86609375,NINGUNO
BYPASS_20260928_V01_F00409,BYPASS_20260928_V01,frame_00409.jpg,409.0,00:06:49,08:16:49,12077,403003.8,1080,1920,1080x1920,Smartphone 108 MP (Bypass),Óvalo Salida a Cusco,VALIDO,1039.7522433056092,147.19929398148147,NINGUNO
BYPASS_20260928_V01_F00410,BYPASS_20260928_V01,frame_00410.jpg,410.0,00:06:50,08:16:50,12107,404003.4,1080,1920,1080x1920,Smartphone 108 MP (Bypass),Óvalo Salida a Cusco,VALIDO,1084.6472145703394,146.14684799382715,NINGUNO
BYPASS_20260928_V01_F00411,BYPASS_20260928_V01,frame_00411.jpg,411.0,00:06:51,08:16:51,12136,404969.6,1080,1920,1080x1920,Smartphone 108 MP (Bypass),Óvalo Salida a Cusco,VALIDO,1120.2328403541314,145.2145100308642,NINGUNO
BYPASS_20260928_V01_F00412,BYPASS_20260928_V01,frame_00412.jpg,412.0,00:06:52,08:16:52,12166,405969.2,1080,1920,1080x1920,Smartphone 108 MP (Bypass),Óvalo Salida a Cusco,VALIDO,1143.0720022459896,144.78702160493827,NINGUNO
BYPASS_20260928_V01_F00413,BYPASS_20260928_V01,frame_00413.jpg,413.0,00:06:53,08:16:53,12195,406935.5,1080,1920,1080x1920,Smartphone 108 MP (Bypass),Óvalo Salida a Cusco,VALIDO,1149.562500994513,144.31495949074073,NINGUNO
BYPASS_20260928_V01_F00414,BYPASS_20260928_V01,frame_00414.jpg,414.0,00:06:54,08:16:54,12225,407935.1,1080,1920,1080x1920,Smartphone 108 MP (Bypass),Óvalo Salida a Cusco,VALIDO,1172.8290615443314,143.31731867283952,NINGUNO
BYPASS_20260928_V01_F00415,BYPASS_20260928_V01,frame_00415.jpg,415.0,00:06:55,08:16:55,12254,408901.4,1080,1920,1080x1920,Smartphone 108 MP (Bypass),Óvalo Salida a Cusco,VALIDO,1182.3269692417637,141.24134452160493,NINGUNO
BYPASS_20260928_V01_F00416,BYPASS_20260928_V01,frame_00416.jpg,416.0,00:06:56,08:16:56,12284,409901.1,1080,1920,1080x1920,Smartphone 108 MP (Bypass),Óvalo Salida a Cusco,VALIDO,1167.0060576590686,142.72708526234567,NINGUNO
BYPASS_20260928_V01_F00417,BYPASS_20260928_V01,frame_00417.jpg,417.0,00:06:57,08:16:57,12314,410900.7,1080,1920,1080x1920,Smartphone 108 MP (Bypass),Óvalo Salida a Cusco,VALIDO,1197.5429673475214,140.76136188271605,NINGUNO
BYPASS_20260928_V01_F00418,BYPASS_20260928_V01,frame_00418.jpg,418.0,00:06:58,08:16:58,12343,411867.0,1080,1920,1080x1920,Smartphone 108 MP (Bypass),Óvalo Salida a Cusco,VALIDO,1176.0623969785017,134.76337962962964,NINGUNO
BYPASS_20260928_V01_F00419,BYPASS_20260928_V01,frame_00419.jpg,419.0,00:06:59,08:16:59,12373,412866.6,1080,1920,1080x1920,Smartphone 108 MP (Bypass),Óvalo Salida a Cusco,VALIDO,1031.9251432099622,134.00490740740742,NINGUNO
BYPASS_20260928_V01_F00420,BYPASS_20260928_V01,frame_00420.jpg,420.0,00:07:00,08:17:00,12402,413832.8,1080,1920,1080x1920,Smartphone 108 MP (Bypass),Óvalo Salida a Cusco,VALIDO,972.5782275312888,140.6809972993827,NINGUNO
BYPASS_20260928_V01_F00421,BYPASS_20260928_V01,frame_00421.jpg,421.0,00:07:01,08:17:01,12432,414832.3,1080,1920,1080x1920,Smartphone 108 MP (Bypass),Óvalo Salida a Cusco,VALIDO,1083.351345968364,145.06538966049382,NINGUNO
BYPASS_20260928_V01_F00422,BYPASS_20260928_V01,frame_00422.jpg,422.0,00:07:02,08:17:02,12461,415798.6,1080,1920,1080x1920,Smartphone 108 MP (Bypass),Óvalo Salida a Cusco,VALIDO,1104.885570914721,146.0059587191358,NINGUNO
BYPASS_20260928_V01_F00423,BYPASS_20260928_V01,frame_00423.jpg,423.0,00:07:03,08:17:03,12491,416798.2,1080,1920,1080x1920,Smartphone 108 MP (Bypass),Óvalo Salida a Cusco,VALIDO,972.9872178978858,147.85759066358025,NINGUNO
BYPASS_20260928_V01_F00424,BYPASS_20260928_V01,frame_00424.jpg,424.0,00:07:04,08:17:04,12520,417764.5,1080,1920,1080x1920,Smartphone 108 MP (Bypass),Óvalo Salida a Cusco,VALIDO,953.5360327783811,146.96529320987653,NINGUNO
BYPASS_20260928_V01_F00425,BYPASS_20260928_V01,frame_00425.jpg,425.0,00:07:05,08:17:05,12550,418764.1,1080,1920,1080x1920,Smartphone 108 MP (Bypass),Óvalo Salida a Cusco,VALIDO,994.7597711896613,146.78480902777778,NINGUNO
BYPASS_20260928_V01_F00426,BYPASS_20260928_V01,frame_00426.jpg,426.0,00:07:06,08:17:06,12579,419730.4,1080,1920,1080x1920,Smartphone 108 MP (Bypass),Óvalo Salida a Cusco,VALIDO,996.2192538112131,148.18401041666667,NINGUNO
BYPASS_20260928_V01_F00427,BYPASS_20260928_V01,frame_00427.jpg,427.0,00:07:07,08:17:07,12609,420730.0,1080,1920,1080x1920,Smartphone 108 MP (Bypass),Óvalo Salida a Cusco,VALIDO,956.438516336022,147.0360474537037,NINGUNO
BYPASS_20260928_V01_F00428,BYPASS_20260928_V01,frame_00428.jpg,428.0,00:07:08,08:17:08,12638,421696.2,1080,1920,1080x1920,Smartphone 108 MP (Bypass),Óvalo Salida a Cusco,VALIDO,1027.1401157132195,148.42277777777778,NINGUNO
BYPASS_20260928_V01_F00429,BYPASS_20260928_V01,frame_00429.jpg,429.0,00:07:09,08:17:09,12668,422695.8,1080,1920,1080x1920,Smartphone 108 MP (Bypass),Óvalo Salida a Cusco,VALIDO,1080.9020813678508,148.50646219135803,NINGUNO
BYPASS_20260928_V01_F00430,BYPASS_20260928_V01,frame_00430.jpg,430.0,00:07:10,08:17:10,12697,423662.1,1080,1920,1080x1920,Smartphone 108 MP (Bypass),Óvalo Salida a Cusco,VALIDO,1104.800869110023,148.12262731481482,NINGUNO
BYPASS_20260928_V01_F00431,BYPASS_20260928_V01,frame_00431.jpg,431.0,00:07:11,08:17:11,12727,424661.7,1080,1920,1080x1920,Smartphone 108 MP (Bypass),Óvalo Salida a Cusco,VALIDO,1278.3769888210722,145.61166280864197,NINGUNO
BYPASS_20260928_V01_F00432,BYPASS_20260928_V01,frame_00432.jpg,432.0,00:07:12,08:17:12,12756,425628.0,1080,1920,1080x1920,Smartphone 108 MP (Bypass),Óvalo Salida a Cusco,VALIDO,1222.7512737949883,144.6234375,NINGUNO
BYPASS_20260928_V01_F00433,BYPASS_20260928_V01,frame_00433.jpg,433.0,00:07:13,08:17:13,12786,426627.5,1080,1920,1080x1920,Smartphone 108 MP (Bypass),Óvalo Salida a Cusco,VALIDO,1284.1128103934323,143.41312692901235,NINGUNO
BYPASS_20260928_V01_F00434,BYPASS_20260928_V01,frame_00434.jpg,434.0,00:07:14,08:17:14,12815,427593.8,1080,1920,1080x1920,Smartphone 108 MP (Bypass),Óvalo Salida a Cusco,VALIDO,1293.4249303313936,142.51457561728395,NINGUNO
BYPASS_20260928_V01_F00435,BYPASS_20260928_V01,frame_00435.jpg,435.0,00:07:15,08:17:15,12845,428593.4,1080,1920,1080x1920,Smartphone 108 MP (Bypass),Óvalo Salida a Cusco,VALIDO,1296.9253814465587,144.12989197530865,NINGUNO
BYPASS_20260928_V01_F00436,BYPASS_20260928_V01,frame_00436.jpg,436.0,00:07:16,08:17:16,12875,429593.1,1080,1920,1080x1920,Smartphone 108 MP (Bypass),Óvalo Salida a Cusco,VALIDO,1437.0079937145003,144.54041473765432,NINGUNO
BYPASS_20260928_V01_F00437,BYPASS_20260928_V01,frame_00437.jpg,437.0,00:07:17,08:17:17,12904,430559.4,1080,1920,1080x1920,Smartphone 108 MP (Bypass),Óvalo Salida a Cusco,VALIDO,1338.7786741581663,139.4325887345679,NINGUNO
BYPASS_20260928_V01_F00438,BYPASS_20260928_V01,frame_00438.jpg,438.0,00:07:18,08:17:18,12934,431558.9,1080,1920,1080x1920,Smartphone 108 MP (Bypass),Óvalo Salida a Cusco,VALIDO,1196.7731295257965,137.0573649691358,NINGUNO
BYPASS_20260928_V01_F00439,BYPASS_20260928_V01,frame_00439.jpg,439.0,00:07:19,08:17:19,12963,432525.2,1080,1920,1080x1920,Smartphone 108 MP (Bypass),Óvalo Salida a Cusco,VALIDO,1203.4265845335487,137.46608989197532,NINGUNO
BYPASS_20260928_V01_F00440,BYPASS_20260928_V01,frame_00440.jpg,440.0,00:07:20,08:17:20,12993,433524.8,1080,1920,1080x1920,Smartphone 108 MP (Bypass),Óvalo Salida a Cusco,VALIDO,1218.224120627036,139.05821566358026,NINGUNO
BYPASS_20260928_V01_F00441,BYPASS_20260928_V01,frame_00441.jpg,441.0,00:07:21,08:17:21,13022,434491.1,1080,1920,1080x1920,Smartphone 108 MP (Bypass),Óvalo Salida a Cusco,VALIDO,1247.676172753534,138.163643904321,NINGUNO
BYPASS_20260928_V01_F00442,BYPASS_20260928_V01,frame_00442.jpg,442.0,00:07:22,08:17:22,13052,435524.0,1080,1920,1080x1920,Smartphone 108 MP (Bypass),Óvalo Salida a Cusco,VALIDO,1217.3900644812234,138.1134799382716,NINGUNO
BYPASS_20260928_V01_F00443,BYPASS_20260928_V01,frame_00443.jpg,443.0,00:07:23,08:17:23,13081,436490.3,1080,1920,1080x1920,Smartphone 108 MP (Bypass),Óvalo Salida a Cusco,VALIDO,1165.980268228865,136.9947048611111,NINGUNO
BYPASS_20260928_V01_F00444,BYPASS_20260928_V01,frame_00444.jpg,444.0,00:07:24,08:17:24,13111,437489.9,1080,1920,1080x1920,Smartphone 108 MP (Bypass),Óvalo Salida a Cusco,VALIDO,1119.1936226851703,136.59853202160494,NINGUNO
BYPASS_20260928_V01_F00445,BYPASS_20260928_V01,frame_00445.jpg,445.0,00:07:25,08:17:25,13140,438456.1,1080,1920,1080x1920,Smartphone 108 MP (Bypass),Óvalo Salida a Cusco,VALIDO,1076.7443606421946,138.4826350308642,NINGUNO
BYPASS_20260928_V01_F00446,BYPASS_20260928_V01,frame_00446.jpg,446.0,00:07:26,08:17:26,13170,439455.7,1080,1920,1080x1920,Smartphone 108 MP (Bypass),Óvalo Salida a Cusco,VALIDO,1152.254399097886,140.1914139660494,NINGUNO
BYPASS_20260928_V01_F00447,BYPASS_20260928_V01,frame_00447.jpg,447.0,00:07:27,08:17:27,13199,440422.0,1080,1920,1080x1920,Smartphone 108 MP (Bypass),Óvalo Salida a Cusco,VALIDO,1131.323739720493,142.28265432098766,NINGUNO
BYPASS_20260928_V01_F00448,BYPASS_20260928_V01,frame_00448.jpg,448.0,00:07:28,08:17:28,13229,441421.6,1080,1920,1080x1920,Smartphone 108 MP (Bypass),Óvalo Salida a Cusco,VALIDO,1093.9478042831074,143.20164158950618,NINGUNO
BYPASS_20260928_V01_F00449,BYPASS_20260928_V01,frame_00449.jpg,449.0,00:07:29,08:17:29,13258,442387.9,1080,1920,1080x1920,Smartphone 108 MP (Bypass),Óvalo Salida a Cusco,VALIDO,1045.3981962134164,142.14079668209877,NINGUNO
BYPASS_20260928_V01_F00450,BYPASS_20260928_V01,frame_00450.jpg,450.0,00:07:30,08:17:30,13288,443387.5,1080,1920,1080x1920,Smartphone 108 MP (Bypass),Óvalo Salida a Cusco,VALIDO,1078.9933131329426,143.249425154321,NINGUNO
BYPASS_20260928_V01_F00451,BYPASS_20260928_V01,frame_00451.jpg,451.0,00:07:31,08:17:31,13317,444353.8,1080,1920,1080x1920,Smartphone 108 MP (Bypass),Óvalo Salida a Cusco,VALIDO,1127.1889242683892,142.49127507716048,NINGUNO
BYPASS_20260928_V01_F00452,BYPASS_20260928_V01,frame_00452.jpg,452.0,00:07:32,08:17:32,13347,445353.4,1080,1920,1080x1920,Smartphone 108 MP (Bypass),Óvalo Salida a Cusco,VALIDO,1148.7850115588328,142.05860725308642,NINGUNO
BYPASS_20260928_V01_F00453,BYPASS_20260928_V01,frame_00453.jpg,453.0,00:07:33,08:17:33,13377,446353.0,1080,1920,1080x1920,Smartphone 108 MP (Bypass),Óvalo Salida a Cusco,VALIDO,1241.0975958010488,142.23980516975308,NINGUNO
BYPASS_20260928_V01_F00454,BYPASS_20260928_V01,frame_00454.jpg,454.0,00:07:34,08:17:34,13406,447319.3,1080,1920,1080x1920,Smartphone 108 MP (Bypass),Óvalo Salida a Cusco,VALIDO,1222.2401836074441,137.45444058641976,NINGUNO
BYPASS_20260928_V01_F00455,BYPASS_20260928_V01,frame_00455.jpg,455.0,00:07:35,08:17:35,13436,448319.0,1080,1920,1080x1920,Smartphone 108 MP (Bypass),Óvalo Salida a Cusco,VALIDO,1215.4224628631634,133.30748649691358,NINGUNO
BYPASS_20260928_V01_F00456,BYPASS_20260928_V01,frame_00456.jpg,456.0,00:07:36,08:17:36,13465,449285.2,1080,1920,1080x1920,Smartphone 108 MP (Bypass),Óvalo Salida a Cusco,VALIDO,1368.38537549617,134.0881674382716,NINGUNO
BYPASS_20260928_V01_F00457,BYPASS_20260928_V01,frame_00457.jpg,457.0,00:07:37,08:17:37,13495,450318.1,1080,1920,1080x1920,Smartphone 108 MP (Bypass),Óvalo Salida a Cusco,VALIDO,1320.8640614710594,133.2276099537037,NINGUNO
BYPASS_20260928_V01_F00458,BYPASS_20260928_V01,frame_00458.jpg,458.0,00:07:38,08:17:38,13524,451284.4,1080,1920,1080x1920,Smartphone 108 MP (Bypass),Óvalo Salida a Cusco,VALIDO,1259.0754719040544,134.82685185185184,NINGUNO
BYPASS_20260928_V01_F00459,BYPASS_20260928_V01,frame_00459.jpg,459.0,00:07:39,08:17:39,13554,452284.0,1080,1920,1080x1920,Smartphone 108 MP (Bypass),Óvalo Salida a Cusco,VALIDO,1208.3922122421698,136.56456404320988,NINGUNO
BYPASS_20260928_V01_F00460,BYPASS_20260928_V01,frame_00460.jpg,460.0,00:07:40,08:17:40,13583,453250.3,1080,1920,1080x1920,Smartphone 108 MP (Bypass),Óvalo Salida a Cusco,VALIDO,1167.0915252343245,136.51692708333334,NINGUNO
BYPASS_20260928_V01_F00461,BYPASS_20260928_V01,frame_00461.jpg,461.0,00:07:41,08:17:41,13613,454249.8,1080,1920,1080x1920,Smartphone 108 MP (Bypass),Óvalo Salida a Cusco,VALIDO,1060.8714108365243,141.80526041666667,NINGUNO
BYPASS_20260928_V01_F00462,BYPASS_20260928_V01,frame_00462.jpg,462.0,00:07:42,08:17:42,13642,455216.0,1080,1920,1080x1920,Smartphone 108 MP (Bypass),Óvalo Salida a Cusco,VALIDO,1118.6748547853756,150.88337191358025,NINGUNO
BYPASS_20260928_V01_F00463,BYPASS_20260928_V01,frame_00463.jpg,463.0,00:07:43,08:17:43,13672,456215.6,1080,1920,1080x1920,Smartphone 108 MP (Bypass),Óvalo Salida a Cusco,VALIDO,1050.5117585689193,153.05817901234568,NINGUNO
BYPASS_20260928_V01_F00464,BYPASS_20260928_V01,frame_00464.jpg,464.0,00:07:44,08:17:44,13701,457181.9,1080,1920,1080x1920,Smartphone 108 MP (Bypass),Óvalo Salida a Cusco,VALIDO,1089.1339204173419,156.08291473765433,NINGUNO
BYPASS_20260928_V01_F00465,BYPASS_20260928_V01,frame_00465.jpg,465.0,00:07:45,08:17:45,13731,458181.5,1080,1920,1080x1920,Smartphone 108 MP (Bypass),Óvalo Salida a Cusco,VALIDO,1056.9371985627924,159.32151427469137,NINGUNO
BYPASS_20260928_V01_F00466,BYPASS_20260928_V01,frame_00466.jpg,466.0,00:07:46,08:17:46,13760,459147.8,1080,1920,1080x1920,Smartphone 108 MP (Bypass),Óvalo Salida a Cusco,VALIDO,1089.9169322362818,161.73993055555556,NINGUNO
BYPASS_20260928_V01_F00467,BYPASS_20260928_V01,frame_00467.jpg,467.0,00:07:47,08:17:47,13790,460147.4,1080,1920,1080x1920,Smartphone 108 MP (Bypass),Óvalo Salida a Cusco,VALIDO,1096.0486490269168,161.5327951388889,NINGUNO
BYPASS_20260928_V01_F00468,BYPASS_20260928_V01,frame_00468.jpg,468.0,00:07:48,08:17:48,13819,461113.7,1080,1920,1080x1920,Smartphone 108 MP (Bypass),Óvalo Salida a Cusco,VALIDO,1091.5605609447002,161.01235918209878,NINGUNO
BYPASS_20260928_V01_F00469,BYPASS_20260928_V01,frame_00469.jpg,469.0,00:07:49,08:17:49,13849,462113.3,1080,1920,1080x1920,Smartphone 108 MP (Bypass),Óvalo Salida a Cusco,VALIDO,1103.0380545171902,160.16126350308642,NINGUNO
BYPASS_20260928_V01_F00470,BYPASS_20260928_V01,frame_00470.jpg,470.0,00:07:50,08:17:50,13879,463112.9,1080,1920,1080x1920,Smartphone 108 MP (Bypass),Óvalo Salida a Cusco,VALIDO,1080.2599357530796,159.34113233024692,NINGUNO
BYPASS_20260928_V01_F00471,BYPASS_20260928_V01,frame_00471.jpg,471.0,00:07:51,08:17:51,13908,464079.2,1080,1920,1080x1920,Smartphone 108 MP (Bypass),Óvalo Salida a Cusco,VALIDO,1048.6812064755277,157.21363425925927,NINGUNO
BYPASS_20260928_V01_F00472,BYPASS_20260928_V01,frame_00472.jpg,472.0,00:07:52,08:17:52,13938,465078.8,1080,1920,1080x1920,Smartphone 108 MP (Bypass),Óvalo Salida a Cusco,VALIDO,1076.322859210662,154.77226466049382,NINGUNO
BYPASS_20260928_V01_F00473,BYPASS_20260928_V01,frame_00473.jpg,473.0,00:07:53,08:17:53,13967,466078.3,1080,1920,1080x1920,Smartphone 108 MP (Bypass),Óvalo Salida a Cusco,VALIDO,1110.3505368257352,153.41240933641976,NINGUNO
BYPASS_20260928_V01_F00474,BYPASS_20260928_V01,frame_00474.jpg,474.0,00:07:54,08:17:54,13997,467078.0,1080,1920,1080x1920,Smartphone 108 MP (Bypass),Óvalo Salida a Cusco,VALIDO,1037.765892480688,152.30727816358024,NINGUNO
BYPASS_20260928_V01_F00475,BYPASS_20260928_V01,frame_00475.jpg,475.0,00:07:55,08:17:55,14026,468044.2,1080,1920,1080x1920,Smartphone 108 MP (Bypass),Óvalo Salida a Cusco,VALIDO,1055.2447653415422,151.77835455246912,NINGUNO
BYPASS_20260928_V01_F00476,BYPASS_20260928_V01,frame_00476.jpg,476.0,00:07:56,08:17:56,14056,469043.8,1080,1920,1080x1920,Smartphone 108 MP (Bypass),Óvalo Salida a Cusco,VALIDO,1115.3208268497083,152.5140200617284,NINGUNO
BYPASS_20260928_V01_F00477,BYPASS_20260928_V01,frame_00477.jpg,477.0,00:07:57,08:17:57,14085,470010.1,1080,1920,1080x1920,Smartphone 108 MP (Bypass),Óvalo Salida a Cusco,VALIDO,1091.5417884630176,153.9338040123457,NINGUNO
BYPASS_20260928_V01_F00478,BYPASS_20260928_V01,frame_00478.jpg,478.0,00:07:58,08:17:58,14115,471009.7,1080,1920,1080x1920,Smartphone 108 MP (Bypass),Óvalo Salida a Cusco,VALIDO,1060.2295331087248,155.57803240740742,NINGUNO
BYPASS_20260928_V01_F00479,BYPASS_20260928_V01,frame_00479.jpg,479.0,00:07:59,08:17:59,14144,471976.0,1080,1920,1080x1920,Smartphone 108 MP (Bypass),Óvalo Salida a Cusco,VALIDO,1048.4815307926929,157.56200617283952,NINGUNO
BYPASS_20260928_V01_F00480,BYPASS_20260928_V01,frame_00480.jpg,480.0,00:08:00,08:18:00,14174,472975.6,1080,1920,1080x1920,Smartphone 108 MP (Bypass),Óvalo Salida a Cusco,VALIDO,1145.49504657975,156.33422839506173,NINGUNO
BYPASS_20260928_V01_F00481,BYPASS_20260928_V01,frame_00481.jpg,481.0,00:08:01,08:18:01,14203,473942.0,1080,1920,1080x1920,Smartphone 108 MP (Bypass),Óvalo Salida a Cusco,VALIDO,1247.432694754501,143.7422472993827,NINGUNO
BYPASS_20260928_V01_F00482,BYPASS_20260928_V01,frame_00482.jpg,482.0,00:08:02,08:18:02,14233,474941.6,1080,1920,1080x1920,Smartphone 108 MP (Bypass),Óvalo Salida a Cusco,VALIDO,1197.875420728964,142.81237847222224,NINGUNO
BYPASS_20260928_V01_F00483,BYPASS_20260928_V01,frame_00483.jpg,483.0,00:08:03,08:18:03,14262,475907.9,1080,1920,1080x1920,Smartphone 108 MP (Bypass),Óvalo Salida a Cusco,VALIDO,1172.601539543547,141.4397337962963,NINGUNO
BYPASS_20260928_V01_F00484,BYPASS_20260928_V01,frame_00484.jpg,484.0,00:08:04,08:18:04,14292,476940.8,1080,1920,1080x1920,Smartphone 108 MP (Bypass),Óvalo Salida a Cusco,VALIDO,1189.9544835812326,139.35473958333333,NINGUNO
BYPASS_20260928_V01_F00485,BYPASS_20260928_V01,frame_00485.jpg,485.0,00:08:05,08:18:05,14321,477907.1,1080,1920,1080x1920,Smartphone 108 MP (Bypass),Óvalo Salida a Cusco,VALIDO,1264.328410226564,141.43092592592592,NINGUNO
BYPASS_20260928_V01_F00486,BYPASS_20260928_V01,frame_00486.jpg,486.0,00:08:06,08:18:06,14351,478906.6,1080,1920,1080x1920,Smartphone 108 MP (Bypass),Óvalo Salida a Cusco,VALIDO,1188.0462044024312,143.18998649691358,NINGUNO
BYPASS_20260928_V01_F00487,BYPASS_20260928_V01,frame_00487.jpg,487.0,00:08:07,08:18:07,14381,479906.2,1080,1920,1080x1920,Smartphone 108 MP (Bypass),Óvalo Salida a Cusco,VALIDO,1160.545135942051,143.93122106481482,NINGUNO
BYPASS_20260928_V01_F00488,BYPASS_20260928_V01,frame_00488.jpg,488.0,00:08:08,08:18:08,14410,480872.5,1080,1920,1080x1920,Smartphone 108 MP (Bypass),Óvalo Salida a Cusco,VALIDO,1264.9858423251167,142.68130015432098,NINGUNO
BYPASS_20260928_V01_F00489,BYPASS_20260928_V01,frame_00489.jpg,489.0,00:08:09,08:18:09,14440,481872.1,1080,1920,1080x1920,Smartphone 108 MP (Bypass),Óvalo Salida a Cusco,VALIDO,1143.86680995357,141.75369405864197,NINGUNO
BYPASS_20260928_V01_F00490,BYPASS_20260928_V01,frame_00490.jpg,490.0,00:08:10,08:18:10,14469,482838.4,1080,1920,1080x1920,Smartphone 108 MP (Bypass),Óvalo Salida a Cusco,VALIDO,1128.4555883366756,141.68295910493828,NINGUNO
BYPASS_20260928_V01_F00491,BYPASS_20260928_V01,frame_00491.jpg,491.0,00:08:11,08:18:11,14499,483838.0,1080,1920,1080x1920,Smartphone 108 MP (Bypass),Óvalo Salida a Cusco,VALIDO,1310.3148659376275,144.01332561728395,NINGUNO
BYPASS_20260928_V01_F00492,BYPASS_20260928_V01,frame_00492.jpg,492.0,00:08:12,08:18:12,14528,484804.2,1080,1920,1080x1920,Smartphone 108 MP (Bypass),Óvalo Salida a Cusco,VALIDO,1347.0299932784635,144.52292631172838,NINGUNO
BYPASS_20260928_V01_F00493,BYPASS_20260928_V01,frame_00493.jpg,493.0,00:08:13,08:18:13,14558,485803.8,1080,1920,1080x1920,Smartphone 108 MP (Bypass),Óvalo Salida a Cusco,VALIDO,1237.6360393751274,145.08083333333335,NINGUNO
BYPASS_20260928_V01_F00494,BYPASS_20260928_V01,frame_00494.jpg,494.0,00:08:14,08:18:14,14587,486770.1,1080,1920,1080x1920,Smartphone 108 MP (Bypass),Óvalo Salida a Cusco,VALIDO,1228.805770658885,145.1982214506173,NINGUNO
BYPASS_20260928_V01_F00495,BYPASS_20260928_V01,frame_00495.jpg,495.0,00:08:15,08:18:15,14617,487769.7,1080,1920,1080x1920,Smartphone 108 MP (Bypass),Óvalo Salida a Cusco,VALIDO,1206.4639099887968,146.8874363425926,NINGUNO
BYPASS_20260928_V01_F00496,BYPASS_20260928_V01,frame_00496.jpg,496.0,00:08:16,08:18:16,14646,488736.0,1080,1920,1080x1920,Smartphone 108 MP (Bypass),Óvalo Salida a Cusco,VALIDO,1224.9380206844899,147.57460841049382,NINGUNO
BYPASS_20260928_V01_F00497,BYPASS_20260928_V01,frame_00497.jpg,497.0,00:08:17,08:18:17,14676,489735.6,1080,1920,1080x1920,Smartphone 108 MP (Bypass),Óvalo Salida a Cusco,VALIDO,1253.160964258482,147.00702546296296,NINGUNO
BYPASS_20260928_V01_F00498,BYPASS_20260928_V01,frame_00498.jpg,498.0,00:08:18,08:18:18,14705,490701.8,1080,1920,1080x1920,Smartphone 108 MP (Bypass),Óvalo Salida a Cusco,VALIDO,1289.9103334538624,147.14112847222222,NINGUNO
BYPASS_20260928_V01_F00499,BYPASS_20260928_V01,frame_00499.jpg,499.0,00:08:19,08:18:19,14735,491701.4,1080,1920,1080x1920,Smartphone 108 MP (Bypass),Óvalo Salida a Cusco,VALIDO,1273.3565812527986,146.27452932098765,NINGUNO
BYPASS_20260928_V01_F00500,BYPASS_20260928_V01,frame_00500.jpg,500.0,00:08:20,08:18:20,14764,492667.7,1080,1920,1080x1920,Smartphone 108 MP (Bypass),Óvalo Salida a Cusco,VALIDO,1296.4651718561533,143.7405787037037,NINGUNO
BYPASS_20260928_V01_F00501,BYPASS_20260928_V01,frame_00501.jpg,501.0,00:08:21,08:18:21,14794,493667.3,1080,1920,1080x1920,Smartphone 108 MP (Bypass),Óvalo Salida a Cusco,VALIDO,1400.2879875389337,141.08629050925927,NINGUNO
BYPASS_20260928_V01_F00502,BYPASS_20260928_V01,frame_00502.jpg,502.0,00:08:22,08:18:22,14823,494633.5,1080,1920,1080x1920,Smartphone 108 MP (Bypass),Óvalo Salida a Cusco,VALIDO,1449.6691722578857,140.67997106481482,NINGUNO
BYPASS_20260928_V01_F00503,BYPASS_20260928_V01,frame_00503.jpg,503.0,00:08:23,08:18:23,14853,495633.1,1080,1920,1080x1920,Smartphone 108 MP (Bypass),Óvalo Salida a Cusco,VALIDO,1425.238728445516,140.92999035493827,NINGUNO
BYPASS_20260928_V01_F00504,BYPASS_20260928_V01,frame_00504.jpg,504.0,00:08:24,08:18:24,14883,496632.7,1080,1920,1080x1920,Smartphone 108 MP (Bypass),Óvalo Salida a Cusco,VALIDO,1404.9388992795639,141.0048051697531,NINGUNO
BYPASS_20260928_V01_F00505,BYPASS_20260928_V01,frame_00505.jpg,505.0,00:08:25,08:18:25,14912,497599.0,1080,1920,1080x1920,Smartphone 108 MP (Bypass),Óvalo Salida a Cusco,VALIDO,1363.6317167619118,141.02758294753087,NINGUNO
BYPASS_20260928_V01_F00506,BYPASS_20260928_V01,frame_00506.jpg,506.0,00:08:26,08:18:26,14942,498598.6,1080,1920,1080x1920,Smartphone 108 MP (Bypass),Óvalo Salida a Cusco,VALIDO,1318.6551218774075,140.52253086419753,NINGUNO
BYPASS_20260928_V01_F00507,BYPASS_20260928_V01,frame_00507.jpg,507.0,00:08:27,08:18:27,14971,499564.9,1080,1920,1080x1920,Smartphone 108 MP (Bypass),Óvalo Salida a Cusco,VALIDO,1341.1961514631319,140.29350308641975,NINGUNO
BYPASS_20260928_V01_F00508,BYPASS_20260928_V01,frame_00508.jpg,508.0,00:08:28,08:18:28,15001,500564.5,1080,1920,1080x1920,Smartphone 108 MP (Bypass),Óvalo Salida a Cusco,VALIDO,1420.1037425405234,141.44541087962963,NINGUNO
BYPASS_20260928_V01_F00509,BYPASS_20260928_V01,frame_00509.jpg,509.0,00:08:29,08:18:29,15030,501530.8,1080,1920,1080x1920,Smartphone 108 MP (Bypass),Óvalo Salida a Cusco,VALIDO,1379.4416117092799,139.67701967592592,NINGUNO
BYPASS_20260928_V01_F00510,BYPASS_20260928_V01,frame_00510.jpg,510.0,00:08:30,08:18:30,15060,502530.4,1080,1920,1080x1920,Smartphone 108 MP (Bypass),Óvalo Salida a Cusco,VALIDO,1337.507256339485,138.2006539351852,NINGUNO
BYPASS_20260928_V01_F00511,BYPASS_20260928_V01,frame_00511.jpg,511.0,00:08:31,08:18:31,15089,503496.6,1080,1920,1080x1920,Smartphone 108 MP (Bypass),Óvalo Salida a Cusco,VALIDO,1381.0619808723202,139.09850308641975,NINGUNO
BYPASS_20260928_V01_F00512,BYPASS_20260928_V01,frame_00512.jpg,512.0,00:08:32,08:18:32,15119,504496.3,1080,1920,1080x1920,Smartphone 108 MP (Bypass),Óvalo Salida a Cusco,VALIDO,1466.6774763785254,138.18864969135802,NINGUNO
BYPASS_20260928_V01_F00513,BYPASS_20260928_V01,frame_00513.jpg,513.0,00:08:33,08:18:33,15148,505462.5,1080,1920,1080x1920,Smartphone 108 MP (Bypass),Óvalo Salida a Cusco,VALIDO,1394.053876697397,139.43326581790123,NINGUNO
BYPASS_20260928_V01_F00514,BYPASS_20260928_V01,frame_00514.jpg,514.0,00:08:34,08:18:34,15178,506462.1,1080,1920,1080x1920,Smartphone 108 MP (Bypass),Óvalo Salida a Cusco,VALIDO,1311.9901408028825,137.89475308641974,NINGUNO
BYPASS_20260928_V01_F00515,BYPASS_20260928_V01,frame_00515.jpg,515.0,00:08:35,08:18:35,15207,507428.3,1080,1920,1080x1920,Smartphone 108 MP (Bypass),Óvalo Salida a Cusco,VALIDO,1301.4413147955247,139.66330054012346,NINGUNO
BYPASS_20260928_V01_F00516,BYPASS_20260928_V01,frame_00516.jpg,516.0,00:08:36,08:18:36,15237,508427.9,1080,1920,1080x1920,Smartphone 108 MP (Bypass),Óvalo Salida a Cusco,VALIDO,1317.465583597497,138.80905092592593,NINGUNO
BYPASS_20260928_V01_F00517,BYPASS_20260928_V01,frame_00517.jpg,517.0,00:08:37,08:18:37,15266,509394.2,1080,1920,1080x1920,Smartphone 108 MP (Bypass),Óvalo Salida a Cusco,VALIDO,1323.1052129770692,136.69110725308641,NINGUNO
BYPASS_20260928_V01_F00518,BYPASS_20260928_V01,frame_00518.jpg,518.0,00:08:38,08:18:38,15296,510393.8,1080,1920,1080x1920,Smartphone 108 MP (Bypass),Óvalo Salida a Cusco,VALIDO,1283.2522632849411,136.44506944444444,NINGUNO
BYPASS_20260928_V01_F00519,BYPASS_20260928_V01,frame_00519.jpg,519.0,00:08:39,08:18:39,15325,511360.1,1080,1920,1080x1920,Smartphone 108 MP (Bypass),Óvalo Salida a Cusco,VALIDO,1386.7986924475445,136.6855613425926,NINGUNO
BYPASS_20260928_V01_F00520,BYPASS_20260928_V01,frame_00520.jpg,520.0,00:08:40,08:18:40,15355,512359.7,1080,1920,1080x1920,Smartphone 108 MP (Bypass),Óvalo Salida a Cusco,VALIDO,1469.8183834340705,137.11885416666667,NINGUNO
BYPASS_20260928_V01_F00521,BYPASS_20260928_V01,frame_00521.jpg,521.0,00:08:41,08:18:41,15384,513325.9,1080,1920,1080x1920,Smartphone 108 MP (Bypass),Óvalo Salida a Cusco,VALIDO,1389.2157677415407,138.60228973765433,NINGUNO
BYPASS_20260928_V01_F00522,BYPASS_20260928_V01,frame_00522.jpg,522.0,00:08:42,08:18:42,15414,514325.5,1080,1920,1080x1920,Smartphone 108 MP (Bypass),Óvalo Salida a Cusco,VALIDO,1345.020850859657,139.1007349537037,NINGUNO
BYPASS_20260928_V01_F00523,BYPASS_20260928_V01,frame_00523.jpg,523.0,00:08:43,08:18:43,15444,515325.1,1080,1920,1080x1920,Smartphone 108 MP (Bypass),Óvalo Salida a Cusco,VALIDO,1343.7640078522368,139.09541280864198,NINGUNO
BYPASS_20260928_V01_F00524,BYPASS_20260928_V01,frame_00524.jpg,524.0,00:08:44,08:18:44,15473,516291.4,1080,1920,1080x1920,Smartphone 108 MP (Bypass),Óvalo Salida a Cusco,VALIDO,1315.067693762588,141.1720659722222,NINGUNO
BYPASS_20260928_V01_F00525,BYPASS_20260928_V01,frame_00525.jpg,525.0,00:08:45,08:18:45,15503,517291.0,1080,1920,1080x1920,Smartphone 108 MP (Bypass),Óvalo Salida a Cusco,VALIDO,1262.06274375,142.52230902777777,NINGUNO
BYPASS_20260928_V01_F00526,BYPASS_20260928_V01,frame_00526.jpg,526.0,00:08:46,08:18:46,15532,518257.3,1080,1920,1080x1920,Smartphone 108 MP (Bypass),Óvalo Salida a Cusco,VALIDO,1238.9874408946898,142.46598379629629,NINGUNO
BYPASS_20260928_V01_F00527,BYPASS_20260928_V01,frame_00527.jpg,527.0,00:08:47,08:18:47,15562,519256.8,1080,1920,1080x1920,Smartphone 108 MP (Bypass),Óvalo Salida a Cusco,VALIDO,1311.8364351880277,145.64607060185185,NINGUNO
BYPASS_20260928_V01_F00528,BYPASS_20260928_V01,frame_00528.jpg,528.0,00:08:48,08:18:48,15591,520223.1,1080,1920,1080x1920,Smartphone 108 MP (Bypass),Óvalo Salida a Cusco,VALIDO,1338.5939343602606,146.67098958333332,NINGUNO
BYPASS_20260928_V01_F00529,BYPASS_20260928_V01,frame_00529.jpg,529.0,00:08:49,08:18:49,15621,521222.7,1080,1920,1080x1920,Smartphone 108 MP (Bypass),Óvalo Salida a Cusco,VALIDO,1264.0046334672777,146.60361111111112,NINGUNO
BYPASS_20260928_V01_F00530,BYPASS_20260928_V01,frame_00530.jpg,530.0,00:08:50,08:18:50,15650,522188.9,1080,1920,1080x1920,Smartphone 108 MP (Bypass),Óvalo Salida a Cusco,VALIDO,1297.9250790875383,145.36142168209878,NINGUNO
BYPASS_20260928_V01_F00531,BYPASS_20260928_V01,frame_00531.jpg,531.0,00:08:51,08:18:51,15680,523188.5,1080,1920,1080x1920,Smartphone 108 MP (Bypass),Óvalo Salida a Cusco,VALIDO,1385.2148992088032,143.98323495370371,NINGUNO
BYPASS_20260928_V01_F00532,BYPASS_20260928_V01,frame_00532.jpg,532.0,00:08:52,08:18:52,15709,524154.8,1080,1920,1080x1920,Smartphone 108 MP (Bypass),Óvalo Salida a Cusco,VALIDO,1425.0099323757602,142.12884452160495,NINGUNO
BYPASS_20260928_V01_F00533,BYPASS_20260928_V01,frame_00533.jpg,533.0,00:08:53,08:18:53,15739,525154.4,1080,1920,1080x1920,Smartphone 108 MP (Bypass),Óvalo Salida a Cusco,VALIDO,1344.8210447979627,141.50840663580246,NINGUNO
BYPASS_20260928_V01_F00534,BYPASS_20260928_V01,frame_00534.jpg,534.0,00:08:54,08:18:54,15768,526120.7,1080,1920,1080x1920,Smartphone 108 MP (Bypass),Óvalo Salida a Cusco,VALIDO,1403.1138520215297,142.1474537037037,NINGUNO
BYPASS_20260928_V01_F00535,BYPASS_20260928_V01,frame_00535.jpg,535.0,00:08:55,08:18:55,15798,527120.3,1080,1920,1080x1920,Smartphone 108 MP (Bypass),Óvalo Salida a Cusco,VALIDO,1503.2495484501212,141.81456597222223,NINGUNO
BYPASS_20260928_V01_F00536,BYPASS_20260928_V01,frame_00536.jpg,536.0,00:08:56,08:18:56,15827,528086.6,1080,1920,1080x1920,Smartphone 108 MP (Bypass),Óvalo Salida a Cusco,VALIDO,1438.6733289689396,140.79042824074074,NINGUNO
BYPASS_20260928_V01_F00537,BYPASS_20260928_V01,frame_00537.jpg,537.0,00:08:57,08:18:57,15857,529119.5,1080,1920,1080x1920,Smartphone 108 MP (Bypass),Óvalo Salida a Cusco,VALIDO,1305.8063510914658,141.52289351851852,NINGUNO
BYPASS_20260928_V01_F00538,BYPASS_20260928_V01,frame_00538.jpg,538.0,00:08:58,08:18:58,15886,530085.7,1080,1920,1080x1920,Smartphone 108 MP (Bypass),Óvalo Salida a Cusco,VALIDO,1309.995736779564,141.7381037808642,NINGUNO
BYPASS_20260928_V01_F00539,BYPASS_20260928_V01,frame_00539.jpg,539.0,00:08:59,08:18:59,15916,531085.3,1080,1920,1080x1920,Smartphone 108 MP (Bypass),Óvalo Salida a Cusco,VALIDO,1393.0781340597941,142.32396026234568,NINGUNO
BYPASS_20260928_V01_F00540,BYPASS_20260928_V01,frame_00540.jpg,540.0,00:09:00,08:19:00,15946,532084.9,1080,1920,1080x1920,Smartphone 108 MP (Bypass),Óvalo Salida a Cusco,VALIDO,1310.0661033896886,141.04671875,NINGUNO
BYPASS_20260928_V01_F00541,BYPASS_20260928_V01,frame_00541.jpg,541.0,00:09:01,08:19:01,15975,533051.2,1080,1920,1080x1920,Smartphone 108 MP (Bypass),Óvalo Salida a Cusco,VALIDO,1315.6835725165604,140.7374112654321,NINGUNO
BYPASS_20260928_V01_F00542,BYPASS_20260928_V01,frame_00542.jpg,542.0,00:09:02,08:19:02,16005,534050.8,1080,1920,1080x1920,Smartphone 108 MP (Bypass),Óvalo Salida a Cusco,VALIDO,1365.303918781045,139.17714891975308,NINGUNO
BYPASS_20260928_V01_F00543,BYPASS_20260928_V01,frame_00543.jpg,543.0,00:09:03,08:19:03,16034,535017.1,1080,1920,1080x1920,Smartphone 108 MP (Bypass),Óvalo Salida a Cusco,VALIDO,1335.086765774796,136.25670910493827,NINGUNO
BYPASS_20260928_V01_F00544,BYPASS_20260928_V01,frame_00544.jpg,544.0,00:09:04,08:19:04,16064,536016.7,1080,1920,1080x1920,Smartphone 108 MP (Bypass),Óvalo Salida a Cusco,VALIDO,1335.671666720012,136.63136959876545,NINGUNO
BYPASS_20260928_V01_F00545,BYPASS_20260928_V01,frame_00545.jpg,545.0,00:09:05,08:19:05,16093,536983.0,1080,1920,1080x1920,Smartphone 108 MP (Bypass),Óvalo Salida a Cusco,VALIDO,1252.5149402988386,135.3908699845679,NINGUNO
BYPASS_20260928_V01_F00546,BYPASS_20260928_V01,frame_00546.jpg,546.0,00:09:06,08:19:06,16123,537982.6,1080,1920,1080x1920,Smartphone 108 MP (Bypass),Óvalo Salida a Cusco,VALIDO,1187.7492086816126,132.3766724537037,NINGUNO
BYPASS_20260928_V01_F00547,BYPASS_20260928_V01,frame_00547.jpg,547.0,00:09:07,08:19:07,16152,538948.9,1080,1920,1080x1920,Smartphone 108 MP (Bypass),Óvalo Salida a Cusco,VALIDO,1067.8232189868247,128.06286072530864,NINGUNO
BYPASS_20260928_V01_F00548,BYPASS_20260928_V01,frame_00548.jpg,548.0,00:09:08,08:19:08,16182,539948.4,1080,1920,1080x1920,Smartphone 108 MP (Bypass),Óvalo Salida a Cusco,VALIDO,1074.1336755197465,131.1921412037037,NINGUNO
BYPASS_20260928_V01_F00549,BYPASS_20260928_V01,frame_00549.jpg,549.0,00:09:09,08:19:09,16211,540914.7,1080,1920,1080x1920,Smartphone 108 MP (Bypass),Óvalo Salida a Cusco,VALIDO,1013.130932882144,133.00714313271604,NINGUNO
BYPASS_20260928_V01_F00550,BYPASS_20260928_V01,frame_00550.jpg,550.0,00:09:10,08:19:10,16241,541914.3,1080,1920,1080x1920,Smartphone 108 MP (Bypass),Óvalo Salida a Cusco,VALIDO,944.74410637696,134.43918981481482,NINGUNO
BYPASS_20260928_V01_F00551,BYPASS_20260928_V01,frame_00551.jpg,551.0,00:09:11,08:19:11,16270,542880.6,1080,1920,1080x1920,Smartphone 108 MP (Bypass),Óvalo Salida a Cusco,VALIDO,977.0893518896247,134.8964737654321,NINGUNO
BYPASS_20260928_V01_F00552,BYPASS_20260928_V01,frame_00552.jpg,552.0,00:09:12,08:19:12,16300,543880.2,1080,1920,1080x1920,Smartphone 108 MP (Bypass),Óvalo Salida a Cusco,VALIDO,1008.5111766381387,134.92251736111112,NINGUNO
BYPASS_20260928_V01_F00553,BYPASS_20260928_V01,frame_00553.jpg,553.0,00:09:13,08:19:13,16329,544846.4,1080,1920,1080x1920,Smartphone 108 MP (Bypass),Óvalo Salida a Cusco,VALIDO,1005.2533490858588,134.82142554012347,NINGUNO
BYPASS_20260928_V01_F00554,BYPASS_20260928_V01,frame_00554.jpg,554.0,00:09:14,08:19:14,16359,545846.0,1080,1920,1080x1920,Smartphone 108 MP (Bypass),Óvalo Salida a Cusco,VALIDO,1012.6764396674264,134.97742476851852,NINGUNO
BYPASS_20260928_V01_F00555,BYPASS_20260928_V01,frame_00555.jpg,555.0,00:09:15,08:19:15,16388,546812.3,1080,1920,1080x1920,Smartphone 108 MP (Bypass),Óvalo Salida a Cusco,VALIDO,1056.2100496720682,134.70330054012345,NINGUNO
BYPASS_20260928_V01_F00556,BYPASS_20260928_V01,frame_00556.jpg,556.0,00:09:16,08:19:16,16418,547811.9,1080,1920,1080x1920,Smartphone 108 MP (Bypass),Óvalo Salida a Cusco,VALIDO,1069.2424060545834,134.35772183641976,NINGUNO
BYPASS_20260928_V01_F00557,BYPASS_20260928_V01,frame_00557.jpg,557.0,00:09:17,08:19:17,16448,548811.5,1080,1920,1080x1920,Smartphone 108 MP (Bypass),Óvalo Salida a Cusco,VALIDO,1034.7939859562541,135.0259452160494,NINGUNO
BYPASS_20260928_V01_F00558,BYPASS_20260928_V01,frame_00558.jpg,558.0,00:09:18,08:19:18,16477,549777.8,1080,1920,1080x1920,Smartphone 108 MP (Bypass),Óvalo Salida a Cusco,VALIDO,1029.8505540313643,134.34463348765433,NINGUNO
BYPASS_20260928_V01_F00559,BYPASS_20260928_V01,frame_00559.jpg,559.0,00:09:19,08:19:19,16507,550777.4,1080,1920,1080x1920,Smartphone 108 MP (Bypass),Óvalo Salida a Cusco,VALIDO,1088.7634121111018,133.7413927469136,NINGUNO
BYPASS_20260928_V01_F00560,BYPASS_20260928_V01,frame_00560.jpg,560.0,00:09:20,08:19:20,16536,551743.7,1080,1920,1080x1920,Smartphone 108 MP (Bypass),Óvalo Salida a Cusco,VALIDO,1164.7320764536914,134.65693672839507,NINGUNO
BYPASS_20260928_V01_F00561,BYPASS_20260928_V01,frame_00561.jpg,561.0,00:09:21,08:19:21,16566,552776.6,1080,1920,1080x1920,Smartphone 108 MP (Bypass),Óvalo Salida a Cusco,VALIDO,1196.1651743690184,133.81146219135803,NINGUNO
BYPASS_20260928_V01_F00562,BYPASS_20260928_V01,frame_00562.jpg,562.0,00:09:22,08:19:22,16595,553742.8,1080,1920,1080x1920,Smartphone 108 MP (Bypass),Óvalo Salida a Cusco,VALIDO,1104.9333514574764,133.23273726851852,NINGUNO
BYPASS_20260928_V01_F00563,BYPASS_20260928_V01,frame_00563.jpg,563.0,00:09:23,08:19:23,16625,554775.8,1080,1920,1080x1920,Smartphone 108 MP (Bypass),Óvalo Salida a Cusco,VALIDO,1042.2402952935527,131.40770061728395,NINGUNO
BYPASS_20260928_V01_F00564,BYPASS_20260928_V01,frame_00564.jpg,564.0,00:09:24,08:19:24,16654,555742.0,1080,1920,1080x1920,Smartphone 108 MP (Bypass),Óvalo Salida a Cusco,VALIDO,996.8674227253396,131.3813811728395,NINGUNO
BYPASS_20260928_V01_F00565,BYPASS_20260928_V01,frame_00565.jpg,565.0,00:09:25,08:19:25,16684,556741.6,1080,1920,1080x1920,Smartphone 108 MP (Bypass),Óvalo Salida a Cusco,VALIDO,956.3257528620231,131.72360918209876,NINGUNO
BYPASS_20260928_V01_F00566,BYPASS_20260928_V01,frame_00566.jpg,566.0,00:09:26,08:19:26,16713,557707.9,1080,1920,1080x1920,Smartphone 108 MP (Bypass),Óvalo Salida a Cusco,VALIDO,934.4433350935233,132.0586728395062,NINGUNO
BYPASS_20260928_V01_F00567,BYPASS_20260928_V01,frame_00567.jpg,567.0,00:09:27,08:19:27,16743,558707.5,1080,1920,1080x1920,Smartphone 108 MP (Bypass),Óvalo Salida a Cusco,VALIDO,994.8916211199129,131.1765412808642,NINGUNO
BYPASS_20260928_V01_F00568,BYPASS_20260928_V01,frame_00568.jpg,568.0,00:09:28,08:19:28,16772,559673.8,1080,1920,1080x1920,Smartphone 108 MP (Bypass),Óvalo Salida a Cusco,VALIDO,983.0855431734245,131.16297839506174,NINGUNO
BYPASS_20260928_V01_F00569,BYPASS_20260928_V01,frame_00569.jpg,569.0,00:09:29,08:19:29,16802,560673.4,1080,1920,1080x1920,Smartphone 108 MP (Bypass),Óvalo Salida a Cusco,VALIDO,1033.8698541193307,132.1100848765432,NINGUNO
BYPASS_20260928_V01_F00570,BYPASS_20260928_V01,frame_00570.jpg,570.0,00:09:30,08:19:30,16831,561639.6,1080,1920,1080x1920,Smartphone 108 MP (Bypass),Óvalo Salida a Cusco,VALIDO,1072.1558703980509,132.98646604938273,NINGUNO
BYPASS_20260928_V01_F00571,BYPASS_20260928_V01,frame_00571.jpg,571.0,00:09:31,08:19:31,16861,562639.2,1080,1920,1080x1920,Smartphone 108 MP (Bypass),Óvalo Salida a Cusco,VALIDO,1147.8386019738887,131.55356095679014,NINGUNO
BYPASS_20260928_V01_F00572,BYPASS_20260928_V01,frame_00572.jpg,572.0,00:09:32,08:19:32,16890,563605.5,1080,1920,1080x1920,Smartphone 108 MP (Bypass),Óvalo Salida a Cusco,VALIDO,1189.2134289672424,134.7032851080247,NINGUNO
BYPASS_20260928_V01_F00573,BYPASS_20260928_V01,frame_00573.jpg,573.0,00:09:33,08:19:33,16920,564605.1,1080,1920,1080x1920,Smartphone 108 MP (Bypass),Óvalo Salida a Cusco,VALIDO,1107.4845639993905,133.11304591049384,NINGUNO
BYPASS_20260928_V01_F00574,BYPASS_20260928_V01,frame_00574.jpg,574.0,00:09:34,08:19:34,16950,565604.7,1080,1920,1080x1920,Smartphone 108 MP (Bypass),Óvalo Salida a Cusco,VALIDO,1185.1160819263116,133.1230324074074,NINGUNO
BYPASS_20260928_V01_F00575,BYPASS_20260928_V01,frame_00575.jpg,575.0,00:09:35,08:19:35,16979,566571.0,1080,1920,1080x1920,Smartphone 108 MP (Bypass),Óvalo Salida a Cusco,VALIDO,1142.055198663858,134.02838927469136,NINGUNO
BYPASS_20260928_V01_F00576,BYPASS_20260928_V01,frame_00576.jpg,576.0,00:09:36,08:19:36,17009,567570.6,1080,1920,1080x1920,Smartphone 108 MP (Bypass),Óvalo Salida a Cusco,VALIDO,1211.1761655847192,133.99146797839506,NINGUNO
BYPASS_20260928_V01_F00577,BYPASS_20260928_V01,frame_00577.jpg,577.0,00:09:37,08:19:37,17038,568570.2,1080,1920,1080x1920,Smartphone 108 MP (Bypass),Óvalo Salida a Cusco,VALIDO,1198.3173759542326,133.8331462191358,NINGUNO
BYPASS_20260928_V01_F00578,BYPASS_20260928_V01,frame_00578.jpg,578.0,00:09:38,08:19:38,17068,569569.8,1080,1920,1080x1920,Smartphone 108 MP (Bypass),Óvalo Salida a Cusco,VALIDO,1190.7768207054319,134.00099922839507,NINGUNO
BYPASS_20260928_V01_F00579,BYPASS_20260928_V01,frame_00579.jpg,579.0,00:09:39,08:19:39,17097,570536.1,1080,1920,1080x1920,Smartphone 108 MP (Bypass),Óvalo Salida a Cusco,VALIDO,1171.5432812472873,135.14534529320989,NINGUNO
BYPASS_20260928_V01_F00580,BYPASS_20260928_V01,frame_00580.jpg,580.0,00:09:40,08:19:40,17127,571535.7,1080,1920,1080x1920,Smartphone 108 MP (Bypass),Óvalo Salida a Cusco,VALIDO,1166.514190014801,135.4720023148148,NINGUNO
BYPASS_20260928_V01_F00581,BYPASS_20260928_V01,frame_00581.jpg,581.0,00:09:41,08:19:41,17156,572535.3,1080,1920,1080x1920,Smartphone 108 MP (Bypass),Óvalo Salida a Cusco,VALIDO,1182.0365176424216,135.46474922839505,NINGUNO
BYPASS_20260928_V01_F00582,BYPASS_20260928_V01,frame_00582.jpg,582.0,00:09:42,08:19:42,17186,573534.8,1080,1920,1080x1920,Smartphone 108 MP (Bypass),Óvalo Salida a Cusco,VALIDO,1142.4948394242751,134.70608796296295,NINGUNO
BYPASS_20260928_V01_F00583,BYPASS_20260928_V01,frame_00583.jpg,583.0,00:09:43,08:19:43,17215,574501.1,1080,1920,1080x1920,Smartphone 108 MP (Bypass),Óvalo Salida a Cusco,VALIDO,1143.4375770117656,134.70280285493828,NINGUNO
BYPASS_20260928_V01_F00584,BYPASS_20260928_V01,frame_00584.jpg,584.0,00:09:44,08:19:44,17245,575534.0,1080,1920,1080x1920,Smartphone 108 MP (Bypass),Óvalo Salida a Cusco,VALIDO,1206.192588440122,136.14039351851852,NINGUNO
BYPASS_20260928_V01_F00585,BYPASS_20260928_V01,frame_00585.jpg,585.0,00:09:45,08:19:45,17274,576500.3,1080,1920,1080x1920,Smartphone 108 MP (Bypass),Óvalo Salida a Cusco,VALIDO,1311.442822375456,136.86152584876544,NINGUNO
BYPASS_20260928_V01_F00586,BYPASS_20260928_V01,frame_00586.jpg,586.0,00:09:46,08:19:46,17304,577566.6,1080,1920,1080x1920,Smartphone 108 MP (Bypass),Óvalo Salida a Cusco,VALIDO,1296.5245153162982,135.6908236882716,NINGUNO
BYPASS_20260928_V01_F00587,BYPASS_20260928_V01,frame_00587.jpg,587.0,00:09:47,08:19:47,17333,578532.8,1080,1920,1080x1920,Smartphone 108 MP (Bypass),Óvalo Salida a Cusco,VALIDO,1378.2597328882168,137.87489583333334,NINGUNO
BYPASS_20260928_V01_F00588,BYPASS_20260928_V01,frame_00588.jpg,588.0,00:09:48,08:19:48,17363,579532.4,1080,1920,1080x1920,Smartphone 108 MP (Bypass),Óvalo Salida a Cusco,VALIDO,1257.764886106255,136.14172260802468,NINGUNO
BYPASS_20260928_V01_F00589,BYPASS_20260928_V01,frame_00589.jpg,589.0,00:09:49,08:19:49,17392,580498.7,1080,1920,1080x1920,Smartphone 108 MP (Bypass),Óvalo Salida a Cusco,VALIDO,1353.8568015631993,137.80594714506174,NINGUNO
BYPASS_20260928_V01_F00590,BYPASS_20260928_V01,frame_00590.jpg,590.0,00:09:50,08:19:50,17422,581531.6,1080,1920,1080x1920,Smartphone 108 MP (Bypass),Óvalo Salida a Cusco,VALIDO,1390.0583356415843,136.7927488425926,NINGUNO
BYPASS_20260928_V01_F00591,BYPASS_20260928_V01,frame_00591.jpg,591.0,00:09:51,08:19:51,17452,582531.2,1080,1920,1080x1920,Smartphone 108 MP (Bypass),Óvalo Salida a Cusco,VALIDO,1307.079157377341,136.38883680555554,NINGUNO
BYPASS_20260928_V01_F00592,BYPASS_20260928_V01,frame_00592.jpg,592.0,00:09:52,08:19:52,17481,583497.5,1080,1920,1080x1920,Smartphone 108 MP (Bypass),Óvalo Salida a Cusco,VALIDO,1245.0092066637515,136.69919560185184,NINGUNO
BYPASS_20260928_V01_F00593,BYPASS_20260928_V01,frame_00593.jpg,593.0,00:09:53,08:19:53,17511,584497.1,1080,1920,1080x1920,Smartphone 108 MP (Bypass),Óvalo Salida a Cusco,VALIDO,1338.3019764028058,136.5640451388889,NINGUNO
BYPASS_20260928_V01_F00594,BYPASS_20260928_V01,frame_00594.jpg,594.0,00:09:54,08:19:54,17540,585463.4,1080,1920,1080x1920,Smartphone 108 MP (Bypass),Óvalo Salida a Cusco,VALIDO,1434.0636402800963,136.35230324074075,NINGUNO
BYPASS_20260928_V01_F00595,BYPASS_20260928_V01,frame_00595.jpg,595.0,00:09:55,08:19:55,17570,586463.0,1080,1920,1080x1920,Smartphone 108 MP (Bypass),Óvalo Salida a Cusco,VALIDO,1317.8905429105187,136.0699710648148,NINGUNO
BYPASS_20260928_V01_F00596,BYPASS_20260928_V01,frame_00596.jpg,596.0,00:09:56,08:19:56,17599,587429.2,1080,1920,1080x1920,Smartphone 108 MP (Bypass),Óvalo Salida a Cusco,VALIDO,1357.7689838463043,136.74975115740742,NINGUNO
BYPASS_20260928_V01_F00597,BYPASS_20260928_V01,frame_00597.jpg,597.0,00:09:57,08:19:57,17629,588428.8,1080,1920,1080x1920,Smartphone 108 MP (Bypass),Óvalo Salida a Cusco,VALIDO,1493.8717609190098,137.60207947530864,NINGUNO
BYPASS_20260928_V01_F00598,BYPASS_20260928_V01,frame_00598.jpg,598.0,00:09:58,08:19:58,17658,589395.1,1080,1920,1080x1920,Smartphone 108 MP (Bypass),Óvalo Salida a Cusco,VALIDO,1479.2936734073592,136.8706635802469,NINGUNO
BYPASS_20260928_V01_F00599,BYPASS_20260928_V01,frame_00599.jpg,599.0,00:09:59,08:19:59,17688,590394.7,1080,1920,1080x1920,Smartphone 108 MP (Bypass),Óvalo Salida a Cusco,VALIDO,1436.72875229954,137.69928433641977,NINGUNO
BYPASS_20260928_V01_F00600,BYPASS_20260928_V01,frame_00600.jpg,600.0,00:10:00,08:20:00,17717,591361.0,1080,1920,1080x1920,Smartphone 108 MP (Bypass),Óvalo Salida a Cusco,VALIDO,1383.0919861946866,137.25746720679012,NINGUNO
BYPASS_20260928_V01_F00601,BYPASS_20260928_V01,frame_00601.jpg,601.0,00:10:01,08:20:01,17747,592360.6,1080,1920,1080x1920,Smartphone 108 MP (Bypass),Óvalo Salida a Cusco,VALIDO,1477.3931660385322,138.60636959876544,NINGUNO
BYPASS_20260928_V01_F00602,BYPASS_20260928_V01,frame_00602.jpg,602.0,00:10:02,08:20:02,17776,593326.9,1080,1920,1080x1920,Smartphone 108 MP (Bypass),Óvalo Salida a Cusco,VALIDO,1430.9116275434237,138.9458738425926,NINGUNO
BYPASS_20260928_V01_F00603,BYPASS_20260928_V01,frame_00603.jpg,603.0,00:10:03,08:20:03,17806,594326.5,1080,1920,1080x1920,Smartphone 108 MP (Bypass),Óvalo Salida a Cusco,VALIDO,1396.6935739582736,140.63759452160494,NINGUNO
BYPASS_20260928_V01_F00604,BYPASS_20260928_V01,frame_00604.jpg,604.0,00:10:04,08:20:04,17835,595292.7,1080,1920,1080x1920,Smartphone 108 MP (Bypass),Óvalo Salida a Cusco,VALIDO,1453.1486457473611,144.8824189814815,NINGUNO
BYPASS_20260928_V01_F00605,BYPASS_20260928_V01,frame_00605.jpg,605.0,00:10:05,08:20:05,17865,596325.7,1080,1920,1080x1920,Smartphone 108 MP (Bypass),Óvalo Salida a Cusco,VALIDO,1434.7620269650768,146.40509452160495,NINGUNO
BYPASS_20260928_V01_F00606,BYPASS_20260928_V01,frame_00606.jpg,606.0,00:10:06,08:20:06,17894,597292.0,1080,1920,1080x1920,Smartphone 108 MP (Bypass),Óvalo Salida a Cusco,VALIDO,1456.3584143508992,144.47211419753086,NINGUNO
BYPASS_20260928_V01_F00607,BYPASS_20260928_V01,frame_00607.jpg,607.0,00:10:07,08:20:07,17924,598291.7,1080,1920,1080x1920,Smartphone 108 MP (Bypass),Óvalo Salida a Cusco,VALIDO,1431.7561049163876,143.9959085648148,NINGUNO
BYPASS_20260928_V01_F00608,BYPASS_20260928_V01,frame_00608.jpg,608.0,00:10:08,08:20:08,17953,599257.9,1080,1920,1080x1920,Smartphone 108 MP (Bypass),Óvalo Salida a Cusco,VALIDO,1439.4785004441155,139.28069058641975,NINGUNO
BYPASS_20260928_V01_F00609,BYPASS_20260928_V01,frame_00609.jpg,609.0,00:10:09,08:20:09,17983,600257.5,1080,1920,1080x1920,Smartphone 108 MP (Bypass),Óvalo Salida a Cusco,VALIDO,1332.0582404976462,141.43226851851853,NINGUNO
BYPASS_20260928_V01_F00610,BYPASS_20260928_V01,frame_00610.jpg,610.0,00:10:10,08:20:10,18013,601257.1,1080,1920,1080x1920,Smartphone 108 MP (Bypass),Óvalo Salida a Cusco,VALIDO,1325.3853732823416,139.8728510802469,NINGUNO
BYPASS_20260928_V01_F00611,BYPASS_20260928_V01,frame_00611.jpg,611.0,00:10:11,08:20:11,18042,602223.4,1080,1920,1080x1920,Smartphone 108 MP (Bypass),Óvalo Salida a Cusco,VALIDO,1337.3134359133874,137.82352044753085,NINGUNO
BYPASS_20260928_V01_F00612,BYPASS_20260928_V01,frame_00612.jpg,612.0,00:10:12,08:20:12,18072,603223.0,1080,1920,1080x1920,Smartphone 108 MP (Bypass),Óvalo Salida a Cusco,VALIDO,1304.2020477344822,135.61139081790122,NINGUNO
BYPASS_20260928_V01_F00613,BYPASS_20260928_V01,frame_00613.jpg,613.0,00:10:13,08:20:13,18101,604189.2,1080,1920,1080x1920,Smartphone 108 MP (Bypass),Óvalo Salida a Cusco,VALIDO,1270.4843686142399,134.3074151234568,NINGUNO
BYPASS_20260928_V01_F00614,BYPASS_20260928_V01,frame_00614.jpg,614.0,00:10:14,08:20:14,18131,605188.9,1080,1920,1080x1920,Smartphone 108 MP (Bypass),Óvalo Salida a Cusco,VALIDO,1303.1774320235102,133.7353163580247,NINGUNO
BYPASS_20260928_V01_F00615,BYPASS_20260928_V01,frame_00615.jpg,615.0,00:10:15,08:20:15,18160,606155.1,1080,1920,1080x1920,Smartphone 108 MP (Bypass),Óvalo Salida a Cusco,VALIDO,1367.553775468139,134.1769425154321,NINGUNO
BYPASS_20260928_V01_F00616,BYPASS_20260928_V01,frame_00616.jpg,616.0,00:10:16,08:20:16,18190,607154.7,1080,1920,1080x1920,Smartphone 108 MP (Bypass),Óvalo Salida a Cusco,VALIDO,1358.497611328289,136.01173804012345,NINGUNO
BYPASS_20260928_V01_F00617,BYPASS_20260928_V01,frame_00617.jpg,617.0,00:10:17,08:20:17,18219,608121.0,1080,1920,1080x1920,Smartphone 108 MP (Bypass),Óvalo Salida a Cusco,VALIDO,1482.9587615186886,137.43444637345678,NINGUNO
BYPASS_20260928_V01_F00618,BYPASS_20260928_V01,frame_00618.jpg,618.0,00:10:18,08:20:18,18249,609120.6,1080,1920,1080x1920,Smartphone 108 MP (Bypass),Óvalo Salida a Cusco,VALIDO,1521.8966192111734,139.9759625771605,NINGUNO
BYPASS_20260928_V01_F00619,BYPASS_20260928_V01,frame_00619.jpg,619.0,00:10:19,08:20:19,18278,610120.3,1080,1920,1080x1920,Smartphone 108 MP (Bypass),Óvalo Salida a Cusco,VALIDO,1478.5424187762226,137.12693479938272,NINGUNO
BYPASS_20260928_V01_F00620,BYPASS_20260928_V01,frame_00620.jpg,620.0,00:10:20,08:20:20,18308,611119.9,1080,1920,1080x1920,Smartphone 108 MP (Bypass),Óvalo Salida a Cusco,VALIDO,1304.3421543134712,132.1029899691358,NINGUNO
BYPASS_20260928_V01_F00621,BYPASS_20260928_V01,frame_00621.jpg,621.0,00:10:21,08:20:21,18337,612086.2,1080,1920,1080x1920,Smartphone 108 MP (Bypass),Óvalo Salida a Cusco,VALIDO,1245.811058248132,131.98438657407408,NINGUNO
BYPASS_20260928_V01_F00622,BYPASS_20260928_V01,frame_00622.jpg,622.0,00:10:22,08:20:22,18367,613119.0,1080,1920,1080x1920,Smartphone 108 MP (Bypass),Óvalo Salida a Cusco,VALIDO,1321.6599858498578,138.01598958333332,NINGUNO
BYPASS_20260928_V01_F00623,BYPASS_20260928_V01,frame_00623.jpg,623.0,00:10:23,08:20:23,18396,614085.3,1080,1920,1080x1920,Smartphone 108 MP (Bypass),Óvalo Salida a Cusco,VALIDO,1364.1617005290354,137.669899691358,NINGUNO
BYPASS_20260928_V01_F00624,BYPASS_20260928_V01,frame_00624.jpg,624.0,00:10:24,08:20:24,18426,615084.9,1080,1920,1080x1920,Smartphone 108 MP (Bypass),Óvalo Salida a Cusco,VALIDO,1286.465327146796,138.94358603395062,NINGUNO
BYPASS_20260928_V01_F00625,BYPASS_20260928_V01,frame_00625.jpg,625.0,00:10:25,08:20:25,18455,616051.1,1080,1920,1080x1920,Smartphone 108 MP (Bypass),Óvalo Salida a Cusco,VALIDO,1241.3898660656332,138.13002314814815,NINGUNO
BYPASS_20260928_V01_F00626,BYPASS_20260928_V01,frame_00626.jpg,626.0,00:10:26,08:20:26,18485,617050.7,1080,1920,1080x1920,Smartphone 108 MP (Bypass),Óvalo Salida a Cusco,VALIDO,1253.9827212320818,138.98016782407407,NINGUNO
BYPASS_20260928_V01_F00627,BYPASS_20260928_V01,frame_00627.jpg,627.0,00:10:27,08:20:27,18515,618083.6,1080,1920,1080x1920,Smartphone 108 MP (Bypass),Óvalo Salida a Cusco,VALIDO,1304.1061500566163,138.7884625771605,NINGUNO
BYPASS_20260928_V01_F00628,BYPASS_20260928_V01,frame_00628.jpg,628.0,00:10:28,08:20:28,18544,619049.9,1080,1920,1080x1920,Smartphone 108 MP (Bypass),Óvalo Salida a Cusco,VALIDO,1311.389086430972,139.4398186728395,NINGUNO
BYPASS_20260928_V01_F00629,BYPASS_20260928_V01,frame_00629.jpg,629.0,00:10:29,08:20:29,18574,620049.5,1080,1920,1080x1920,Smartphone 108 MP (Bypass),Óvalo Salida a Cusco,VALIDO,1339.8282995222983,140.05982445987655,NINGUNO
BYPASS_20260928_V01_F00630,BYPASS_20260928_V01,frame_00630.jpg,630.0,00:10:30,08:20:30,18603,621015.8,1080,1920,1080x1920,Smartphone 108 MP (Bypass),Óvalo Salida a Cusco,VALIDO,1345.4864349883399,140.7032098765432,NINGUNO
BYPASS_20260928_V01_F00631,BYPASS_20260928_V01,frame_00631.jpg,631.0,00:10:31,08:20:31,18633,622015.4,1080,1920,1080x1920,Smartphone 108 MP (Bypass),Óvalo Salida a Cusco,VALIDO,1267.7202672628707,142.6679147376543,NINGUNO
BYPASS_20260928_V01_F00632,BYPASS_20260928_V01,frame_00632.jpg,632.0,00:10:32,08:20:32,18662,623015.0,1080,1920,1080x1920,Smartphone 108 MP (Bypass),Óvalo Salida a Cusco,VALIDO,1255.7835411165968,143.3343364197531,NINGUNO
BYPASS_20260928_V01_F00633,BYPASS_20260928_V01,frame_00633.jpg,633.0,00:10:33,08:20:33,18692,624047.9,1080,1920,1080x1920,Smartphone 108 MP (Bypass),Óvalo Salida a Cusco,VALIDO,1312.3381025387614,144.32004629629628,NINGUNO
BYPASS_20260928_V01_F00634,BYPASS_20260928_V01,frame_00634.jpg,634.0,00:10:34,08:20:34,18721,625047.5,1080,1920,1080x1920,Smartphone 108 MP (Bypass),Óvalo Salida a Cusco,VALIDO,1342.0110047066967,144.35384066358026,NINGUNO
BYPASS_20260928_V01_F00635,BYPASS_20260928_V01,frame_00635.jpg,635.0,00:10:35,08:20:35,18751,626047.1,1080,1920,1080x1920,Smartphone 108 MP (Bypass),Óvalo Salida a Cusco,VALIDO,1316.1347785851017,144.78345486111112,NINGUNO
BYPASS_20260928_V01_F00636,BYPASS_20260928_V01,frame_00636.jpg,636.0,00:10:36,08:20:36,18780,627046.7,1080,1920,1080x1920,Smartphone 108 MP (Bypass),Óvalo Salida a Cusco,VALIDO,1334.2910035318744,144.6592399691358,NINGUNO
BYPASS_20260928_V01_F00637,BYPASS_20260928_V01,frame_00637.jpg,637.0,00:10:37,08:20:37,18810,628046.3,1080,1920,1080x1920,Smartphone 108 MP (Bypass),Óvalo Salida a Cusco,VALIDO,1384.1868132135519,144.09951388888888,NINGUNO
BYPASS_20260928_V01_F00638,BYPASS_20260928_V01,frame_00638.jpg,638.0,00:10:38,08:20:38,18839,629012.6,1080,1920,1080x1920,Smartphone 108 MP (Bypass),Óvalo Salida a Cusco,VALIDO,1457.1560205010217,143.2975848765432,NINGUNO
BYPASS_20260928_V01_F00639,BYPASS_20260928_V01,frame_00639.jpg,639.0,00:10:39,08:20:39,18869,630012.2,1080,1920,1080x1920,Smartphone 108 MP (Bypass),Óvalo Salida a Cusco,VALIDO,1422.5742102363868,142.70735146604937,NINGUNO
BYPASS_20260928_V01_F00640,BYPASS_20260928_V01,frame_00640.jpg,640.0,00:10:40,08:20:40,18898,631011.8,1080,1920,1080x1920,Smartphone 108 MP (Bypass),Óvalo Salida a Cusco,VALIDO,1452.958846466659,141.40112654320987,NINGUNO
BYPASS_20260928_V01_F00641,BYPASS_20260928_V01,frame_00641.jpg,641.0,00:10:41,08:20:41,18928,632011.4,1080,1920,1080x1920,Smartphone 108 MP (Bypass),Óvalo Salida a Cusco,VALIDO,1540.0643093487442,139.79861304012346,NINGUNO
BYPASS_20260928_V01_F00642,BYPASS_20260928_V01,frame_00642.jpg,642.0,00:10:42,08:20:42,18957,632977.6,1080,1920,1080x1920,Smartphone 108 MP (Bypass),Óvalo Salida a Cusco,VALIDO,1556.2384069389932,138.20994791666666,NINGUNO
BYPASS_20260928_V01_F00643,BYPASS_20260928_V01,frame_00643.jpg,643.0,00:10:43,08:20:43,18987,633977.2,1080,1920,1080x1920,Smartphone 108 MP (Bypass),Óvalo Salida a Cusco,VALIDO,1554.1775428901574,137.32570987654321,NINGUNO
BYPASS_20260928_V01_F00644,BYPASS_20260928_V01,frame_00644.jpg,644.0,00:10:44,08:20:44,19017,634976.8,1080,1920,1080x1920,Smartphone 108 MP (Bypass),Óvalo Salida a Cusco,VALIDO,1516.1990773356792,136.04785108024691,NINGUNO
BYPASS_20260928_V01_F00645,BYPASS_20260928_V01,frame_00645.jpg,645.0,00:10:45,08:20:45,19046,635976.4,1080,1920,1080x1920,Smartphone 108 MP (Bypass),Óvalo Salida a Cusco,VALIDO,1414.218084883628,137.45189043209876,NINGUNO
BYPASS_20260928_V01_F00646,BYPASS_20260928_V01,frame_00646.jpg,646.0,00:10:46,08:20:46,19076,636976.1,1080,1920,1080x1920,Smartphone 108 MP (Bypass),Óvalo Salida a Cusco,VALIDO,1454.5133751185942,131.14761188271606,NINGUNO
BYPASS_20260928_V01_F00647,BYPASS_20260928_V01,frame_00647.jpg,647.0,00:10:47,08:20:47,19105,637942.3,1080,1920,1080x1920,Smartphone 108 MP (Bypass),Óvalo Salida a Cusco,VALIDO,1269.1565493504318,134.30634837962964,NINGUNO
BYPASS_20260928_V01_F00648,BYPASS_20260928_V01,frame_00648.jpg,648.0,00:10:48,08:20:48,19135,638941.9,1080,1920,1080x1920,Smartphone 108 MP (Bypass),Óvalo Salida a Cusco,VALIDO,1395.3622662404835,134.1388425925926,NINGUNO
BYPASS_20260928_V01_F00649,BYPASS_20260928_V01,frame_00649.jpg,649.0,00:10:49,08:20:49,19164,639908.2,1080,1920,1080x1920,Smartphone 108 MP (Bypass),Óvalo Salida a Cusco,VALIDO,1352.7933748646678,134.66973186728396,NINGUNO
BYPASS_20260928_V01_F00650,BYPASS_20260928_V01,frame_00650.jpg,650.0,00:10:50,08:20:50,19194,640907.8,1080,1920,1080x1920,Smartphone 108 MP (Bypass),Óvalo Salida a Cusco,VALIDO,1390.4563557607805,133.3354648919753,NINGUNO
BYPASS_20260928_V01_F00651,BYPASS_20260928_V01,frame_00651.jpg,651.0,00:10:51,08:20:51,19223,641874.1,1080,1920,1080x1920,Smartphone 108 MP (Bypass),Óvalo Salida a Cusco,VALIDO,1422.9419368262593,133.1014274691358,NINGUNO
BYPASS_20260928_V01_F00652,BYPASS_20260928_V01,frame_00652.jpg,652.0,00:10:52,08:20:52,19253,642873.7,1080,1920,1080x1920,Smartphone 108 MP (Bypass),Óvalo Salida a Cusco,VALIDO,1362.2393203979962,136.5422974537037,NINGUNO
BYPASS_20260928_V01_F00653,BYPASS_20260928_V01,frame_00653.jpg,653.0,00:10:53,08:20:53,19282,643839.9,1080,1920,1080x1920,Smartphone 108 MP (Bypass),Óvalo Salida a Cusco,VALIDO,1411.272906027791,141.8792361111111,NINGUNO
BYPASS_20260928_V01_F00654,BYPASS_20260928_V01,frame_00654.jpg,654.0,00:10:54,08:20:54,19312,644839.6,1080,1920,1080x1920,Smartphone 108 MP (Bypass),Óvalo Salida a Cusco,VALIDO,1229.1193703960314,138.08795138888888,NINGUNO
BYPASS_20260928_V01_F00655,BYPASS_20260928_V01,frame_00655.jpg,655.0,00:10:55,08:20:55,19341,645805.9,1080,1920,1080x1920,Smartphone 108 MP (Bypass),Óvalo Salida a Cusco,VALIDO,1279.3309100300273,139.11744405864198,NINGUNO
BYPASS_20260928_V01_F00656,BYPASS_20260928_V01,frame_00656.jpg,656.0,00:10:56,08:20:56,19371,646805.5,1080,1920,1080x1920,Smartphone 108 MP (Bypass),Óvalo Salida a Cusco,VALIDO,1316.0834017662928,141.4796238425926,NINGUNO
BYPASS_20260928_V01_F00657,BYPASS_20260928_V01,frame_00657.jpg,657.0,00:10:57,08:20:57,19400,647805.0,1080,1920,1080x1920,Smartphone 108 MP (Bypass),Óvalo Salida a Cusco,VALIDO,1407.955408159723,142.5480574845679,NINGUNO
BYPASS_20260928_V01_F00658,BYPASS_20260928_V01,frame_00658.jpg,658.0,00:10:58,08:20:58,19430,648804.8,1080,1920,1080x1920,Smartphone 108 MP (Bypass),Óvalo Salida a Cusco,VALIDO,1450.0530214502564,138.02980709876545,NINGUNO
BYPASS_20260928_V01_F00659,BYPASS_20260928_V01,frame_00659.jpg,659.0,00:10:59,08:20:59,19459,649771.0,1080,1920,1080x1920,Smartphone 108 MP (Bypass),Óvalo Salida a Cusco,VALIDO,1450.479717295144,135.08007330246915,NINGUNO
BYPASS_20260928_V01_F00660,BYPASS_20260928_V01,frame_00660.jpg,660.0,00:11:00,08:21:00,19489,650770.6,1080,1920,1080x1920,Smartphone 108 MP (Bypass),Óvalo Salida a Cusco,VALIDO,1405.639515635702,135.29159336419752,NINGUNO
BYPASS_20260928_V01_F00661,BYPASS_20260928_V01,frame_00661.jpg,661.0,00:11:01,08:21:01,19519,651770.2,1080,1920,1080x1920,Smartphone 108 MP (Bypass),Óvalo Salida a Cusco,VALIDO,1567.611868110475,134.70285300925926,NINGUNO
BYPASS_20260928_V01_F00662,BYPASS_20260928_V01,frame_00662.jpg,662.0,00:11:02,08:21:02,19548,652769.8,1080,1920,1080x1920,Smartphone 108 MP (Bypass),Óvalo Salida a Cusco,VALIDO,1615.9924384973112,135.14064429012345,NINGUNO
BYPASS_20260928_V01_F00663,BYPASS_20260928_V01,frame_00663.jpg,663.0,00:11:03,08:21:03,19578,653802.7,1080,1920,1080x1920,Smartphone 108 MP (Bypass),Óvalo Salida a Cusco,VALIDO,1445.510617656521,137.7846238425926,NINGUNO
BYPASS_20260928_V01_F00664,BYPASS_20260928_V01,frame_00664.jpg,664.0,00:11:04,08:21:04,19607,654769.0,1080,1920,1080x1920,Smartphone 108 MP (Bypass),Óvalo Salida a Cusco,VALIDO,1412.711087172068,138.6313599537037,NINGUNO
BYPASS_20260928_V01_F00665,BYPASS_20260928_V01,frame_00665.jpg,665.0,00:11:05,08:21:05,19637,655768.6,1080,1920,1080x1920,Smartphone 108 MP (Bypass),Óvalo Salida a Cusco,VALIDO,1557.8675655860472,135.66018325617284,NINGUNO
BYPASS_20260928_V01_F00666,BYPASS_20260928_V01,frame_00666.jpg,666.0,00:11:06,08:21:06,19666,656734.9,1080,1920,1080x1920,Smartphone 108 MP (Bypass),Óvalo Salida a Cusco,VALIDO,1584.5379567174841,136.76235918209878,NINGUNO
BYPASS_20260928_V01_F00667,BYPASS_20260928_V01,frame_00667.jpg,667.0,00:11:07,08:21:07,19696,657734.6,1080,1920,1080x1920,Smartphone 108 MP (Bypass),Óvalo Salida a Cusco,VALIDO,1318.5423446099585,134.2146527777778,NINGUNO
BYPASS_20260928_V01_F00668,BYPASS_20260928_V01,frame_00668.jpg,668.0,00:11:08,08:21:08,19725,658700.7,1080,1920,1080x1920,Smartphone 108 MP (Bypass),Óvalo Salida a Cusco,VALIDO,1342.0604691622927,144.14275848765433,NINGUNO
BYPASS_20260928_V01_F00669,BYPASS_20260928_V01,frame_00669.jpg,669.0,00:11:09,08:21:09,19755,659700.3,1080,1920,1080x1920,Smartphone 108 MP (Bypass),Óvalo Salida a Cusco,VALIDO,1376.2416209820242,145.7390837191358,NINGUNO
BYPASS_20260928_V01_F00670,BYPASS_20260928_V01,frame_00670.jpg,670.0,00:11:10,08:21:10,19784,660666.6,1080,1920,1080x1920,Smartphone 108 MP (Bypass),Óvalo Salida a Cusco,VALIDO,1408.26435339744,142.50590470679012,NINGUNO
BYPASS_20260928_V01_F00671,BYPASS_20260928_V01,frame_00671.jpg,671.0,00:11:11,08:21:11,19814,661666.2,1080,1920,1080x1920,Smartphone 108 MP (Bypass),Óvalo Salida a Cusco,VALIDO,1337.1314088304964,135.75356674382715,NINGUNO
BYPASS_20260928_V01_F00672,BYPASS_20260928_V01,frame_00672.jpg,672.0,00:11:12,08:21:12,19843,662632.5,1080,1920,1080x1920,Smartphone 108 MP (Bypass),Óvalo Salida a Cusco,VALIDO,1340.0461588943206,136.11123456790122,NINGUNO
BYPASS_20260928_V01_F00673,BYPASS_20260928_V01,frame_00673.jpg,673.0,00:11:13,08:21:13,19873,663665.4,1080,1920,1080x1920,Smartphone 108 MP (Bypass),Óvalo Salida a Cusco,VALIDO,1381.0114829282256,142.07190586419753,NINGUNO
BYPASS_20260928_V01_F00674,BYPASS_20260928_V01,frame_00674.jpg,674.0,00:11:14,08:21:14,19902,664631.6,1080,1920,1080x1920,Smartphone 108 MP (Bypass),Óvalo Salida a Cusco,VALIDO,1325.5876656577716,144.62522569444445,NINGUNO
BYPASS_20260928_V01_F00675,BYPASS_20260928_V01,frame_00675.jpg,675.0,00:11:15,08:21:15,19932,665631.2,1080,1920,1080x1920,Smartphone 108 MP (Bypass),Óvalo Salida a Cusco,VALIDO,1328.12724581779,144.08859182098766,NINGUNO
BYPASS_20260928_V01_F00676,BYPASS_20260928_V01,frame_00676.jpg,676.0,00:11:16,08:21:16,19961,666597.5,1080,1920,1080x1920,Smartphone 108 MP (Bypass),Óvalo Salida a Cusco,VALIDO,1348.8595057772095,143.53225694444444,NINGUNO
BYPASS_20260928_V01_F00677,BYPASS_20260928_V01,frame_00677.jpg,677.0,00:11:17,08:21:17,19991,667597.1,1080,1920,1080x1920,Smartphone 108 MP (Bypass),Óvalo Salida a Cusco,VALIDO,1360.6604769615158,142.94360339506173,NINGUNO
BYPASS_20260928_V01_F00678,BYPASS_20260928_V01,frame_00678.jpg,678.0,00:11:18,08:21:18,20021,668596.7,1080,1920,1080x1920,Smartphone 108 MP (Bypass),Óvalo Salida a Cusco,VALIDO,1405.9901457882302,143.1962962962963,NINGUNO
BYPASS_20260928_V01_F00679,BYPASS_20260928_V01,frame_00679.jpg,679.0,00:11:19,08:21:19,20050,669562.9,1080,1920,1080x1920,Smartphone 108 MP (Bypass),Óvalo Salida a Cusco,VALIDO,1418.8202329056026,142.74351466049382,NINGUNO
BYPASS_20260928_V01_F00680,BYPASS_20260928_V01,frame_00680.jpg,680.0,00:11:20,08:21:20,20080,670562.5,1080,1920,1080x1920,Smartphone 108 MP (Bypass),Óvalo Salida a Cusco,VALIDO,1483.9738028575587,141.91920524691358,NINGUNO
BYPASS_20260928_V01_F00681,BYPASS_20260928_V01,frame_00681.jpg,681.0,00:11:21,08:21:21,20109,671528.8,1080,1920,1080x1920,Smartphone 108 MP (Bypass),Óvalo Salida a Cusco,VALIDO,1479.9771460077448,140.25504822530866,NINGUNO
BYPASS_20260928_V01_F00682,BYPASS_20260928_V01,frame_00682.jpg,682.0,00:11:22,08:21:22,20139,672528.4,1080,1920,1080x1920,Smartphone 108 MP (Bypass),Óvalo Salida a Cusco,VALIDO,1393.5384260520116,140.48779899691357,NINGUNO
BYPASS_20260928_V01_F00683,BYPASS_20260928_V01,frame_00683.jpg,683.0,00:11:23,08:21:23,20168,673528.0,1080,1920,1080x1920,Smartphone 108 MP (Bypass),Óvalo Salida a Cusco,VALIDO,1440.016914503222,140.48070023148148,NINGUNO
BYPASS_20260928_V01_F00684,BYPASS_20260928_V01,frame_00684.jpg,684.0,00:11:24,08:21:24,20198,674527.5,1080,1920,1080x1920,Smartphone 108 MP (Bypass),Óvalo Salida a Cusco,VALIDO,1465.5964022638766,141.88758294753086,NINGUNO
BYPASS_20260928_V01_F00685,BYPASS_20260928_V01,frame_00685.jpg,685.0,00:11:25,08:21:25,20227,675493.8,1080,1920,1080x1920,Smartphone 108 MP (Bypass),Óvalo Salida a Cusco,VALIDO,1563.405136533704,141.3831076388889,NINGUNO
BYPASS_20260928_V01_F00686,BYPASS_20260928_V01,frame_00686.jpg,686.0,00:11:26,08:21:26,20257,676493.4,1080,1920,1080x1920,Smartphone 108 MP (Bypass),Óvalo Salida a Cusco,VALIDO,1397.8724828423249,140.73388117283952,NINGUNO
BYPASS_20260928_V01_F00687,BYPASS_20260928_V01,frame_00687.jpg,687.0,00:11:27,08:21:27,20286,677459.7,1080,1920,1080x1920,Smartphone 108 MP (Bypass),Óvalo Salida a Cusco,VALIDO,1424.3065120123858,140.7764737654321,NINGUNO
BYPASS_20260928_V01_F00688,BYPASS_20260928_V01,frame_00688.jpg,688.0,00:11:28,08:21:28,20316,678459.3,1080,1920,1080x1920,Smartphone 108 MP (Bypass),Óvalo Salida a Cusco,VALIDO,1517.1860747384521,140.95768325617283,NINGUNO
BYPASS_20260928_V01_F00689,BYPASS_20260928_V01,frame_00689.jpg,689.0,00:11:29,08:21:29,20345,679425.6,1080,1920,1080x1920,Smartphone 108 MP (Bypass),Óvalo Salida a Cusco,VALIDO,1596.7930773657154,141.08053433641976,NINGUNO
BYPASS_20260928_V01_F00690,BYPASS_20260928_V01,frame_00690.jpg,690.0,00:11:30,08:21:30,20375,680425.2,1080,1920,1080x1920,Smartphone 108 MP (Bypass),Óvalo Salida a Cusco,VALIDO,1453.2072766330966,142.57320216049382,NINGUNO
BYPASS_20260928_V01_F00691,BYPASS_20260928_V01,frame_00691.jpg,691.0,00:11:31,08:21:31,20404,681391.4,1080,1920,1080x1920,Smartphone 108 MP (Bypass),Óvalo Salida a Cusco,VALIDO,1443.6416878473967,142.61844907407408,NINGUNO
BYPASS_20260928_V01_F00692,BYPASS_20260928_V01,frame_00692.jpg,692.0,00:11:32,08:21:32,20434,682391.0,1080,1920,1080x1920,Smartphone 108 MP (Bypass),Óvalo Salida a Cusco,VALIDO,1404.1116190152393,142.03607445987655,NINGUNO
BYPASS_20260928_V01_F00693,BYPASS_20260928_V01,frame_00693.jpg,693.0,00:11:33,08:21:33,20463,683357.3,1080,1920,1080x1920,Smartphone 108 MP (Bypass),Óvalo Salida a Cusco,VALIDO,1412.7317911779244,138.2178086419753,NINGUNO
BYPASS_20260928_V01_F00694,BYPASS_20260928_V01,frame_00694.jpg,694.0,00:11:34,08:21:34,20493,684356.9,1080,1920,1080x1920,Smartphone 108 MP (Bypass),Óvalo Salida a Cusco,VALIDO,1354.6844785057972,135.9902739197531,NINGUNO
BYPASS_20260928_V01_F00695,BYPASS_20260928_V01,frame_00695.jpg,695.0,00:11:35,08:21:35,20523,685356.5,1080,1920,1080x1920,Smartphone 108 MP (Bypass),Óvalo Salida a Cusco,VALIDO,1401.8485948623043,134.76697337962963,NINGUNO
BYPASS_20260928_V01_F00696,BYPASS_20260928_V01,frame_00696.jpg,696.0,00:11:36,08:21:36,20552,686322.8,1080,1920,1080x1920,Smartphone 108 MP (Bypass),Óvalo Salida a Cusco,VALIDO,1483.87863340905,137.19240162037036,NINGUNO
BYPASS_20260928_V01_F00697,BYPASS_20260928_V01,frame_00697.jpg,697.0,00:11:37,08:21:37,20582,687322.4,1080,1920,1080x1920,Smartphone 108 MP (Bypass),Óvalo Salida a Cusco,VALIDO,1470.0490020999405,137.8668923611111,NINGUNO
BYPASS_20260928_V01_F00698,BYPASS_20260928_V01,frame_00698.jpg,698.0,00:11:38,08:21:38,20611,688288.6,1080,1920,1080x1920,Smartphone 108 MP (Bypass),Óvalo Salida a Cusco,VALIDO,1431.6873209228186,138.76615354938272,NINGUNO
BYPASS_20260928_V01_F00699,BYPASS_20260928_V01,frame_00699.jpg,699.0,00:11:39,08:21:39,20641,689288.2,1080,1920,1080x1920,Smartphone 108 MP (Bypass),Óvalo Salida a Cusco,VALIDO,1420.4092263245552,139.8107851080247,NINGUNO
BYPASS_20260928_V01_F00700,BYPASS_20260928_V01,frame_00700.jpg,700.0,00:11:40,08:21:40,20670,690254.5,1080,1920,1080x1920,Smartphone 108 MP (Bypass),Óvalo Salida a Cusco,VALIDO,1539.7046565669773,139.7124922839506,NINGUNO
BYPASS_20260928_V01_F00701,BYPASS_20260928_V01,frame_00701.jpg,701.0,00:11:41,08:21:41,20700,691254.1,1080,1920,1080x1920,Smartphone 108 MP (Bypass),Óvalo Salida a Cusco,VALIDO,1435.149093303231,139.77123263888888,NINGUNO
BYPASS_20260928_V01_F00702,BYPASS_20260928_V01,frame_00702.jpg,702.0,00:11:42,08:21:42,20729,692220.4,1080,1920,1080x1920,Smartphone 108 MP (Bypass),Óvalo Salida a Cusco,VALIDO,1391.8392494755903,139.82246913580246,NINGUNO
BYPASS_20260928_V01_F00703,BYPASS_20260928_V01,frame_00703.jpg,703.0,00:11:43,08:21:43,20759,693220.0,1080,1920,1080x1920,Smartphone 108 MP (Bypass),Óvalo Salida a Cusco,VALIDO,1487.8062634146395,141.44199074074075,NINGUNO
BYPASS_20260928_V01_F00704,BYPASS_20260928_V01,frame_00704.jpg,704.0,00:11:44,08:21:44,20788,694186.3,1080,1920,1080x1920,Smartphone 108 MP (Bypass),Óvalo Salida a Cusco,VALIDO,1575.4874961104804,141.37152777777777,NINGUNO
BYPASS_20260928_V01_F00705,BYPASS_20260928_V01,frame_00705.jpg,705.0,00:11:45,08:21:45,20818,695219.2,1080,1920,1080x1920,Smartphone 108 MP (Bypass),Óvalo Salida a Cusco,VALIDO,1577.983101400406,141.9140702160494,NINGUNO
BYPASS_20260928_V01_F00706,BYPASS_20260928_V01,frame_00706.jpg,706.0,00:11:46,08:21:46,20847,696218.8,1080,1920,1080x1920,Smartphone 108 MP (Bypass),Óvalo Salida a Cusco,VALIDO,1546.1081716087745,139.3605111882716,NINGUNO
BYPASS_20260928_V01_F00707,BYPASS_20260928_V01,frame_00707.jpg,707.0,00:11:47,08:21:47,20877,697218.4,1080,1920,1080x1920,Smartphone 108 MP (Bypass),Óvalo Salida a Cusco,VALIDO,1425.862883290284,135.31631172839505,NINGUNO
BYPASS_20260928_V01_F00708,BYPASS_20260928_V01,frame_00708.jpg,708.0,00:11:48,08:21:48,20906,698184.7,1080,1920,1080x1920,Smartphone 108 MP (Bypass),Óvalo Salida a Cusco,VALIDO,1423.290474407093,135.02816936728394,NINGUNO
BYPASS_20260928_V01_F00709,BYPASS_20260928_V01,frame_00709.jpg,709.0,00:11:49,08:21:49,20936,699184.3,1080,1920,1080x1920,Smartphone 108 MP (Bypass),Óvalo Salida a Cusco,VALIDO,1453.2901021910325,135.03534336419753,NINGUNO
BYPASS_20260928_V01_F00710,BYPASS_20260928_V01,frame_00710.jpg,710.0,00:11:50,08:21:50,20965,700150.6,1080,1920,1080x1920,Smartphone 108 MP (Bypass),Óvalo Salida a Cusco,VALIDO,1414.323237746571,136.62899884259258,NINGUNO
BYPASS_20260928_V01_F00711,BYPASS_20260928_V01,frame_00711.jpg,711.0,00:11:51,08:21:51,20995,701150.2,1080,1920,1080x1920,Smartphone 108 MP (Bypass),Óvalo Salida a Cusco,VALIDO,1454.4271377947064,139.4724286265432,NINGUNO
BYPASS_20260928_V01_F00712,BYPASS_20260928_V01,frame_00712.jpg,712.0,00:11:52,08:21:52,21024,702116.4,1080,1920,1080x1920,Smartphone 108 MP (Bypass),Óvalo Salida a Cusco,VALIDO,1504.8442585886257,139.18197145061728,NINGUNO
BYPASS_20260928_V01_F00713,BYPASS_20260928_V01,frame_00713.jpg,713.0,00:11:53,08:21:53,21054,703116.0,1080,1920,1080x1920,Smartphone 108 MP (Bypass),Óvalo Salida a Cusco,VALIDO,1517.183143774079,141.66609567901236,NINGUNO
BYPASS_20260928_V01_F00714,BYPASS_20260928_V01,frame_00714.jpg,714.0,00:11:54,08:21:54,21084,704115.6,1080,1920,1080x1920,Smartphone 108 MP (Bypass),Óvalo Salida a Cusco,VALIDO,1473.8697510593158,141.4620138888889,NINGUNO
BYPASS_20260928_V01_F00715,BYPASS_20260928_V01,frame_00715.jpg,715.0,00:11:55,08:21:55,21113,705081.9,1080,1920,1080x1920,Smartphone 108 MP (Bypass),Óvalo Salida a Cusco,VALIDO,1458.348253393093,140.44229938271604,NINGUNO
BYPASS_20260928_V01_F00716,BYPASS_20260928_V01,frame_00716.jpg,716.0,00:11:56,08:21:56,21143,706148.2,1080,1920,1080x1920,Smartphone 108 MP (Bypass),Óvalo Salida a Cusco,VALIDO,1434.4660045304956,131.21146412037038,NINGUNO
BYPASS_20260928_V01_F00717,BYPASS_20260928_V01,frame_00717.jpg,717.0,00:11:57,08:21:57,21172,707114.5,1080,1920,1080x1920,Smartphone 108 MP (Bypass),Óvalo Salida a Cusco,VALIDO,1420.540243541143,126.48344328703703,NINGUNO
BYPASS_20260928_V01_F00718,BYPASS_20260928_V01,frame_00718.jpg,718.0,00:11:58,08:21:58,21202,708114.1,1080,1920,1080x1920,Smartphone 108 MP (Bypass),Óvalo Salida a Cusco,VALIDO,1398.9778006858562,126.89847800925926,NINGUNO
BYPASS_20260928_V01_F00719,BYPASS_20260928_V01,frame_00719.jpg,719.0,00:11:59,08:21:59,21231,709080.4,1080,1920,1080x1920,Smartphone 108 MP (Bypass),Óvalo Salida a Cusco,VALIDO,1483.3660096423791,129.67785300925925,NINGUNO
BYPASS_20260928_V01_F00720,BYPASS_20260928_V01,frame_00720.jpg,720.0,00:12:00,08:22:00,21261,710080.0,1080,1920,1080x1920,Smartphone 108 MP (Bypass),Óvalo Salida a Cusco,VALIDO,1599.7591274967606,129.46193865740742,NINGUNO
BYPASS_20260928_V01_F00721,BYPASS_20260928_V01,frame_00721.jpg,721.0,00:12:01,08:22:01,21290,711046.2,1080,1920,1080x1920,Smartphone 108 MP (Bypass),Óvalo Salida a Cusco,VALIDO,1580.8502849953652,129.59365933641976,NINGUNO
BYPASS_20260928_V01_F00722,BYPASS_20260928_V01,frame_00722.jpg,722.0,00:12:02,08:22:02,21320,712045.8,1080,1920,1080x1920,Smartphone 108 MP (Bypass),Óvalo Salida a Cusco,VALIDO,1486.0645001660762,130.1491300154321,NINGUNO
BYPASS_20260928_V01_F00723,BYPASS_20260928_V01,frame_00723.jpg,723.0,00:12:03,08:22:03,21349,713012.1,1080,1920,1080x1920,Smartphone 108 MP (Bypass),Óvalo Salida a Cusco,VALIDO,1438.5724432667942,129.11582947530863,NINGUNO
BYPASS_20260928_V01_F00724,BYPASS_20260928_V01,frame_00724.jpg,724.0,00:12:04,08:22:04,21379,714011.7,1080,1920,1080x1920,Smartphone 108 MP (Bypass),Óvalo Salida a Cusco,VALIDO,1482.398319335636,126.10768132716049,NINGUNO
BYPASS_20260928_V01_F00725,BYPASS_20260928_V01,frame_00725.jpg,725.0,00:12:05,08:22:05,21408,714978.0,1080,1920,1080x1920,Smartphone 108 MP (Bypass),Óvalo Salida a Cusco,VALIDO,1485.068116210789,125.04617862654321,NINGUNO
BYPASS_20260928_V01_F00726,BYPASS_20260928_V01,frame_00726.jpg,726.0,00:12:06,08:22:06,21438,715977.5,1080,1920,1080x1920,Smartphone 108 MP (Bypass),Óvalo Salida a Cusco,VALIDO,1453.1084599736487,126.67318865740741,NINGUNO
BYPASS_20260928_V01_F00727,BYPASS_20260928_V01,frame_00727.jpg,727.0,00:12:07,08:22:07,21467,716943.8,1080,1920,1080x1920,Smartphone 108 MP (Bypass),Óvalo Salida a Cusco,VALIDO,1488.5371202938313,124.8777449845679,NINGUNO
BYPASS_20260928_V01_F00728,BYPASS_20260928_V01,frame_00728.jpg,728.0,00:12:08,08:22:08,21497,717943.4,1080,1920,1080x1920,Smartphone 108 MP (Bypass),Óvalo Salida a Cusco,VALIDO,1541.7873116706105,123.88679783950617,NINGUNO
BYPASS_20260928_V01_F00729,BYPASS_20260928_V01,frame_00729.jpg,729.0,00:12:09,08:22:09,21526,718909.7,1080,1920,1080x1920,Smartphone 108 MP (Bypass),Óvalo Salida a Cusco,VALIDO,1527.6853040091273,122.58693287037038,NINGUNO
BYPASS_20260928_V01_F00730,BYPASS_20260928_V01,frame_00730.jpg,730.0,00:12:10,08:22:10,21556,719909.3,1080,1920,1080x1920,Smartphone 108 MP (Bypass),Óvalo Salida a Cusco,VALIDO,1514.0674103479457,121.23448302469136,NINGUNO
BYPASS_20260928_V01_F00731,BYPASS_20260928_V01,frame_00731.jpg,731.0,00:12:11,08:22:11,21586,720908.9,1080,1920,1080x1920,Smartphone 108 MP (Bypass),Óvalo Salida a Cusco,VALIDO,1465.460664456102,121.18614390432099,NINGUNO
BYPASS_20260928_V01_F00732,BYPASS_20260928_V01,frame_00732.jpg,732.0,00:12:12,08:22:12,21615,721875.1,1080,1920,1080x1920,Smartphone 108 MP (Bypass),Óvalo Salida a Cusco,VALIDO,1379.024519246721,124.94427854938272,NINGUNO
BYPASS_20260928_V01_F00733,BYPASS_20260928_V01,frame_00733.jpg,733.0,00:12:13,08:22:13,21645,722874.7,1080,1920,1080x1920,Smartphone 108 MP (Bypass),Óvalo Salida a Cusco,VALIDO,1350.6944683684249,125.60833912037037,NINGUNO
BYPASS_20260928_V01_F00734,BYPASS_20260928_V01,frame_00734.jpg,734.0,00:12:14,08:22:14,21674,723841.0,1080,1920,1080x1920,Smartphone 108 MP (Bypass),Óvalo Salida a Cusco,VALIDO,1307.7912719753763,124.69991126543209,NINGUNO
BYPASS_20260928_V01_F00735,BYPASS_20260928_V01,frame_00735.jpg,735.0,00:12:15,08:22:15,21704,724840.6,1080,1920,1080x1920,Smartphone 108 MP (Bypass),Óvalo Salida a Cusco,VALIDO,1418.4275255757861,124.21125,NINGUNO
BYPASS_20260928_V01_F00736,BYPASS_20260928_V01,frame_00736.jpg,736.0,00:12:16,08:22:16,21733,725840.2,1080,1920,1080x1920,Smartphone 108 MP (Bypass),Óvalo Salida a Cusco,VALIDO,1443.578724846747,123.25513117283951,NINGUNO
BYPASS_20260928_V01_F00737,BYPASS_20260928_V01,frame_00737.jpg,737.0,00:12:17,08:22:17,21763,726839.8,1080,1920,1080x1920,Smartphone 108 MP (Bypass),Óvalo Salida a Cusco,VALIDO,1405.6083635695268,123.77579861111111,NINGUNO
BYPASS_20260928_V01_F00738,BYPASS_20260928_V01,frame_00738.jpg,738.0,00:12:18,08:22:18,21792,727806.1,1080,1920,1080x1920,Smartphone 108 MP (Bypass),Óvalo Salida a Cusco,VALIDO,1445.471784412494,125.14587191358025,NINGUNO
BYPASS_20260928_V01_F00739,BYPASS_20260928_V01,frame_00739.jpg,739.0,00:12:19,08:22:19,21822,728839.0,1080,1920,1080x1920,Smartphone 108 MP (Bypass),Óvalo Salida a Cusco,VALIDO,1396.6783242069018,125.49970486111111,NINGUNO
BYPASS_20260928_V01_F00740,BYPASS_20260928_V01,frame_00740.jpg,740.0,00:12:20,08:22:20,21851,729805.2,1080,1920,1080x1920,Smartphone 108 MP (Bypass),Óvalo Salida a Cusco,VALIDO,1411.2219827656997,124.38301890432099,NINGUNO
BYPASS_20260928_V01_F00741,BYPASS_20260928_V01,frame_00741.jpg,741.0,00:12:21,08:22:21,21881,730804.9,1080,1920,1080x1920,Smartphone 108 MP (Bypass),Óvalo Salida a Cusco,VALIDO,1395.1997685091376,125.05395061728395,NINGUNO
BYPASS_20260928_V01_F00742,BYPASS_20260928_V01,frame_00742.jpg,742.0,00:12:22,08:22:22,21910,731771.1,1080,1920,1080x1920,Smartphone 108 MP (Bypass),Óvalo Salida a Cusco,VALIDO,1357.176513629451,126.37959490740741,NINGUNO
BYPASS_20260928_V01_F00743,BYPASS_20260928_V01,frame_00743.jpg,743.0,00:12:23,08:22:23,21940,732804.0,1080,1920,1080x1920,Smartphone 108 MP (Bypass),Óvalo Salida a Cusco,VALIDO,1359.9032505122595,125.93864776234568,NINGUNO
BYPASS_20260928_V01_F00744,BYPASS_20260928_V01,frame_00744.jpg,744.0,00:12:24,08:22:24,21969,733770.3,1080,1920,1080x1920,Smartphone 108 MP (Bypass),Óvalo Salida a Cusco,VALIDO,1465.3605218599962,124.88757716049383,NINGUNO
BYPASS_20260928_V01_F00745,BYPASS_20260928_V01,frame_00745.jpg,745.0,00:12:25,08:22:25,21999,734803.2,1080,1920,1080x1920,Smartphone 108 MP (Bypass),Óvalo Salida a Cusco,VALIDO,1484.2637109819711,126.54349922839506,NINGUNO
BYPASS_20260928_V01_F00746,BYPASS_20260928_V01,frame_00746.jpg,746.0,00:12:26,08:22:26,22028,735769.6,1080,1920,1080x1920,Smartphone 108 MP (Bypass),Óvalo Salida a Cusco,VALIDO,1501.4390400685297,125.85507716049382,NINGUNO
BYPASS_20260928_V01_F00747,BYPASS_20260928_V01,frame_00747.jpg,747.0,00:12:27,08:22:27,22058,736769.1,1080,1920,1080x1920,Smartphone 108 MP (Bypass),Óvalo Salida a Cusco,VALIDO,1489.8850575528538,123.62201581790123,NINGUNO
BYPASS_20260928_V01_F00748,BYPASS_20260928_V01,frame_00748.jpg,748.0,00:12:28,08:22:28,22088,737768.7,1080,1920,1080x1920,Smartphone 108 MP (Bypass),Óvalo Salida a Cusco,VALIDO,1344.16614676003,124.78470100308643,NINGUNO
BYPASS_20260928_V01_F00749,BYPASS_20260928_V01,frame_00749.jpg,749.0,00:12:29,08:22:29,22117,738735.0,1080,1920,1080x1920,Smartphone 108 MP (Bypass),Óvalo Salida a Cusco,VALIDO,1273.0850160701864,125.86490933641976,NINGUNO
BYPASS_20260928_V01_F00750,BYPASS_20260928_V01,frame_00750.jpg,750.0,00:12:30,08:22:30,22147,739734.5,1080,1920,1080x1920,Smartphone 108 MP (Bypass),Óvalo Salida a Cusco,VALIDO,1311.9470243711914,126.92441936728395,NINGUNO
BYPASS_20260928_V01_F00751,BYPASS_20260928_V01,frame_00751.jpg,751.0,00:12:31,08:22:31,22176,740700.8,1080,1920,1080x1920,Smartphone 108 MP (Bypass),Óvalo Salida a Cusco,VALIDO,1279.17534511625,127.87784336419753,NINGUNO
BYPASS_20260928_V01_F00752,BYPASS_20260928_V01,frame_00752.jpg,752.0,00:12:32,08:22:32,22206,741700.4,1080,1920,1080x1920,Smartphone 108 MP (Bypass),Óvalo Salida a Cusco,VALIDO,1206.4723741915977,129.13003665123458,NINGUNO
BYPASS_20260928_V01_F00753,BYPASS_20260928_V01,frame_00753.jpg,753.0,00:12:33,08:22:33,22235,742666.7,1080,1920,1080x1920,Smartphone 108 MP (Bypass),Óvalo Salida a Cusco,VALIDO,1199.4427874171804,129.84093942901234,NINGUNO
BYPASS_20260928_V01_F00754,BYPASS_20260928_V01,frame_00754.jpg,754.0,00:12:34,08:22:34,22265,743699.6,1080,1920,1080x1920,Smartphone 108 MP (Bypass),Óvalo Salida a Cusco,VALIDO,1242.3146303154406,130.217237654321,NINGUNO
BYPASS_20260928_V01_F00755,BYPASS_20260928_V01,frame_00755.jpg,755.0,00:12:35,08:22:35,22294,744665.9,1080,1920,1080x1920,Smartphone 108 MP (Bypass),Óvalo Salida a Cusco,VALIDO,1267.482744118563,129.69520061728394,NINGUNO
BYPASS_20260928_V01_F00756,BYPASS_20260928_V01,frame_00756.jpg,756.0,00:12:36,08:22:36,22324,745665.4,1080,1920,1080x1920,Smartphone 108 MP (Bypass),Óvalo Salida a Cusco,VALIDO,1211.5230895208153,130.85471257716048,NINGUNO
BYPASS_20260928_V01_F00757,BYPASS_20260928_V01,frame_00757.jpg,757.0,00:12:37,08:22:37,22353,746631.7,1080,1920,1080x1920,Smartphone 108 MP (Bypass),Óvalo Salida a Cusco,VALIDO,1213.1476910693277,130.2880497685185,NINGUNO
BYPASS_20260928_V01_F00758,BYPASS_20260928_V01,frame_00758.jpg,758.0,00:12:38,08:22:38,22383,747631.3,1080,1920,1080x1920,Smartphone 108 MP (Bypass),Óvalo Salida a Cusco,VALIDO,1370.5769090658216,131.54437114197532,NINGUNO
BYPASS_20260928_V01_F00759,BYPASS_20260928_V01,frame_00759.jpg,759.0,00:12:39,08:22:39,22412,748597.6,1080,1920,1080x1920,Smartphone 108 MP (Bypass),Óvalo Salida a Cusco,VALIDO,1381.7560439308415,130.94462577160493,NINGUNO
BYPASS_20260928_V01_F00760,BYPASS_20260928_V01,frame_00760.jpg,760.0,00:12:40,08:22:40,22442,749597.2,1080,1920,1080x1920,Smartphone 108 MP (Bypass),Óvalo Salida a Cusco,VALIDO,1376.3820564854964,131.47328317901236,NINGUNO
BYPASS_20260928_V01_F00761,BYPASS_20260928_V01,frame_00761.jpg,761.0,00:12:41,08:22:41,22471,750563.5,1080,1920,1080x1920,Smartphone 108 MP (Bypass),Óvalo Salida a Cusco,VALIDO,1310.6242465398004,130.97660300925926,NINGUNO
BYPASS_20260928_V01_F00762,BYPASS_20260928_V01,frame_00762.jpg,762.0,00:12:42,08:22:42,22501,751563.1,1080,1920,1080x1920,Smartphone 108 MP (Bypass),Óvalo Salida a Cusco,VALIDO,1305.411453049354,130.671981095679,NINGUNO
BYPASS_20260928_V01_F00763,BYPASS_20260928_V01,frame_00763.jpg,763.0,00:12:43,08:22:43,22530,752529.3,1080,1920,1080x1920,Smartphone 108 MP (Bypass),Óvalo Salida a Cusco,VALIDO,1290.905929480965,130.6435088734568,NINGUNO
BYPASS_20260928_V01_F00764,BYPASS_20260928_V01,frame_00764.jpg,764.0,00:12:44,08:22:44,22560,753528.9,1080,1920,1080x1920,Smartphone 108 MP (Bypass),Óvalo Salida a Cusco,VALIDO,1292.9811033789824,131.64989390432098,NINGUNO
BYPASS_20260928_V01_F00765,BYPASS_20260928_V01,frame_00765.jpg,765.0,00:12:45,08:22:45,22590,754528.5,1080,1920,1080x1920,Smartphone 108 MP (Bypass),Óvalo Salida a Cusco,VALIDO,1419.7362703574956,130.90324459876544,NINGUNO
BYPASS_20260928_V01_F00766,BYPASS_20260928_V01,frame_00766.jpg,766.0,00:12:46,08:22:46,22619,755528.1,1080,1920,1080x1920,Smartphone 108 MP (Bypass),Óvalo Salida a Cusco,VALIDO,1424.9660680038771,131.96179783950618,NINGUNO
BYPASS_20260928_V01_F00767,BYPASS_20260928_V01,frame_00767.jpg,767.0,00:12:47,08:22:47,22649,756561.0,1080,1920,1080x1920,Smartphone 108 MP (Bypass),Óvalo Salida a Cusco,VALIDO,1352.0782888096712,131.99190393518518,NINGUNO
BYPASS_20260928_V01_F00768,BYPASS_20260928_V01,frame_00768.jpg,768.0,00:12:48,08:22:48,22678,757527.3,1080,1920,1080x1920,Smartphone 108 MP (Bypass),Óvalo Salida a Cusco,VALIDO,1387.2934490557627,132.39817901234568,NINGUNO
BYPASS_20260928_V01_F00769,BYPASS_20260928_V01,frame_00769.jpg,769.0,00:12:49,08:22:49,22708,758526.9,1080,1920,1080x1920,Smartphone 108 MP (Bypass),Óvalo Salida a Cusco,VALIDO,1394.839393829065,132.293649691358,NINGUNO
BYPASS_20260928_V01_F00770,BYPASS_20260928_V01,frame_00770.jpg,770.0,00:12:50,08:22:50,22737,759493.2,1080,1920,1080x1920,Smartphone 108 MP (Bypass),Óvalo Salida a Cusco,VALIDO,1420.1942476014606,134.3066300154321,NINGUNO
BYPASS_20260928_V01_F00771,BYPASS_20260928_V01,frame_00771.jpg,771.0,00:12:51,08:22:51,22767,760492.8,1080,1920,1080x1920,Smartphone 108 MP (Bypass),Óvalo Salida a Cusco,VALIDO,1554.353635293722,134.05004050925925,NINGUNO
BYPASS_20260928_V01_F00772,BYPASS_20260928_V01,frame_00772.jpg,772.0,00:12:52,08:22:52,22796,761459.1,1080,1920,1080x1920,Smartphone 108 MP (Bypass),Óvalo Salida a Cusco,VALIDO,1551.8864894525896,135.9732175925926,NINGUNO
BYPASS_20260928_V01_F00773,BYPASS_20260928_V01,frame_00773.jpg,773.0,00:12:53,08:22:53,22826,762458.7,1080,1920,1080x1920,Smartphone 108 MP (Bypass),Óvalo Salida a Cusco,VALIDO,1506.7171315278283,137.30449074074073,NINGUNO
BYPASS_20260928_V01_F00774,BYPASS_20260928_V01,frame_00774.jpg,774.0,00:12:54,08:22:54,22855,763424.9,1080,1920,1080x1920,Smartphone 108 MP (Bypass),Óvalo Salida a Cusco,VALIDO,1630.0644075343678,138.65644290123456,NINGUNO
BYPASS_20260928_V01_F00775,BYPASS_20260928_V01,frame_00775.jpg,775.0,00:12:55,08:22:55,22885,764424.5,1080,1920,1080x1920,Smartphone 108 MP (Bypass),Óvalo Salida a Cusco,VALIDO,1708.4390913920797,137.56482060185186,NINGUNO
BYPASS_20260928_V01_F00776,BYPASS_20260928_V01,frame_00776.jpg,776.0,00:12:56,08:22:56,22914,765390.8,1080,1920,1080x1920,Smartphone 108 MP (Bypass),Óvalo Salida a Cusco,VALIDO,1714.7692707956417,136.93696180555557,NINGUNO
BYPASS_20260928_V01_F00777,BYPASS_20260928_V01,frame_00777.jpg,777.0,00:12:57,08:22:57,22944,766390.5,1080,1920,1080x1920,Smartphone 108 MP (Bypass),Óvalo Salida a Cusco,VALIDO,1734.8731671374737,134.6136747685185,NINGUNO
BYPASS_20260928_V01_F00778,BYPASS_20260928_V01,frame_00778.jpg,778.0,00:12:58,08:22:58,22973,767356.8,1080,1920,1080x1920,Smartphone 108 MP (Bypass),Óvalo Salida a Cusco,VALIDO,1711.0802515946166,132.8894386574074,NINGUNO
BYPASS_20260928_V01_F00779,BYPASS_20260928_V01,frame_00779.jpg,779.0,00:12:59,08:22:59,23003,768356.4,1080,1920,1080x1920,Smartphone 108 MP (Bypass),Óvalo Salida a Cusco,VALIDO,1606.7686262345683,129.92698302469137,NINGUNO
BYPASS_20260928_V01_F00780,BYPASS_20260928_V01,frame_00780.jpg,780.0,00:13:00,08:23:00,23032,769322.6,1080,1920,1080x1920,Smartphone 108 MP (Bypass),Óvalo Salida a Cusco,VALIDO,1573.265588727241,132.03301311728396,NINGUNO
BYPASS_20260928_V01_F00781,BYPASS_20260928_V01,frame_00781.jpg,781.0,00:13:01,08:23:01,23062,770322.2,1080,1920,1080x1920,Smartphone 108 MP (Bypass),Óvalo Salida a Cusco,VALIDO,1561.9994111335227,132.87139274691359,NINGUNO
BYPASS_20260928_V01_F00782,BYPASS_20260928_V01,frame_00782.jpg,782.0,00:13:02,08:23:02,23092,771321.8,1080,1920,1080x1920,Smartphone 108 MP (Bypass),Óvalo Salida a Cusco,VALIDO,1699.376893806665,131.58132716049383,NINGUNO
BYPASS_20260928_V01_F00783,BYPASS_20260928_V01,frame_00783.jpg,783.0,00:13:03,08:23:03,23121,772288.1,1080,1920,1080x1920,Smartphone 108 MP (Bypass),Óvalo Salida a Cusco,VALIDO,1701.2995733257446,131.54217592592593,NINGUNO
BYPASS_20260928_V01_F00784,BYPASS_20260928_V01,frame_00784.jpg,784.0,00:13:04,08:23:04,23151,773287.7,1080,1920,1080x1920,Smartphone 108 MP (Bypass),Óvalo Salida a Cusco,VALIDO,1665.0037478194424,132.87101273148147,NINGUNO
BYPASS_20260928_V01_F00785,BYPASS_20260928_V01,frame_00785.jpg,785.0,00:13:05,08:23:05,23180,774254.0,1080,1920,1080x1920,Smartphone 108 MP (Bypass),Óvalo Salida a Cusco,VALIDO,1641.2830362267175,132.22957947530864,NINGUNO
BYPASS_20260928_V01_F00786,BYPASS_20260928_V01,frame_00786.jpg,786.0,00:13:06,08:23:06,23210,775253.6,1080,1920,1080x1920,Smartphone 108 MP (Bypass),Óvalo Salida a Cusco,VALIDO,1650.198504240017,133.6975,NINGUNO
BYPASS_20260928_V01_F00787,BYPASS_20260928_V01,frame_00787.jpg,787.0,00:13:07,08:23:07,23239,776219.8,1080,1920,1080x1920,Smartphone 108 MP (Bypass),Óvalo Salida a Cusco,VALIDO,1558.5130448957382,133.7841975308642,NINGUNO
BYPASS_20260928_V01_F00788,BYPASS_20260928_V01,frame_00788.jpg,788.0,00:13:08,08:23:08,23269,777219.4,1080,1920,1080x1920,Smartphone 108 MP (Bypass),Óvalo Salida a Cusco,VALIDO,1515.6834538679666,134.69592013888888,NINGUNO
BYPASS_20260928_V01_F00789,BYPASS_20260928_V01,frame_00789.jpg,789.0,00:13:09,08:23:09,23298,778185.7,1080,1920,1080x1920,Smartphone 108 MP (Bypass),Óvalo Salida a Cusco,VALIDO,1570.5048072751413,134.92703510802468,NINGUNO
BYPASS_20260928_V01_F00790,BYPASS_20260928_V01,frame_00790.jpg,790.0,00:13:10,08:23:10,23328,779185.3,1080,1920,1080x1920,Smartphone 108 MP (Bypass),Óvalo Salida a Cusco,VALIDO,1640.100926199169,134.4141763117284,NINGUNO
BYPASS_20260928_V01_F00791,BYPASS_20260928_V01,frame_00791.jpg,791.0,00:13:11,08:23:11,23357,780151.6,1080,1920,1080x1920,Smartphone 108 MP (Bypass),Óvalo Salida a Cusco,VALIDO,1641.517413194143,133.9542013888889,NINGUNO
BYPASS_20260928_V01_F00792,BYPASS_20260928_V01,frame_00792.jpg,792.0,00:13:12,08:23:12,23387,781151.2,1080,1920,1080x1920,Smartphone 108 MP (Bypass),Óvalo Salida a Cusco,VALIDO,1664.6422505524479,137.68347800925926,NINGUNO
BYPASS_20260928_V01_F00793,BYPASS_20260928_V01,frame_00793.jpg,793.0,00:13:13,08:23:13,23416,782117.4,1080,1920,1080x1920,Smartphone 108 MP (Bypass),Óvalo Salida a Cusco,VALIDO,1640.939890035041,139.37245563271605,NINGUNO
BYPASS_20260928_V01_F00794,BYPASS_20260928_V01,frame_00794.jpg,794.0,00:13:14,08:23:14,23446,783117.0,1080,1920,1080x1920,Smartphone 108 MP (Bypass),Óvalo Salida a Cusco,VALIDO,1637.7794071210885,140.3515412808642,NINGUNO
BYPASS_20260928_V01_F00795,BYPASS_20260928_V01,frame_00795.jpg,795.0,00:13:15,08:23:15,23475,784083.3,1080,1920,1080x1920,Smartphone 108 MP (Bypass),Óvalo Salida a Cusco,VALIDO,1679.805046095298,140.65706404320989,NINGUNO
BYPASS_20260928_V01_F00796,BYPASS_20260928_V01,frame_00796.jpg,796.0,00:13:16,08:23:16,23505,785082.9,1080,1920,1080x1920,Smartphone 108 MP (Bypass),Óvalo Salida a Cusco,VALIDO,1664.9706762586472,140.77998070987655,NINGUNO
BYPASS_20260928_V01_F00797,BYPASS_20260928_V01,frame_00797.jpg,797.0,00:13:17,08:23:17,23534,786082.5,1080,1920,1080x1920,Smartphone 108 MP (Bypass),Óvalo Salida a Cusco,VALIDO,1715.8243464044428,139.22944444444445,NINGUNO
BYPASS_20260928_V01_F00798,BYPASS_20260928_V01,frame_00798.jpg,798.0,00:13:18,08:23:18,23564,787115.4,1080,1920,1080x1920,Smartphone 108 MP (Bypass),Óvalo Salida a Cusco,VALIDO,1793.662678344991,138.44023919753087,NINGUNO
BYPASS_20260928_V01_F00799,BYPASS_20260928_V01,frame_00799.jpg,799.0,00:13:19,08:23:19,23593,788081.7,1080,1920,1080x1920,Smartphone 108 MP (Bypass),Óvalo Salida a Cusco,VALIDO,1819.9761953826944,137.97965277777777,NINGUNO
BYPASS_20260928_V01_F00800,BYPASS_20260928_V01,frame_00800.jpg,800.0,00:13:20,08:23:20,23623,789081.4,1080,1920,1080x1920,Smartphone 108 MP (Bypass),Óvalo Salida a Cusco,VALIDO,1742.6173100751007,133.12368441358024,NINGUNO
BYPASS_20260928_V01_F00801,BYPASS_20260928_V01,frame_00801.jpg,801.0,00:13:21,08:23:21,23653,790081.0,1080,1920,1080x1920,Smartphone 108 MP (Bypass),Óvalo Salida a Cusco,VALIDO,1659.353055296553,128.80717206790123,NINGUNO
BYPASS_20260928_V01_F00802,BYPASS_20260928_V01,frame_00802.jpg,802.0,00:13:22,08:23:22,23682,791047.3,1080,1920,1080x1920,Smartphone 108 MP (Bypass),Óvalo Salida a Cusco,VALIDO,1686.3036531947778,127.30707175925926,NINGUNO
BYPASS_20260928_V01_F00803,BYPASS_20260928_V01,frame_00803.jpg,803.0,00:13:23,08:23:23,23712,792046.8,1080,1920,1080x1920,Smartphone 108 MP (Bypass),Óvalo Salida a Cusco,VALIDO,1499.6334012249085,126.71692708333333,NINGUNO
BYPASS_20260928_V01_F00804,BYPASS_20260928_V01,frame_00804.jpg,804.0,00:13:24,08:23:24,23741,793013.1,1080,1920,1080x1920,Smartphone 108 MP (Bypass),Óvalo Salida a Cusco,VALIDO,1449.8952914689432,124.55778356481481,NINGUNO
BYPASS_20260928_V01_F00805,BYPASS_20260928_V01,frame_00805.jpg,805.0,00:13:25,08:23:25,23771,794012.7,1080,1920,1080x1920,Smartphone 108 MP (Bypass),Óvalo Salida a Cusco,VALIDO,1514.2592700421367,124.61500964506173,NINGUNO
BYPASS_20260928_V01_F00806,BYPASS_20260928_V01,frame_00806.jpg,806.0,00:13:26,08:23:26,23800,795012.3,1080,1920,1080x1920,Smartphone 108 MP (Bypass),Óvalo Salida a Cusco,VALIDO,1581.047549238874,125.07092785493828,NINGUNO
BYPASS_20260928_V01_F00807,BYPASS_20260928_V01,frame_00807.jpg,807.0,00:13:27,08:23:27,23830,796011.9,1080,1920,1080x1920,Smartphone 108 MP (Bypass),Óvalo Salida a Cusco,VALIDO,1504.1867779457293,123.49835648148148,NINGUNO
BYPASS_20260928_V01_F00808,BYPASS_20260928_V01,frame_00808.jpg,808.0,00:13:28,08:23:28,23859,796978.1,1080,1920,1080x1920,Smartphone 108 MP (Bypass),Óvalo Salida a Cusco,VALIDO,1490.5067495974938,120.97088927469136,NINGUNO
BYPASS_20260928_V01_F00809,BYPASS_20260928_V01,frame_00809.jpg,809.0,00:13:29,08:23:29,23889,797977.7,1080,1920,1080x1920,Smartphone 108 MP (Bypass),Óvalo Salida a Cusco,VALIDO,1589.6528066590072,126.16672646604938,NINGUNO
BYPASS_20260928_V01_F00810,BYPASS_20260928_V01,frame_00810.jpg,810.0,00:13:30,08:23:30,23918,798944.0,1080,1920,1080x1920,Smartphone 108 MP (Bypass),Óvalo Salida a Cusco,VALIDO,1599.1581311823506,127.33051697530864,NINGUNO
BYPASS_20260928_V01_F00811,BYPASS_20260928_V01,frame_00811.jpg,811.0,00:13:31,08:23:31,23948,799943.6,1080,1920,1080x1920,Smartphone 108 MP (Bypass),Óvalo Salida a Cusco,VALIDO,1547.7252132522817,128.3708699845679,NINGUNO
BYPASS_20260928_V01_F00812,BYPASS_20260928_V01,frame_00812.jpg,812.0,00:13:32,08:23:32,23977,800909.9,1080,1920,1080x1920,Smartphone 108 MP (Bypass),Óvalo Salida a Cusco,VALIDO,1428.4446795805973,128.45254050925925,NINGUNO
BYPASS_20260928_V01_F00813,BYPASS_20260928_V01,frame_00813.jpg,813.0,00:13:33,08:23:33,24007,801909.5,1080,1920,1080x1920,Smartphone 108 MP (Bypass),Óvalo Salida a Cusco,VALIDO,1453.9620943728764,127.74053433641976,NINGUNO
BYPASS_20260928_V01_F00814,BYPASS_20260928_V01,frame_00814.jpg,814.0,00:13:34,08:23:34,24036,802875.7,1080,1920,1080x1920,Smartphone 108 MP (Bypass),Óvalo Salida a Cusco,VALIDO,1484.511559542148,129.01419945987655,NINGUNO
BYPASS_20260928_V01_F00815,BYPASS_20260928_V01,frame_00815.jpg,815.0,00:13:35,08:23:35,24066,803875.3,1080,1920,1080x1920,Smartphone 108 MP (Bypass),Óvalo Salida a Cusco,VALIDO,1445.8841020745224,129.09359567901234,NINGUNO
BYPASS_20260928_V01_F00816,BYPASS_20260928_V01,frame_00816.jpg,816.0,00:13:36,08:23:36,24095,804841.6,1080,1920,1080x1920,Smartphone 108 MP (Bypass),Óvalo Salida a Cusco,VALIDO,1454.6819463605034,131.16289158950616,NINGUNO
BYPASS_20260928_V01_F00817,BYPASS_20260928_V01,frame_00817.jpg,817.0,00:13:37,08:23:37,24125,805874.6,1080,1920,1080x1920,Smartphone 108 MP (Bypass),Óvalo Salida a Cusco,VALIDO,1489.4247670893824,132.33947145061728,NINGUNO
BYPASS_20260928_V01_F00818,BYPASS_20260928_V01,frame_00818.jpg,818.0,00:13:38,08:23:38,24155,806874.1,1080,1920,1080x1920,Smartphone 108 MP (Bypass),Óvalo Salida a Cusco,VALIDO,1407.069601896728,130.19913194444445,NINGUNO
BYPASS_20260928_V01_F00819,BYPASS_20260928_V01,frame_00819.jpg,819.0,00:13:39,08:23:39,24184,807840.4,1080,1920,1080x1920,Smartphone 108 MP (Bypass),Óvalo Salida a Cusco,VALIDO,1394.4401762715067,128.71233989197532,NINGUNO
BYPASS_20260928_V01_F00820,BYPASS_20260928_V01,frame_00820.jpg,820.0,00:13:40,08:23:40,24214,808873.3,1080,1920,1080x1920,Smartphone 108 MP (Bypass),Óvalo Salida a Cusco,VALIDO,1480.867676365967,127.60263695987655,NINGUNO
BYPASS_20260928_V01_F00821,BYPASS_20260928_V01,frame_00821.jpg,821.0,00:13:41,08:23:41,24243,809839.6,1080,1920,1080x1920,Smartphone 108 MP (Bypass),Óvalo Salida a Cusco,VALIDO,1501.6024724959414,131.85536458333334,NINGUNO
BYPASS_20260928_V01_F00822,BYPASS_20260928_V01,frame_00822.jpg,822.0,00:13:42,08:23:42,24273,810839.2,1080,1920,1080x1920,Smartphone 108 MP (Bypass),Óvalo Salida a Cusco,VALIDO,1386.8821992570586,130.60910300925926,NINGUNO
BYPASS_20260928_V01_F00823,BYPASS_20260928_V01,frame_00823.jpg,823.0,00:13:43,08:23:43,24302,811838.8,1080,1920,1080x1920,Smartphone 108 MP (Bypass),Óvalo Salida a Cusco,VALIDO,1391.5794023243257,130.18944830246915,NINGUNO
BYPASS_20260928_V01_F00824,BYPASS_20260928_V01,frame_00824.jpg,824.0,00:13:44,08:23:44,24332,812871.7,1080,1920,1080x1920,Smartphone 108 MP (Bypass),Óvalo Salida a Cusco,VALIDO,1389.2528738992985,129.5580536265432,NINGUNO
BYPASS_20260928_V01_F00825,BYPASS_20260928_V01,frame_00825.jpg,825.0,00:13:45,08:23:45,24361,813837.9,1080,1920,1080x1920,Smartphone 108 MP (Bypass),Óvalo Salida a Cusco,VALIDO,1382.6006488350579,130.74794945987654,NINGUNO
BYPASS_20260928_V01_F00826,BYPASS_20260928_V01,frame_00826.jpg,826.0,00:13:46,08:23:46,24391,814837.5,1080,1920,1080x1920,Smartphone 108 MP (Bypass),Óvalo Salida a Cusco,VALIDO,1352.2699556094926,130.9467399691358,NINGUNO
BYPASS_20260928_V01_F00827,BYPASS_20260928_V01,frame_00827.jpg,827.0,00:13:47,08:23:47,24420,815803.8,1080,1920,1080x1920,Smartphone 108 MP (Bypass),Óvalo Salida a Cusco,VALIDO,1338.2125046817807,131.80152584876544,NINGUNO
BYPASS_20260928_V01_F00828,BYPASS_20260928_V01,frame_00828.jpg,828.0,00:13:48,08:23:48,24450,816803.4,1080,1920,1080x1920,Smartphone 108 MP (Bypass),Óvalo Salida a Cusco,VALIDO,1320.4011541343339,132.39473765432098,NINGUNO
BYPASS_20260928_V01_F00829,BYPASS_20260928_V01,frame_00829.jpg,829.0,00:13:49,08:23:49,24479,817769.7,1080,1920,1080x1920,Smartphone 108 MP (Bypass),Óvalo Salida a Cusco,VALIDO,1328.856207235701,133.3167110339506,NINGUNO
BYPASS_20260928_V01_F00830,BYPASS_20260928_V01,frame_00830.jpg,830.0,00:13:50,08:23:50,24509,818769.3,1080,1920,1080x1920,Smartphone 108 MP (Bypass),Óvalo Salida a Cusco,VALIDO,1338.3146700192035,132.80432291666668,NINGUNO
BYPASS_20260928_V01_F00831,BYPASS_20260928_V01,frame_00831.jpg,831.0,00:13:51,08:23:51,24538,819735.6,1080,1920,1080x1920,Smartphone 108 MP (Bypass),Óvalo Salida a Cusco,VALIDO,1391.2883838001324,132.90928433641974,NINGUNO
BYPASS_20260928_V01_F00832,BYPASS_20260928_V01,frame_00832.jpg,832.0,00:13:52,08:23:52,24568,820735.2,1080,1920,1080x1920,Smartphone 108 MP (Bypass),Óvalo Salida a Cusco,VALIDO,1415.6967710181632,134.03964699074075,NINGUNO
BYPASS_20260928_V01_F00833,BYPASS_20260928_V01,frame_00833.jpg,833.0,00:13:53,08:23:53,24597,821701.4,1080,1920,1080x1920,Smartphone 108 MP (Bypass),Óvalo Salida a Cusco,VALIDO,1339.8887070015408,134.91209683641975,NINGUNO
BYPASS_20260928_V01_F00834,BYPASS_20260928_V01,frame_00834.jpg,834.0,00:13:54,08:23:54,24627,822734.4,1080,1920,1080x1920,Smartphone 108 MP (Bypass),Óvalo Salida a Cusco,VALIDO,1361.981567451117,134.10302662037037,NINGUNO
BYPASS_20260928_V01_F00835,BYPASS_20260928_V01,frame_00835.jpg,835.0,00:13:55,08:23:55,24657,823734.0,1080,1920,1080x1920,Smartphone 108 MP (Bypass),Óvalo Salida a Cusco,VALIDO,1385.7005574308912,136.51334104938272,NINGUNO
BYPASS_20260928_V01_F00836,BYPASS_20260928_V01,frame_00836.jpg,836.0,00:13:56,08:23:56,24686,824733.5,1080,1920,1080x1920,Smartphone 108 MP (Bypass),Óvalo Salida a Cusco,VALIDO,1415.8664800733877,138.34805555555556,NINGUNO
BYPASS_20260928_V01_F00837,BYPASS_20260928_V01,frame_00837.jpg,837.0,00:13:57,08:23:57,24716,825733.2,1080,1920,1080x1920,Smartphone 108 MP (Bypass),Óvalo Salida a Cusco,VALIDO,1661.8041949789088,138.25685185185185,NINGUNO
BYPASS_20260928_V01_F00838,BYPASS_20260928_V01,frame_00838.jpg,838.0,00:13:58,08:23:58,24745,826699.5,1080,1920,1080x1920,Smartphone 108 MP (Bypass),Óvalo Salida a Cusco,VALIDO,1686.6834567417638,137.86459297839505,NINGUNO
BYPASS_20260928_V01_F00839,BYPASS_20260928_V01,frame_00839.jpg,839.0,00:13:59,08:23:59,24775,827699.1,1080,1920,1080x1920,Smartphone 108 MP (Bypass),Óvalo Salida a Cusco,VALIDO,1697.9017997349354,138.1565374228395,NINGUNO
BYPASS_20260928_V01_F00840,BYPASS_20260928_V01,frame_00840.jpg,840.0,00:14:00,08:24:00,24804,828698.7,1080,1920,1080x1920,Smartphone 108 MP (Bypass),Óvalo Salida a Cusco,VALIDO,1761.4452675696375,135.32223572530864,NINGUNO
BYPASS_20260928_V01_F00841,BYPASS_20260928_V01,frame_00841.jpg,841.0,00:14:01,08:24:01,24834,829698.3,1080,1920,1080x1920,Smartphone 108 MP (Bypass),Óvalo Salida a Cusco,VALIDO,1729.7943476392225,135.03304783950617,NINGUNO
BYPASS_20260928_V01_F00842,BYPASS_20260928_V01,frame_00842.jpg,842.0,00:14:02,08:24:02,24863,830664.6,1080,1920,1080x1920,Smartphone 108 MP (Bypass),Óvalo Salida a Cusco,VALIDO,1685.2860065488146,135.91306134259258,NINGUNO
BYPASS_20260928_V01_F00843,BYPASS_20260928_V01,frame_00843.jpg,843.0,00:14:03,08:24:03,24893,831664.2,1080,1920,1080x1920,Smartphone 108 MP (Bypass),Óvalo Salida a Cusco,VALIDO,1681.122119645785,131.78049575617283,NINGUNO
BYPASS_20260928_V01_F00844,BYPASS_20260928_V01,frame_00844.jpg,844.0,00:14:04,08:24:04,24922,832630.5,1080,1920,1080x1920,Smartphone 108 MP (Bypass),Óvalo Salida a Cusco,VALIDO,774.6166840598945,82.80682484567902,NINGUNO
BYPASS_20260928_V01_F00845,BYPASS_20260928_V01,frame_00845.jpg,845.0,00:14:05,08:24:05,24952,833630.1,1080,1920,1080x1920,Smartphone 108 MP (Bypass),Óvalo Salida a Cusco,VALIDO,1675.6352603968367,135.5598784722222,NINGUNO
BYPASS_20260928_V01_F00846,BYPASS_20260928_V01,frame_00846.jpg,846.0,00:14:06,08:24:06,24981,834596.3,1080,1920,1080x1920,Smartphone 108 MP (Bypass),Óvalo Salida a Cusco,VALIDO,1744.9719730150782,137.2429938271605,NINGUNO
BYPASS_20260928_V01_F00847,BYPASS_20260928_V01,frame_00847.jpg,847.0,00:14:07,08:24:07,25011,835595.9,1080,1920,1080x1920,Smartphone 108 MP (Bypass),Óvalo Salida a Cusco,VALIDO,1490.163249168322,136.4969888117284,NINGUNO
BYPASS_20260928_V01_F00848,BYPASS_20260928_V01,frame_00848.jpg,848.0,00:14:08,08:24:08,25040,836562.1,1080,1920,1080x1920,Smartphone 108 MP (Bypass),Óvalo Salida a Cusco,VALIDO,1443.8083543836465,138.80129822530864,NINGUNO
BYPASS_20260928_V01_F00849,BYPASS_20260928_V01,frame_00849.jpg,849.0,00:14:09,08:24:09,25070,837561.7,1080,1920,1080x1920,Smartphone 108 MP (Bypass),Óvalo Salida a Cusco,VALIDO,1676.2841510804215,136.3934375,NINGUNO
BYPASS_20260928_V01_F00850,BYPASS_20260928_V01,frame_00850.jpg,850.0,00:14:10,08:24:10,25099,838528.0,1080,1920,1080x1920,Smartphone 108 MP (Bypass),Óvalo Salida a Cusco,VALIDO,1686.9325122927496,127.40968557098765,NINGUNO
BYPASS_20260928_V01_F00851,BYPASS_20260928_V01,frame_00851.jpg,851.0,00:14:11,08:24:11,25129,839527.6,1080,1920,1080x1920,Smartphone 108 MP (Bypass),Óvalo Salida a Cusco,VALIDO,1326.7747646978687,125.13945987654321,NINGUNO
BYPASS_20260928_V01_F00852,BYPASS_20260928_V01,frame_00852.jpg,852.0,00:14:12,08:24:12,25159,840527.3,1080,1920,1080x1920,Smartphone 108 MP (Bypass),Óvalo Salida a Cusco,VALIDO,1449.1288935527195,121.17666859567902,NINGUNO
BYPASS_20260928_V01_F00853,BYPASS_20260928_V01,frame_00853.jpg,853.0,00:14:13,08:24:13,25188,841493.7,1080,1920,1080x1920,Smartphone 108 MP (Bypass),Óvalo Salida a Cusco,VALIDO,1563.845665683313,118.76140625,NINGUNO
BYPASS_20260928_V01_F00854,BYPASS_20260928_V01,frame_00854.jpg,854.0,00:14:14,08:24:14,25218,842493.3,1080,1920,1080x1920,Smartphone 108 MP (Bypass),Óvalo Salida a Cusco,VALIDO,1719.144643124496,129.0570389660494,NINGUNO
BYPASS_20260928_V01_F00855,BYPASS_20260928_V01,frame_00855.jpg,855.0,00:14:15,08:24:15,25247,843459.5,1080,1920,1080x1920,Smartphone 108 MP (Bypass),Óvalo Salida a Cusco,VALIDO,1733.886444494452,132.97457368827162,NINGUNO
BYPASS_20260928_V01_F00856,BYPASS_20260928_V01,frame_00856.jpg,856.0,00:14:16,08:24:16,25277,844459.1,1080,1920,1080x1920,Smartphone 108 MP (Bypass),Óvalo Salida a Cusco,VALIDO,1871.9912851222548,131.73618055555556,NINGUNO
BYPASS_20260928_V01_F00857,BYPASS_20260928_V01,frame_00857.jpg,857.0,00:14:17,08:24:17,25306,845425.4,1080,1920,1080x1920,Smartphone 108 MP (Bypass),Óvalo Salida a Cusco,VALIDO,1918.226222752328,132.42726273148148,NINGUNO
BYPASS_20260928_V01_F00858,BYPASS_20260928_V01,frame_00858.jpg,858.0,00:14:18,08:24:18,25336,846425.0,1080,1920,1080x1920,Smartphone 108 MP (Bypass),Óvalo Salida a Cusco,VALIDO,1818.023729200123,130.76301311728395,NINGUNO
BYPASS_20260928_V01_F00859,BYPASS_20260928_V01,frame_00859.jpg,859.0,00:14:19,08:24:19,25365,847391.2,1080,1920,1080x1920,Smartphone 108 MP (Bypass),Óvalo Salida a Cusco,VALIDO,1789.671289196995,131.15630594135803,NINGUNO
BYPASS_20260928_V01_F00860,BYPASS_20260928_V01,frame_00860.jpg,860.0,00:14:20,08:24:20,25395,848390.8,1080,1920,1080x1920,Smartphone 108 MP (Bypass),Óvalo Salida a Cusco,VALIDO,1876.2971865834172,132.62822723765433,NINGUNO
BYPASS_20260928_V01_F00861,BYPASS_20260928_V01,frame_00861.jpg,861.0,00:14:21,08:24:21,25424,849357.1,1080,1920,1080x1920,Smartphone 108 MP (Bypass),Óvalo Salida a Cusco,VALIDO,1918.3265219777873,131.61617669753088,NINGUNO
BYPASS_20260928_V01_F00862,BYPASS_20260928_V01,frame_00862.jpg,862.0,00:14:22,08:24:22,25454,850356.7,1080,1920,1080x1920,Smartphone 108 MP (Bypass),Óvalo Salida a Cusco,VALIDO,1872.981232597864,132.07307098765432,NINGUNO
BYPASS_20260928_V01_F00863,BYPASS_20260928_V01,frame_00863.jpg,863.0,00:14:23,08:24:23,25483,851323.0,1080,1920,1080x1920,Smartphone 108 MP (Bypass),Óvalo Salida a Cusco,VALIDO,1920.1976034215522,132.27559220679012,NINGUNO
BYPASS_20260928_V01_F00864,BYPASS_20260928_V01,frame_00864.jpg,864.0,00:14:24,08:24:24,25513,852322.6,1080,1920,1080x1920,Smartphone 108 MP (Bypass),Óvalo Salida a Cusco,VALIDO,1994.7356324092789,130.85906442901234,NINGUNO
BYPASS_20260928_V01_F00865,BYPASS_20260928_V01,frame_00865.jpg,865.0,00:14:25,08:24:25,25542,853288.9,1080,1920,1080x1920,Smartphone 108 MP (Bypass),Óvalo Salida a Cusco,VALIDO,2034.5048897698896,130.02855709876542,NINGUNO
BYPASS_20260928_V01_F00866,BYPASS_20260928_V01,frame_00866.jpg,866.0,00:14:26,08:24:26,25572,854321.8,1080,1920,1080x1920,Smartphone 108 MP (Bypass),Óvalo Salida a Cusco,VALIDO,1874.935822934751,133.16134452160495,NINGUNO
BYPASS_20260928_V01_F00867,BYPASS_20260928_V01,frame_00867.jpg,867.0,00:14:27,08:24:27,25601,855288.1,1080,1920,1080x1920,Smartphone 108 MP (Bypass),Óvalo Salida a Cusco,VALIDO,1764.5563162035214,129.1702739197531,NINGUNO
BYPASS_20260928_V01_F00868,BYPASS_20260928_V01,frame_00868.jpg,868.0,00:14:28,08:24:28,25631,856321.0,1080,1920,1080x1920,Smartphone 108 MP (Bypass),Óvalo Salida a Cusco,VALIDO,1853.4754938056676,129.3398977623457,NINGUNO
BYPASS_20260928_V01_F00869,BYPASS_20260928_V01,frame_00869.jpg,869.0,00:14:29,08:24:29,25661,857353.9,1080,1920,1080x1920,Smartphone 108 MP (Bypass),Óvalo Salida a Cusco,VALIDO,1861.567428526282,128.1240547839506,NINGUNO
BYPASS_20260928_V01_F00870,BYPASS_20260928_V01,frame_00870.jpg,870.0,00:14:30,08:24:30,25690,858320.2,1080,1920,1080x1920,Smartphone 108 MP (Bypass),Óvalo Salida a Cusco,VALIDO,1806.5040678819446,126.86421103395061,NINGUNO
BYPASS_20260928_V01_F00871,BYPASS_20260928_V01,frame_00871.jpg,871.0,00:14:31,08:24:31,25720,859319.8,1080,1920,1080x1920,Smartphone 108 MP (Bypass),Óvalo Salida a Cusco,VALIDO,1727.732684469247,125.52399305555555,NINGUNO
BYPASS_20260928_V01_F00872,BYPASS_20260928_V01,frame_00872.jpg,872.0,00:14:32,08:24:32,25749,860286.0,1080,1920,1080x1920,Smartphone 108 MP (Bypass),Óvalo Salida a Cusco,VALIDO,1763.7388175072117,132.3087037037037,NINGUNO
BYPASS_20260928_V01_F00873,BYPASS_20260928_V01,frame_00873.jpg,873.0,00:14:33,08:24:33,25779,861318.9,1080,1920,1080x1920,Smartphone 108 MP (Bypass),Óvalo Salida a Cusco,VALIDO,1749.220761453209,135.46544945987654,NINGUNO
BYPASS_20260928_V01_F00874,BYPASS_20260928_V01,frame_00874.jpg,874.0,00:14:34,08:24:34,25808,862285.2,1080,1920,1080x1920,Smartphone 108 MP (Bypass),Óvalo Salida a Cusco,VALIDO,1850.0673873837234,136.5715702160494,NINGUNO
BYPASS_20260928_V01_F00875,BYPASS_20260928_V01,frame_00875.jpg,875.0,00:14:35,08:24:35,25838,863284.8,1080,1920,1080x1920,Smartphone 108 MP (Bypass),Óvalo Salida a Cusco,VALIDO,1898.5014534348325,136.8974537037037,NINGUNO
BYPASS_20260928_V01_F00876,BYPASS_20260928_V01,frame_00876.jpg,876.0,00:14:36,08:24:36,25867,864251.1,1080,1920,1080x1920,Smartphone 108 MP (Bypass),Óvalo Salida a Cusco,VALIDO,1963.9280360820428,134.46868055555555,NINGUNO
BYPASS_20260928_V01_F00877,BYPASS_20260928_V01,frame_00877.jpg,877.0,00:14:37,08:24:37,25897,865250.7,1080,1920,1080x1920,Smartphone 108 MP (Bypass),Óvalo Salida a Cusco,VALIDO,1798.239460740398,132.78687307098767,NINGUNO
BYPASS_20260928_V01_F00878,BYPASS_20260928_V01,frame_00878.jpg,878.0,00:14:38,08:24:38,25926,866250.3,1080,1920,1080x1920,Smartphone 108 MP (Bypass),Óvalo Salida a Cusco,VALIDO,1838.601868596569,134.72265239197532,NINGUNO
BYPASS_20260928_V01_F00879,BYPASS_20260928_V01,frame_00879.jpg,879.0,00:14:39,08:24:39,25956,867249.9,1080,1920,1080x1920,Smartphone 108 MP (Bypass),Óvalo Salida a Cusco,VALIDO,1828.4248039222912,132.85832561728395,NINGUNO
BYPASS_20260928_V01_F00880,BYPASS_20260928_V01,frame_00880.jpg,880.0,00:14:40,08:24:40,25985,868216.2,1080,1920,1080x1920,Smartphone 108 MP (Bypass),Óvalo Salida a Cusco,VALIDO,1798.0660567411692,130.438331404321,NINGUNO
BYPASS_20260928_V01_F00881,BYPASS_20260928_V01,frame_00881.jpg,881.0,00:14:41,08:24:41,26015,869215.7,1080,1920,1080x1920,Smartphone 108 MP (Bypass),Óvalo Salida a Cusco,VALIDO,1848.2060510196643,129.3954648919753,NINGUNO
BYPASS_20260928_V01_F00882,BYPASS_20260928_V01,frame_00882.jpg,882.0,00:14:42,08:24:42,26044,870182.0,1080,1920,1080x1920,Smartphone 108 MP (Bypass),Óvalo Salida a Cusco,VALIDO,1837.2517224680785,128.30992091049382,NINGUNO
BYPASS_20260928_V01_F00883,BYPASS_20260928_V01,frame_00883.jpg,883.0,00:14:43,08:24:43,26074,871181.6,1080,1920,1080x1920,Smartphone 108 MP (Bypass),Óvalo Salida a Cusco,VALIDO,1756.1476549880708,127.50925925925925,NINGUNO
BYPASS_20260928_V01_F00884,BYPASS_20260928_V01,frame_00884.jpg,884.0,00:14:44,08:24:44,26103,872147.9,1080,1920,1080x1920,Smartphone 108 MP (Bypass),Óvalo Salida a Cusco,VALIDO,1814.2116376026422,128.37942515432098,NINGUNO
BYPASS_20260928_V01_F00885,BYPASS_20260928_V01,frame_00885.jpg,885.0,00:14:45,08:24:45,26133,873180.8,1080,1920,1080x1920,Smartphone 108 MP (Bypass),Óvalo Salida a Cusco,VALIDO,1909.98353987024,128.3439699074074,NINGUNO
BYPASS_20260928_V01_F00886,BYPASS_20260928_V01,frame_00886.jpg,886.0,00:14:46,08:24:46,26162,874180.4,1080,1920,1080x1920,Smartphone 108 MP (Bypass),Óvalo Salida a Cusco,VALIDO,1980.8270136311512,126.45884837962963,NINGUNO
BYPASS_20260928_V01_F00887,BYPASS_20260928_V01,frame_00887.jpg,887.0,00:14:47,08:24:47,26192,875180.0,1080,1920,1080x1920,Smartphone 108 MP (Bypass),Óvalo Salida a Cusco,VALIDO,1897.6211326599503,124.84800154320988,NINGUNO
BYPASS_20260928_V01_F00888,BYPASS_20260928_V01,frame_00888.jpg,888.0,00:14:48,08:24:48,26222,876179.6,1080,1920,1080x1920,Smartphone 108 MP (Bypass),Óvalo Salida a Cusco,VALIDO,1864.8165497504187,122.89255594135803,NINGUNO
BYPASS_20260928_V01_F00889,BYPASS_20260928_V01,frame_00889.jpg,889.0,00:14:49,08:24:49,26251,877145.9,1080,1920,1080x1920,Smartphone 108 MP (Bypass),Óvalo Salida a Cusco,VALIDO,1795.2252862053585,124.43057677469136,NINGUNO
BYPASS_20260928_V01_F00890,BYPASS_20260928_V01,frame_00890.jpg,890.0,00:14:50,08:24:50,26281,878178.8,1080,1920,1080x1920,Smartphone 108 MP (Bypass),Óvalo Salida a Cusco,VALIDO,1701.3727736137866,125.56087577160494,NINGUNO
BYPASS_20260928_V01_F00891,BYPASS_20260928_V01,frame_00891.jpg,891.0,00:14:51,08:24:51,26310,879145.1,1080,1920,1080x1920,Smartphone 108 MP (Bypass),Óvalo Salida a Cusco,VALIDO,1684.6565708976007,124.19005208333333,NINGUNO
BYPASS_20260928_V01_F00892,BYPASS_20260928_V01,frame_00892.jpg,892.0,00:14:52,08:24:52,26340,880144.7,1080,1920,1080x1920,Smartphone 108 MP (Bypass),Óvalo Salida a Cusco,VALIDO,1807.186736975055,125.48459683641975,NINGUNO
BYPASS_20260928_V01_F00893,BYPASS_20260928_V01,frame_00893.jpg,893.0,00:14:53,08:24:53,26369,881110.9,1080,1920,1080x1920,Smartphone 108 MP (Bypass),Óvalo Salida a Cusco,VALIDO,1769.180869456765,125.96738040123456,NINGUNO
BYPASS_20260928_V01_F00894,BYPASS_20260928_V01,frame_00894.jpg,894.0,00:14:54,08:24:54,26399,882110.5,1080,1920,1080x1920,Smartphone 108 MP (Bypass),Óvalo Salida a Cusco,VALIDO,1651.1690192674841,125.60250385802469,NINGUNO
BYPASS_20260928_V01_F00895,BYPASS_20260928_V01,frame_00895.jpg,895.0,00:14:55,08:24:55,26428,883076.8,1080,1920,1080x1920,Smartphone 108 MP (Bypass),Óvalo Salida a Cusco,VALIDO,1576.3442279749659,126.65349151234568,NINGUNO
BYPASS_20260928_V01_F00896,BYPASS_20260928_V01,frame_00896.jpg,896.0,00:14:56,08:24:56,26458,884076.4,1080,1920,1080x1920,Smartphone 108 MP (Bypass),Óvalo Salida a Cusco,VALIDO,1650.9995156220825,128.0556211419753,NINGUNO
BYPASS_20260928_V01_F00897,BYPASS_20260928_V01,frame_00897.jpg,897.0,00:14:57,08:24:57,26487,885042.7,1080,1920,1080x1920,Smartphone 108 MP (Bypass),Óvalo Salida a Cusco,VALIDO,1674.130280637178,130.61159722222223,NINGUNO
BYPASS_20260928_V01_F00898,BYPASS_20260928_V01,frame_00898.jpg,898.0,00:14:58,08:24:58,26517,886042.3,1080,1920,1080x1920,Smartphone 108 MP (Bypass),Óvalo Salida a Cusco,VALIDO,1500.1018261071245,129.94238811728394,NINGUNO
BYPASS_20260928_V01_F00899,BYPASS_20260928_V01,frame_00899.jpg,899.0,00:14:59,08:24:59,26546,887008.5,1080,1920,1080x1920,Smartphone 108 MP (Bypass),Óvalo Salida a Cusco,VALIDO,1530.4279224537,130.93187692901233,NINGUNO
BYPASS_20260928_V01_F00900,BYPASS_20260928_V01,frame_00900.jpg,900.0,00:15:00,08:25:00,26576,888041.5,1080,1920,1080x1920,Smartphone 108 MP (Bypass),Óvalo Salida a Cusco,VALIDO,1599.3396212446175,132.8020949074074,NINGUNO
BYPASS_20260928_V01_F00901,BYPASS_20260928_V01,frame_00901.jpg,901.0,00:15:01,08:25:01,26605,889007.7,1080,1920,1080x1920,Smartphone 108 MP (Bypass),Óvalo Salida a Cusco,VALIDO,1594.6624315099994,133.66293595679014,NINGUNO
BYPASS_20260928_V01_F00902,BYPASS_20260928_V01,frame_00902.jpg,902.0,00:15:02,08:25:02,26635,890040.6,1080,1920,1080x1920,Smartphone 108 MP (Bypass),Óvalo Salida a Cusco,VALIDO,1545.0708550275629,134.54677469135802,NINGUNO
BYPASS_20260928_V01_F00903,BYPASS_20260928_V01,frame_00903.jpg,903.0,00:15:03,08:25:03,26664,891006.9,1080,1920,1080x1920,Smartphone 108 MP (Bypass),Óvalo Salida a Cusco,VALIDO,1540.387848572795,134.28511766975308,NINGUNO
BYPASS_20260928_V01_F00904,BYPASS_20260928_V01,frame_00904.jpg,904.0,00:15:04,08:25:04,26694,892006.5,1080,1920,1080x1920,Smartphone 108 MP (Bypass),Óvalo Salida a Cusco,VALIDO,1505.939700117166,135.3707696759259,NINGUNO
BYPASS_20260928_V01_F00905,BYPASS_20260928_V01,frame_00905.jpg,905.0,00:15:05,08:25:05,26724,893006.1,1080,1920,1080x1920,Smartphone 108 MP (Bypass),Óvalo Salida a Cusco,VALIDO,1446.8865599705493,136.53116319444445,NINGUNO
BYPASS_20260928_V01_F00906,BYPASS_20260928_V01,frame_00906.jpg,906.0,00:15:06,08:25:06,26753,894005.7,1080,1920,1080x1920,Smartphone 108 MP (Bypass),Óvalo Salida a Cusco,VALIDO,1469.2492437914236,136.40651813271606,NINGUNO
BYPASS_20260928_V01_F00907,BYPASS_20260928_V01,frame_00907.jpg,907.0,00:15:07,08:25:07,26783,895005.3,1080,1920,1080x1920,Smartphone 108 MP (Bypass),Óvalo Salida a Cusco,VALIDO,1497.7686013060086,136.69865547839507,NINGUNO
BYPASS_20260928_V01_F00908,BYPASS_20260928_V01,frame_00908.jpg,908.0,00:15:08,08:25:08,26812,896004.9,1080,1920,1080x1920,Smartphone 108 MP (Bypass),Óvalo Salida a Cusco,VALIDO,1566.2199188671102,136.84648919753087,NINGUNO
BYPASS_20260928_V01_F00909,BYPASS_20260928_V01,frame_00909.jpg,909.0,00:15:09,08:25:09,26842,897037.9,1080,1920,1080x1920,Smartphone 108 MP (Bypass),Óvalo Salida a Cusco,VALIDO,1518.2694564178805,136.01663966049384,NINGUNO
BYPASS_20260928_V01_F00910,BYPASS_20260928_V01,frame_00910.jpg,910.0,00:15:10,08:25:10,26871,898037.5,1080,1920,1080x1920,Smartphone 108 MP (Bypass),Óvalo Salida a Cusco,VALIDO,1551.9462453719743,136.12384452160495,NINGUNO
BYPASS_20260928_V01_F00911,BYPASS_20260928_V01,frame_00911.jpg,911.0,00:15:11,08:25:11,26901,899037.1,1080,1920,1080x1920,Smartphone 108 MP (Bypass),Óvalo Salida a Cusco,VALIDO,1655.6897362439393,135.06719907407407,NINGUNO
BYPASS_20260928_V01_F00912,BYPASS_20260928_V01,frame_00912.jpg,912.0,00:15:12,08:25:12,26930,900003.4,1080,1920,1080x1920,Smartphone 108 MP (Bypass),Óvalo Salida a Cusco,VALIDO,1713.8565752206307,132.13607638888888,NINGUNO
BYPASS_20260928_V01_F00913,BYPASS_20260928_V01,frame_00913.jpg,913.0,00:15:13,08:25:13,26960,901003.0,1080,1920,1080x1920,Smartphone 108 MP (Bypass),Óvalo Salida a Cusco,VALIDO,1618.9185569886806,126.07789351851852,NINGUNO
BYPASS_20260928_V01_F00914,BYPASS_20260928_V01,frame_00914.jpg,914.0,00:15:14,08:25:14,26989,901969.3,1080,1920,1080x1920,Smartphone 108 MP (Bypass),Óvalo Salida a Cusco,VALIDO,1679.479108706618,127.85222800925926,NINGUNO
BYPASS_20260928_V01_F00915,BYPASS_20260928_V01,frame_00915.jpg,915.0,00:15:15,08:25:15,27019,903002.2,1080,1920,1080x1920,Smartphone 108 MP (Bypass),Óvalo Salida a Cusco,VALIDO,1791.1577575713404,127.15977430555556,NINGUNO
BYPASS_20260928_V01_F00916,BYPASS_20260928_V01,frame_00916.jpg,916.0,00:15:16,08:25:16,27048,903968.6,1080,1920,1080x1920,Smartphone 108 MP (Bypass),Óvalo Salida a Cusco,VALIDO,1715.3663243303788,126.64292824074074,NINGUNO
BYPASS_20260928_V01_F00917,BYPASS_20260928_V01,frame_00917.jpg,917.0,00:15:17,08:25:17,27078,904968.2,1080,1920,1080x1920,Smartphone 108 MP (Bypass),Óvalo Salida a Cusco,VALIDO,1633.0990320454162,125.3934124228395,NINGUNO
BYPASS_20260928_V01_F00918,BYPASS_20260928_V01,frame_00918.jpg,918.0,00:15:18,08:25:18,27107,905934.4,1080,1920,1080x1920,Smartphone 108 MP (Bypass),Óvalo Salida a Cusco,VALIDO,1665.9686062684825,122.57245949074074,NINGUNO
BYPASS_20260928_V01_F00919,BYPASS_20260928_V01,frame_00919.jpg,919.0,00:15:19,08:25:19,27137,906967.3,1080,1920,1080x1920,Smartphone 108 MP (Bypass),Óvalo Salida a Cusco,VALIDO,1594.6166714433498,125.44222800925925,NINGUNO
BYPASS_20260928_V01_F00920,BYPASS_20260928_V01,frame_00920.jpg,920.0,00:15:20,08:25:20,27166,907933.5,1080,1920,1080x1920,Smartphone 108 MP (Bypass),Óvalo Salida a Cusco,VALIDO,1579.2096076001742,130.63291280864198,NINGUNO
BYPASS_20260928_V01_F00921,BYPASS_20260928_V01,frame_00921.jpg,921.0,00:15:21,08:25:21,27196,908966.4,1080,1920,1080x1920,Smartphone 108 MP (Bypass),Óvalo Salida a Cusco,VALIDO,1485.1764065350503,132.7753587962963,NINGUNO
BYPASS_20260928_V01_F00922,BYPASS_20260928_V01,frame_00922.jpg,922.0,00:15:22,08:25:22,27226,909999.3,1080,1920,1080x1920,Smartphone 108 MP (Bypass),Óvalo Salida a Cusco,VALIDO,1522.713647124566,135.83135416666667,NINGUNO
BYPASS_20260928_V01_F00923,BYPASS_20260928_V01,frame_00923.jpg,923.0,00:15:23,08:25:23,27255,910998.9,1080,1920,1080x1920,Smartphone 108 MP (Bypass),Óvalo Salida a Cusco,VALIDO,1487.7235956752022,136.5315625,NINGUNO
BYPASS_20260928_V01_F00924,BYPASS_20260928_V01,frame_00924.jpg,924.0,00:15:24,08:25:24,27285,911998.5,1080,1920,1080x1920,Smartphone 108 MP (Bypass),Óvalo Salida a Cusco,VALIDO,1444.8232997425598,138.71379822530864,NINGUNO
BYPASS_20260928_V01_F00925,BYPASS_20260928_V01,frame_00925.jpg,925.0,00:15:25,08:25:25,27314,912964.7,1080,1920,1080x1920,Smartphone 108 MP (Bypass),Óvalo Salida a Cusco,VALIDO,1424.661865336984,139.2035474537037,NINGUNO
BYPASS_20260928_V01_F00926,BYPASS_20260928_V01,frame_00926.jpg,926.0,00:15:26,08:25:26,27344,913964.3,1080,1920,1080x1920,Smartphone 108 MP (Bypass),Óvalo Salida a Cusco,VALIDO,1487.1036893856096,139.37267554012345,NINGUNO
BYPASS_20260928_V01_F00927,BYPASS_20260928_V01,frame_00927.jpg,927.0,00:15:27,08:25:27,27373,914930.6,1080,1920,1080x1920,Smartphone 108 MP (Bypass),Óvalo Salida a Cusco,VALIDO,1534.927537056089,138.66472222222222,NINGUNO
BYPASS_20260928_V01_F00928,BYPASS_20260928_V01,frame_00928.jpg,928.0,00:15:28,08:25:28,27403,915930.2,1080,1920,1080x1920,Smartphone 108 MP (Bypass),Óvalo Salida a Cusco,VALIDO,1486.120477298825,139.7588599537037,NINGUNO
BYPASS_20260928_V01_F00929,BYPASS_20260928_V01,frame_00929.jpg,929.0,00:15:29,08:25:29,27432,916896.5,1080,1920,1080x1920,Smartphone 108 MP (Bypass),Óvalo Salida a Cusco,VALIDO,1383.3796907543715,135.07839699074074,NINGUNO
BYPASS_20260928_V01_F00930,BYPASS_20260928_V01,frame_00930.jpg,930.0,00:15:30,08:25:30,27462,917929.4,1080,1920,1080x1920,Smartphone 108 MP (Bypass),Óvalo Salida a Cusco,VALIDO,1423.8641433979553,133.99617476851853,NINGUNO
BYPASS_20260928_V01_F00931,BYPASS_20260928_V01,frame_00931.jpg,931.0,00:15:31,08:25:31,27491,918929.0,1080,1920,1080x1920,Smartphone 108 MP (Bypass),Óvalo Salida a Cusco,VALIDO,1520.1251784937408,136.3287461419753,NINGUNO
BYPASS_20260928_V01_F00932,BYPASS_20260928_V01,frame_00932.jpg,932.0,00:15:32,08:25:32,27521,919928.6,1080,1920,1080x1920,Smartphone 108 MP (Bypass),Óvalo Salida a Cusco,VALIDO,1493.767347559665,139.11054783950618,NINGUNO
BYPASS_20260928_V01_F00933,BYPASS_20260928_V01,frame_00933.jpg,933.0,00:15:33,08:25:33,27550,920894.8,1080,1920,1080x1920,Smartphone 108 MP (Bypass),Óvalo Salida a Cusco,VALIDO,1488.0607613570564,139.95450424382716,NINGUNO
BYPASS_20260928_V01_F00934,BYPASS_20260928_V01,frame_00934.jpg,934.0,00:15:34,08:25:34,27580,921894.5,1080,1920,1080x1920,Smartphone 108 MP (Bypass),Óvalo Salida a Cusco,VALIDO,1476.9337212684293,136.66999228395062,NINGUNO
BYPASS_20260928_V01_F00935,BYPASS_20260928_V01,frame_00935.jpg,935.0,00:15:35,08:25:35,27609,922894.1,1080,1920,1080x1920,Smartphone 108 MP (Bypass),Óvalo Salida a Cusco,VALIDO,1499.8736974641824,136.5928047839506,NINGUNO
BYPASS_20260928_V01_F00936,BYPASS_20260928_V01,frame_00936.jpg,936.0,00:15:36,08:25:36,27639,923893.7,1080,1920,1080x1920,Smartphone 108 MP (Bypass),Óvalo Salida a Cusco,VALIDO,1608.9420682142493,135.61971643518518,NINGUNO
BYPASS_20260928_V01_F00937,BYPASS_20260928_V01,frame_00937.jpg,937.0,00:15:37,08:25:37,27668,924860.0,1080,1920,1080x1920,Smartphone 108 MP (Bypass),Óvalo Salida a Cusco,VALIDO,1551.5019263934105,135.1824112654321,NINGUNO
BYPASS_20260928_V01_F00938,BYPASS_20260928_V01,frame_00938.jpg,938.0,00:15:38,08:25:38,27698,925859.5,1080,1920,1080x1920,Smartphone 108 MP (Bypass),Óvalo Salida a Cusco,VALIDO,1455.8465509253901,135.89808063271605,NINGUNO
BYPASS_20260928_V01_F00939,BYPASS_20260928_V01,frame_00939.jpg,939.0,00:15:39,08:25:39,27728,926892.5,1080,1920,1080x1920,Smartphone 108 MP (Bypass),Óvalo Salida a Cusco,VALIDO,1487.3556296408487,135.68110146604937,NINGUNO
BYPASS_20260928_V01_F00940,BYPASS_20260928_V01,frame_00940.jpg,940.0,00:15:40,08:25:40,27757,927858.7,1080,1920,1080x1920,Smartphone 108 MP (Bypass),Óvalo Salida a Cusco,VALIDO,1450.251882741635,135.6035898919753,NINGUNO
BYPASS_20260928_V01_F00941,BYPASS_20260928_V01,frame_00941.jpg,941.0,00:15:41,08:25:41,27787,928925.0,1080,1920,1080x1920,Smartphone 108 MP (Bypass),Óvalo Salida a Cusco,VALIDO,1389.056441985787,136.0502237654321,NINGUNO
BYPASS_20260928_V01_F00942,BYPASS_20260928_V01,frame_00942.jpg,942.0,00:15:42,08:25:42,27816,929891.3,1080,1920,1080x1920,Smartphone 108 MP (Bypass),Óvalo Salida a Cusco,VALIDO,1414.8870051973786,137.76617091049383,NINGUNO
BYPASS_20260928_V01_F00943,BYPASS_20260928_V01,frame_00943.jpg,943.0,00:15:43,08:25:43,27846,930890.9,1080,1920,1080x1920,Smartphone 108 MP (Bypass),Óvalo Salida a Cusco,VALIDO,1530.2347985146278,136.2913097993827,NINGUNO
BYPASS_20260928_V01_F00944,BYPASS_20260928_V01,frame_00944.jpg,944.0,00:15:44,08:25:44,27875,931857.1,1080,1920,1080x1920,Smartphone 108 MP (Bypass),Óvalo Salida a Cusco,VALIDO,1456.5487157063542,134.5542939814815,NINGUNO
BYPASS_20260928_V01_F00945,BYPASS_20260928_V01,frame_00945.jpg,945.0,00:15:45,08:25:45,27905,932856.7,1080,1920,1080x1920,Smartphone 108 MP (Bypass),Óvalo Salida a Cusco,VALIDO,1423.24911543397,136.54278935185187,NINGUNO
BYPASS_20260928_V01_F00946,BYPASS_20260928_V01,frame_00946.jpg,946.0,00:15:46,08:25:46,27934,933823.0,1080,1920,1080x1920,Smartphone 108 MP (Bypass),Óvalo Salida a Cusco,VALIDO,1408.175030230109,132.76471450617285,NINGUNO
BYPASS_20260928_V01_F00947,BYPASS_20260928_V01,frame_00947.jpg,947.0,00:15:47,08:25:47,27964,934822.6,1080,1920,1080x1920,Smartphone 108 MP (Bypass),Óvalo Salida a Cusco,VALIDO,1492.912658224499,133.04355324074075,NINGUNO
BYPASS_20260928_V01_F00948,BYPASS_20260928_V01,frame_00948.jpg,948.0,00:15:48,08:25:48,27993,935888.9,1080,1920,1080x1920,Smartphone 108 MP (Bypass),Óvalo Salida a Cusco,VALIDO,1666.005941749003,124.5663136574074,NINGUNO
BYPASS_20260928_V01_F00949,BYPASS_20260928_V01,frame_00949.jpg,949.0,00:15:49,08:25:49,28023,936888.5,1080,1920,1080x1920,Smartphone 108 MP (Bypass),Óvalo Salida a Cusco,VALIDO,1571.728896432517,123.25134452160493,NINGUNO
BYPASS_20260928_V01_F00950,BYPASS_20260928_V01,frame_00950.jpg,950.0,00:15:50,08:25:50,28052,937854.8,1080,1920,1080x1920,Smartphone 108 MP (Bypass),Óvalo Salida a Cusco,VALIDO,1433.7981861967119,126.02864197530864,NINGUNO
BYPASS_20260928_V01_F00951,BYPASS_20260928_V01,frame_00951.jpg,951.0,00:15:51,08:25:51,28082,938854.4,1080,1920,1080x1920,Smartphone 108 MP (Bypass),Óvalo Salida a Cusco,VALIDO,1431.68316162682,126.95147183641976,NINGUNO
BYPASS_20260928_V01_F00952,BYPASS_20260928_V01,frame_00952.jpg,952.0,00:15:52,08:25:52,28111,939820.7,1080,1920,1080x1920,Smartphone 108 MP (Bypass),Óvalo Salida a Cusco,VALIDO,1538.1827504645366,127.08490547839506,NINGUNO
BYPASS_20260928_V01_F00953,BYPASS_20260928_V01,frame_00953.jpg,953.0,00:15:53,08:25:53,28141,940820.3,1080,1920,1080x1920,Smartphone 108 MP (Bypass),Óvalo Salida a Cusco,VALIDO,1579.7092857866912,128.43469135802468,NINGUNO
BYPASS_20260928_V01_F00954,BYPASS_20260928_V01,frame_00954.jpg,954.0,00:15:54,08:25:54,28170,941786.5,1080,1920,1080x1920,Smartphone 108 MP (Bypass),Óvalo Salida a Cusco,VALIDO,1589.3942856223684,129.39571952160495,NINGUNO
BYPASS_20260928_V01_F00955,BYPASS_20260928_V01,frame_00955.jpg,955.0,00:15:55,08:25:55,28200,942786.1,1080,1920,1080x1920,Smartphone 108 MP (Bypass),Óvalo Salida a Cusco,VALIDO,1491.1426860389367,130.8446875,NINGUNO
BYPASS_20260928_V01_F00956,BYPASS_20260928_V01,frame_00956.jpg,956.0,00:15:56,08:25:56,28230,943785.7,1080,1920,1080x1920,Smartphone 108 MP (Bypass),Óvalo Salida a Cusco,VALIDO,1443.683442167004,132.4305362654321,NINGUNO
BYPASS_20260928_V01_F00957,BYPASS_20260928_V01,frame_00957.jpg,957.0,00:15:57,08:25:57,28259,944785.3,1080,1920,1080x1920,Smartphone 108 MP (Bypass),Óvalo Salida a Cusco,VALIDO,1441.6324188005433,134.7345235339506,NINGUNO
BYPASS_20260928_V01_F00958,BYPASS_20260928_V01,frame_00958.jpg,958.0,00:15:58,08:25:58,28289,945784.8,1080,1920,1080x1920,Smartphone 108 MP (Bypass),Óvalo Salida a Cusco,VALIDO,1503.176949941828,136.72719714506172,NINGUNO
BYPASS_20260928_V01_F00959,BYPASS_20260928_V01,frame_00959.jpg,959.0,00:15:59,08:25:59,28318,946751.1,1080,1920,1080x1920,Smartphone 108 MP (Bypass),Óvalo Salida a Cusco,VALIDO,1489.8275323763141,136.8690412808642,NINGUNO
BYPASS_20260928_V01_F00960,BYPASS_20260928_V01,frame_00960.jpg,960.0,00:16:00,08:26:00,28348,947750.7,1080,1920,1080x1920,Smartphone 108 MP (Bypass),Óvalo Salida a Cusco,VALIDO,1470.078413649177,134.24064429012347,NINGUNO
BYPASS_20260928_V01_F00961,BYPASS_20260928_V01,frame_00961.jpg,961.0,00:16:01,08:26:01,28377,948717.0,1080,1920,1080x1920,Smartphone 108 MP (Bypass),Óvalo Salida a Cusco,VALIDO,1465.5736051911715,133.24945216049383,NINGUNO
BYPASS_20260928_V01_F00962,BYPASS_20260928_V01,frame_00962.jpg,962.0,00:16:02,08:26:02,28407,949716.6,1080,1920,1080x1920,Smartphone 108 MP (Bypass),Óvalo Salida a Cusco,VALIDO,1546.5706695794752,132.8256500771605,NINGUNO
BYPASS_20260928_V01_F00963,BYPASS_20260928_V01,frame_00963.jpg,963.0,00:16:03,08:26:03,28436,950682.9,1080,1920,1080x1920,Smartphone 108 MP (Bypass),Óvalo Salida a Cusco,VALIDO,1558.1546671487854,131.9920023148148,NINGUNO
BYPASS_20260928_V01_F00964,BYPASS_20260928_V01,frame_00964.jpg,964.0,00:16:04,08:26:04,28466,951682.5,1080,1920,1080x1920,Smartphone 108 MP (Bypass),Óvalo Salida a Cusco,VALIDO,1555.2737147955243,133.35806905864197,NINGUNO
BYPASS_20260928_V01_F00965,BYPASS_20260928_V01,frame_00965.jpg,965.0,00:16:05,08:26:05,28495,952648.8,1080,1920,1080x1920,Smartphone 108 MP (Bypass),Óvalo Salida a Cusco,VALIDO,1503.5302727534008,133.70699266975308,NINGUNO
BYPASS_20260928_V01_F00966,BYPASS_20260928_V01,frame_00966.jpg,966.0,00:16:06,08:26:06,28525,953648.3,1080,1920,1080x1920,Smartphone 108 MP (Bypass),Óvalo Salida a Cusco,VALIDO,1577.4117001611935,133.1488040123457,NINGUNO
BYPASS_20260928_V01_F00967,BYPASS_20260928_V01,frame_00967.jpg,967.0,00:16:07,08:26:07,28554,954614.6,1080,1920,1080x1920,Smartphone 108 MP (Bypass),Óvalo Salida a Cusco,VALIDO,1689.784386560678,132.96915702160493,NINGUNO
BYPASS_20260928_V01_F00968,BYPASS_20260928_V01,frame_00968.jpg,968.0,00:16:08,08:26:08,28584,955614.2,1080,1920,1080x1920,Smartphone 108 MP (Bypass),Óvalo Salida a Cusco,VALIDO,1700.7051898950074,132.60110146604939,NINGUNO
BYPASS_20260928_V01_F00969,BYPASS_20260928_V01,frame_00969.jpg,969.0,00:16:09,08:26:09,28613,956580.5,1080,1920,1080x1920,Smartphone 108 MP (Bypass),Óvalo Salida a Cusco,VALIDO,1652.5958126110033,132.12687307098764,NINGUNO
BYPASS_20260928_V01_F00970,BYPASS_20260928_V01,frame_00970.jpg,970.0,00:16:10,08:26:10,28643,957580.1,1080,1920,1080x1920,Smartphone 108 MP (Bypass),Óvalo Salida a Cusco,VALIDO,1669.052313862216,133.54060570987653,NINGUNO
BYPASS_20260928_V01_F00971,BYPASS_20260928_V01,frame_00971.jpg,971.0,00:16:11,08:26:11,28672,958546.4,1080,1920,1080x1920,Smartphone 108 MP (Bypass),Óvalo Salida a Cusco,VALIDO,1702.7361997427947,133.4873225308642,NINGUNO
BYPASS_20260928_V01_F00972,BYPASS_20260928_V01,frame_00972.jpg,972.0,00:16:12,08:26:12,28702,959546.0,1080,1920,1080x1920,Smartphone 108 MP (Bypass),Óvalo Salida a Cusco,VALIDO,1774.1425788060485,131.1606925154321,NINGUNO
BYPASS_20260928_V01_F00973,BYPASS_20260928_V01,frame_00973.jpg,973.0,00:16:13,08:26:13,28732,960545.6,1080,1920,1080x1920,Smartphone 108 MP (Bypass),Óvalo Salida a Cusco,VALIDO,1885.108368266541,127.21994598765433,NINGUNO
BYPASS_20260928_V01_F00974,BYPASS_20260928_V01,frame_00974.jpg,974.0,00:16:14,08:26:14,28761,961511.9,1080,1920,1080x1920,Smartphone 108 MP (Bypass),Óvalo Salida a Cusco,VALIDO,1759.315379022288,124.61571952160494,NINGUNO
BYPASS_20260928_V01_F00975,BYPASS_20260928_V01,frame_00975.jpg,975.0,00:16:15,08:26:15,28791,962511.5,1080,1920,1080x1920,Smartphone 108 MP (Bypass),Óvalo Salida a Cusco,VALIDO,1729.7474860065893,125.10242862654322,NINGUNO
BYPASS_20260928_V01_F00976,BYPASS_20260928_V01,frame_00976.jpg,976.0,00:16:16,08:26:16,28820,963477.8,1080,1920,1080x1920,Smartphone 108 MP (Bypass),Óvalo Salida a Cusco,VALIDO,1761.0366013995126,122.95258487654321,NINGUNO
BYPASS_20260928_V01_F00977,BYPASS_20260928_V01,frame_00977.jpg,977.0,00:16:17,08:26:17,28850,964510.7,1080,1920,1080x1920,Smartphone 108 MP (Bypass),Óvalo Salida a Cusco,VALIDO,1818.1637682934522,122.35443287037037,NINGUNO
BYPASS_20260928_V01_F00978,BYPASS_20260928_V01,frame_00978.jpg,978.0,00:16:18,08:26:18,28879,965477.0,1080,1920,1080x1920,Smartphone 108 MP (Bypass),Óvalo Salida a Cusco,VALIDO,1829.172958705736,121.9126350308642,NINGUNO
BYPASS_20260928_V01_F00979,BYPASS_20260928_V01,frame_00979.jpg,979.0,00:16:19,08:26:19,28909,966476.8,1080,1920,1080x1920,Smartphone 108 MP (Bypass),Óvalo Salida a Cusco,VALIDO,1814.9322827288943,121.95554012345679,NINGUNO
BYPASS_20260928_V01_F00980,BYPASS_20260928_V01,frame_00980.jpg,980.0,00:16:20,08:26:20,28938,967476.3,1080,1920,1080x1920,Smartphone 108 MP (Bypass),Óvalo Salida a Cusco,VALIDO,1657.4416515624853,123.16907021604938,NINGUNO
BYPASS_20260928_V01_F00981,BYPASS_20260928_V01,frame_00981.jpg,981.0,00:16:21,08:26:21,28968,968475.9,1080,1920,1080x1920,Smartphone 108 MP (Bypass),Óvalo Salida a Cusco,VALIDO,1712.3451201312942,122.28325810185186,NINGUNO
BYPASS_20260928_V01_F00982,BYPASS_20260928_V01,frame_00982.jpg,982.0,00:16:22,08:26:22,28997,969442.1,1080,1920,1080x1920,Smartphone 108 MP (Bypass),Óvalo Salida a Cusco,VALIDO,1671.77487273161,121.90385416666666,NINGUNO
BYPASS_20260928_V01_F00983,BYPASS_20260928_V01,frame_00983.jpg,983.0,00:16:23,08:26:23,29027,970441.8,1080,1920,1080x1920,Smartphone 108 MP (Bypass),Óvalo Salida a Cusco,VALIDO,1573.5739117548148,121.17472608024691,NINGUNO
BYPASS_20260928_V01_F00984,BYPASS_20260928_V01,frame_00984.jpg,984.0,00:16:24,08:26:24,29056,971408.0,1080,1920,1080x1920,Smartphone 108 MP (Bypass),Óvalo Salida a Cusco,VALIDO,1622.464460994027,119.48254243827161,NINGUNO
BYPASS_20260928_V01_F00985,BYPASS_20260928_V01,frame_00985.jpg,985.0,00:16:25,08:26:25,29086,972407.6,1080,1920,1080x1920,Smartphone 108 MP (Bypass),Óvalo Salida a Cusco,VALIDO,1597.3810129969847,119.53957561728394,NINGUNO
BYPASS_20260928_V01_F00986,BYPASS_20260928_V01,frame_00986.jpg,986.0,00:16:26,08:26:26,29115,973373.9,1080,1920,1080x1920,Smartphone 108 MP (Bypass),Óvalo Salida a Cusco,VALIDO,1615.1234814088423,119.49094714506172,NINGUNO
BYPASS_20260928_V01_F00987,BYPASS_20260928_V01,frame_00987.jpg,987.0,00:16:27,08:26:27,29145,974373.5,1080,1920,1080x1920,Smartphone 108 MP (Bypass),Óvalo Salida a Cusco,VALIDO,1554.1202884564648,119.39184413580247,NINGUNO
BYPASS_20260928_V01_F00988,BYPASS_20260928_V01,frame_00988.jpg,988.0,00:16:28,08:26:28,29174,975339.7,1080,1920,1080x1920,Smartphone 108 MP (Bypass),Óvalo Salida a Cusco,VALIDO,1577.2204388502755,118.15860146604938,NINGUNO
BYPASS_20260928_V01_F00989,BYPASS_20260928_V01,frame_00989.jpg,989.0,00:16:29,08:26:29,29204,976339.3,1080,1920,1080x1920,Smartphone 108 MP (Bypass),Óvalo Salida a Cusco,VALIDO,1496.9539167438274,117.4841724537037,NINGUNO
BYPASS_20260928_V01_F00990,BYPASS_20260928_V01,frame_00990.jpg,990.0,00:16:30,08:26:30,29233,977305.6,1080,1920,1080x1920,Smartphone 108 MP (Bypass),Óvalo Salida a Cusco,VALIDO,1422.357671423256,117.39222029320987,NINGUNO
BYPASS_20260928_V01_F00991,BYPASS_20260928_V01,frame_00991.jpg,991.0,00:16:31,08:26:31,29263,978305.2,1080,1920,1080x1920,Smartphone 108 MP (Bypass),Óvalo Salida a Cusco,VALIDO,1488.2614190757886,116.7928587962963,NINGUNO
BYPASS_20260928_V01_F00992,BYPASS_20260928_V01,frame_00992.jpg,992.0,00:16:32,08:26:32,29293,979338.1,1080,1920,1080x1920,Smartphone 108 MP (Bypass),Óvalo Salida a Cusco,VALIDO,1357.3068470292874,115.80490354938271,NINGUNO
BYPASS_20260928_V01_F00993,BYPASS_20260928_V01,frame_00993.jpg,993.0,00:16:33,08:26:33,29322,980304.3,1080,1920,1080x1920,Smartphone 108 MP (Bypass),Óvalo Salida a Cusco,VALIDO,1290.8465517144948,118.4766724537037,NINGUNO
BYPASS_20260928_V01_F00994,BYPASS_20260928_V01,frame_00994.jpg,994.0,00:16:34,08:26:34,29352,981303.9,1080,1920,1080x1920,Smartphone 108 MP (Bypass),Óvalo Salida a Cusco,VALIDO,1384.832415200617,118.97306520061728,NINGUNO
BYPASS_20260928_V01_F00995,BYPASS_20260928_V01,frame_00995.jpg,995.0,00:16:35,08:26:35,29381,982270.1,1080,1920,1080x1920,Smartphone 108 MP (Bypass),Óvalo Salida a Cusco,VALIDO,1458.3279977207253,126.92463348765432,NINGUNO
BYPASS_20260928_V01_F00996,BYPASS_20260928_V01,frame_00996.jpg,996.0,00:16:36,08:26:36,29411,983269.7,1080,1920,1080x1920,Smartphone 108 MP (Bypass),Óvalo Salida a Cusco,VALIDO,1386.840948880637,130.96916473765432,NINGUNO
BYPASS_20260928_V01_F00997,BYPASS_20260928_V01,frame_00997.jpg,997.0,00:16:37,08:26:37,29440,984269.3,1080,1920,1080x1920,Smartphone 108 MP (Bypass),Óvalo Salida a Cusco,VALIDO,1281.7995412519144,132.20588927469134,NINGUNO
BYPASS_20260928_V01_F00998,BYPASS_20260928_V01,frame_00998.jpg,998.0,00:16:38,08:26:38,29470,985302.2,1080,1920,1080x1920,Smartphone 108 MP (Bypass),Óvalo Salida a Cusco,VALIDO,1314.6879610323097,133.55424768518517,NINGUNO
BYPASS_20260928_V01_F00999,BYPASS_20260928_V01,frame_00999.jpg,999.0,00:16:39,08:26:39,29499,986268.5,1080,1920,1080x1920,Smartphone 108 MP (Bypass),Óvalo Salida a Cusco,VALIDO,1356.254018486335,134.49418209876544,NINGUNO
BYPASS_20260928_V01_F01000,BYPASS_20260928_V01,frame_01000.jpg,1000.0,00:16:40,08:26:40,29529,987268.1,1080,1920,1080x1920,Smartphone 108 MP (Bypass),Óvalo Salida a Cusco,VALIDO,1339.3372809406285,134.7848688271605,NINGUNO
BYPASS_20260928_V01_F01001,BYPASS_20260928_V01,frame_01001.jpg,1001.0,00:16:41,08:26:41,29558,988234.3,1080,1920,1080x1920,Smartphone 108 MP (Bypass),Óvalo Salida a Cusco,VALIDO,1303.0936438585363,135.64666280864196,NINGUNO
BYPASS_20260928_V01_F01002,BYPASS_20260928_V01,frame_01002.jpg,1002.0,00:16:42,08:26:42,29588,989233.9,1080,1920,1080x1920,Smartphone 108 MP (Bypass),Óvalo Salida a Cusco,VALIDO,1343.6765088135287,134.41374035493828,NINGUNO
BYPASS_20260928_V01_F01003,BYPASS_20260928_V01,frame_01003.jpg,1003.0,00:16:43,08:26:43,29617,990233.6,1080,1920,1080x1920,Smartphone 108 MP (Bypass),Óvalo Salida a Cusco,VALIDO,1362.9889583589195,127.51719135802469,NINGUNO
BYPASS_20260928_V01_F01004,BYPASS_20260928_V01,frame_01004.jpg,1004.0,00:16:44,08:26:44,29647,991233.2,1080,1920,1080x1920,Smartphone 108 MP (Bypass),Óvalo Salida a Cusco,VALIDO,1434.7481167100655,125.58985339506172,NINGUNO
BYPASS_20260928_V01_F01005,BYPASS_20260928_V01,frame_01005.jpg,1005.0,00:16:45,08:26:45,29676,992199.5,1080,1920,1080x1920,Smartphone 108 MP (Bypass),Óvalo Salida a Cusco,VALIDO,1358.3405642178777,122.74891782407407,NINGUNO
BYPASS_20260928_V01_F01006,BYPASS_20260928_V01,frame_01006.jpg,1006.0,00:16:46,08:26:46,29706,993199.1,1080,1920,1080x1920,Smartphone 108 MP (Bypass),Óvalo Salida a Cusco,VALIDO,1550.3619852911474,122.24911265432098,NINGUNO
BYPASS_20260928_V01_F01007,BYPASS_20260928_V01,frame_01007.jpg,1007.0,00:16:47,08:26:47,29735,994198.7,1080,1920,1080x1920,Smartphone 108 MP (Bypass),Óvalo Salida a Cusco,VALIDO,1475.13762886978,122.80714506172839,NINGUNO
BYPASS_20260928_V01_F01008,BYPASS_20260928_V01,frame_01008.jpg,1008.0,00:16:48,08:26:48,29765,995231.6,1080,1920,1080x1920,Smartphone 108 MP (Bypass),Óvalo Salida a Cusco,VALIDO,1485.9102100533357,124.45194637345679,NINGUNO
BYPASS_20260928_V01_F01009,BYPASS_20260928_V01,frame_01009.jpg,1009.0,00:16:49,08:26:49,29795,996231.2,1080,1920,1080x1920,Smartphone 108 MP (Bypass),Óvalo Salida a Cusco,VALIDO,1502.2853903026603,124.99745177469136,NINGUNO
BYPASS_20260928_V01_F01010,BYPASS_20260928_V01,frame_01010.jpg,1010.0,00:16:50,08:26:50,29824,997197.5,1080,1920,1080x1920,Smartphone 108 MP (Bypass),Óvalo Salida a Cusco,VALIDO,1434.4677802978142,124.03357831790123,NINGUNO
BYPASS_20260928_V01_F01011,BYPASS_20260928_V01,frame_01011.jpg,1011.0,00:16:51,08:26:51,29854,998197.1,1080,1920,1080x1920,Smartphone 108 MP (Bypass),Óvalo Salida a Cusco,VALIDO,1454.111186006798,125.32879629629629,NINGUNO
BYPASS_20260928_V01_F01012,BYPASS_20260928_V01,frame_01012.jpg,1012.0,00:16:52,08:26:52,29883,999163.3,1080,1920,1080x1920,Smartphone 108 MP (Bypass),Óvalo Salida a Cusco,VALIDO,1369.733579235429,125.47077932098766,NINGUNO
BYPASS_20260928_V01_F01013,BYPASS_20260928_V01,frame_01013.jpg,1013.0,00:16:53,08:26:53,29913,1000162.9,1080,1920,1080x1920,Smartphone 108 MP (Bypass),Óvalo Salida a Cusco,VALIDO,1374.9294316292794,127.57977430555556,NINGUNO
BYPASS_20260928_V01_F01014,BYPASS_20260928_V01,frame_01014.jpg,1014.0,00:16:54,08:26:54,29942,1001129.2,1080,1920,1080x1920,Smartphone 108 MP (Bypass),Óvalo Salida a Cusco,VALIDO,1357.6030207082117,128.48085841049382,NINGUNO
BYPASS_20260928_V01_F01015,BYPASS_20260928_V01,frame_01015.jpg,1015.0,00:16:55,08:26:55,29972,1002128.8,1080,1920,1080x1920,Smartphone 108 MP (Bypass),Óvalo Salida a Cusco,VALIDO,1382.4092742765272,131.35962577160493,NINGUNO
BYPASS_20260928_V01_F01016,BYPASS_20260928_V01,frame_01016.jpg,1016.0,00:16:56,08:26:56,30001,1003128.3,1080,1920,1080x1920,Smartphone 108 MP (Bypass),Óvalo Salida a Cusco,VALIDO,1344.8013057031746,132.6895351080247,NINGUNO
BYPASS_20260928_V01_F01017,BYPASS_20260928_V01,frame_01017.jpg,1017.0,00:16:57,08:26:57,30031,1004127.9,1080,1920,1080x1920,Smartphone 108 MP (Bypass),Óvalo Salida a Cusco,VALIDO,1308.3285368709123,132.19677469135803,NINGUNO
BYPASS_20260928_V01_F01018,BYPASS_20260928_V01,frame_01018.jpg,1018.0,00:16:58,08:26:58,30060,1005094.2,1080,1920,1080x1920,Smartphone 108 MP (Bypass),Óvalo Salida a Cusco,VALIDO,1387.0191376447951,134.00194830246915,NINGUNO
BYPASS_20260928_V01_F01019,BYPASS_20260928_V01,frame_01019.jpg,1019.0,00:16:59,08:26:59,30090,1006093.8,1080,1920,1080x1920,Smartphone 108 MP (Bypass),Óvalo Salida a Cusco,VALIDO,1457.203965663044,135.41507137345678,NINGUNO
BYPASS_20260928_V01_F01020,BYPASS_20260928_V01,frame_01020.jpg,1020.0,00:17:00,08:27:00,30119,1007060.1,1080,1920,1080x1920,Smartphone 108 MP (Bypass),Óvalo Salida a Cusco,VALIDO,1419.1763528434474,135.48944058641976,NINGUNO
BYPASS_20260928_V01_F01021,BYPASS_20260928_V01,frame_01021.jpg,1021.0,00:17:01,08:27:01,30149,1008059.7,1080,1920,1080x1920,Smartphone 108 MP (Bypass),Óvalo Salida a Cusco,VALIDO,1501.5315808746761,135.93981674382715,NINGUNO
BYPASS_20260928_V01_F01022,BYPASS_20260928_V01,frame_01022.jpg,1022.0,00:17:02,08:27:02,30178,1009025.9,1080,1920,1080x1920,Smartphone 108 MP (Bypass),Óvalo Salida a Cusco,VALIDO,1432.2714822187925,136.7454436728395,NINGUNO
BYPASS_20260928_V01_F01023,BYPASS_20260928_V01,frame_01023.jpg,1023.0,00:17:03,08:27:03,30208,1010058.9,1080,1920,1080x1920,Smartphone 108 MP (Bypass),Óvalo Salida a Cusco,VALIDO,1390.085557031336,136.6771026234568,NINGUNO
BYPASS_20260928_V01_F01024,BYPASS_20260928_V01,frame_01024.jpg,1024.0,00:17:04,08:27:04,30237,1011025.1,1080,1920,1080x1920,Smartphone 108 MP (Bypass),Óvalo Salida a Cusco,VALIDO,1377.3978665069837,136.56086226851852,NINGUNO
BYPASS_20260928_V01_F01025,BYPASS_20260928_V01,frame_01025.jpg,1025.0,00:17:05,08:27:05,30267,1012024.7,1080,1920,1080x1920,Smartphone 108 MP (Bypass),Óvalo Salida a Cusco,VALIDO,1424.1129721547925,136.80159143518517,NINGUNO
BYPASS_20260928_V01_F01026,BYPASS_20260928_V01,frame_01026.jpg,1026.0,00:17:06,08:27:06,30297,1013024.3,1080,1920,1080x1920,Smartphone 108 MP (Bypass),Óvalo Salida a Cusco,VALIDO,1440.4672279871966,136.90112461419753,NINGUNO
BYPASS_20260928_V01_F01027,BYPASS_20260928_V01,frame_01027.jpg,1027.0,00:17:07,08:27:07,30326,1013990.7,1080,1920,1080x1920,Smartphone 108 MP (Bypass),Óvalo Salida a Cusco,VALIDO,1486.9504485723976,136.24569058641976,NINGUNO
BYPASS_20260928_V01_F01028,BYPASS_20260928_V01,frame_01028.jpg,1028.0,00:17:08,08:27:08,30356,1014990.2,1080,1920,1080x1920,Smartphone 108 MP (Bypass),Óvalo Salida a Cusco,VALIDO,1538.434937376724,136.43843171296297,NINGUNO
BYPASS_20260928_V01_F01029,BYPASS_20260928_V01,frame_01029.jpg,1029.0,00:17:09,08:27:09,30385,1015956.5,1080,1920,1080x1920,Smartphone 108 MP (Bypass),Óvalo Salida a Cusco,VALIDO,1536.3059026526564,133.6873900462963,NINGUNO
BYPASS_20260928_V01_F01030,BYPASS_20260928_V01,frame_01030.jpg,1030.0,00:17:10,08:27:10,30415,1016956.1,1080,1920,1080x1920,Smartphone 108 MP (Bypass),Óvalo Salida a Cusco,VALIDO,1548.4204669835215,133.69745949074073,NINGUNO
BYPASS_20260928_V01_F01031,BYPASS_20260928_V01,frame_01031.jpg,1031.0,00:17:11,08:27:11,30444,1017922.4,1080,1920,1080x1920,Smartphone 108 MP (Bypass),Óvalo Salida a Cusco,VALIDO,1519.7465547564295,134.07696952160495,NINGUNO
BYPASS_20260928_V01_F01032,BYPASS_20260928_V01,frame_01032.jpg,1032.0,00:17:12,08:27:12,30474,1018955.3,1080,1920,1080x1920,Smartphone 108 MP (Bypass),Óvalo Salida a Cusco,VALIDO,1557.75193670458,134.46667438271604,NINGUNO
BYPASS_20260928_V01_F01033,BYPASS_20260928_V01,frame_01033.jpg,1033.0,00:17:13,08:27:13,30503,1019921.6,1080,1920,1080x1920,Smartphone 108 MP (Bypass),Óvalo Salida a Cusco,VALIDO,1495.0005560411428,133.60898919753086,NINGUNO
BYPASS_20260928_V01_F01034,BYPASS_20260928_V01,frame_01034.jpg,1034.0,00:17:14,08:27:14,30533,1020921.2,1080,1920,1080x1920,Smartphone 108 MP (Bypass),Óvalo Salida a Cusco,VALIDO,1462.1337368246081,132.25056327160493,NINGUNO
BYPASS_20260928_V01_F01035,BYPASS_20260928_V01,frame_01035.jpg,1035.0,00:17:15,08:27:15,30562,1021887.5,1080,1920,1080x1920,Smartphone 108 MP (Bypass),Óvalo Salida a Cusco,VALIDO,1492.2072216770825,132.18603202160494,NINGUNO
BYPASS_20260928_V01_F01036,BYPASS_20260928_V01,frame_01036.jpg,1036.0,00:17:16,08:27:16,30592,1022887.0,1080,1920,1080x1920,Smartphone 108 MP (Bypass),Óvalo Salida a Cusco,VALIDO,1592.5872832316093,131.1266338734568,NINGUNO
BYPASS_20260928_V01_F01037,BYPASS_20260928_V01,frame_01037.jpg,1037.0,00:17:17,08:27:17,30621,1023853.3,1080,1920,1080x1920,Smartphone 108 MP (Bypass),Óvalo Salida a Cusco,VALIDO,1615.4680744737152,130.7420061728395,NINGUNO
BYPASS_20260928_V01_F01038,BYPASS_20260928_V01,frame_01038.jpg,1038.0,00:17:18,08:27:18,30651,1024853.0,1080,1920,1080x1920,Smartphone 108 MP (Bypass),Óvalo Salida a Cusco,VALIDO,1497.4833531654854,127.03607445987655,NINGUNO
BYPASS_20260928_V01_F01039,BYPASS_20260928_V01,frame_01039.jpg,1039.0,00:17:19,08:27:19,30680,1025819.2,1080,1920,1080x1920,Smartphone 108 MP (Bypass),Óvalo Salida a Cusco,VALIDO,1471.421157919842,132.23227430555556,NINGUNO
BYPASS_20260928_V01_F01040,BYPASS_20260928_V01,frame_01040.jpg,1040.0,00:17:20,08:27:20,30710,1026818.7,1080,1920,1080x1920,Smartphone 108 MP (Bypass),Óvalo Salida a Cusco,VALIDO,1535.915069377629,134.68636766975308,NINGUNO
BYPASS_20260928_V01_F01041,BYPASS_20260928_V01,frame_01041.jpg,1041.0,00:17:21,08:27:21,30739,1027785.0,1080,1920,1080x1920,Smartphone 108 MP (Bypass),Óvalo Salida a Cusco,VALIDO,1518.242354662836,135.0360127314815,NINGUNO
BYPASS_20260928_V01_F01042,BYPASS_20260928_V01,frame_01042.jpg,1042.0,00:17:22,08:27:22,30769,1028784.6,1080,1920,1080x1920,Smartphone 108 MP (Bypass),Óvalo Salida a Cusco,VALIDO,1528.5975592648826,135.01452932098766,NINGUNO
BYPASS_20260928_V01_F01043,BYPASS_20260928_V01,frame_01043.jpg,1043.0,00:17:23,08:27:23,30799,1029784.2,1080,1920,1080x1920,Smartphone 108 MP (Bypass),Óvalo Salida a Cusco,VALIDO,1497.105102226923,135.66391975308642,NINGUNO
BYPASS_20260928_V01_F01044,BYPASS_20260928_V01,frame_01044.jpg,1044.0,00:17:24,08:27:24,30828,1030750.5,1080,1920,1080x1920,Smartphone 108 MP (Bypass),Óvalo Salida a Cusco,VALIDO,1447.7081141417111,135.24065972222223,NINGUNO
BYPASS_20260928_V01_F01045,BYPASS_20260928_V01,frame_01045.jpg,1045.0,00:17:25,08:27:25,30858,1031750.1,1080,1920,1080x1920,Smartphone 108 MP (Bypass),Óvalo Salida a Cusco,VALIDO,1494.9451734215438,135.0502739197531,NINGUNO
BYPASS_20260928_V01_F01046,BYPASS_20260928_V01,frame_01046.jpg,1046.0,00:17:26,08:27:26,30887,1032716.4,1080,1920,1080x1920,Smartphone 108 MP (Bypass),Óvalo Salida a Cusco,VALIDO,1504.546060213525,135.09152777777777,NINGUNO
BYPASS_20260928_V01_F01047,BYPASS_20260928_V01,frame_01047.jpg,1047.0,00:17:27,08:27:27,30917,1033716.0,1080,1920,1080x1920,Smartphone 108 MP (Bypass),Óvalo Salida a Cusco,VALIDO,1511.9438479338096,133.56946180555556,NINGUNO
BYPASS_20260928_V01_F01048,BYPASS_20260928_V01,frame_01048.jpg,1048.0,00:17:28,08:27:28,30946,1034682.3,1080,1920,1080x1920,Smartphone 108 MP (Bypass),Óvalo Salida a Cusco,VALIDO,1604.2112140457953,133.97875578703704,NINGUNO
BYPASS_20260928_V01_F01049,BYPASS_20260928_V01,frame_01049.jpg,1049.0,00:17:29,08:27:29,30976,1035681.9,1080,1920,1080x1920,Smartphone 108 MP (Bypass),Óvalo Salida a Cusco,VALIDO,1570.2104600646226,133.63485918209878,NINGUNO
BYPASS_20260928_V01_F01050,BYPASS_20260928_V01,frame_01050.jpg,1050.0,00:17:30,08:27:30,31005,1036648.2,1080,1920,1080x1920,Smartphone 108 MP (Bypass),Óvalo Salida a Cusco,VALIDO,1525.7204954235037,129.35805169753087,NINGUNO
BYPASS_20260928_V01_F01051,BYPASS_20260928_V01,frame_01051.jpg,1051.0,00:17:31,08:27:31,31035,1037647.8,1080,1920,1080x1920,Smartphone 108 MP (Bypass),Óvalo Salida a Cusco,VALIDO,1463.3519636602057,128.65577932098765,NINGUNO
BYPASS_20260928_V01_F01052,BYPASS_20260928_V01,frame_01052.jpg,1052.0,00:17:32,08:27:32,31064,1038647.3,1080,1920,1080x1920,Smartphone 108 MP (Bypass),Óvalo Salida a Cusco,VALIDO,1516.1804961610276,132.4204861111111,NINGUNO
BYPASS_20260928_V01_F01053,BYPASS_20260928_V01,frame_01053.jpg,1053.0,00:17:33,08:27:33,31094,1039646.9,1080,1920,1080x1920,Smartphone 108 MP (Bypass),Óvalo Salida a Cusco,VALIDO,1523.4133922360681,132.43881558641976,NINGUNO
BYPASS_20260928_V01_F01054,BYPASS_20260928_V01,frame_01054.jpg,1054.0,00:17:34,08:27:34,31123,1040613.2,1080,1920,1080x1920,Smartphone 108 MP (Bypass),Óvalo Salida a Cusco,VALIDO,1587.9931981363447,132.27494791666666,NINGUNO
BYPASS_20260928_V01_F01055,BYPASS_20260928_V01,frame_01055.jpg,1055.0,00:17:35,08:27:35,31153,1041612.8,1080,1920,1080x1920,Smartphone 108 MP (Bypass),Óvalo Salida a Cusco,VALIDO,1504.9386947873647,131.91963155864198,NINGUNO
BYPASS_20260928_V01_F01056,BYPASS_20260928_V01,frame_01056.jpg,1056.0,00:17:36,08:27:36,31182,1042579.1,1080,1920,1080x1920,Smartphone 108 MP (Bypass),Óvalo Salida a Cusco,VALIDO,1607.7412593771103,127.49669560185185,NINGUNO
BYPASS_20260928_V01_F01057,BYPASS_20260928_V01,frame_01057.jpg,1057.0,00:17:37,08:27:37,31212,1043578.8,1080,1920,1080x1920,Smartphone 108 MP (Bypass),Óvalo Salida a Cusco,VALIDO,1632.4148641044703,124.66962770061728,NINGUNO
BYPASS_20260928_V01_F01058,BYPASS_20260928_V01,frame_01058.jpg,1058.0,00:17:38,08:27:38,31241,1044545.0,1080,1920,1080x1920,Smartphone 108 MP (Bypass),Óvalo Salida a Cusco,VALIDO,1619.8962594020904,123.98630979938271,NINGUNO
BYPASS_20260928_V01_F01059,BYPASS_20260928_V01,frame_01059.jpg,1059.0,00:17:39,08:27:39,31271,1045544.6,1080,1920,1080x1920,Smartphone 108 MP (Bypass),Óvalo Salida a Cusco,VALIDO,1533.8705508935939,124.5071624228395,NINGUNO
BYPASS_20260928_V01_F01060,BYPASS_20260928_V01,frame_01060.jpg,1060.0,00:17:40,08:27:40,31301,1046544.3,1080,1920,1080x1920,Smartphone 108 MP (Bypass),Óvalo Salida a Cusco,VALIDO,1550.1758836175618,124.37530478395061,NINGUNO
BYPASS_20260928_V01_F01061,BYPASS_20260928_V01,frame_01061.jpg,1061.0,00:17:41,08:27:41,31330,1047510.5,1080,1920,1080x1920,Smartphone 108 MP (Bypass),Óvalo Salida a Cusco,VALIDO,1588.959809770414,124.45538580246914,NINGUNO
BYPASS_20260928_V01_F01062,BYPASS_20260928_V01,frame_01062.jpg,1062.0,00:17:42,08:27:42,31360,1048510.1,1080,1920,1080x1920,Smartphone 108 MP (Bypass),Óvalo Salida a Cusco,VALIDO,1575.039645480839,126.1252025462963,NINGUNO
BYPASS_20260928_V01_F01063,BYPASS_20260928_V01,frame_01063.jpg,1063.0,00:17:43,08:27:43,31389,1049509.7,1080,1920,1080x1920,Smartphone 108 MP (Bypass),Óvalo Salida a Cusco,VALIDO,1583.0516627180855,127.0617399691358,NINGUNO
BYPASS_20260928_V01_F01064,BYPASS_20260928_V01,frame_01064.jpg,1064.0,00:17:44,08:27:44,31419,1050509.3,1080,1920,1080x1920,Smartphone 108 MP (Bypass),Óvalo Salida a Cusco,VALIDO,1662.6634057759486,124.74034336419753,NINGUNO
BYPASS_20260928_V01_F01065,BYPASS_20260928_V01,frame_01065.jpg,1065.0,00:17:45,08:27:45,31448,1051475.5,1080,1920,1080x1920,Smartphone 108 MP (Bypass),Óvalo Salida a Cusco,VALIDO,1629.339303605611,125.72801504629629,NINGUNO
BYPASS_20260928_V01_F01066,BYPASS_20260928_V01,frame_01066.jpg,1066.0,00:17:46,08:27:46,31478,1052541.8,1080,1920,1080x1920,Smartphone 108 MP (Bypass),Óvalo Salida a Cusco,VALIDO,1504.1619422847211,129.01080632716048,NINGUNO
BYPASS_20260928_V01_F01067,BYPASS_20260928_V01,frame_01067.jpg,1067.0,00:17:47,08:27:47,31507,1053508.0,1080,1920,1080x1920,Smartphone 108 MP (Bypass),Óvalo Salida a Cusco,VALIDO,1570.332328893892,130.29210841049382,NINGUNO
BYPASS_20260928_V01_F01068,BYPASS_20260928_V01,frame_01068.jpg,1068.0,00:17:48,08:27:48,31537,1054507.6,1080,1920,1080x1920,Smartphone 108 MP (Bypass),Óvalo Salida a Cusco,VALIDO,1659.3614701468932,130.3583352623457,NINGUNO
BYPASS_20260928_V01_F01069,BYPASS_20260928_V01,frame_01069.jpg,1069.0,00:17:49,08:27:49,31566,1055540.6,1080,1920,1080x1920,Smartphone 108 MP (Bypass),Óvalo Salida a Cusco,VALIDO,1742.4238310183846,131.3396624228395,NINGUNO
BYPASS_20260928_V01_F01070,BYPASS_20260928_V01,frame_01070.jpg,1070.0,00:17:50,08:27:50,31596,1056573.5,1080,1920,1080x1920,Smartphone 108 MP (Bypass),Óvalo Salida a Cusco,VALIDO,1716.4837353037244,131.3622762345679,NINGUNO
BYPASS_20260928_V01_F01071,BYPASS_20260928_V01,frame_01071.jpg,1071.0,00:17:51,08:27:51,31625,1057539.8,1080,1920,1080x1920,Smartphone 108 MP (Bypass),Óvalo Salida a Cusco,VALIDO,1684.626637703317,132.23583140432098,NINGUNO
BYPASS_20260928_V01_F01072,BYPASS_20260928_V01,frame_01072.jpg,1072.0,00:17:52,08:27:52,31655,1058572.7,1080,1920,1080x1920,Smartphone 108 MP (Bypass),Óvalo Salida a Cusco,VALIDO,1845.8742437661936,130.04957175925927,NINGUNO
BYPASS_20260928_V01_F01073,BYPASS_20260928_V01,frame_01073.jpg,1073.0,00:17:53,08:27:53,31684,1059538.9,1080,1920,1080x1920,Smartphone 108 MP (Bypass),Óvalo Salida a Cusco,VALIDO,1935.7480773211112,129.78945023148148,NINGUNO
BYPASS_20260928_V01_F01074,BYPASS_20260928_V01,frame_01074.jpg,1074.0,00:17:54,08:27:54,31714,1060538.5,1080,1920,1080x1920,Smartphone 108 MP (Bypass),Óvalo Salida a Cusco,VALIDO,1992.1524453022264,126.65124228395062,NINGUNO
BYPASS_20260928_V01_F01075,BYPASS_20260928_V01,frame_01075.jpg,1075.0,00:17:55,08:27:55,31743,1061504.9,1080,1920,1080x1920,Smartphone 108 MP (Bypass),Óvalo Salida a Cusco,VALIDO,1803.7046023940854,123.62940779320988,NINGUNO
BYPASS_20260928_V01_F01076,BYPASS_20260928_V01,frame_01076.jpg,1076.0,00:17:56,08:27:56,31773,1062504.5,1080,1920,1080x1920,Smartphone 108 MP (Bypass),Óvalo Salida a Cusco,VALIDO,1696.8930993619817,124.21276813271605,NINGUNO
BYPASS_20260928_V01_F01077,BYPASS_20260928_V01,frame_01077.jpg,1077.0,00:17:57,08:27:57,31802,1063470.7,1080,1920,1080x1920,Smartphone 108 MP (Bypass),Óvalo Salida a Cusco,VALIDO,1673.1871538813002,125.38666859567901,NINGUNO
BYPASS_20260928_V01_F01078,BYPASS_20260928_V01,frame_01078.jpg,1078.0,00:17:58,08:27:58,31832,1064470.3,1080,1920,1080x1920,Smartphone 108 MP (Bypass),Óvalo Salida a Cusco,VALIDO,1659.024684913959,127.20568287037037,NINGUNO
BYPASS_20260928_V01_F01079,BYPASS_20260928_V01,frame_01079.jpg,1079.0,00:17:59,08:27:59,31862,1065469.9,1080,1920,1080x1920,Smartphone 108 MP (Bypass),Óvalo Salida a Cusco,VALIDO,1733.6612667899951,125.69768518518518,NINGUNO
BYPASS_20260928_V01_F01080,BYPASS_20260928_V01,frame_01080.jpg,1080.0,00:18:00,08:28:00,31891,1066436.2,1080,1920,1080x1920,Smartphone 108 MP (Bypass),Óvalo Salida a Cusco,VALIDO,1622.3140188813989,126.42884066358025,NINGUNO
BYPASS_20260928_V01_F01081,BYPASS_20260928_V01,frame_01081.jpg,1081.0,00:18:01,08:28:01,31921,1067435.9,1080,1920,1080x1920,Smartphone 108 MP (Bypass),Óvalo Salida a Cusco,VALIDO,1469.8823657404391,126.08055941358025,NINGUNO
BYPASS_20260928_V01_F01082,BYPASS_20260928_V01,frame_01082.jpg,1082.0,00:18:02,08:28:02,31950,1068402.1,1080,1920,1080x1920,Smartphone 108 MP (Bypass),Óvalo Salida a Cusco,VALIDO,1578.1670525064615,120.9172550154321,NINGUNO
BYPASS_20260928_V01_F01083,BYPASS_20260928_V01,frame_01083.jpg,1083.0,00:18:03,08:28:03,31980,1069401.6,1080,1920,1080x1920,Smartphone 108 MP (Bypass),Óvalo Salida a Cusco,VALIDO,1724.2350970386647,124.41439814814815,NINGUNO
BYPASS_20260928_V01_F01084,BYPASS_20260928_V01,frame_01084.jpg,1084.0,00:18:04,08:28:04,32009,1070367.9,1080,1920,1080x1920,Smartphone 108 MP (Bypass),Óvalo Salida a Cusco,VALIDO,1628.0800570105157,123.3994598765432,NINGUNO
BYPASS_20260928_V01_F01085,BYPASS_20260928_V01,frame_01085.jpg,1085.0,00:18:05,08:28:05,32039,1071367.5,1080,1920,1080x1920,Smartphone 108 MP (Bypass),Óvalo Salida a Cusco,VALIDO,1475.3392416599647,122.49945794753087,NINGUNO
BYPASS_20260928_V01_F01086,BYPASS_20260928_V01,frame_01086.jpg,1086.0,00:18:06,08:28:06,32068,1072367.1,1080,1920,1080x1920,Smartphone 108 MP (Bypass),Óvalo Salida a Cusco,VALIDO,1485.9594555838612,122.37356867283951,NINGUNO
BYPASS_20260928_V01_F01087,BYPASS_20260928_V01,frame_01087.jpg,1087.0,00:18:07,08:28:07,32098,1073366.7,1080,1920,1080x1920,Smartphone 108 MP (Bypass),Óvalo Salida a Cusco,VALIDO,1516.978950221654,118.09580825617284,NINGUNO
BYPASS_20260928_V01_F01088,BYPASS_20260928_V01,frame_01088.jpg,1088.0,00:18:08,08:28:08,32127,1074332.9,1080,1920,1080x1920,Smartphone 108 MP (Bypass),Óvalo Salida a Cusco,VALIDO,1587.022461229695,121.0936361882716,NINGUNO
BYPASS_20260928_V01_F01089,BYPASS_20260928_V01,frame_01089.jpg,1089.0,00:18:09,08:28:09,32157,1075365.8,1080,1920,1080x1920,Smartphone 108 MP (Bypass),Óvalo Salida a Cusco,VALIDO,1472.5310472036315,124.87158564814816,NINGUNO
BYPASS_20260928_V01_F01090,BYPASS_20260928_V01,frame_01090.jpg,1090.0,00:18:10,08:28:10,32186,1076332.1,1080,1920,1080x1920,Smartphone 108 MP (Bypass),Óvalo Salida a Cusco,VALIDO,1511.0460303325137,123.93400848765432,NINGUNO
BYPASS_20260928_V01_F01091,BYPASS_20260928_V01,frame_01091.jpg,1091.0,00:18:11,08:28:11,32216,1077331.7,1080,1920,1080x1920,Smartphone 108 MP (Bypass),Óvalo Salida a Cusco,VALIDO,1470.817871930158,123.51087577160494,NINGUNO
BYPASS_20260928_V01_F01092,BYPASS_20260928_V01,frame_01092.jpg,1092.0,00:18:12,08:28:12,32245,1078298.0,1080,1920,1080x1920,Smartphone 108 MP (Bypass),Óvalo Salida a Cusco,VALIDO,1399.2848329501508,121.21090470679012,NINGUNO
BYPASS_20260928_V01_F01093,BYPASS_20260928_V01,frame_01093.jpg,1093.0,00:18:13,08:28:13,32275,1079297.6,1080,1920,1080x1920,Smartphone 108 MP (Bypass),Óvalo Salida a Cusco,VALIDO,1314.3676453064124,120.18281442901234,NINGUNO
BYPASS_20260928_V01_F01094,BYPASS_20260928_V01,frame_01094.jpg,1094.0,00:18:14,08:28:14,32304,1080297.2,1080,1920,1080x1920,Smartphone 108 MP (Bypass),Óvalo Salida a Cusco,VALIDO,1343.2932806769522,120.16714506172839,NINGUNO
BYPASS_20260928_V01_F01095,BYPASS_20260928_V01,frame_01095.jpg,1095.0,00:18:15,08:28:15,32334,1081296.7,1080,1920,1080x1920,Smartphone 108 MP (Bypass),Óvalo Salida a Cusco,VALIDO,1502.4585216107398,121.06196180555555,NINGUNO
BYPASS_20260928_V01_F01096,BYPASS_20260928_V01,frame_01096.jpg,1096.0,00:18:16,08:28:16,32364,1082296.3,1080,1920,1080x1920,Smartphone 108 MP (Bypass),Óvalo Salida a Cusco,VALIDO,1430.9111847493677,120.01921489197531,NINGUNO
BYPASS_20260928_V01_F01097,BYPASS_20260928_V01,frame_01097.jpg,1097.0,00:18:17,08:28:17,32393,1083262.6,1080,1920,1080x1920,Smartphone 108 MP (Bypass),Óvalo Salida a Cusco,VALIDO,1486.7189190452457,119.85703510802469,NINGUNO
BYPASS_20260928_V01_F01098,BYPASS_20260928_V01,frame_01098.jpg,1098.0,00:18:18,08:28:18,32423,1084262.2,1080,1920,1080x1920,Smartphone 108 MP (Bypass),Óvalo Salida a Cusco,VALIDO,1405.2413041492816,118.81296682098765,NINGUNO
BYPASS_20260928_V01_F01099,BYPASS_20260928_V01,frame_01099.jpg,1099.0,00:18:19,08:28:19,32452,1085228.5,1080,1920,1080x1920,Smartphone 108 MP (Bypass),Óvalo Salida a Cusco,VALIDO,1411.8450075017145,119.54363811728395,NINGUNO
BYPASS_20260928_V01_F01100,BYPASS_20260928_V01,frame_01100.jpg,1100.0,00:18:20,08:28:20,32482,1086261.4,1080,1920,1080x1920,Smartphone 108 MP (Bypass),Óvalo Salida a Cusco,VALIDO,1417.593999827579,122.13850694444444,NINGUNO
BYPASS_20260928_V01_F01101,BYPASS_20260928_V01,frame_01101.jpg,1101.0,00:18:21,08:28:21,32511,1087227.7,1080,1920,1080x1920,Smartphone 108 MP (Bypass),Óvalo Salida a Cusco,VALIDO,1393.0222800217289,123.28999807098765,NINGUNO
BYPASS_20260928_V01_F01102,BYPASS_20260928_V01,frame_01102.jpg,1102.0,00:18:22,08:28:22,32541,1088227.3,1080,1920,1080x1920,Smartphone 108 MP (Bypass),Óvalo Salida a Cusco,VALIDO,1302.7458868740837,123.69681905864198,NINGUNO
BYPASS_20260928_V01_F01103,BYPASS_20260928_V01,frame_01103.jpg,1103.0,00:18:23,08:28:23,32570,1089193.6,1080,1920,1080x1920,Smartphone 108 MP (Bypass),Óvalo Salida a Cusco,VALIDO,1270.9978875464355,123.19056520061729,NINGUNO
BYPASS_20260928_V01_F01104,BYPASS_20260928_V01,frame_01104.jpg,1104.0,00:18:24,08:28:24,32600,1090193.1,1080,1920,1080x1920,Smartphone 108 MP (Bypass),Óvalo Salida a Cusco,VALIDO,1383.1386879047207,124.01453317901235,NINGUNO
BYPASS_20260928_V01_F01105,BYPASS_20260928_V01,frame_01105.jpg,1105.0,00:18:25,08:28:25,32629,1091192.7,1080,1920,1080x1920,Smartphone 108 MP (Bypass),Óvalo Salida a Cusco,VALIDO,1386.2052962575824,125.12215084876543,NINGUNO
BYPASS_20260928_V01_F01106,BYPASS_20260928_V01,frame_01106.jpg,1106.0,00:18:26,08:28:26,32659,1092225.7,1080,1920,1080x1920,Smartphone 108 MP (Bypass),Óvalo Salida a Cusco,VALIDO,1372.1062735535943,126.77696566358024,NINGUNO
BYPASS_20260928_V01_F01107,BYPASS_20260928_V01,frame_01107.jpg,1107.0,00:18:27,08:28:27,32688,1093191.9,1080,1920,1080x1920,Smartphone 108 MP (Bypass),Óvalo Salida a Cusco,VALIDO,1406.8627276981726,127.18803047839506,NINGUNO
BYPASS_20260928_V01_F01108,BYPASS_20260928_V01,frame_01108.jpg,1108.0,00:18:28,08:28:28,32718,1094191.5,1080,1920,1080x1920,Smartphone 108 MP (Bypass),Óvalo Salida a Cusco,VALIDO,1445.7412172781753,127.10386959876543,NINGUNO
BYPASS_20260928_V01_F01109,BYPASS_20260928_V01,frame_01109.jpg,1109.0,00:18:29,08:28:29,32747,1095157.8,1080,1920,1080x1920,Smartphone 108 MP (Bypass),Óvalo Salida a Cusco,VALIDO,1444.675026011121,128.55419174382715,NINGUNO
BYPASS_20260928_V01_F01110,BYPASS_20260928_V01,frame_01110.jpg,1110.0,00:18:30,08:28:30,32777,1096157.4,1080,1920,1080x1920,Smartphone 108 MP (Bypass),Óvalo Salida a Cusco,VALIDO,1337.586145317289,126.63623456790124,NINGUNO
BYPASS_20260928_V01_F01111,BYPASS_20260928_V01,frame_01111.jpg,1111.0,00:18:31,08:28:31,32806,1097123.7,1080,1920,1080x1920,Smartphone 108 MP (Bypass),Óvalo Salida a Cusco,VALIDO,1346.6763972168492,126.17855324074074,NINGUNO
BYPASS_20260928_V01_F01112,BYPASS_20260928_V01,frame_01112.jpg,1112.0,00:18:32,08:28:32,32836,1098123.3,1080,1920,1080x1920,Smartphone 108 MP (Bypass),Óvalo Salida a Cusco,VALIDO,1396.396396553126,125.33056905864197,NINGUNO
BYPASS_20260928_V01_F01113,BYPASS_20260928_V01,frame_01113.jpg,1113.0,00:18:33,08:28:33,32866,1099122.9,1080,1920,1080x1920,Smartphone 108 MP (Bypass),Óvalo Salida a Cusco,VALIDO,1294.0444616969003,127.98802083333334,NINGUNO
BYPASS_20260928_V01_F01114,BYPASS_20260928_V01,frame_01114.jpg,1114.0,00:18:34,08:28:34,32895,1100089.2,1080,1920,1080x1920,Smartphone 108 MP (Bypass),Óvalo Salida a Cusco,VALIDO,1278.930977978445,127.70860725308641,NINGUNO
BYPASS_20260928_V01_F01115,BYPASS_20260928_V01,frame_01115.jpg,1115.0,00:18:35,08:28:35,32925,1101088.8,1080,1920,1080x1920,Smartphone 108 MP (Bypass),Óvalo Salida a Cusco,VALIDO,1277.565501281152,127.8307349537037,NINGUNO
BYPASS_20260928_V01_F01116,BYPASS_20260928_V01,frame_01116.jpg,1116.0,00:18:36,08:28:36,32954,1102088.4,1080,1920,1080x1920,Smartphone 108 MP (Bypass),Óvalo Salida a Cusco,VALIDO,1312.2989192611549,128.74096450617284,NINGUNO
BYPASS_20260928_V01_F01117,BYPASS_20260928_V01,frame_01117.jpg,1117.0,00:18:37,08:28:37,32984,1103088.0,1080,1920,1080x1920,Smartphone 108 MP (Bypass),Óvalo Salida a Cusco,VALIDO,1449.9980836928798,129.20828317901234,NINGUNO
BYPASS_20260928_V01_F01118,BYPASS_20260928_V01,frame_01118.jpg,1118.0,00:18:38,08:28:38,33013,1104087.6,1080,1920,1080x1920,Smartphone 108 MP (Bypass),Óvalo Salida a Cusco,VALIDO,1503.340444686728,128.26704668209877,NINGUNO
BYPASS_20260928_V01_F01119,BYPASS_20260928_V01,frame_01119.jpg,1119.0,00:18:39,08:28:39,33043,1105120.5,1080,1920,1080x1920,Smartphone 108 MP (Bypass),Óvalo Salida a Cusco,VALIDO,1632.4490162090583,128.60442322530864,NINGUNO
BYPASS_20260928_V01_F01120,BYPASS_20260928_V01,frame_01120.jpg,1120.0,00:18:40,08:28:40,33072,1106086.7,1080,1920,1080x1920,Smartphone 108 MP (Bypass),Óvalo Salida a Cusco,VALIDO,1775.560742741139,133.69211033950617,NINGUNO
BYPASS_20260928_V01_F01121,BYPASS_20260928_V01,frame_01121.jpg,1121.0,00:18:41,08:28:41,33102,1107086.4,1080,1920,1080x1920,Smartphone 108 MP (Bypass),Óvalo Salida a Cusco,VALIDO,1619.732514915553,135.67314429012345,NINGUNO
BYPASS_20260928_V01_F01122,BYPASS_20260928_V01,frame_01122.jpg,1122.0,00:18:42,08:28:42,33131,1108052.6,1080,1920,1080x1920,Smartphone 108 MP (Bypass),Óvalo Salida a Cusco,VALIDO,1546.3520411772538,136.15795331790125,NINGUNO
BYPASS_20260928_V01_F01123,BYPASS_20260928_V01,frame_01123.jpg,1123.0,00:18:43,08:28:43,33161,1109052.2,1080,1920,1080x1920,Smartphone 108 MP (Bypass),Óvalo Salida a Cusco,VALIDO,1577.4069945065974,138.90496141975308,NINGUNO
BYPASS_20260928_V01_F01124,BYPASS_20260928_V01,frame_01124.jpg,1124.0,00:18:44,08:28:44,33190,1110051.8,1080,1920,1080x1920,Smartphone 108 MP (Bypass),Óvalo Salida a Cusco,VALIDO,1609.9180347697184,140.36458333333334,NINGUNO
BYPASS_20260928_V01_F01125,BYPASS_20260928_V01,frame_01125.jpg,1125.0,00:18:45,08:28:45,33220,1111084.7,1080,1920,1080x1920,Smartphone 108 MP (Bypass),Óvalo Salida a Cusco,VALIDO,1468.6121334367456,141.90554205246914,NINGUNO
BYPASS_20260928_V01_F01126,BYPASS_20260928_V01,frame_01126.jpg,1126.0,00:18:46,08:28:46,33249,1112051.0,1080,1920,1080x1920,Smartphone 108 MP (Bypass),Óvalo Salida a Cusco,VALIDO,1454.2577233612283,142.5777739197531,NINGUNO
BYPASS_20260928_V01_F01127,BYPASS_20260928_V01,frame_01127.jpg,1127.0,00:18:47,08:28:47,33279,1113050.5,1080,1920,1080x1920,Smartphone 108 MP (Bypass),Óvalo Salida a Cusco,VALIDO,1527.3858238353887,142.73058834876542,NINGUNO
BYPASS_20260928_V01_F01128,BYPASS_20260928_V01,frame_01128.jpg,1128.0,00:18:48,08:28:48,33308,1114016.8,1080,1920,1080x1920,Smartphone 108 MP (Bypass),Óvalo Salida a Cusco,VALIDO,1567.077925732489,144.02409336419754,NINGUNO
BYPASS_20260928_V01_F01129,BYPASS_20260928_V01,frame_01129.jpg,1129.0,00:18:49,08:28:49,33338,1115049.7,1080,1920,1080x1920,Smartphone 108 MP (Bypass),Óvalo Salida a Cusco,VALIDO,1554.1486263759691,143.56744984567902,NINGUNO
BYPASS_20260928_V01_F01130,BYPASS_20260928_V01,frame_01130.jpg,1130.0,00:18:50,08:28:50,33368,1116049.3,1080,1920,1080x1920,Smartphone 108 MP (Bypass),Óvalo Salida a Cusco,VALIDO,1611.4660735217906,144.81009837962964,NINGUNO
BYPASS_20260928_V01_F01131,BYPASS_20260928_V01,frame_01131.jpg,1131.0,00:18:51,08:28:51,33397,1117015.6,1080,1920,1080x1920,Smartphone 108 MP (Bypass),Óvalo Salida a Cusco,VALIDO,1564.281979263114,145.48813078703705,NINGUNO
BYPASS_20260928_V01_F01132,BYPASS_20260928_V01,frame_01132.jpg,1132.0,00:18:52,08:28:52,33427,1118015.3,1080,1920,1080x1920,Smartphone 108 MP (Bypass),Óvalo Salida a Cusco,VALIDO,1568.8713464312345,143.18926311728396,NINGUNO
BYPASS_20260928_V01_F01133,BYPASS_20260928_V01,frame_01133.jpg,1133.0,00:18:53,08:28:53,33456,1119014.9,1080,1920,1080x1920,Smartphone 108 MP (Bypass),Óvalo Salida a Cusco,VALIDO,1573.799695392425,143.42718171296298,NINGUNO
BYPASS_20260928_V01_F01134,BYPASS_20260928_V01,frame_01134.jpg,1134.0,00:18:54,08:28:54,33486,1120014.4,1080,1920,1080x1920,Smartphone 108 MP (Bypass),Óvalo Salida a Cusco,VALIDO,1543.6426631475551,142.5342476851852,NINGUNO
BYPASS_20260928_V01_F01135,BYPASS_20260928_V01,frame_01135.jpg,1135.0,00:18:55,08:28:55,33515,1120980.7,1080,1920,1080x1920,Smartphone 108 MP (Bypass),Óvalo Salida a Cusco,VALIDO,1524.5085802476242,142.32377700617283,NINGUNO
BYPASS_20260928_V01_F01136,BYPASS_20260928_V01,frame_01136.jpg,1136.0,00:18:56,08:28:56,33545,1121980.3,1080,1920,1080x1920,Smartphone 108 MP (Bypass),Óvalo Salida a Cusco,VALIDO,1425.5516176054375,144.40845486111112,NINGUNO
BYPASS_20260928_V01_F01137,BYPASS_20260928_V01,frame_01137.jpg,1137.0,00:18:57,08:28:57,33574,1122946.6,1080,1920,1080x1920,Smartphone 108 MP (Bypass),Óvalo Salida a Cusco,VALIDO,1505.1496652604485,144.2992785493827,NINGUNO
BYPASS_20260928_V01_F01138,BYPASS_20260928_V01,frame_01138.jpg,1138.0,00:18:58,08:28:58,33604,1123979.5,1080,1920,1080x1920,Smartphone 108 MP (Bypass),Óvalo Salida a Cusco,VALIDO,1591.9578568246814,144.00141203703703,NINGUNO
BYPASS_20260928_V01_F01139,BYPASS_20260928_V01,frame_01139.jpg,1139.0,00:18:59,08:28:59,33633,1124979.1,1080,1920,1080x1920,Smartphone 108 MP (Bypass),Óvalo Salida a Cusco,VALIDO,1682.4758582187499,138.69557098765432,NINGUNO
BYPASS_20260928_V01_F01140,BYPASS_20260928_V01,frame_01140.jpg,1140.0,00:19:00,08:29:00,33663,1125978.7,1080,1920,1080x1920,Smartphone 108 MP (Bypass),Óvalo Salida a Cusco,VALIDO,1584.0027773219451,138.14150462962962,NINGUNO
BYPASS_20260928_V01_F01141,BYPASS_20260928_V01,frame_01141.jpg,1141.0,00:19:01,08:29:01,33692,1126945.1,1080,1920,1080x1920,Smartphone 108 MP (Bypass),Óvalo Salida a Cusco,VALIDO,1569.0253034354134,130.79347029320988,NINGUNO
BYPASS_20260928_V01_F01142,BYPASS_20260928_V01,frame_01142.jpg,1142.0,00:19:02,08:29:02,33722,1127944.7,1080,1920,1080x1920,Smartphone 108 MP (Bypass),Óvalo Salida a Cusco,VALIDO,1581.2711069523887,126.89799189814815,NINGUNO
BYPASS_20260928_V01_F01143,BYPASS_20260928_V01,frame_01143.jpg,1143.0,00:19:03,08:29:03,33751,1128944.2,1080,1920,1080x1920,Smartphone 108 MP (Bypass),Óvalo Salida a Cusco,VALIDO,1482.3685530839748,131.27837770061728,NINGUNO
BYPASS_20260928_V01_F01144,BYPASS_20260928_V01,frame_01144.jpg,1144.0,00:19:04,08:29:04,33781,1129943.9,1080,1920,1080x1920,Smartphone 108 MP (Bypass),Óvalo Salida a Cusco,VALIDO,1561.194621981215,133.53502314814816,NINGUNO
BYPASS_20260928_V01_F01145,BYPASS_20260928_V01,frame_01145.jpg,1145.0,00:19:05,08:29:05,33810,1130910.1,1080,1920,1080x1920,Smartphone 108 MP (Bypass),Óvalo Salida a Cusco,VALIDO,1548.4911139860387,132.57563078703703,NINGUNO
BYPASS_20260928_V01_F01146,BYPASS_20260928_V01,frame_01146.jpg,1146.0,00:19:06,08:29:06,33840,1131943.0,1080,1920,1080x1920,Smartphone 108 MP (Bypass),Óvalo Salida a Cusco,VALIDO,1592.6140264381859,131.68365547839505,NINGUNO
BYPASS_20260928_V01_F01147,BYPASS_20260928_V01,frame_01147.jpg,1147.0,00:19:07,08:29:07,33870,1132942.6,1080,1920,1080x1920,Smartphone 108 MP (Bypass),Óvalo Salida a Cusco,VALIDO,1526.6977230750922,130.9631385030864,NINGUNO
BYPASS_20260928_V01_F01148,BYPASS_20260928_V01,frame_01148.jpg,1148.0,00:19:08,08:29:08,33899,1133908.9,1080,1920,1080x1920,Smartphone 108 MP (Bypass),Óvalo Salida a Cusco,VALIDO,1520.910508180884,133.33230902777777,NINGUNO
BYPASS_20260928_V01_F01149,BYPASS_20260928_V01,frame_01149.jpg,1149.0,00:19:09,08:29:09,33929,1134908.5,1080,1920,1080x1920,Smartphone 108 MP (Bypass),Óvalo Salida a Cusco,VALIDO,1552.9946297185638,134.48908950617283,NINGUNO
BYPASS_20260928_V01_F01150,BYPASS_20260928_V01,frame_01150.jpg,1150.0,00:19:10,08:29:10,33958,1135874.7,1080,1920,1080x1920,Smartphone 108 MP (Bypass),Óvalo Salida a Cusco,VALIDO,1618.8647942555913,134.62227816358023,NINGUNO
BYPASS_20260928_V01_F01151,BYPASS_20260928_V01,frame_01151.jpg,1151.0,00:19:11,08:29:11,33988,1136907.7,1080,1920,1080x1920,Smartphone 108 MP (Bypass),Óvalo Salida a Cusco,VALIDO,1651.2616028339812,133.75956404320988,NINGUNO
BYPASS_20260928_V01_F01152,BYPASS_20260928_V01,frame_01152.jpg,1152.0,00:19:12,08:29:12,34017,1137873.9,1080,1920,1080x1920,Smartphone 108 MP (Bypass),Óvalo Salida a Cusco,VALIDO,1609.0369906485735,132.36135223765433,NINGUNO
BYPASS_20260928_V01_F01153,BYPASS_20260928_V01,frame_01153.jpg,1153.0,00:19:13,08:29:13,34047,1138873.5,1080,1920,1080x1920,Smartphone 108 MP (Bypass),Óvalo Salida a Cusco,VALIDO,1567.226249992796,136.0985976080247,NINGUNO
BYPASS_20260928_V01_F01154,BYPASS_20260928_V01,frame_01154.jpg,1154.0,00:19:14,08:29:14,34076,1139839.8,1080,1920,1080x1920,Smartphone 108 MP (Bypass),Óvalo Salida a Cusco,VALIDO,1548.3695767992472,135.24820601851852,NINGUNO
BYPASS_20260928_V01_F01155,BYPASS_20260928_V01,frame_01155.jpg,1155.0,00:19:15,08:29:15,34106,1140872.8,1080,1920,1080x1920,Smartphone 108 MP (Bypass),Óvalo Salida a Cusco,VALIDO,1572.5650793423877,132.39500771604938,NINGUNO
BYPASS_20260928_V01_F01156,BYPASS_20260928_V01,frame_01156.jpg,1156.0,00:19:16,08:29:16,34135,1141839.0,1080,1920,1080x1920,Smartphone 108 MP (Bypass),Óvalo Salida a Cusco,VALIDO,1580.4178104518985,131.7066010802469,NINGUNO
BYPASS_20260928_V01_F01157,BYPASS_20260928_V01,frame_01157.jpg,1157.0,00:19:17,08:29:17,34165,1142838.7,1080,1920,1080x1920,Smartphone 108 MP (Bypass),Óvalo Salida a Cusco,VALIDO,1553.6962373496046,129.8226350308642,NINGUNO
BYPASS_20260928_V01_F01158,BYPASS_20260928_V01,frame_01158.jpg,1158.0,00:19:18,08:29:18,34194,1143804.9,1080,1920,1080x1920,Smartphone 108 MP (Bypass),Óvalo Salida a Cusco,VALIDO,1630.2784490725853,130.19028356481482,NINGUNO
BYPASS_20260928_V01_F01159,BYPASS_20260928_V01,frame_01159.jpg,1159.0,00:19:19,08:29:19,34224,1144804.5,1080,1920,1080x1920,Smartphone 108 MP (Bypass),Óvalo Salida a Cusco,VALIDO,1706.1806617658103,130.41487847222223,NINGUNO
BYPASS_20260928_V01_F01160,BYPASS_20260928_V01,frame_01160.jpg,1160.0,00:19:20,08:29:20,34253,1145770.8,1080,1920,1080x1920,Smartphone 108 MP (Bypass),Óvalo Salida a Cusco,VALIDO,1670.4973192844939,130.7305034722222,NINGUNO
BYPASS_20260928_V01_F01161,BYPASS_20260928_V01,frame_01161.jpg,1161.0,00:19:21,08:29:21,34283,1146770.4,1080,1920,1080x1920,Smartphone 108 MP (Bypass),Óvalo Salida a Cusco,VALIDO,1598.9927404425148,129.5889737654321,NINGUNO
BYPASS_20260928_V01_F01162,BYPASS_20260928_V01,frame_01162.jpg,1162.0,00:19:22,08:29:22,34312,1147736.7,1080,1920,1080x1920,Smartphone 108 MP (Bypass),Óvalo Salida a Cusco,VALIDO,1600.6769764740536,128.95643711419754,NINGUNO
BYPASS_20260928_V01_F01163,BYPASS_20260928_V01,frame_01163.jpg,1163.0,00:19:23,08:29:23,34342,1148736.3,1080,1920,1080x1920,Smartphone 108 MP (Bypass),Óvalo Salida a Cusco,VALIDO,1675.5863312147535,128.72364969135802,NINGUNO
BYPASS_20260928_V01_F01164,BYPASS_20260928_V01,frame_01164.jpg,1164.0,00:19:24,08:29:24,34371,1149702.5,1080,1920,1080x1920,Smartphone 108 MP (Bypass),Óvalo Salida a Cusco,VALIDO,1562.1409167735321,135.84137345679014,NINGUNO
BYPASS_20260928_V01_F01165,BYPASS_20260928_V01,frame_01165.jpg,1165.0,00:19:25,08:29:25,34401,1150735.4,1080,1920,1080x1920,Smartphone 108 MP (Bypass),Óvalo Salida a Cusco,VALIDO,1529.2873512002736,138.54088348765433,NINGUNO
BYPASS_20260928_V01_F01166,BYPASS_20260928_V01,frame_01166.jpg,1166.0,00:19:26,08:29:26,34431,1151735.0,1080,1920,1080x1920,Smartphone 108 MP (Bypass),Óvalo Salida a Cusco,VALIDO,1485.0519809170519,136.90045524691357,NINGUNO
BYPASS_20260928_V01_F01167,BYPASS_20260928_V01,frame_01167.jpg,1167.0,00:19:27,08:29:27,34460,1152701.3,1080,1920,1080x1920,Smartphone 108 MP (Bypass),Óvalo Salida a Cusco,VALIDO,1451.541756200521,138.10367283950617,NINGUNO
BYPASS_20260928_V01_F01168,BYPASS_20260928_V01,frame_01168.jpg,1168.0,00:19:28,08:29:28,34490,1153700.9,1080,1920,1080x1920,Smartphone 108 MP (Bypass),Óvalo Salida a Cusco,VALIDO,1472.2346404299553,139.9814139660494,NINGUNO
BYPASS_20260928_V01_F01169,BYPASS_20260928_V01,frame_01169.jpg,1169.0,00:19:29,08:29:29,34519,1154667.1,1080,1920,1080x1920,Smartphone 108 MP (Bypass),Óvalo Salida a Cusco,VALIDO,1455.9940565212198,139.83558834876544,NINGUNO
BYPASS_20260928_V01_F01170,BYPASS_20260928_V01,frame_01170.jpg,1170.0,00:19:30,08:29:30,34549,1155666.7,1080,1920,1080x1920,Smartphone 108 MP (Bypass),Óvalo Salida a Cusco,VALIDO,1505.7990080970287,138.2648726851852,NINGUNO
BYPASS_20260928_V01_F01171,BYPASS_20260928_V01,frame_01171.jpg,1171.0,00:19:31,08:29:31,34578,1156633.0,1080,1920,1080x1920,Smartphone 108 MP (Bypass),Óvalo Salida a Cusco,VALIDO,1537.8364418628682,138.5026388888889,NINGUNO
BYPASS_20260928_V01_F01172,BYPASS_20260928_V01,frame_01172.jpg,1172.0,00:19:32,08:29:32,34608,1157699.2,1080,1920,1080x1920,Smartphone 108 MP (Bypass),Óvalo Salida a Cusco,VALIDO,1560.2714370762383,138.48230709876543,NINGUNO
BYPASS_20260928_V01_F01173,BYPASS_20260928_V01,frame_01173.jpg,1173.0,00:19:33,08:29:33,34637,1158665.5,1080,1920,1080x1920,Smartphone 108 MP (Bypass),Óvalo Salida a Cusco,VALIDO,1592.3766279887643,138.46769290123456,NINGUNO
BYPASS_20260928_V01_F01174,BYPASS_20260928_V01,frame_01174.jpg,1174.0,00:19:34,08:29:34,34667,1159698.4,1080,1920,1080x1920,Smartphone 108 MP (Bypass),Óvalo Salida a Cusco,VALIDO,1593.4264358217551,139.3827874228395,NINGUNO
BYPASS_20260928_V01_F01175,BYPASS_20260928_V01,frame_01175.jpg,1175.0,00:19:35,08:29:35,34696,1160664.8,1080,1920,1080x1920,Smartphone 108 MP (Bypass),Óvalo Salida a Cusco,VALIDO,1493.7286889993568,129.95596836419753,NINGUNO
BYPASS_20260928_V01_F01176,BYPASS_20260928_V01,frame_01176.jpg,1176.0,00:19:36,08:29:36,34726,1161664.4,1080,1920,1080x1920,Smartphone 108 MP (Bypass),Óvalo Salida a Cusco,VALIDO,1437.2067243318972,123.49424768518519,NINGUNO
BYPASS_20260928_V01_F01177,BYPASS_20260928_V01,frame_01177.jpg,1177.0,00:19:37,08:29:37,34755,1162630.6,1080,1920,1080x1920,Smartphone 108 MP (Bypass),Óvalo Salida a Cusco,VALIDO,1407.068179949331,132.788074845679,NINGUNO
BYPASS_20260928_V01_F01178,BYPASS_20260928_V01,frame_01178.jpg,1178.0,00:19:38,08:29:38,34785,1163630.2,1080,1920,1080x1920,Smartphone 108 MP (Bypass),Óvalo Salida a Cusco,VALIDO,1414.8208787215506,135.04924575617284,NINGUNO
BYPASS_20260928_V01_F01179,BYPASS_20260928_V01,frame_01179.jpg,1179.0,00:19:39,08:29:39,34814,1164596.4,1080,1920,1080x1920,Smartphone 108 MP (Bypass),Óvalo Salida a Cusco,VALIDO,1449.9343278589238,137.45465470679014,NINGUNO
BYPASS_20260928_V01_F01180,BYPASS_20260928_V01,frame_01180.jpg,1180.0,00:19:40,08:29:40,34844,1165596.0,1080,1920,1080x1920,Smartphone 108 MP (Bypass),Óvalo Salida a Cusco,VALIDO,1383.8443265279682,140.36764081790125,NINGUNO
BYPASS_20260928_V01_F01181,BYPASS_20260928_V01,frame_01181.jpg,1181.0,00:19:41,08:29:41,34873,1166562.3,1080,1920,1080x1920,Smartphone 108 MP (Bypass),Óvalo Salida a Cusco,VALIDO,1408.9642912205486,138.90184992283952,NINGUNO
BYPASS_20260928_V01_F01182,BYPASS_20260928_V01,frame_01182.jpg,1182.0,00:19:42,08:29:42,34903,1167561.9,1080,1920,1080x1920,Smartphone 108 MP (Bypass),Óvalo Salida a Cusco,VALIDO,1479.209351674575,138.489581404321,NINGUNO
BYPASS_20260928_V01_F01183,BYPASS_20260928_V01,frame_01183.jpg,1183.0,00:19:43,08:29:43,34933,1168594.8,1080,1920,1080x1920,Smartphone 108 MP (Bypass),Óvalo Salida a Cusco,VALIDO,1464.4850621805072,138.82859182098767,NINGUNO
BYPASS_20260928_V01_F01184,BYPASS_20260928_V01,frame_01184.jpg,1184.0,00:19:44,08:29:44,34962,1169561.2,1080,1920,1080x1920,Smartphone 108 MP (Bypass),Óvalo Salida a Cusco,VALIDO,1597.639337985587,136.84075038580247,NINGUNO
BYPASS_20260928_V01_F01185,BYPASS_20260928_V01,frame_01185.jpg,1185.0,00:19:45,08:29:45,34992,1170594.1,1080,1920,1080x1920,Smartphone 108 MP (Bypass),Óvalo Salida a Cusco,VALIDO,1575.0312684208627,129.72794174382716,NINGUNO
BYPASS_20260928_V01_F01186,BYPASS_20260928_V01,frame_01186.jpg,1186.0,00:19:46,08:29:46,35021,1171560.4,1080,1920,1080x1920,Smartphone 108 MP (Bypass),Óvalo Salida a Cusco,VALIDO,1544.5271349745678,128.08527777777778,NINGUNO
BYPASS_20260928_V01_F01187,BYPASS_20260928_V01,frame_01187.jpg,1187.0,00:19:47,08:29:47,35051,1172560.0,1080,1920,1080x1920,Smartphone 108 MP (Bypass),Óvalo Salida a Cusco,VALIDO,1555.2212142126195,128.31512345679013,NINGUNO
BYPASS_20260928_V01_F01188,BYPASS_20260928_V01,frame_01188.jpg,1188.0,00:19:48,08:29:48,35080,1173526.2,1080,1920,1080x1920,Smartphone 108 MP (Bypass),Óvalo Salida a Cusco,VALIDO,1557.8228973464022,129.40311342592594,NINGUNO
BYPASS_20260928_V01_F01189,BYPASS_20260928_V01,frame_01189.jpg,1189.0,00:19:49,08:29:49,35110,1174525.8,1080,1920,1080x1920,Smartphone 108 MP (Bypass),Óvalo Salida a Cusco,VALIDO,1509.3861728395061,132.66835455246914,NINGUNO
BYPASS_20260928_V01_F01190,BYPASS_20260928_V01,frame_01190.jpg,1190.0,00:19:50,08:29:50,35139,1175492.1,1080,1920,1080x1920,Smartphone 108 MP (Bypass),Óvalo Salida a Cusco,VALIDO,1476.2652009111573,134.78746334876544,NINGUNO
BYPASS_20260928_V01_F01191,BYPASS_20260928_V01,frame_01191.jpg,1191.0,00:19:51,08:29:51,35169,1176525.0,1080,1920,1080x1920,Smartphone 108 MP (Bypass),Óvalo Salida a Cusco,VALIDO,1349.4538652777776,135.05985532407408,NINGUNO
BYPASS_20260928_V01_F01192,BYPASS_20260928_V01,frame_01192.jpg,1192.0,00:19:52,08:29:52,35198,1177524.6,1080,1920,1080x1920,Smartphone 108 MP (Bypass),Óvalo Salida a Cusco,VALIDO,1347.877485390913,134.83852816358024,NINGUNO
BYPASS_20260928_V01_F01193,BYPASS_20260928_V01,frame_01193.jpg,1193.0,00:19:53,08:29:53,35228,1178524.2,1080,1920,1080x1920,Smartphone 108 MP (Bypass),Óvalo Salida a Cusco,VALIDO,1405.7134434809952,134.52500578703703,NINGUNO
BYPASS_20260928_V01_F01194,BYPASS_20260928_V01,frame_01194.jpg,1194.0,00:19:54,08:29:54,35257,1179490.5,1080,1920,1080x1920,Smartphone 108 MP (Bypass),Óvalo Salida a Cusco,VALIDO,1455.762119546785,133.50915509259258,NINGUNO
BYPASS_20260928_V01_F01195,BYPASS_20260928_V01,frame_01195.jpg,1195.0,00:19:55,08:29:55,35287,1180490.1,1080,1920,1080x1920,Smartphone 108 MP (Bypass),Óvalo Salida a Cusco,VALIDO,1391.5461813410773,133.56590470679012,NINGUNO
BYPASS_20260928_V01_F01196,BYPASS_20260928_V01,frame_01196.jpg,1196.0,00:19:56,08:29:56,35316,1181456.4,1080,1920,1080x1920,Smartphone 108 MP (Bypass),Óvalo Salida a Cusco,VALIDO,1392.09187207896,132.99045524691357,NINGUNO
BYPASS_20260928_V01_F01197,BYPASS_20260928_V01,frame_01197.jpg,1197.0,00:19:57,08:29:57,35346,1182456.0,1080,1920,1080x1920,Smartphone 108 MP (Bypass),Óvalo Salida a Cusco,VALIDO,1518.4340796841507,131.1614911265432,NINGUNO
BYPASS_20260928_V01_F01198,BYPASS_20260928_V01,frame_01198.jpg,1198.0,00:19:58,08:29:58,35375,1183422.2,1080,1920,1080x1920,Smartphone 108 MP (Bypass),Óvalo Salida a Cusco,VALIDO,1463.4652467956817,129.45789544753086,NINGUNO
BYPASS_20260928_V01_F01199,BYPASS_20260928_V01,frame_01199.jpg,1199.0,00:19:59,08:29:59,35405,1184421.8,1080,1920,1080x1920,Smartphone 108 MP (Bypass),Óvalo Salida a Cusco,VALIDO,1501.1394052301096,130.33432677469136,NINGUNO
BYPASS_20260928_V01_F01200,BYPASS_20260928_V01,frame_01200.jpg,1200.0,00:20:00,08:30:00,35435,1185421.4,1080,1920,1080x1920,Smartphone 108 MP (Bypass),Óvalo Salida a Cusco,VALIDO,1466.0009425971136,131.65797453703703,NINGUNO
BYPASS_20260928_V01_F01201,BYPASS_20260928_V01,frame_01201.jpg,1201.0,00:20:01,08:30:01,35464,1186387.7,1080,1920,1080x1920,Smartphone 108 MP (Bypass),Óvalo Salida a Cusco,VALIDO,1467.8495543833787,132.67000578703704,NINGUNO
BYPASS_20260928_V01_F01202,BYPASS_20260928_V01,frame_01202.jpg,1202.0,00:20:02,08:30:02,35494,1187387.3,1080,1920,1080x1920,Smartphone 108 MP (Bypass),Óvalo Salida a Cusco,VALIDO,1486.2741924752106,131.4732137345679,NINGUNO
BYPASS_20260928_V01_F01203,BYPASS_20260928_V01,frame_01203.jpg,1203.0,00:20:03,08:30:03,35523,1188386.9,1080,1920,1080x1920,Smartphone 108 MP (Bypass),Óvalo Salida a Cusco,VALIDO,1342.1872513695987,132.6491550925926,NINGUNO
BYPASS_20260928_V01_F01204,BYPASS_20260928_V01,frame_01204.jpg,1204.0,00:20:04,08:30:04,35553,1189386.5,1080,1920,1080x1920,Smartphone 108 MP (Bypass),Óvalo Salida a Cusco,VALIDO,1440.6264528344425,133.347237654321,NINGUNO
BYPASS_20260928_V01_F01205,BYPASS_20260928_V01,frame_01205.jpg,1205.0,00:20:05,08:30:05,35582,1190352.8,1080,1920,1080x1920,Smartphone 108 MP (Bypass),Óvalo Salida a Cusco,VALIDO,1417.178727370884,132.57429398148147,NINGUNO
BYPASS_20260928_V01_F01206,BYPASS_20260928_V01,frame_01206.jpg,1206.0,00:20:06,08:30:06,35612,1191352.4,1080,1920,1080x1920,Smartphone 108 MP (Bypass),Óvalo Salida a Cusco,VALIDO,1437.6785120851282,131.23027584876544,NINGUNO
BYPASS_20260928_V01_F01207,BYPASS_20260928_V01,frame_01207.jpg,1207.0,00:20:07,08:30:07,35641,1192318.6,1080,1920,1080x1920,Smartphone 108 MP (Bypass),Óvalo Salida a Cusco,VALIDO,1503.6958100739948,130.1548784722222,NINGUNO
BYPASS_20260928_V01_F01208,BYPASS_20260928_V01,frame_01208.jpg,1208.0,00:20:08,08:30:08,35671,1193318.2,1080,1920,1080x1920,Smartphone 108 MP (Bypass),Óvalo Salida a Cusco,VALIDO,1400.8389134998383,129.6110802469136,NINGUNO
BYPASS_20260928_V01_F01209,BYPASS_20260928_V01,frame_01209.jpg,1209.0,00:20:09,08:30:09,35700,1194284.5,1080,1920,1080x1920,Smartphone 108 MP (Bypass),Óvalo Salida a Cusco,VALIDO,1325.3811375499522,129.1939313271605,NINGUNO
BYPASS_20260928_V01_F01210,BYPASS_20260928_V01,frame_01210.jpg,1210.0,00:20:10,08:30:10,35730,1195284.2,1080,1920,1080x1920,Smartphone 108 MP (Bypass),Óvalo Salida a Cusco,VALIDO,1401.049984133839,126.2833738425926,NINGUNO
BYPASS_20260928_V01_F01211,BYPASS_20260928_V01,frame_01211.jpg,1211.0,00:20:11,08:30:11,35759,1196283.8,1080,1920,1080x1920,Smartphone 108 MP (Bypass),Óvalo Salida a Cusco,VALIDO,1446.614508088456,125.04121141975308,NINGUNO
BYPASS_20260928_V01_F01212,BYPASS_20260928_V01,frame_01212.jpg,1212.0,00:20:12,08:30:12,35789,1197283.4,1080,1920,1080x1920,Smartphone 108 MP (Bypass),Óvalo Salida a Cusco,VALIDO,1442.057126962497,125.5544386574074,NINGUNO
BYPASS_20260928_V01_F01213,BYPASS_20260928_V01,frame_01213.jpg,1213.0,00:20:13,08:30:13,35818,1198283.0,1080,1920,1080x1920,Smartphone 108 MP (Bypass),Óvalo Salida a Cusco,VALIDO,1551.0782039876826,120.82958140432099,NINGUNO
BYPASS_20260928_V01_F01214,BYPASS_20260928_V01,frame_01214.jpg,1214.0,00:20:14,08:30:14,35848,1199282.6,1080,1920,1080x1920,Smartphone 108 MP (Bypass),Óvalo Salida a Cusco,VALIDO,1498.6619554735692,116.41668402777778,NINGUNO
BYPASS_20260928_V01_F01215,BYPASS_20260928_V01,frame_01215.jpg,1215.0,00:20:15,08:30:15,35877,1200248.9,1080,1920,1080x1920,Smartphone 108 MP (Bypass),Óvalo Salida a Cusco,VALIDO,1366.6591795622896,115.38563078703703,NINGUNO
BYPASS_20260928_V01_F01216,BYPASS_20260928_V01,frame_01216.jpg,1216.0,00:20:16,08:30:16,35907,1201248.5,1080,1920,1080x1920,Smartphone 108 MP (Bypass),Óvalo Salida a Cusco,VALIDO,1280.2125256960182,117.13691743827161,NINGUNO
BYPASS_20260928_V01_F01217,BYPASS_20260928_V01,frame_01217.jpg,1217.0,00:20:17,08:30:17,35937,1202281.3,1080,1920,1080x1920,Smartphone 108 MP (Bypass),Óvalo Salida a Cusco,VALIDO,1307.5540523591965,120.4130787037037,NINGUNO
BYPASS_20260928_V01_F01218,BYPASS_20260928_V01,frame_01218.jpg,1218.0,00:20:18,08:30:18,35966,1203247.6,1080,1920,1080x1920,Smartphone 108 MP (Bypass),Óvalo Salida a Cusco,VALIDO,1324.7675145554695,124.93079089506173,NINGUNO
BYPASS_20260928_V01_F01219,BYPASS_20260928_V01,frame_01219.jpg,1219.0,00:20:19,08:30:19,35996,1204247.1,1080,1920,1080x1920,Smartphone 108 MP (Bypass),Óvalo Salida a Cusco,VALIDO,1338.6650963912246,127.11009452160494,NINGUNO
BYPASS_20260928_V01_F01220,BYPASS_20260928_V01,frame_01220.jpg,1220.0,00:20:20,08:30:20,36025,1205213.4,1080,1920,1080x1920,Smartphone 108 MP (Bypass),Óvalo Salida a Cusco,VALIDO,1382.1641645286634,128.60555555555555,NINGUNO
BYPASS_20260928_V01_F01221,BYPASS_20260928_V01,frame_01221.jpg,1221.0,00:20:21,08:30:21,36055,1206213.0,1080,1920,1080x1920,Smartphone 108 MP (Bypass),Óvalo Salida a Cusco,VALIDO,1463.0502712829,128.00073109567901,NINGUNO
BYPASS_20260928_V01_F01222,BYPASS_20260928_V01,frame_01222.jpg,1222.0,00:20:22,08:30:22,36084,1207179.3,1080,1920,1080x1920,Smartphone 108 MP (Bypass),Óvalo Salida a Cusco,VALIDO,1471.291633899117,127.94896797839506,NINGUNO
BYPASS_20260928_V01_F01223,BYPASS_20260928_V01,frame_01223.jpg,1223.0,00:20:23,08:30:23,36114,1208178.9,1080,1920,1080x1920,Smartphone 108 MP (Bypass),Óvalo Salida a Cusco,VALIDO,1387.8728014397934,128.41496913580247,NINGUNO
BYPASS_20260928_V01_F01224,BYPASS_20260928_V01,frame_01224.jpg,1224.0,00:20:24,08:30:24,36143,1209145.2,1080,1920,1080x1920,Smartphone 108 MP (Bypass),Óvalo Salida a Cusco,VALIDO,1403.5420061942577,128.7504552469136,NINGUNO
BYPASS_20260928_V01_F01225,BYPASS_20260928_V01,frame_01225.jpg,1225.0,00:20:25,08:30:25,36173,1210144.8,1080,1920,1080x1920,Smartphone 108 MP (Bypass),Óvalo Salida a Cusco,VALIDO,1423.752435150263,128.7649614197531,NINGUNO
BYPASS_20260928_V01_F01226,BYPASS_20260928_V01,frame_01226.jpg,1226.0,00:20:26,08:30:26,36202,1211111.0,1080,1920,1080x1920,Smartphone 108 MP (Bypass),Óvalo Salida a Cusco,VALIDO,1409.691274864608,129.07459104938272,NINGUNO
BYPASS_20260928_V01_F01227,BYPASS_20260928_V01,frame_01227.jpg,1227.0,00:20:27,08:30:27,36232,1212110.7,1080,1920,1080x1920,Smartphone 108 MP (Bypass),Óvalo Salida a Cusco,VALIDO,1406.513980141517,129.6826851851852,NINGUNO
BYPASS_20260928_V01_F01228,BYPASS_20260928_V01,frame_01228.jpg,1228.0,00:20:28,08:30:28,36261,1213076.9,1080,1920,1080x1920,Smartphone 108 MP (Bypass),Óvalo Salida a Cusco,VALIDO,1422.368905631763,129.81974922839507,NINGUNO
BYPASS_20260928_V01_F01229,BYPASS_20260928_V01,frame_01229.jpg,1229.0,00:20:29,08:30:29,36291,1214076.5,1080,1920,1080x1920,Smartphone 108 MP (Bypass),Óvalo Salida a Cusco,VALIDO,1477.4051345389328,128.9608526234568,NINGUNO
BYPASS_20260928_V01_F01230,BYPASS_20260928_V01,frame_01230.jpg,1230.0,00:20:30,08:30:30,36320,1215042.8,1080,1920,1080x1920,Smartphone 108 MP (Bypass),Óvalo Salida a Cusco,VALIDO,1538.6034934513445,129.1641936728395,NINGUNO
BYPASS_20260928_V01_F01231,BYPASS_20260928_V01,frame_01231.jpg,1231.0,00:20:31,08:30:31,36350,1216042.4,1080,1920,1080x1920,Smartphone 108 MP (Bypass),Óvalo Salida a Cusco,VALIDO,1499.208315657805,129.4198726851852,NINGUNO
BYPASS_20260928_V01_F01232,BYPASS_20260928_V01,frame_01232.jpg,1232.0,00:20:32,08:30:32,36379,1217008.6,1080,1920,1080x1920,Smartphone 108 MP (Bypass),Óvalo Salida a Cusco,VALIDO,1492.9451578441137,129.92957561728394,NINGUNO
BYPASS_20260928_V01_F01233,BYPASS_20260928_V01,frame_01233.jpg,1233.0,00:20:33,08:30:33,36409,1218008.2,1080,1920,1080x1920,Smartphone 108 MP (Bypass),Óvalo Salida a Cusco,VALIDO,1495.7599030910603,129.5936612654321,NINGUNO
BYPASS_20260928_V01_F01234,BYPASS_20260928_V01,frame_01234.jpg,1234.0,00:20:34,08:30:34,36439,1219007.9,1080,1920,1080x1920,Smartphone 108 MP (Bypass),Óvalo Salida a Cusco,VALIDO,1443.8498803830012,129.6483699845679,NINGUNO
BYPASS_20260928_V01_F01235,BYPASS_20260928_V01,frame_01235.jpg,1235.0,00:20:35,08:30:35,36468,1219974.1,1080,1920,1080x1920,Smartphone 108 MP (Bypass),Óvalo Salida a Cusco,VALIDO,1428.851267592935,129.3660050154321,NINGUNO
BYPASS_20260928_V01_F01236,BYPASS_20260928_V01,frame_01236.jpg,1236.0,00:20:36,08:30:36,36498,1221007.0,1080,1920,1080x1920,Smartphone 108 MP (Bypass),Óvalo Salida a Cusco,VALIDO,1507.7531471142474,129.63578703703703,NINGUNO
BYPASS_20260928_V01_F01237,BYPASS_20260928_V01,frame_01237.jpg,1237.0,00:20:37,08:30:37,36527,1221973.3,1080,1920,1080x1920,Smartphone 108 MP (Bypass),Óvalo Salida a Cusco,VALIDO,1538.2618304824994,129.19711805555556,NINGUNO
BYPASS_20260928_V01_F01238,BYPASS_20260928_V01,frame_01238.jpg,1238.0,00:20:38,08:30:38,36557,1222973.0,1080,1920,1080x1920,Smartphone 108 MP (Bypass),Óvalo Salida a Cusco,VALIDO,1547.4261847992484,129.14020061728394,NINGUNO
BYPASS_20260928_V01_F01239,BYPASS_20260928_V01,frame_01239.jpg,1239.0,00:20:39,08:30:39,36586,1223939.2,1080,1920,1080x1920,Smartphone 108 MP (Bypass),Óvalo Salida a Cusco,VALIDO,1561.9139171456118,128.96360532407408,NINGUNO
BYPASS_20260928_V01_F01240,BYPASS_20260928_V01,frame_01240.jpg,1240.0,00:20:40,08:30:40,36616,1224938.9,1080,1920,1080x1920,Smartphone 108 MP (Bypass),Óvalo Salida a Cusco,VALIDO,1688.7530495189037,122.72139660493828,NINGUNO
BYPASS_20260928_V01_F01241,BYPASS_20260928_V01,frame_01241.jpg,1241.0,00:20:41,08:30:41,36645,1225905.1,1080,1920,1080x1920,Smartphone 108 MP (Bypass),Óvalo Salida a Cusco,VALIDO,1632.3855010271661,122.1058661265432,NINGUNO
BYPASS_20260928_V01_F01242,BYPASS_20260928_V01,frame_01242.jpg,1242.0,00:20:42,08:30:42,36675,1226938.1,1080,1920,1080x1920,Smartphone 108 MP (Bypass),Óvalo Salida a Cusco,VALIDO,1621.9519943728176,122.02154899691358,NINGUNO
BYPASS_20260928_V01_F01243,BYPASS_20260928_V01,frame_01243.jpg,1243.0,00:20:43,08:30:43,36704,1227904.3,1080,1920,1080x1920,Smartphone 108 MP (Bypass),Óvalo Salida a Cusco,VALIDO,1636.8702019832176,121.74826774691358,NINGUNO
BYPASS_20260928_V01_F01244,BYPASS_20260928_V01,frame_01244.jpg,1244.0,00:20:44,08:30:44,36734,1228903.9,1080,1920,1080x1920,Smartphone 108 MP (Bypass),Óvalo Salida a Cusco,VALIDO,1631.1372353202166,121.08731288580248,NINGUNO
BYPASS_20260928_V01_F01245,BYPASS_20260928_V01,frame_01245.jpg,1245.0,00:20:45,08:30:45,36763,1229870.2,1080,1920,1080x1920,Smartphone 108 MP (Bypass),Óvalo Salida a Cusco,VALIDO,1620.9759113243585,121.28488233024692,NINGUNO
BYPASS_20260928_V01_F01246,BYPASS_20260928_V01,frame_01246.jpg,1246.0,00:20:46,08:30:46,36793,1230869.8,1080,1920,1080x1920,Smartphone 108 MP (Bypass),Óvalo Salida a Cusco,VALIDO,1595.022191994941,120.80544174382716,NINGUNO
BYPASS_20260928_V01_F01247,BYPASS_20260928_V01,frame_01247.jpg,1247.0,00:20:47,08:30:47,36822,1231869.4,1080,1920,1080x1920,Smartphone 108 MP (Bypass),Óvalo Salida a Cusco,VALIDO,1645.4183713417829,120.73106867283951,NINGUNO
BYPASS_20260928_V01_F01248,BYPASS_20260928_V01,frame_01248.jpg,1248.0,00:20:48,08:30:48,36852,1232869.0,1080,1920,1080x1920,Smartphone 108 MP (Bypass),Óvalo Salida a Cusco,VALIDO,1623.4772611158746,121.28014274691358,NINGUNO
BYPASS_20260928_V01_F01249,BYPASS_20260928_V01,frame_01249.jpg,1249.0,00:20:49,08:30:49,36881,1233835.2,1080,1920,1080x1920,Smartphone 108 MP (Bypass),Óvalo Salida a Cusco,VALIDO,1635.9809920303064,123.43044560185186,NINGUNO
BYPASS_20260928_V01_F01250,BYPASS_20260928_V01,frame_01250.jpg,1250.0,00:20:50,08:30:50,36911,1234834.8,1080,1920,1080x1920,Smartphone 108 MP (Bypass),Óvalo Salida a Cusco,VALIDO,1501.6407515239198,125.47446180555555,NINGUNO
BYPASS_20260928_V01_F01251,BYPASS_20260928_V01,frame_01251.jpg,1251.0,00:20:51,08:30:51,36941,1235834.4,1080,1920,1080x1920,Smartphone 108 MP (Bypass),Óvalo Salida a Cusco,VALIDO,1546.8219886252414,125.3819386574074,NINGUNO
BYPASS_20260928_V01_F01252,BYPASS_20260928_V01,frame_01252.jpg,1252.0,00:20:52,08:30:52,36970,1236800.7,1080,1920,1080x1920,Smartphone 108 MP (Bypass),Óvalo Salida a Cusco,VALIDO,1550.404512917,125.62976080246914,NINGUNO
BYPASS_20260928_V01_F01253,BYPASS_20260928_V01,frame_01253.jpg,1253.0,00:20:53,08:30:53,37000,1237800.3,1080,1920,1080x1920,Smartphone 108 MP (Bypass),Óvalo Salida a Cusco,VALIDO,1556.4341829694406,125.24314043209877,NINGUNO
BYPASS_20260928_V01_F01254,BYPASS_20260928_V01,frame_01254.jpg,1254.0,00:20:54,08:30:54,37029,1238766.6,1080,1920,1080x1920,Smartphone 108 MP (Bypass),Óvalo Salida a Cusco,VALIDO,1597.5083245160802,125.24244020061728,NINGUNO
BYPASS_20260928_V01_F01255,BYPASS_20260928_V01,frame_01255.jpg,1255.0,00:20:55,08:30:55,37059,1239799.5,1080,1920,1080x1920,Smartphone 108 MP (Bypass),Óvalo Salida a Cusco,VALIDO,1579.780647402349,125.18722415123457,NINGUNO
BYPASS_20260928_V01_F01256,BYPASS_20260928_V01,frame_01256.jpg,1256.0,00:20:56,08:30:56,37088,1240765.8,1080,1920,1080x1920,Smartphone 108 MP (Bypass),Óvalo Salida a Cusco,VALIDO,1642.0893772859986,126.00328317901234,NINGUNO
BYPASS_20260928_V01_F01257,BYPASS_20260928_V01,frame_01257.jpg,1257.0,00:20:57,08:30:57,37118,1241765.4,1080,1920,1080x1920,Smartphone 108 MP (Bypass),Óvalo Salida a Cusco,VALIDO,1657.5969035798921,129.5943962191358,NINGUNO
BYPASS_20260928_V01_F01258,BYPASS_20260928_V01,frame_01258.jpg,1258.0,00:20:58,08:30:58,37147,1242731.7,1080,1920,1080x1920,Smartphone 108 MP (Bypass),Óvalo Salida a Cusco,VALIDO,1600.8307828529848,131.77007716049383,NINGUNO
BYPASS_20260928_V01_F01259,BYPASS_20260928_V01,frame_01259.jpg,1259.0,00:20:59,08:30:59,37177,1243731.2,1080,1920,1080x1920,Smartphone 108 MP (Bypass),Óvalo Salida a Cusco,VALIDO,1637.4634536687804,130.91626543209875,NINGUNO
BYPASS_20260928_V01_F01260,BYPASS_20260928_V01,frame_01260.jpg,1260.0,00:21:00,08:31:00,37206,1244697.5,1080,1920,1080x1920,Smartphone 108 MP (Bypass),Óvalo Salida a Cusco,VALIDO,1661.570977305136,129.45553433641976,NINGUNO
BYPASS_20260928_V01_F01261,BYPASS_20260928_V01,frame_01261.jpg,1261.0,00:21:01,08:31:01,37236,1245730.5,1080,1920,1080x1920,Smartphone 108 MP (Bypass),Óvalo Salida a Cusco,VALIDO,1717.7008724836508,127.2930362654321,NINGUNO
BYPASS_20260928_V01_F01262,BYPASS_20260928_V01,frame_01262.jpg,1262.0,00:21:02,08:31:02,37265,1246696.7,1080,1920,1080x1920,Smartphone 108 MP (Bypass),Óvalo Salida a Cusco,VALIDO,1639.7422075745292,126.56713927469136,NINGUNO
BYPASS_20260928_V01_F01263,BYPASS_20260928_V01,frame_01263.jpg,1263.0,00:21:03,08:31:03,37295,1247696.3,1080,1920,1080x1920,Smartphone 108 MP (Bypass),Óvalo Salida a Cusco,VALIDO,1580.7200430321539,131.2323013117284,NINGUNO
BYPASS_20260928_V01_F01264,BYPASS_20260928_V01,frame_01264.jpg,1264.0,00:21:04,08:31:04,37324,1248662.6,1080,1920,1080x1920,Smartphone 108 MP (Bypass),Óvalo Salida a Cusco,VALIDO,1575.5968785959672,132.07297646604937,NINGUNO
BYPASS_20260928_V01_F01265,BYPASS_20260928_V01,frame_01265.jpg,1265.0,00:21:05,08:31:05,37354,1249662.2,1080,1920,1080x1920,Smartphone 108 MP (Bypass),Óvalo Salida a Cusco,VALIDO,1602.0307664782863,131.97452160493827,NINGUNO
BYPASS_20260928_V01_F01266,BYPASS_20260928_V01,frame_01266.jpg,1266.0,00:21:06,08:31:06,37383,1250628.5,1080,1920,1080x1920,Smartphone 108 MP (Bypass),Óvalo Salida a Cusco,VALIDO,1569.8419724306589,133.1523649691358,NINGUNO
BYPASS_20260928_V01_F01267,BYPASS_20260928_V01,frame_01267.jpg,1267.0,00:21:07,08:31:07,37413,1251628.1,1080,1920,1080x1920,Smartphone 108 MP (Bypass),Óvalo Salida a Cusco,VALIDO,1615.3359856594864,133.88777777777779,NINGUNO
BYPASS_20260928_V01_F01268,BYPASS_20260928_V01,frame_01268.jpg,1268.0,00:21:08,08:31:08,37442,1252594.3,1080,1920,1080x1920,Smartphone 108 MP (Bypass),Óvalo Salida a Cusco,VALIDO,1605.392926844584,133.00293402777777,NINGUNO
BYPASS_20260928_V01_F01269,BYPASS_20260928_V01,frame_01269.jpg,1269.0,00:21:09,08:31:09,37472,1253594.0,1080,1920,1080x1920,Smartphone 108 MP (Bypass),Óvalo Salida a Cusco,VALIDO,1535.5195285827238,128.9099112654321,NINGUNO
BYPASS_20260928_V01_F01270,BYPASS_20260928_V01,frame_01270.jpg,1270.0,00:21:10,08:31:10,37502,1254593.6,1080,1920,1080x1920,Smartphone 108 MP (Bypass),Óvalo Salida a Cusco,VALIDO,1620.4306639225542,127.85280092592592,NINGUNO
BYPASS_20260928_V01_F01271,BYPASS_20260928_V01,frame_01271.jpg,1271.0,00:21:11,08:31:11,37531,1255626.5,1080,1920,1080x1920,Smartphone 108 MP (Bypass),Óvalo Salida a Cusco,VALIDO,1588.4322915326152,128.40083333333334,NINGUNO
BYPASS_20260928_V01_F01272,BYPASS_20260928_V01,frame_01272.jpg,1272.0,00:21:12,08:31:12,37561,1256626.0,1080,1920,1080x1920,Smartphone 108 MP (Bypass),Óvalo Salida a Cusco,VALIDO,1609.054791337094,132.82337962962964,NINGUNO
BYPASS_20260928_V01_F01273,BYPASS_20260928_V01,frame_01273.jpg,1273.0,00:21:13,08:31:13,37590,1257592.3,1080,1920,1080x1920,Smartphone 108 MP (Bypass),Óvalo Salida a Cusco,VALIDO,1525.4535378479925,135.55579089506173,NINGUNO
BYPASS_20260928_V01_F01274,BYPASS_20260928_V01,frame_01274.jpg,1274.0,00:21:14,08:31:14,37620,1258625.2,1080,1920,1080x1920,Smartphone 108 MP (Bypass),Óvalo Salida a Cusco,VALIDO,1581.7202614173082,136.38947530864198,NINGUNO
BYPASS_20260928_V01_F01275,BYPASS_20260928_V01,frame_01275.jpg,1275.0,00:21:15,08:31:15,37649,1259591.5,1080,1920,1080x1920,Smartphone 108 MP (Bypass),Óvalo Salida a Cusco,VALIDO,1621.2054958975746,136.224012345679,NINGUNO
BYPASS_20260928_V01_F01276,BYPASS_20260928_V01,frame_01276.jpg,1276.0,00:21:16,08:31:16,37679,1260591.1,1080,1920,1080x1920,Smartphone 108 MP (Bypass),Óvalo Salida a Cusco,VALIDO,1626.5484025998758,135.69547839506174,NINGUNO
BYPASS_20260928_V01_F01277,BYPASS_20260928_V01,frame_01277.jpg,1277.0,00:21:17,08:31:17,37708,1261557.3,1080,1920,1080x1920,Smartphone 108 MP (Bypass),Óvalo Salida a Cusco,VALIDO,1726.136698803477,136.72675733024693,NINGUNO
BYPASS_20260928_V01_F01278,BYPASS_20260928_V01,frame_01278.jpg,1278.0,00:21:18,08:31:18,37738,1262556.9,1080,1920,1080x1920,Smartphone 108 MP (Bypass),Óvalo Salida a Cusco,VALIDO,1550.0060683641977,137.26056905864198,NINGUNO
BYPASS_20260928_V01_F01279,BYPASS_20260928_V01,frame_01279.jpg,1279.0,00:21:19,08:31:19,37767,1263623.2,1080,1920,1080x1920,Smartphone 108 MP (Bypass),Óvalo Salida a Cusco,VALIDO,1526.7989165616427,137.0261612654321,NINGUNO
BYPASS_20260928_V01_F01280,BYPASS_20260928_V01,frame_01280.jpg,1280.0,00:21:20,08:31:20,37797,1264622.8,1080,1920,1080x1920,Smartphone 108 MP (Bypass),Óvalo Salida a Cusco,VALIDO,1572.4765793974293,135.62213734567902,NINGUNO
BYPASS_20260928_V01_F01281,BYPASS_20260928_V01,frame_01281.jpg,1281.0,00:21:21,08:31:21,37826,1265589.1,1080,1920,1080x1920,Smartphone 108 MP (Bypass),Óvalo Salida a Cusco,VALIDO,1545.9109048468179,134.95263310185186,NINGUNO
BYPASS_20260928_V01_F01282,BYPASS_20260928_V01,frame_01282.jpg,1282.0,00:21:22,08:31:22,37856,1266588.6,1080,1920,1080x1920,Smartphone 108 MP (Bypass),Óvalo Salida a Cusco,VALIDO,1394.4051827061023,136.84573688271604,NINGUNO
BYPASS_20260928_V01_F01283,BYPASS_20260928_V01,frame_01283.jpg,1283.0,00:21:23,08:31:23,37885,1267588.2,1080,1920,1080x1920,Smartphone 108 MP (Bypass),Óvalo Salida a Cusco,VALIDO,1425.6587031720196,138.19967206790125,NINGUNO
BYPASS_20260928_V01_F01284,BYPASS_20260928_V01,frame_01284.jpg,1284.0,00:21:24,08:31:24,37915,1268587.8,1080,1920,1080x1920,Smartphone 108 MP (Bypass),Óvalo Salida a Cusco,VALIDO,1548.4575199567046,137.76571759259258,NINGUNO
BYPASS_20260928_V01_F01285,BYPASS_20260928_V01,frame_01285.jpg,1285.0,00:21:25,08:31:25,37944,1269554.1,1080,1920,1080x1920,Smartphone 108 MP (Bypass),Óvalo Salida a Cusco,VALIDO,1662.7713977543042,136.00710069444443,NINGUNO
BYPASS_20260928_V01_F01286,BYPASS_20260928_V01,frame_01286.jpg,1286.0,00:21:26,08:31:26,37974,1270553.7,1080,1920,1080x1920,Smartphone 108 MP (Bypass),Óvalo Salida a Cusco,VALIDO,1595.547036712186,134.82034529320987,NINGUNO
BYPASS_20260928_V01_F01287,BYPASS_20260928_V01,frame_01287.jpg,1287.0,00:21:27,08:31:27,38004,1271553.3,1080,1920,1080x1920,Smartphone 108 MP (Bypass),Óvalo Salida a Cusco,VALIDO,1623.1209392331937,135.3138464506173,NINGUNO
BYPASS_20260928_V01_F01288,BYPASS_20260928_V01,frame_01288.jpg,1288.0,00:21:28,08:31:28,38033,1272519.6,1080,1920,1080x1920,Smartphone 108 MP (Bypass),Óvalo Salida a Cusco,VALIDO,1536.7945871875477,134.92900077160493,NINGUNO
BYPASS_20260928_V01_F01289,BYPASS_20260928_V01,frame_01289.jpg,1289.0,00:21:29,08:31:29,38063,1273519.2,1080,1920,1080x1920,Smartphone 108 MP (Bypass),Óvalo Salida a Cusco,VALIDO,1449.714453017829,134.60795717592592,NINGUNO
BYPASS_20260928_V01_F01290,BYPASS_20260928_V01,frame_01290.jpg,1290.0,00:21:30,08:31:30,38092,1274485.4,1080,1920,1080x1920,Smartphone 108 MP (Bypass),Óvalo Salida a Cusco,VALIDO,1463.4507072040237,135.2433699845679,NINGUNO
BYPASS_20260928_V01_F01291,BYPASS_20260928_V01,frame_01291.jpg,1291.0,00:21:31,08:31:31,38122,1275518.4,1080,1920,1080x1920,Smartphone 108 MP (Bypass),Óvalo Salida a Cusco,VALIDO,1506.9765606031042,134.9286361882716,NINGUNO
BYPASS_20260928_V01_F01292,BYPASS_20260928_V01,frame_01292.jpg,1292.0,00:21:32,08:31:32,38151,1276484.6,1080,1920,1080x1920,Smartphone 108 MP (Bypass),Óvalo Salida a Cusco,VALIDO,1440.4634053926457,136.2454938271605,NINGUNO
BYPASS_20260928_V01_F01293,BYPASS_20260928_V01,frame_01293.jpg,1293.0,00:21:33,08:31:33,38181,1277484.2,1080,1920,1080x1920,Smartphone 108 MP (Bypass),Óvalo Salida a Cusco,VALIDO,1482.7534394233521,135.3522337962963,NINGUNO
BYPASS_20260928_V01_F01294,BYPASS_20260928_V01,frame_01294.jpg,1294.0,00:21:34,08:31:34,38210,1278450.5,1080,1920,1080x1920,Smartphone 108 MP (Bypass),Óvalo Salida a Cusco,VALIDO,1496.8833910481783,133.3071662808642,NINGUNO
BYPASS_20260928_V01_F01295,BYPASS_20260928_V01,frame_01295.jpg,1295.0,00:21:35,08:31:35,38240,1279450.1,1080,1920,1080x1920,Smartphone 108 MP (Bypass),Óvalo Salida a Cusco,VALIDO,1452.703988830646,136.4735551697531,NINGUNO
BYPASS_20260928_V01_F01296,BYPASS_20260928_V01,frame_01296.jpg,1296.0,00:21:36,08:31:36,38269,1280416.4,1080,1920,1080x1920,Smartphone 108 MP (Bypass),Óvalo Salida a Cusco,VALIDO,1401.4766587143129,137.76020061728394,NINGUNO
BYPASS_20260928_V01_F01297,BYPASS_20260928_V01,frame_01297.jpg,1297.0,00:21:37,08:31:37,38299,1281416.0,1080,1920,1080x1920,Smartphone 108 MP (Bypass),Óvalo Salida a Cusco,VALIDO,1349.0371158327223,137.47496527777778,NINGUNO
BYPASS_20260928_V01_F01298,BYPASS_20260928_V01,frame_01298.jpg,1298.0,00:21:38,08:31:38,38328,1282382.3,1080,1920,1080x1920,Smartphone 108 MP (Bypass),Óvalo Salida a Cusco,VALIDO,1407.204323074069,137.44668788580248,NINGUNO
BYPASS_20260928_V01_F01299,BYPASS_20260928_V01,frame_01299.jpg,1299.0,00:21:39,08:31:39,38358,1283381.9,1080,1920,1080x1920,Smartphone 108 MP (Bypass),Óvalo Salida a Cusco,VALIDO,1463.1812305811422,138.1222087191358,NINGUNO
BYPASS_20260928_V01_F01300,BYPASS_20260928_V01,frame_01300.jpg,1300.0,00:21:40,08:31:40,38387,1284348.1,1080,1920,1080x1920,Smartphone 108 MP (Bypass),Óvalo Salida a Cusco,VALIDO,1509.7351619936342,139.090987654321,NINGUNO
BYPASS_20260928_V01_F01301,BYPASS_20260928_V01,frame_01301.jpg,1301.0,00:21:41,08:31:41,38417,1285347.7,1080,1920,1080x1920,Smartphone 108 MP (Bypass),Óvalo Salida a Cusco,VALIDO,1441.086408477875,139.80249035493827,NINGUNO
BYPASS_20260928_V01_F01302,BYPASS_20260928_V01,frame_01302.jpg,1302.0,00:21:42,08:31:42,38446,1286314.0,1080,1920,1080x1920,Smartphone 108 MP (Bypass),Óvalo Salida a Cusco,VALIDO,1515.6564976251116,138.52232831790124,NINGUNO
BYPASS_20260928_V01_F01303,BYPASS_20260928_V01,frame_01303.jpg,1303.0,00:21:43,08:31:43,38476,1287313.6,1080,1920,1080x1920,Smartphone 108 MP (Bypass),Óvalo Salida a Cusco,VALIDO,1510.1938974042241,138.3860300925926,NINGUNO
BYPASS_20260928_V01_F01304,BYPASS_20260928_V01,frame_01304.jpg,1304.0,00:21:44,08:31:44,38506,1288313.2,1080,1920,1080x1920,Smartphone 108 MP (Bypass),Óvalo Salida a Cusco,VALIDO,1561.5403505678535,139.20845100308642,NINGUNO
BYPASS_20260928_V01_F01305,BYPASS_20260928_V01,frame_01305.jpg,1305.0,00:21:45,08:31:45,38535,1289279.5,1080,1920,1080x1920,Smartphone 108 MP (Bypass),Óvalo Salida a Cusco,VALIDO,1446.9525557910229,140.0040914351852,NINGUNO
BYPASS_20260928_V01_F01306,BYPASS_20260928_V01,frame_01306.jpg,1306.0,00:21:46,08:31:46,38565,1290279.1,1080,1920,1080x1920,Smartphone 108 MP (Bypass),Óvalo Salida a Cusco,VALIDO,1486.936796622026,139.02178819444444,NINGUNO
BYPASS_20260928_V01_F01307,BYPASS_20260928_V01,frame_01307.jpg,1307.0,00:21:47,08:31:47,38594,1291245.4,1080,1920,1080x1920,Smartphone 108 MP (Bypass),Óvalo Salida a Cusco,VALIDO,1530.5819341313688,139.5918711419753,NINGUNO
BYPASS_20260928_V01_F01308,BYPASS_20260928_V01,frame_01308.jpg,1308.0,00:21:48,08:31:48,38624,1292244.9,1080,1920,1080x1920,Smartphone 108 MP (Bypass),Óvalo Salida a Cusco,VALIDO,1482.8264973136672,139.8574537037037,NINGUNO
BYPASS_20260928_V01_F01309,BYPASS_20260928_V01,frame_01309.jpg,1309.0,00:21:49,08:31:49,38653,1293211.2,1080,1920,1080x1920,Smartphone 108 MP (Bypass),Óvalo Salida a Cusco,VALIDO,1483.8322493484216,139.78337770061728,NINGUNO
BYPASS_20260928_V01_F01310,BYPASS_20260928_V01,frame_01310.jpg,1310.0,00:21:50,08:31:50,38683,1294210.8,1080,1920,1080x1920,Smartphone 108 MP (Bypass),Óvalo Salida a Cusco,VALIDO,1534.1272244598763,139.48613425925927,NINGUNO
BYPASS_20260928_V01_F01311,BYPASS_20260928_V01,frame_01311.jpg,1311.0,00:21:51,08:31:51,38712,1295177.1,1080,1920,1080x1920,Smartphone 108 MP (Bypass),Óvalo Salida a Cusco,VALIDO,1569.1548697069713,139.45133294753086,NINGUNO
BYPASS_20260928_V01_F01312,BYPASS_20260928_V01,frame_01312.jpg,1312.0,00:21:52,08:31:52,38742,1296176.7,1080,1920,1080x1920,Smartphone 108 MP (Bypass),Óvalo Salida a Cusco,VALIDO,1525.9972985253776,138.77306905864197,NINGUNO
BYPASS_20260928_V01_F01313,BYPASS_20260928_V01,frame_01313.jpg,1313.0,00:21:53,08:31:53,38771,1297143.0,1080,1920,1080x1920,Smartphone 108 MP (Bypass),Óvalo Salida a Cusco,VALIDO,1538.8434306069616,138.51386188271604,NINGUNO
BYPASS_20260928_V01_F01314,BYPASS_20260928_V01,frame_01314.jpg,1314.0,00:21:54,08:31:54,38801,1298175.9,1080,1920,1080x1920,Smartphone 108 MP (Bypass),Óvalo Salida a Cusco,VALIDO,1553.910457568813,138.89969135802468,NINGUNO
BYPASS_20260928_V01_F01315,BYPASS_20260928_V01,frame_01315.jpg,1315.0,00:21:55,08:31:55,38830,1299142.1,1080,1920,1080x1920,Smartphone 108 MP (Bypass),Óvalo Salida a Cusco,VALIDO,1557.7439206090517,139.56347222222223,NINGUNO
BYPASS_20260928_V01_F01316,BYPASS_20260928_V01,frame_01316.jpg,1316.0,00:21:56,08:31:56,38860,1300141.7,1080,1920,1080x1920,Smartphone 108 MP (Bypass),Óvalo Salida a Cusco,VALIDO,1517.770650746585,138.2739023919753,NINGUNO
BYPASS_20260928_V01_F01317,BYPASS_20260928_V01,frame_01317.jpg,1317.0,00:21:57,08:31:57,38889,1301108.0,1080,1920,1080x1920,Smartphone 108 MP (Bypass),Óvalo Salida a Cusco,VALIDO,1515.0885000549192,137.93299961419754,NINGUNO
BYPASS_20260928_V01_F01318,BYPASS_20260928_V01,frame_01318.jpg,1318.0,00:21:58,08:31:58,38919,1302140.9,1080,1920,1080x1920,Smartphone 108 MP (Bypass),Óvalo Salida a Cusco,VALIDO,1524.5705388638683,137.88556712962964,NINGUNO
BYPASS_20260928_V01_F01319,BYPASS_20260928_V01,frame_01319.jpg,1319.0,00:21:59,08:31:59,38948,1303107.2,1080,1920,1080x1920,Smartphone 108 MP (Bypass),Óvalo Salida a Cusco,VALIDO,1551.7233711800197,136.84272569444445,NINGUNO
BYPASS_20260928_V01_F01320,BYPASS_20260928_V01,frame_01320.jpg,1320.0,00:22:00,08:32:00,38978,1304140.1,1080,1920,1080x1920,Smartphone 108 MP (Bypass),Óvalo Salida a Cusco,VALIDO,1526.4131853875974,135.8076485339506,NINGUNO
BYPASS_20260928_V01_F01321,BYPASS_20260928_V01,frame_01321.jpg,1321.0,00:22:01,08:32:01,39008,1305139.8,1080,1920,1080x1920,Smartphone 108 MP (Bypass),Óvalo Salida a Cusco,VALIDO,1508.3015081066144,135.64460841049382,NINGUNO
BYPASS_20260928_V01_F01322,BYPASS_20260928_V01,frame_01322.jpg,1322.0,00:22:02,08:32:02,39037,1306106.0,1080,1920,1080x1920,Smartphone 108 MP (Bypass),Óvalo Salida a Cusco,VALIDO,1559.4943606302718,135.6908449074074,NINGUNO
BYPASS_20260928_V01_F01323,BYPASS_20260928_V01,frame_01323.jpg,1323.0,00:22:03,08:32:03,39067,1307105.6,1080,1920,1080x1920,Smartphone 108 MP (Bypass),Óvalo Salida a Cusco,VALIDO,1561.6773481408816,137.0028665123457,NINGUNO
BYPASS_20260928_V01_F01324,BYPASS_20260928_V01,frame_01324.jpg,1324.0,00:22:04,08:32:04,39096,1308071.9,1080,1920,1080x1920,Smartphone 108 MP (Bypass),Óvalo Salida a Cusco,VALIDO,1600.230530521025,137.89357831790124,NINGUNO
BYPASS_20260928_V01_F01325,BYPASS_20260928_V01,frame_01325.jpg,1325.0,00:22:05,08:32:05,39126,1309071.5,1080,1920,1080x1920,Smartphone 108 MP (Bypass),Óvalo Salida a Cusco,VALIDO,1674.9006293978766,134.14507523148148,NINGUNO
BYPASS_20260928_V01_F01326,BYPASS_20260928_V01,frame_01326.jpg,1326.0,00:22:06,08:32:06,39155,1310037.8,1080,1920,1080x1920,Smartphone 108 MP (Bypass),Óvalo Salida a Cusco,VALIDO,1676.113794399301,132.33507908950617,NINGUNO
BYPASS_20260928_V01_F01327,BYPASS_20260928_V01,frame_01327.jpg,1327.0,00:22:07,08:32:07,39185,1311037.4,1080,1920,1080x1920,Smartphone 108 MP (Bypass),Óvalo Salida a Cusco,VALIDO,1642.1149992299993,131.61462577160495,NINGUNO
BYPASS_20260928_V01_F01328,BYPASS_20260928_V01,frame_01328.jpg,1328.0,00:22:08,08:32:08,39214,1312003.7,1080,1920,1080x1920,Smartphone 108 MP (Bypass),Óvalo Salida a Cusco,VALIDO,1605.249683230985,131.06064429012346,NINGUNO
BYPASS_20260928_V01_F01329,BYPASS_20260928_V01,frame_01329.jpg,1329.0,00:22:09,08:32:09,39244,1313003.3,1080,1920,1080x1920,Smartphone 108 MP (Bypass),Óvalo Salida a Cusco,VALIDO,1595.327050005344,132.43280285493827,NINGUNO
BYPASS_20260928_V01_F01330,BYPASS_20260928_V01,frame_01330.jpg,1330.0,00:22:10,08:32:10,39273,1313969.5,1080,1920,1080x1920,Smartphone 108 MP (Bypass),Óvalo Salida a Cusco,VALIDO,1582.527878038161,134.60515817901234,NINGUNO
BYPASS_20260928_V01_F01331,BYPASS_20260928_V01,frame_01331.jpg,1331.0,00:22:11,08:32:11,39303,1314969.1,1080,1920,1080x1920,Smartphone 108 MP (Bypass),Óvalo Salida a Cusco,VALIDO,1690.8697900910681,135.98572723765432,NINGUNO
BYPASS_20260928_V01_F01332,BYPASS_20260928_V01,frame_01332.jpg,1332.0,00:22:12,08:32:12,39332,1315935.4,1080,1920,1080x1920,Smartphone 108 MP (Bypass),Óvalo Salida a Cusco,VALIDO,1748.2614769461595,134.89015046296296,NINGUNO
BYPASS_20260928_V01_F01333,BYPASS_20260928_V01,frame_01333.jpg,1333.0,00:22:13,08:32:13,39362,1316935.0,1080,1920,1080x1920,Smartphone 108 MP (Bypass),Óvalo Salida a Cusco,VALIDO,1694.9248538326585,133.76302083333334,NINGUNO
BYPASS_20260928_V01_F01334,BYPASS_20260928_V01,frame_01334.jpg,1334.0,00:22:14,08:32:14,39391,1317901.3,1080,1920,1080x1920,Smartphone 108 MP (Bypass),Óvalo Salida a Cusco,VALIDO,1628.909390529963,133.6392785493827,NINGUNO
BYPASS_20260928_V01_F01335,BYPASS_20260928_V01,frame_01335.jpg,1335.0,00:22:15,08:32:15,39421,1318900.9,1080,1920,1080x1920,Smartphone 108 MP (Bypass),Óvalo Salida a Cusco,VALIDO,1648.0010241430152,132.70575810185184,NINGUNO
BYPASS_20260928_V01_F01336,BYPASS_20260928_V01,frame_01336.jpg,1336.0,00:22:16,08:32:16,39450,1319867.2,1080,1920,1080x1920,Smartphone 108 MP (Bypass),Óvalo Salida a Cusco,VALIDO,1680.4545218448588,132.0254301697531,NINGUNO
BYPASS_20260928_V01_F01337,BYPASS_20260928_V01,frame_01337.jpg,1337.0,00:22:17,08:32:17,39480,1320900.1,1080,1920,1080x1920,Smartphone 108 MP (Bypass),Óvalo Salida a Cusco,VALIDO,1681.6970318720719,130.96679205246915,NINGUNO
BYPASS_20260928_V01_F01338,BYPASS_20260928_V01,frame_01338.jpg,1338.0,00:22:18,08:32:18,39510,1321899.7,1080,1920,1080x1920,Smartphone 108 MP (Bypass),Óvalo Salida a Cusco,VALIDO,1732.890336545436,129.67421103395063,NINGUNO
BYPASS_20260928_V01_F01339,BYPASS_20260928_V01,frame_01339.jpg,1339.0,00:22:19,08:32:19,39539,1322865.9,1080,1920,1080x1920,Smartphone 108 MP (Bypass),Óvalo Salida a Cusco,VALIDO,1825.6425966756535,126.99400848765433,NINGUNO
BYPASS_20260928_V01_F01340,BYPASS_20260928_V01,frame_01340.jpg,1340.0,00:22:20,08:32:20,39569,1323865.5,1080,1920,1080x1920,Smartphone 108 MP (Bypass),Óvalo Salida a Cusco,VALIDO,1592.2782627714307,128.4248726851852,NINGUNO
BYPASS_20260928_V01_F01341,BYPASS_20260928_V01,frame_01341.jpg,1341.0,00:22:21,08:32:21,39598,1324831.8,1080,1920,1080x1920,Smartphone 108 MP (Bypass),Óvalo Salida a Cusco,VALIDO,1661.789725719714,132.0678665123457,NINGUNO
BYPASS_20260928_V01_F01342,BYPASS_20260928_V01,frame_01342.jpg,1342.0,00:22:22,08:32:22,39628,1325831.4,1080,1920,1080x1920,Smartphone 108 MP (Bypass),Óvalo Salida a Cusco,VALIDO,1736.9347502387118,131.48108796296296,NINGUNO
BYPASS_20260928_V01_F01343,BYPASS_20260928_V01,frame_01343.jpg,1343.0,00:22:23,08:32:23,39657,1326797.7,1080,1920,1080x1920,Smartphone 108 MP (Bypass),Óvalo Salida a Cusco,VALIDO,1795.1679980892022,130.2409837962963,NINGUNO
BYPASS_20260928_V01_F01344,BYPASS_20260928_V01,frame_01344.jpg,1344.0,00:22:24,08:32:24,39687,1327797.3,1080,1920,1080x1920,Smartphone 108 MP (Bypass),Óvalo Salida a Cusco,VALIDO,1738.9513574727646,131.5428973765432,NINGUNO
BYPASS_20260928_V01_F01345,BYPASS_20260928_V01,frame_01345.jpg,1345.0,00:22:25,08:32:25,39716,1328763.6,1080,1920,1080x1920,Smartphone 108 MP (Bypass),Óvalo Salida a Cusco,VALIDO,1658.1596273919745,129.3122087191358,NINGUNO
BYPASS_20260928_V01_F01346,BYPASS_20260928_V01,frame_01346.jpg,1346.0,00:22:26,08:32:26,39746,1329763.2,1080,1920,1080x1920,Smartphone 108 MP (Bypass),Óvalo Salida a Cusco,VALIDO,1725.3605415512789,127.83983603395062,NINGUNO
BYPASS_20260928_V01_F01347,BYPASS_20260928_V01,frame_01347.jpg,1347.0,00:22:27,08:32:27,39775,1330729.5,1080,1920,1080x1920,Smartphone 108 MP (Bypass),Óvalo Salida a Cusco,VALIDO,1712.6615501950114,128.85127314814815,NINGUNO
BYPASS_20260928_V01_F01348,BYPASS_20260928_V01,frame_01348.jpg,1348.0,00:22:28,08:32:28,39805,1331729.1,1080,1920,1080x1920,Smartphone 108 MP (Bypass),Óvalo Salida a Cusco,VALIDO,1692.7863932238045,129.29532600308642,NINGUNO
BYPASS_20260928_V01_F01349,BYPASS_20260928_V01,frame_01349.jpg,1349.0,00:22:29,08:32:29,39834,1332695.3,1080,1920,1080x1920,Smartphone 108 MP (Bypass),Óvalo Salida a Cusco,VALIDO,1734.1459428413962,129.76443287037037,NINGUNO
BYPASS_20260928_V01_F01350,BYPASS_20260928_V01,frame_01350.jpg,1350.0,00:22:30,08:32:30,39864,1333694.9,1080,1920,1080x1920,Smartphone 108 MP (Bypass),Óvalo Salida a Cusco,VALIDO,1735.2200381676382,131.6664737654321,NINGUNO
BYPASS_20260928_V01_F01351,BYPASS_20260928_V01,frame_01351.jpg,1351.0,00:22:31,08:32:31,39893,1334661.2,1080,1920,1080x1920,Smartphone 108 MP (Bypass),Óvalo Salida a Cusco,VALIDO,1753.3005275149164,130.92561728395063,NINGUNO
BYPASS_20260928_V01_F01352,BYPASS_20260928_V01,frame_01352.jpg,1352.0,00:22:32,08:32:32,39923,1335660.8,1080,1920,1080x1920,Smartphone 108 MP (Bypass),Óvalo Salida a Cusco,VALIDO,1679.582865631337,131.80657214506172,NINGUNO
BYPASS_20260928_V01_F01353,BYPASS_20260928_V01,frame_01353.jpg,1353.0,00:22:33,08:32:33,39952,1336627.1,1080,1920,1080x1920,Smartphone 108 MP (Bypass),Óvalo Salida a Cusco,VALIDO,1684.8478359901312,131.5397164351852,NINGUNO
BYPASS_20260928_V01_F01354,BYPASS_20260928_V01,frame_01354.jpg,1354.0,00:22:34,08:32:34,39982,1337626.7,1080,1920,1080x1920,Smartphone 108 MP (Bypass),Óvalo Salida a Cusco,VALIDO,1780.1363521407536,131.88802083333334,NINGUNO
BYPASS_20260928_V01_F01355,BYPASS_20260928_V01,frame_01355.jpg,1355.0,00:22:35,08:32:35,40011,1338593.0,1080,1920,1080x1920,Smartphone 108 MP (Bypass),Óvalo Salida a Cusco,VALIDO,1777.342258867797,132.6336149691358,NINGUNO
BYPASS_20260928_V01_F01356,BYPASS_20260928_V01,frame_01356.jpg,1356.0,00:22:36,08:32:36,40041,1339592.6,1080,1920,1080x1920,Smartphone 108 MP (Bypass),Óvalo Salida a Cusco,VALIDO,1734.2548529924552,130.67767168209878,NINGUNO
BYPASS_20260928_V01_F01357,BYPASS_20260928_V01,frame_01357.jpg,1357.0,00:22:37,08:32:37,40071,1340592.2,1080,1920,1080x1920,Smartphone 108 MP (Bypass),Óvalo Salida a Cusco,VALIDO,1769.2334123287667,129.99471643518518,NINGUNO
BYPASS_20260928_V01_F01358,BYPASS_20260928_V01,frame_01358.jpg,1358.0,00:22:38,08:32:38,40100,1341558.4,1080,1920,1080x1920,Smartphone 108 MP (Bypass),Óvalo Salida a Cusco,VALIDO,1778.4387659107642,131.12644483024692,NINGUNO
BYPASS_20260928_V01_F01359,BYPASS_20260928_V01,frame_01359.jpg,1359.0,00:22:39,08:32:39,40130,1342558.0,1080,1920,1080x1920,Smartphone 108 MP (Bypass),Óvalo Salida a Cusco,VALIDO,1730.0174681407489,131.70399305555554,NINGUNO
BYPASS_20260928_V01_F01360,BYPASS_20260928_V01,frame_01360.jpg,1360.0,00:22:40,08:32:40,40159,1343524.3,1080,1920,1080x1920,Smartphone 108 MP (Bypass),Óvalo Salida a Cusco,VALIDO,1768.5417681391123,132.05610532407408,NINGUNO
BYPASS_20260928_V01_F01361,BYPASS_20260928_V01,frame_01361.jpg,1361.0,00:22:41,08:32:41,40189,1344523.9,1080,1920,1080x1920,Smartphone 108 MP (Bypass),Óvalo Salida a Cusco,VALIDO,1863.07049732117,131.39397762345678,NINGUNO
BYPASS_20260928_V01_F01362,BYPASS_20260928_V01,frame_01362.jpg,1362.0,00:22:42,08:32:42,40218,1345490.2,1080,1920,1080x1920,Smartphone 108 MP (Bypass),Óvalo Salida a Cusco,VALIDO,1879.3285601694072,131.33468557098766,NINGUNO
BYPASS_20260928_V01_F01363,BYPASS_20260928_V01,frame_01363.jpg,1363.0,00:22:43,08:32:43,40248,1346489.8,1080,1920,1080x1920,Smartphone 108 MP (Bypass),Óvalo Salida a Cusco,VALIDO,1849.4788589980349,130.82383101851852,NINGUNO
BYPASS_20260928_V01_F01364,BYPASS_20260928_V01,frame_01364.jpg,1364.0,00:22:44,08:32:44,40277,1347456.1,1080,1920,1080x1920,Smartphone 108 MP (Bypass),Óvalo Salida a Cusco,VALIDO,1739.199982288805,130.51372299382717,NINGUNO
BYPASS_20260928_V01_F01365,BYPASS_20260928_V01,frame_01365.jpg,1365.0,00:22:45,08:32:45,40307,1348455.6,1080,1920,1080x1920,Smartphone 108 MP (Bypass),Óvalo Salida a Cusco,VALIDO,1835.9904071790068,129.72569058641974,NINGUNO
BYPASS_20260928_V01_F01366,BYPASS_20260928_V01,frame_01366.jpg,1366.0,00:22:46,08:32:46,40336,1349421.9,1080,1920,1080x1920,Smartphone 108 MP (Bypass),Óvalo Salida a Cusco,VALIDO,1830.4596695041857,130.37439236111112,NINGUNO
BYPASS_20260928_V01_F01367,BYPASS_20260928_V01,frame_01367.jpg,1367.0,00:22:47,08:32:47,40366,1350421.5,1080,1920,1080x1920,Smartphone 108 MP (Bypass),Óvalo Salida a Cusco,VALIDO,1753.0304853642735,129.7251215277778,NINGUNO
BYPASS_20260928_V01_F01368,BYPASS_20260928_V01,frame_01368.jpg,1368.0,00:22:48,08:32:48,40395,1351387.8,1080,1920,1080x1920,Smartphone 108 MP (Bypass),Óvalo Salida a Cusco,VALIDO,1772.2637924370663,130.4255574845679,NINGUNO
BYPASS_20260928_V01_F01369,BYPASS_20260928_V01,frame_01369.jpg,1369.0,00:22:49,08:32:49,40425,1352387.4,1080,1920,1080x1920,Smartphone 108 MP (Bypass),Óvalo Salida a Cusco,VALIDO,1838.9783099851347,129.20704668209876,NINGUNO
BYPASS_20260928_V01_F01370,BYPASS_20260928_V01,frame_01370.jpg,1370.0,00:22:50,08:32:50,40454,1353353.7,1080,1920,1080x1920,Smartphone 108 MP (Bypass),Óvalo Salida a Cusco,VALIDO,1722.0585217056714,127.09629050925926,NINGUNO
BYPASS_20260928_V01_F01371,BYPASS_20260928_V01,frame_01371.jpg,1371.0,00:22:51,08:32:51,40484,1354353.3,1080,1920,1080x1920,Smartphone 108 MP (Bypass),Óvalo Salida a Cusco,VALIDO,1638.221488098764,129.3305536265432,NINGUNO
BYPASS_20260928_V01_F01372,BYPASS_20260928_V01,frame_01372.jpg,1372.0,00:22:52,08:32:52,40513,1355319.5,1080,1920,1080x1920,Smartphone 108 MP (Bypass),Óvalo Salida a Cusco,VALIDO,1688.6408813598432,131.27923418209878,NINGUNO
BYPASS_20260928_V01_F01373,BYPASS_20260928_V01,frame_01373.jpg,1373.0,00:22:53,08:32:53,40543,1356319.1,1080,1920,1080x1920,Smartphone 108 MP (Bypass),Óvalo Salida a Cusco,VALIDO,1615.897431060281,133.1600212191358,NINGUNO
BYPASS_20260928_V01_F01374,BYPASS_20260928_V01,frame_01374.jpg,1374.0,00:22:54,08:32:54,40573,1357352.0,1080,1920,1080x1920,Smartphone 108 MP (Bypass),Óvalo Salida a Cusco,VALIDO,1668.7154486468185,134.40399884259259,NINGUNO
BYPASS_20260928_V01_F01375,BYPASS_20260928_V01,frame_01375.jpg,1375.0,00:22:55,08:32:55,40602,1358318.3,1080,1920,1080x1920,Smartphone 108 MP (Bypass),Óvalo Salida a Cusco,VALIDO,1686.6735783111103,134.28323302469136,NINGUNO
BYPASS_20260928_V01_F01376,BYPASS_20260928_V01,frame_01376.jpg,1376.0,00:22:56,08:32:56,40632,1359317.9,1080,1920,1080x1920,Smartphone 108 MP (Bypass),Óvalo Salida a Cusco,VALIDO,1611.136874432813,134.76295524691358,NINGUNO
BYPASS_20260928_V01_F01377,BYPASS_20260928_V01,frame_01377.jpg,1377.0,00:22:57,08:32:57,40661,1360284.2,1080,1920,1080x1920,Smartphone 108 MP (Bypass),Óvalo Salida a Cusco,VALIDO,1624.7911156678626,134.2820524691358,NINGUNO
BYPASS_20260928_V01_F01378,BYPASS_20260928_V01,frame_01378.jpg,1378.0,00:22:58,08:32:58,40691,1361283.8,1080,1920,1080x1920,Smartphone 108 MP (Bypass),Óvalo Salida a Cusco,VALIDO,1722.1215092733662,133.7951176697531,NINGUNO
BYPASS_20260928_V01_F01379,BYPASS_20260928_V01,frame_01379.jpg,1379.0,00:22:59,08:32:59,40720,1362250.0,1080,1920,1080x1920,Smartphone 108 MP (Bypass),Óvalo Salida a Cusco,VALIDO,1727.2412489626204,133.61473572530863,NINGUNO
BYPASS_20260928_V01_F01380,BYPASS_20260928_V01,frame_01380.jpg,1380.0,00:23:00,08:33:00,40750,1363249.6,1080,1920,1080x1920,Smartphone 108 MP (Bypass),Óvalo Salida a Cusco,VALIDO,1783.1254220131118,134.62418402777777,NINGUNO
BYPASS_20260928_V01_F01381,BYPASS_20260928_V01,frame_01381.jpg,1381.0,00:23:01,08:33:01,40779,1364215.9,1080,1920,1080x1920,Smartphone 108 MP (Bypass),Óvalo Salida a Cusco,VALIDO,1699.1539273404012,134.61753086419753,NINGUNO
BYPASS_20260928_V01_F01382,BYPASS_20260928_V01,frame_01382.jpg,1382.0,00:23:02,08:33:02,40809,1365215.5,1080,1920,1080x1920,Smartphone 108 MP (Bypass),Óvalo Salida a Cusco,VALIDO,1777.3984497898584,134.40696180555557,NINGUNO
BYPASS_20260928_V01_F01383,BYPASS_20260928_V01,frame_01383.jpg,1383.0,00:23:03,08:33:03,40838,1366181.8,1080,1920,1080x1920,Smartphone 108 MP (Bypass),Óvalo Salida a Cusco,VALIDO,1745.2303433051218,135.28964699074075,NINGUNO
BYPASS_20260928_V01_F01384,BYPASS_20260928_V01,frame_01384.jpg,1384.0,00:23:04,08:33:04,40868,1367181.4,1080,1920,1080x1920,Smartphone 108 MP (Bypass),Óvalo Salida a Cusco,VALIDO,1757.7663766726996,135.30469714506174,NINGUNO
BYPASS_20260928_V01_F01385,BYPASS_20260928_V01,frame_01385.jpg,1385.0,00:23:05,08:33:05,40897,1368147.7,1080,1920,1080x1920,Smartphone 108 MP (Bypass),Óvalo Salida a Cusco,VALIDO,1674.1235780377447,129.28746720679013,NINGUNO
BYPASS_20260928_V01_F01386,BYPASS_20260928_V01,frame_01386.jpg,1386.0,00:23:06,08:33:06,40927,1369147.4,1080,1920,1080x1920,Smartphone 108 MP (Bypass),Óvalo Salida a Cusco,VALIDO,1609.3947254272364,129.87046103395062,NINGUNO
BYPASS_20260928_V01_F01387,BYPASS_20260928_V01,frame_01387.jpg,1387.0,00:23:07,08:33:07,40956,1370113.7,1080,1920,1080x1920,Smartphone 108 MP (Bypass),Óvalo Salida a Cusco,VALIDO,1543.3744810789754,126.12959876543209,NINGUNO
BYPASS_20260928_V01_F01388,BYPASS_20260928_V01,frame_01388.jpg,1388.0,00:23:08,08:33:08,40986,1371113.2,1080,1920,1080x1920,Smartphone 108 MP (Bypass),Óvalo Salida a Cusco,VALIDO,1475.0483830054006,125.19977237654321,NINGUNO
BYPASS_20260928_V01_F01389,BYPASS_20260928_V01,frame_01389.jpg,1389.0,00:23:09,08:33:09,41015,1372079.4,1080,1920,1080x1920,Smartphone 108 MP (Bypass),Óvalo Salida a Cusco,VALIDO,1575.3427488682535,133.48592399691358,NINGUNO
BYPASS_20260928_V01_F01390,BYPASS_20260928_V01,frame_01390.jpg,1390.0,00:23:10,08:33:10,41045,1373079.0,1080,1920,1080x1920,Smartphone 108 MP (Bypass),Óvalo Salida a Cusco,VALIDO,1593.8199326656766,134.12701774691357,NINGUNO
BYPASS_20260928_V01_F01391,BYPASS_20260928_V01,frame_01391.jpg,1391.0,00:23:11,08:33:11,41075,1374111.9,1080,1920,1080x1920,Smartphone 108 MP (Bypass),Óvalo Salida a Cusco,VALIDO,1618.5876127143013,133.92912229938273,NINGUNO
BYPASS_20260928_V01_F01392,BYPASS_20260928_V01,frame_01392.jpg,1392.0,00:23:12,08:33:12,41104,1375078.2,1080,1920,1080x1920,Smartphone 108 MP (Bypass),Óvalo Salida a Cusco,VALIDO,1649.5621946516198,134.1546412037037,NINGUNO
BYPASS_20260928_V01_F01393,BYPASS_20260928_V01,frame_01393.jpg,1393.0,00:23:13,08:33:13,41134,1376111.1,1080,1920,1080x1920,Smartphone 108 MP (Bypass),Óvalo Salida a Cusco,VALIDO,1739.8885159030062,133.9661284722222,NINGUNO
BYPASS_20260928_V01_F01394,BYPASS_20260928_V01,frame_01394.jpg,1394.0,00:23:14,08:33:14,41163,1377077.5,1080,1920,1080x1920,Smartphone 108 MP (Bypass),Óvalo Salida a Cusco,VALIDO,1749.1840434030423,136.2248649691358,NINGUNO
BYPASS_20260928_V01_F01395,BYPASS_20260928_V01,frame_01395.jpg,1395.0,00:23:15,08:33:15,41193,1378077.1,1080,1920,1080x1920,Smartphone 108 MP (Bypass),Óvalo Salida a Cusco,VALIDO,1823.8644208942846,130.2793537808642,NINGUNO
BYPASS_20260928_V01_F01396,BYPASS_20260928_V01,frame_01396.jpg,1396.0,00:23:16,08:33:16,41222,1379043.3,1080,1920,1080x1920,Smartphone 108 MP (Bypass),Óvalo Salida a Cusco,VALIDO,1891.6457895849073,127.09788580246914,NINGUNO
BYPASS_20260928_V01_F01397,BYPASS_20260928_V01,frame_01397.jpg,1397.0,00:23:17,08:33:17,41252,1380076.3,1080,1920,1080x1920,Smartphone 108 MP (Bypass),Óvalo Salida a Cusco,VALIDO,1913.8517804404357,122.34407986111111,NINGUNO
BYPASS_20260928_V01_F01398,BYPASS_20260928_V01,frame_01398.jpg,1398.0,00:23:18,08:33:18,41281,1381109.2,1080,1920,1080x1920,Smartphone 108 MP (Bypass),Óvalo Salida a Cusco,VALIDO,1808.1792975222313,122.97264081790124,NINGUNO
BYPASS_20260928_V01_F01399,BYPASS_20260928_V01,frame_01399.jpg,1399.0,00:23:19,08:33:19,41311,1382108.8,1080,1920,1080x1920,Smartphone 108 MP (Bypass),Óvalo Salida a Cusco,VALIDO,1680.3710436192553,121.30096836419753,NINGUNO
BYPASS_20260928_V01_F01400,BYPASS_20260928_V01,frame_01400.jpg,1400.0,00:23:20,08:33:20,41340,1383075.0,1080,1920,1080x1920,Smartphone 108 MP (Bypass),Óvalo Salida a Cusco,VALIDO,1735.693146900184,123.15357831790124,NINGUNO
BYPASS_20260928_V01_F01401,BYPASS_20260928_V01,frame_01401.jpg,1401.0,00:23:21,08:33:21,41370,1384074.7,1080,1920,1080x1920,Smartphone 108 MP (Bypass),Óvalo Salida a Cusco,VALIDO,1748.9604533713918,125.24009837962963,NINGUNO
BYPASS_20260928_V01_F01402,BYPASS_20260928_V01,frame_01402.jpg,1402.0,00:23:22,08:33:22,41399,1385040.9,1080,1920,1080x1920,Smartphone 108 MP (Bypass),Óvalo Salida a Cusco,VALIDO,1687.3514063943744,126.67190779320988,NINGUNO
BYPASS_20260928_V01_F01403,BYPASS_20260928_V01,frame_01403.jpg,1403.0,00:23:23,08:33:23,41429,1386040.5,1080,1920,1080x1920,Smartphone 108 MP (Bypass),Óvalo Salida a Cusco,VALIDO,1734.6454883678175,126.15700231481482,NINGUNO
BYPASS_20260928_V01_F01404,BYPASS_20260928_V01,frame_01404.jpg,1404.0,00:23:24,08:33:24,41458,1387006.8,1080,1920,1080x1920,Smartphone 108 MP (Bypass),Óvalo Salida a Cusco,VALIDO,1740.318587034165,127.10855324074075,NINGUNO
BYPASS_20260928_V01_F01405,BYPASS_20260928_V01,frame_01405.jpg,1405.0,00:23:25,08:33:25,41488,1388006.3,1080,1920,1080x1920,Smartphone 108 MP (Bypass),Óvalo Salida a Cusco,VALIDO,1743.4077318344036,128.69059413580246,NINGUNO
BYPASS_20260928_V01_F01406,BYPASS_20260928_V01,frame_01406.jpg,1406.0,00:23:26,08:33:26,41517,1389005.9,1080,1920,1080x1920,Smartphone 108 MP (Bypass),Óvalo Salida a Cusco,VALIDO,1708.971315906846,129.52815586419754,NINGUNO
BYPASS_20260928_V01_F01407,BYPASS_20260928_V01,frame_01407.jpg,1407.0,00:23:27,08:33:27,41547,1390038.9,1080,1920,1080x1920,Smartphone 108 MP (Bypass),Óvalo Salida a Cusco,VALIDO,1749.382003664588,126.87654513888889,NINGUNO
BYPASS_20260928_V01_F01408,BYPASS_20260928_V01,frame_01408.jpg,1408.0,00:23:28,08:33:28,41577,1391038.5,1080,1920,1080x1920,Smartphone 108 MP (Bypass),Óvalo Salida a Cusco,VALIDO,1752.2284923637317,125.37016203703703,NINGUNO
BYPASS_20260928_V01_F01409,BYPASS_20260928_V01,frame_01409.jpg,1409.0,00:23:29,08:33:29,41606,1392004.8,1080,1920,1080x1920,Smartphone 108 MP (Bypass),Óvalo Salida a Cusco,VALIDO,1802.5450443641544,125.66868827160494,NINGUNO
BYPASS_20260928_V01_F01410,BYPASS_20260928_V01,frame_01410.jpg,1410.0,00:23:30,08:33:30,41636,1393004.4,1080,1920,1080x1920,Smartphone 108 MP (Bypass),Óvalo Salida a Cusco,VALIDO,1656.1852416134254,121.65067901234568,NINGUNO
BYPASS_20260928_V01_F01411,BYPASS_20260928_V01,frame_01411.jpg,1411.0,00:23:31,08:33:31,41665,1393970.6,1080,1920,1080x1920,Smartphone 108 MP (Bypass),Óvalo Salida a Cusco,VALIDO,1623.5631392731696,123.0480574845679,NINGUNO
BYPASS_20260928_V01_F01412,BYPASS_20260928_V01,frame_01412.jpg,1412.0,00:23:32,08:33:32,41695,1394970.2,1080,1920,1080x1920,Smartphone 108 MP (Bypass),Óvalo Salida a Cusco,VALIDO,1715.9226315296921,131.14992283950616,NINGUNO
BYPASS_20260928_V01_F01413,BYPASS_20260928_V01,frame_01413.jpg,1413.0,00:23:33,08:33:33,41724,1395936.5,1080,1920,1080x1920,Smartphone 108 MP (Bypass),Óvalo Salida a Cusco,VALIDO,1760.723710114082,129.6107388117284,NINGUNO
BYPASS_20260928_V01_F01414,BYPASS_20260928_V01,frame_01414.jpg,1414.0,00:23:34,08:33:34,41754,1396936.0,1080,1920,1080x1920,Smartphone 108 MP (Bypass),Óvalo Salida a Cusco,VALIDO,1739.3880281342726,131.0638888888889,NINGUNO
BYPASS_20260928_V01_F01415,BYPASS_20260928_V01,frame_01415.jpg,1415.0,00:23:35,08:33:35,41783,1397902.3,1080,1920,1080x1920,Smartphone 108 MP (Bypass),Óvalo Salida a Cusco,VALIDO,1767.5134492546172,131.81600694444444,NINGUNO
BYPASS_20260928_V01_F01416,BYPASS_20260928_V01,frame_01416.jpg,1416.0,00:23:36,08:33:36,41813,1398901.9,1080,1920,1080x1920,Smartphone 108 MP (Bypass),Óvalo Salida a Cusco,VALIDO,1716.3148236077616,133.18637538580248,NINGUNO
BYPASS_20260928_V01_F01417,BYPASS_20260928_V01,frame_01417.jpg,1417.0,00:23:37,08:33:37,41842,1399868.2,1080,1920,1080x1920,Smartphone 108 MP (Bypass),Óvalo Salida a Cusco,VALIDO,1722.6817743050192,133.54168595679013,NINGUNO
BYPASS_20260928_V01_F01418,BYPASS_20260928_V01,frame_01418.jpg,1418.0,00:23:38,08:33:38,41872,1400867.8,1080,1920,1080x1920,Smartphone 108 MP (Bypass),Óvalo Salida a Cusco,VALIDO,1630.6491859032067,133.57613811728396,NINGUNO
BYPASS_20260928_V01_F01419,BYPASS_20260928_V01,frame_01419.jpg,1419.0,00:23:39,08:33:39,41901,1401834.1,1080,1920,1080x1920,Smartphone 108 MP (Bypass),Óvalo Salida a Cusco,VALIDO,1667.8489750480917,130.30323109567902,NINGUNO
BYPASS_20260928_V01_F01420,BYPASS_20260928_V01,frame_01420.jpg,1420.0,00:23:40,08:33:40,41931,1402833.7,1080,1920,1080x1920,Smartphone 108 MP (Bypass),Óvalo Salida a Cusco,VALIDO,1836.4686202913313,126.2589313271605,NINGUNO
BYPASS_20260928_V01_F01421,BYPASS_20260928_V01,frame_01421.jpg,1421.0,00:23:41,08:33:41,41960,1403800.0,1080,1920,1080x1920,Smartphone 108 MP (Bypass),Óvalo Salida a Cusco,VALIDO,1772.6784181866421,125.81326388888888,NINGUNO
BYPASS_20260928_V01_F01422,BYPASS_20260928_V01,frame_01422.jpg,1422.0,00:23:42,08:33:42,41990,1404799.6,1080,1920,1080x1920,Smartphone 108 MP (Bypass),Óvalo Salida a Cusco,VALIDO,1687.2175479785856,125.35049382716049,NINGUNO
BYPASS_20260928_V01_F01423,BYPASS_20260928_V01,frame_01423.jpg,1423.0,00:23:43,08:33:43,42019,1405765.9,1080,1920,1080x1920,Smartphone 108 MP (Bypass),Óvalo Salida a Cusco,VALIDO,1622.8514561935547,125.38262924382715,NINGUNO
BYPASS_20260928_V01_F01424,BYPASS_20260928_V01,frame_01424.jpg,1424.0,00:23:44,08:33:44,42049,1406765.5,1080,1920,1080x1920,Smartphone 108 MP (Bypass),Óvalo Salida a Cusco,VALIDO,1660.4340430002712,126.81001350308642,NINGUNO
BYPASS_20260928_V01_F01425,BYPASS_20260928_V01,frame_01425.jpg,1425.0,00:23:45,08:33:45,42079,1407765.1,1080,1920,1080x1920,Smartphone 108 MP (Bypass),Óvalo Salida a Cusco,VALIDO,1666.3868242761696,127.3807638888889,NINGUNO
BYPASS_20260928_V01_F01426,BYPASS_20260928_V01,frame_01426.jpg,1426.0,00:23:46,08:33:46,42108,1408731.4,1080,1920,1080x1920,Smartphone 108 MP (Bypass),Óvalo Salida a Cusco,VALIDO,1716.2579689683498,125.28282600308641,NINGUNO
BYPASS_20260928_V01_F01427,BYPASS_20260928_V01,frame_01427.jpg,1427.0,00:23:47,08:33:47,42138,1409731.0,1080,1920,1080x1920,Smartphone 108 MP (Bypass),Óvalo Salida a Cusco,VALIDO,1778.3159437869135,125.73792052469136,NINGUNO
BYPASS_20260928_V01_F01428,BYPASS_20260928_V01,frame_01428.jpg,1428.0,00:23:48,08:33:48,42167,1410697.4,1080,1920,1080x1920,Smartphone 108 MP (Bypass),Óvalo Salida a Cusco,VALIDO,1669.1222767092866,126.24827739197531,NINGUNO
BYPASS_20260928_V01_F01429,BYPASS_20260928_V01,frame_01429.jpg,1429.0,00:23:49,08:33:49,42197,1411696.9,1080,1920,1080x1920,Smartphone 108 MP (Bypass),Óvalo Salida a Cusco,VALIDO,1708.9325293174006,122.03274691358024,NINGUNO
BYPASS_20260928_V01_F01430,BYPASS_20260928_V01,frame_01430.jpg,1430.0,00:23:50,08:33:50,42226,1412663.1,1080,1920,1080x1920,Smartphone 108 MP (Bypass),Óvalo Salida a Cusco,VALIDO,1765.617211033221,121.10332175925926,NINGUNO
BYPASS_20260928_V01_F01431,BYPASS_20260928_V01,frame_01431.jpg,1431.0,00:23:51,08:33:51,42256,1413662.7,1080,1920,1080x1920,Smartphone 108 MP (Bypass),Óvalo Salida a Cusco,VALIDO,1697.3953257496025,121.74654320987655,NINGUNO
BYPASS_20260928_V01_F01432,BYPASS_20260928_V01,frame_01432.jpg,1432.0,00:23:52,08:33:52,42285,1414629.0,1080,1920,1080x1920,Smartphone 108 MP (Bypass),Óvalo Salida a Cusco,VALIDO,1654.6124935163753,122.46333140432098,NINGUNO
BYPASS_20260928_V01_F01433,BYPASS_20260928_V01,frame_01433.jpg,1433.0,00:23:53,08:33:53,42315,1415628.6,1080,1920,1080x1920,Smartphone 108 MP (Bypass),Óvalo Salida a Cusco,VALIDO,1795.3955328921577,122.50172839506173,NINGUNO
BYPASS_20260928_V01_F01434,BYPASS_20260928_V01,frame_01434.jpg,1434.0,00:23:54,08:33:54,42344,1416628.2,1080,1920,1080x1920,Smartphone 108 MP (Bypass),Óvalo Salida a Cusco,VALIDO,1850.9598644507103,123.6227237654321,NINGUNO
BYPASS_20260928_V01_F01435,BYPASS_20260928_V01,frame_01435.jpg,1435.0,00:23:55,08:33:55,42374,1417661.1,1080,1920,1080x1920,Smartphone 108 MP (Bypass),Óvalo Salida a Cusco,VALIDO,1829.6511191210334,123.49960455246914,NINGUNO
BYPASS_20260928_V01_F01436,BYPASS_20260928_V01,frame_01436.jpg,1436.0,00:23:56,08:33:56,42403,1418627.4,1080,1920,1080x1920,Smartphone 108 MP (Bypass),Óvalo Salida a Cusco,VALIDO,1549.2840736252774,121.97106481481481,NINGUNO
BYPASS_20260928_V01_F01437,BYPASS_20260928_V01,frame_01437.jpg,1437.0,00:23:57,08:33:57,42433,1419627.0,1080,1920,1080x1920,Smartphone 108 MP (Bypass),Óvalo Salida a Cusco,VALIDO,1729.7808186870352,120.21553047839507,NINGUNO
BYPASS_20260928_V01_F01438,BYPASS_20260928_V01,frame_01438.jpg,1438.0,00:23:58,08:33:58,42462,1420593.2,1080,1920,1080x1920,Smartphone 108 MP (Bypass),Óvalo Salida a Cusco,VALIDO,1855.3122467612202,121.00523148148149,NINGUNO
BYPASS_20260928_V01_F01439,BYPASS_20260928_V01,frame_01439.jpg,1439.0,00:23:59,08:33:59,42492,1421592.8,1080,1920,1080x1920,Smartphone 108 MP (Bypass),Óvalo Salida a Cusco,VALIDO,1786.3689291399937,120.98996913580247,NINGUNO
BYPASS_20260928_V01_F01440,BYPASS_20260928_V01,frame_01440.jpg,1440.0,00:24:00,08:34:00,42521,1422559.1,1080,1920,1080x1920,Smartphone 108 MP (Bypass),Óvalo Salida a Cusco,VALIDO,1912.1936536810167,119.98300154320988,NINGUNO
BYPASS_20260928_V01_F01441,BYPASS_20260928_V01,frame_01441.jpg,1441.0,00:24:01,08:34:01,42551,1423592.0,1080,1920,1080x1920,Smartphone 108 MP (Bypass),Óvalo Salida a Cusco,VALIDO,1879.9816221088595,120.09652391975308,NINGUNO
BYPASS_20260928_V01_F01442,BYPASS_20260928_V01,frame_01442.jpg,1442.0,00:24:02,08:34:02,42581,1424591.6,1080,1920,1080x1920,Smartphone 108 MP (Bypass),Óvalo Salida a Cusco,VALIDO,1839.4927835933327,121.59271797839506,NINGUNO
BYPASS_20260928_V01_F01443,BYPASS_20260928_V01,frame_01443.jpg,1443.0,00:24:03,08:34:03,42610,1425557.9,1080,1920,1080x1920,Smartphone 108 MP (Bypass),Óvalo Salida a Cusco,VALIDO,1768.3542318190248,121.99940393518519,NINGUNO
BYPASS_20260928_V01_F01444,BYPASS_20260928_V01,frame_01444.jpg,1444.0,00:24:04,08:34:04,42640,1426557.5,1080,1920,1080x1920,Smartphone 108 MP (Bypass),Óvalo Salida a Cusco,VALIDO,1849.2224124409245,122.54936149691358,NINGUNO
BYPASS_20260928_V01_F01445,BYPASS_20260928_V01,frame_01445.jpg,1445.0,00:24:05,08:34:05,42669,1427557.1,1080,1920,1080x1920,Smartphone 108 MP (Bypass),Óvalo Salida a Cusco,VALIDO,1806.6394056720967,122.70486304012346,NINGUNO
BYPASS_20260928_V01_F01446,BYPASS_20260928_V01,frame_01446.jpg,1446.0,00:24:06,08:34:06,42699,1428556.7,1080,1920,1080x1920,Smartphone 108 MP (Bypass),Óvalo Salida a Cusco,VALIDO,1582.365980241462,124.0864486882716,NINGUNO
BYPASS_20260928_V01_F01447,BYPASS_20260928_V01,frame_01447.jpg,1447.0,00:24:07,08:34:07,42728,1429523.0,1080,1920,1080x1920,Smartphone 108 MP (Bypass),Óvalo Salida a Cusco,VALIDO,1574.7683098560883,121.99831790123457,NINGUNO
BYPASS_20260928_V01_F01448,BYPASS_20260928_V01,frame_01448.jpg,1448.0,00:24:08,08:34:08,42758,1430522.5,1080,1920,1080x1920,Smartphone 108 MP (Bypass),Óvalo Salida a Cusco,VALIDO,1661.1829508420974,123.43491898148149,NINGUNO
BYPASS_20260928_V01_F01449,BYPASS_20260928_V01,frame_01449.jpg,1449.0,00:24:09,08:34:09,42787,1431488.8,1080,1920,1080x1920,Smartphone 108 MP (Bypass),Óvalo Salida a Cusco,VALIDO,1671.7372955603544,124.72574652777777,NINGUNO
BYPASS_20260928_V01_F01450,BYPASS_20260928_V01,frame_01450.jpg,1450.0,00:24:10,08:34:10,42817,1432488.4,1080,1920,1080x1920,Smartphone 108 MP (Bypass),Óvalo Salida a Cusco,VALIDO,1713.1850126516076,124.84043402777777,NINGUNO
BYPASS_20260928_V01_F01451,BYPASS_20260928_V01,frame_01451.jpg,1451.0,00:24:11,08:34:11,42846,1433454.7,1080,1920,1080x1920,Smartphone 108 MP (Bypass),Óvalo Salida a Cusco,VALIDO,1747.9070620833838,128.71977044753086,NINGUNO
BYPASS_20260928_V01_F01452,BYPASS_20260928_V01,frame_01452.jpg,1452.0,00:24:12,08:34:12,42876,1434454.3,1080,1920,1080x1920,Smartphone 108 MP (Bypass),Óvalo Salida a Cusco,VALIDO,1756.3322923140433,128.82521990740742,NINGUNO
BYPASS_20260928_V01_F01453,BYPASS_20260928_V01,frame_01453.jpg,1453.0,00:24:13,08:34:13,42905,1435420.6,1080,1920,1080x1920,Smartphone 108 MP (Bypass),Óvalo Salida a Cusco,VALIDO,1778.1222919229156,126.32498842592592,NINGUNO
BYPASS_20260928_V01_F01454,BYPASS_20260928_V01,frame_01454.jpg,1454.0,00:24:14,08:34:14,42935,1436420.1,1080,1920,1080x1920,Smartphone 108 MP (Bypass),Óvalo Salida a Cusco,VALIDO,1703.2058773254385,126.37396604938272,NINGUNO
BYPASS_20260928_V01_F01455,BYPASS_20260928_V01,frame_01455.jpg,1455.0,00:24:15,08:34:15,42964,1437386.4,1080,1920,1080x1920,Smartphone 108 MP (Bypass),Óvalo Salida a Cusco,VALIDO,1610.2836637838657,125.38260030864197,NINGUNO
BYPASS_20260928_V01_F01456,BYPASS_20260928_V01,frame_01456.jpg,1456.0,00:24:16,08:34:16,42994,1438386.0,1080,1920,1080x1920,Smartphone 108 MP (Bypass),Óvalo Salida a Cusco,VALIDO,1635.1366219207212,123.2574324845679,NINGUNO
BYPASS_20260928_V01_F01457,BYPASS_20260928_V01,frame_01457.jpg,1457.0,00:24:17,08:34:17,43023,1439352.3,1080,1920,1080x1920,Smartphone 108 MP (Bypass),Óvalo Salida a Cusco,VALIDO,1704.038741397795,124.7470987654321,NINGUNO
BYPASS_20260928_V01_F01458,BYPASS_20260928_V01,frame_01458.jpg,1458.0,00:24:18,08:34:18,43053,1440351.8,1080,1920,1080x1920,Smartphone 108 MP (Bypass),Óvalo Salida a Cusco,VALIDO,1603.842991614988,128.17715856481482,NINGUNO
BYPASS_20260928_V01_F01459,BYPASS_20260928_V01,frame_01459.jpg,1459.0,00:24:19,08:34:19,43082,1441351.4,1080,1920,1080x1920,Smartphone 108 MP (Bypass),Óvalo Salida a Cusco,VALIDO,1552.4637081822236,131.68331018518518,NINGUNO
BYPASS_20260928_V01_F01460,BYPASS_20260928_V01,frame_01460.jpg,1460.0,00:24:20,08:34:20,43112,1442351.0,1080,1920,1080x1920,Smartphone 108 MP (Bypass),Óvalo Salida a Cusco,VALIDO,1606.0192631528234,132.7042611882716,NINGUNO
BYPASS_20260928_V01_F01461,BYPASS_20260928_V01,frame_01461.jpg,1461.0,00:24:21,08:34:21,43142,1443350.7,1080,1920,1080x1920,Smartphone 108 MP (Bypass),Óvalo Salida a Cusco,VALIDO,1616.614228816196,132.74491319444445,NINGUNO
BYPASS_20260928_V01_F01462,BYPASS_20260928_V01,frame_01462.jpg,1462.0,00:24:22,08:34:22,43171,1444316.9,1080,1920,1080x1920,Smartphone 108 MP (Bypass),Óvalo Salida a Cusco,VALIDO,1668.5049935617392,132.49772955246914,NINGUNO
BYPASS_20260928_V01_F01463,BYPASS_20260928_V01,frame_01463.jpg,1463.0,00:24:23,08:34:23,43201,1445349.8,1080,1920,1080x1920,Smartphone 108 MP (Bypass),Óvalo Salida a Cusco,VALIDO,1765.9882806694166,132.18773148148148,NINGUNO
BYPASS_20260928_V01_F01464,BYPASS_20260928_V01,frame_01464.jpg,1464.0,00:24:24,08:34:24,43230,1446316.1,1080,1920,1080x1920,Smartphone 108 MP (Bypass),Óvalo Salida a Cusco,VALIDO,1775.548058501928,132.99470100308642,NINGUNO
BYPASS_20260928_V01_F01465,BYPASS_20260928_V01,frame_01465.jpg,1465.0,00:24:25,08:34:25,43260,1447315.7,1080,1920,1080x1920,Smartphone 108 MP (Bypass),Óvalo Salida a Cusco,VALIDO,1768.7934851277912,133.3440625,NINGUNO
BYPASS_20260928_V01_F01466,BYPASS_20260928_V01,frame_01466.jpg,1466.0,00:24:26,08:34:26,43289,1448282.0,1080,1920,1080x1920,Smartphone 108 MP (Bypass),Óvalo Salida a Cusco,VALIDO,1890.4682840108655,131.2602874228395,NINGUNO
BYPASS_20260928_V01_F01467,BYPASS_20260928_V01,frame_01467.jpg,1467.0,00:24:27,08:34:27,43319,1449315.0,1080,1920,1080x1920,Smartphone 108 MP (Bypass),Óvalo Salida a Cusco,VALIDO,1833.9209756227617,126.24392554012346,NINGUNO
BYPASS_20260928_V01_F01468,BYPASS_20260928_V01,frame_01468.jpg,1468.0,00:24:28,08:34:28,43348,1450281.3,1080,1920,1080x1920,Smartphone 108 MP (Bypass),Óvalo Salida a Cusco,VALIDO,1874.104943498856,124.51130787037037,NINGUNO
BYPASS_20260928_V01_F01469,BYPASS_20260928_V01,frame_01469.jpg,1469.0,00:24:29,08:34:29,43378,1451280.8,1080,1920,1080x1920,Smartphone 108 MP (Bypass),Óvalo Salida a Cusco,VALIDO,1767.5966289266084,122.20022955246914,NINGUNO
BYPASS_20260928_V01_F01470,BYPASS_20260928_V01,frame_01470.jpg,1470.0,00:24:30,08:34:30,43407,1452247.1,1080,1920,1080x1920,Smartphone 108 MP (Bypass),Óvalo Salida a Cusco,VALIDO,1487.124094836543,127.51233217592592,NINGUNO
BYPASS_20260928_V01_F01471,BYPASS_20260928_V01,frame_01471.jpg,1471.0,00:24:31,08:34:31,43437,1453246.7,1080,1920,1080x1920,Smartphone 108 MP (Bypass),Óvalo Salida a Cusco,VALIDO,1580.7645466363142,125.24893904320987,NINGUNO
BYPASS_20260928_V01_F01472,BYPASS_20260928_V01,frame_01472.jpg,1472.0,00:24:32,08:34:32,43466,1454212.9,1080,1920,1080x1920,Smartphone 108 MP (Bypass),Óvalo Salida a Cusco,VALIDO,1487.4593447503735,126.94293981481482,NINGUNO
BYPASS_20260928_V01_F01473,BYPASS_20260928_V01,frame_01473.jpg,1473.0,00:24:33,08:34:33,43496,1455212.5,1080,1920,1080x1920,Smartphone 108 MP (Bypass),Óvalo Salida a Cusco,VALIDO,1476.412681322338,130.16980709876543,NINGUNO
BYPASS_20260928_V01_F01474,BYPASS_20260928_V01,frame_01474.jpg,1474.0,00:24:34,08:34:34,43525,1456212.1,1080,1920,1080x1920,Smartphone 108 MP (Bypass),Óvalo Salida a Cusco,VALIDO,1523.5841219060637,129.48766782407407,NINGUNO
BYPASS_20260928_V01_F01475,BYPASS_20260928_V01,frame_01475.jpg,1475.0,00:24:35,08:34:35,43555,1457211.7,1080,1920,1080x1920,Smartphone 108 MP (Bypass),Óvalo Salida a Cusco,VALIDO,1585.1587924156324,129.37140046296295,NINGUNO
BYPASS_20260928_V01_F01476,BYPASS_20260928_V01,frame_01476.jpg,1476.0,00:24:36,08:34:36,43584,1458211.3,1080,1920,1080x1920,Smartphone 108 MP (Bypass),Óvalo Salida a Cusco,VALIDO,1463.7395448088992,130.25289158950616,NINGUNO
BYPASS_20260928_V01_F01477,BYPASS_20260928_V01,frame_01477.jpg,1477.0,00:24:37,08:34:37,43614,1459210.9,1080,1920,1080x1920,Smartphone 108 MP (Bypass),Óvalo Salida a Cusco,VALIDO,1465.4948976059666,130.23979166666666,NINGUNO
BYPASS_20260928_V01_F01478,BYPASS_20260928_V01,frame_01478.jpg,1478.0,00:24:38,08:34:38,43644,1460210.5,1080,1920,1080x1920,Smartphone 108 MP (Bypass),Óvalo Salida a Cusco,VALIDO,1422.659146649815,129.65210648148147,NINGUNO
BYPASS_20260928_V01_F01479,BYPASS_20260928_V01,frame_01479.jpg,1479.0,00:24:39,08:34:39,43673,1461176.8,1080,1920,1080x1920,Smartphone 108 MP (Bypass),Óvalo Salida a Cusco,VALIDO,1432.353273531982,130.18931905864198,NINGUNO
BYPASS_20260928_V01_F01480,BYPASS_20260928_V01,frame_01480.jpg,1480.0,00:24:40,08:34:40,43703,1462209.7,1080,1920,1080x1920,Smartphone 108 MP (Bypass),Óvalo Salida a Cusco,VALIDO,1350.8062318104817,129.7141338734568,NINGUNO
BYPASS_20260928_V01_F01481,BYPASS_20260928_V01,frame_01481.jpg,1481.0,00:24:41,08:34:41,43732,1463176.0,1080,1920,1080x1920,Smartphone 108 MP (Bypass),Óvalo Salida a Cusco,VALIDO,1416.0858575894583,128.96770833333332,NINGUNO
BYPASS_20260928_V01_F01482,BYPASS_20260928_V01,frame_01482.jpg,1482.0,00:24:42,08:34:42,43762,1464175.6,1080,1920,1080x1920,Smartphone 108 MP (Bypass),Óvalo Salida a Cusco,VALIDO,1482.6199643708403,127.98667438271605,NINGUNO
BYPASS_20260928_V01_F01483,BYPASS_20260928_V01,frame_01483.jpg,1483.0,00:24:43,08:34:43,43791,1465141.9,1080,1920,1080x1920,Smartphone 108 MP (Bypass),Óvalo Salida a Cusco,VALIDO,1626.5520756172243,131.55821952160494,NINGUNO
BYPASS_20260928_V01_F01484,BYPASS_20260928_V01,frame_01484.jpg,1484.0,00:24:44,08:34:44,43821,1466174.8,1080,1920,1080x1920,Smartphone 108 MP (Bypass),Óvalo Salida a Cusco,VALIDO,1627.4757862496551,130.77873456790124,NINGUNO
BYPASS_20260928_V01_F01485,BYPASS_20260928_V01,frame_01485.jpg,1485.0,00:24:45,08:34:45,43850,1467141.1,1080,1920,1080x1920,Smartphone 108 MP (Bypass),Óvalo Salida a Cusco,VALIDO,1550.5582649712455,131.02785300925925,NINGUNO
BYPASS_20260928_V01_F01486,BYPASS_20260928_V01,frame_01486.jpg,1486.0,00:24:46,08:34:46,43880,1468140.7,1080,1920,1080x1920,Smartphone 108 MP (Bypass),Óvalo Salida a Cusco,VALIDO,1504.0115966104158,131.59665316358024,NINGUNO
BYPASS_20260928_V01_F01487,BYPASS_20260928_V01,frame_01487.jpg,1487.0,00:24:47,08:34:47,43909,1469107.0,1080,1920,1080x1920,Smartphone 108 MP (Bypass),Óvalo Salida a Cusco,VALIDO,1582.500969658507,131.70219521604938,NINGUNO
BYPASS_20260928_V01_F01488,BYPASS_20260928_V01,frame_01488.jpg,1488.0,00:24:48,08:34:48,43939,1470106.6,1080,1920,1080x1920,Smartphone 108 MP (Bypass),Óvalo Salida a Cusco,VALIDO,1658.0993073281898,127.85276427469135,NINGUNO
BYPASS_20260928_V01_F01489,BYPASS_20260928_V01,frame_01489.jpg,1489.0,00:24:49,08:34:49,43968,1471072.9,1080,1920,1080x1920,Smartphone 108 MP (Bypass),Óvalo Salida a Cusco,VALIDO,1773.72743610816,127.97846643518518,NINGUNO
BYPASS_20260928_V01_F01490,BYPASS_20260928_V01,frame_01490.jpg,1490.0,00:24:50,08:34:50,43998,1472072.5,1080,1920,1080x1920,Smartphone 108 MP (Bypass),Óvalo Salida a Cusco,VALIDO,1660.549272593523,126.14152777777778,NINGUNO
BYPASS_20260928_V01_F01491,BYPASS_20260928_V01,frame_01491.jpg,1491.0,00:24:51,08:34:51,44027,1473038.8,1080,1920,1080x1920,Smartphone 108 MP (Bypass),Óvalo Salida a Cusco,VALIDO,1500.17383037685,126.18695987654321,NINGUNO
BYPASS_20260928_V01_F01492,BYPASS_20260928_V01,frame_01492.jpg,1492.0,00:24:52,08:34:52,44057,1474038.3,1080,1920,1080x1920,Smartphone 108 MP (Bypass),Óvalo Salida a Cusco,VALIDO,1416.4017504979563,125.73418402777777,NINGUNO
BYPASS_20260928_V01_F01493,BYPASS_20260928_V01,frame_01493.jpg,1493.0,00:24:53,08:34:53,44086,1475004.6,1080,1920,1080x1920,Smartphone 108 MP (Bypass),Óvalo Salida a Cusco,VALIDO,1396.1880988667012,128.76332561728395,NINGUNO
BYPASS_20260928_V01_F01494,BYPASS_20260928_V01,frame_01494.jpg,1494.0,00:24:54,08:34:54,44116,1476004.1,1080,1920,1080x1920,Smartphone 108 MP (Bypass),Óvalo Salida a Cusco,VALIDO,1245.3244914480115,131.9216763117284,NINGUNO
BYPASS_20260928_V01_F01495,BYPASS_20260928_V01,frame_01495.jpg,1495.0,00:24:55,08:34:55,44146,1477003.7,1080,1920,1080x1920,Smartphone 108 MP (Bypass),Óvalo Salida a Cusco,VALIDO,1346.1099671592747,134.85460455246914,NINGUNO
BYPASS_20260928_V01_F01496,BYPASS_20260928_V01,frame_01496.jpg,1496.0,00:24:56,08:34:56,44175,1477970.0,1080,1920,1080x1920,Smartphone 108 MP (Bypass),Óvalo Salida a Cusco,VALIDO,1274.6370296778402,137.45370563271604,NINGUNO
BYPASS_20260928_V01_F01497,BYPASS_20260928_V01,frame_01497.jpg,1497.0,00:24:57,08:34:57,44205,1479002.9,1080,1920,1080x1920,Smartphone 108 MP (Bypass),Óvalo Salida a Cusco,VALIDO,1293.765858795344,137.90797067901235,NINGUNO
BYPASS_20260928_V01_F01498,BYPASS_20260928_V01,frame_01498.jpg,1498.0,00:24:58,08:34:58,44234,1479969.2,1080,1920,1080x1920,Smartphone 108 MP (Bypass),Óvalo Salida a Cusco,VALIDO,1334.134583064462,137.18253665123456,NINGUNO
BYPASS_20260928_V01_F01499,BYPASS_20260928_V01,frame_01499.jpg,1499.0,00:24:59,08:34:59,44264,1480968.8,1080,1920,1080x1920,Smartphone 108 MP (Bypass),Óvalo Salida a Cusco,VALIDO,1413.6339655790043,137.38776427469136,NINGUNO
BYPASS_20260928_V01_F01500,BYPASS_20260928_V01,frame_01500.jpg,1500.0,00:25:00,08:35:00,44293,1481968.4,1080,1920,1080x1920,Smartphone 108 MP (Bypass),Óvalo Salida a Cusco,VALIDO,1345.267498731373,137.089949845679,NINGUNO
BYPASS_20260928_V01_F01501,BYPASS_20260928_V01,frame_01501.jpg,1501.0,00:25:01,08:35:01,44323,1483001.3,1080,1920,1080x1920,Smartphone 108 MP (Bypass),Óvalo Salida a Cusco,VALIDO,1332.6461699325914,136.63651041666665,NINGUNO
BYPASS_20260928_V01_F01502,BYPASS_20260928_V01,frame_01502.jpg,1502.0,00:25:02,08:35:02,44352,1483967.5,1080,1920,1080x1920,Smartphone 108 MP (Bypass),Óvalo Salida a Cusco,VALIDO,1424.6069649591188,135.96873842592592,NINGUNO
BYPASS_20260928_V01_F01503,BYPASS_20260928_V01,frame_01503.jpg,1503.0,00:25:03,08:35:03,44382,1484967.1,1080,1920,1080x1920,Smartphone 108 MP (Bypass),Óvalo Salida a Cusco,VALIDO,1462.3656142698685,135.75157214506171,NINGUNO
BYPASS_20260928_V01_F01504,BYPASS_20260928_V01,frame_01504.jpg,1504.0,00:25:04,08:35:04,44411,1485933.4,1080,1920,1080x1920,Smartphone 108 MP (Bypass),Óvalo Salida a Cusco,VALIDO,1387.6754783912506,136.70414158950618,NINGUNO
BYPASS_20260928_V01_F01505,BYPASS_20260928_V01,frame_01505.jpg,1505.0,00:25:05,08:35:05,44441,1486999.7,1080,1920,1080x1920,Smartphone 108 MP (Bypass),Óvalo Salida a Cusco,VALIDO,1352.8217656683692,136.8134799382716,NINGUNO
BYPASS_20260928_V01_F01506,BYPASS_20260928_V01,frame_01506.jpg,1506.0,00:25:06,08:35:06,44470,1487965.9,1080,1920,1080x1920,Smartphone 108 MP (Bypass),Óvalo Salida a Cusco,VALIDO,1367.70350292232,136.84852044753086,NINGUNO
BYPASS_20260928_V01_F01507,BYPASS_20260928_V01,frame_01507.jpg,1507.0,00:25:07,08:35:07,44500,1488965.5,1080,1920,1080x1920,Smartphone 108 MP (Bypass),Óvalo Salida a Cusco,VALIDO,1381.7617244626738,136.9306423611111,NINGUNO
BYPASS_20260928_V01_F01508,BYPASS_20260928_V01,frame_01508.jpg,1508.0,00:25:08,08:35:08,44529,1489965.1,1080,1920,1080x1920,Smartphone 108 MP (Bypass),Óvalo Salida a Cusco,VALIDO,1362.9266980040934,136.6301311728395,NINGUNO
BYPASS_20260928_V01_F01509,BYPASS_20260928_V01,frame_01509.jpg,1509.0,00:25:09,08:35:09,44559,1490964.7,1080,1920,1080x1920,Smartphone 108 MP (Bypass),Óvalo Salida a Cusco,VALIDO,1431.6805779378994,136.97619405864197,NINGUNO
BYPASS_20260928_V01_F01510,BYPASS_20260928_V01,frame_01510.jpg,1510.0,00:25:10,08:35:10,44588,1491964.3,1080,1920,1080x1920,Smartphone 108 MP (Bypass),Óvalo Salida a Cusco,VALIDO,1558.9522056714713,134.47795910493826,NINGUNO
BYPASS_20260928_V01_F01511,BYPASS_20260928_V01,frame_01511.jpg,1511.0,00:25:11,08:35:11,44618,1492963.9,1080,1920,1080x1920,Smartphone 108 MP (Bypass),Óvalo Salida a Cusco,VALIDO,1551.6633904585897,133.66856674382717,NINGUNO
BYPASS_20260928_V01_F01512,BYPASS_20260928_V01,frame_01512.jpg,1512.0,00:25:12,08:35:12,44648,1493963.6,1080,1920,1080x1920,Smartphone 108 MP (Bypass),Óvalo Salida a Cusco,VALIDO,1452.6204967260335,133.82898341049383,NINGUNO
BYPASS_20260928_V01_F01513,BYPASS_20260928_V01,frame_01513.jpg,1513.0,00:25:13,08:35:13,44677,1494929.8,1080,1920,1080x1920,Smartphone 108 MP (Bypass),Óvalo Salida a Cusco,VALIDO,1418.6249933118602,133.5197588734568,NINGUNO
BYPASS_20260928_V01_F01514,BYPASS_20260928_V01,frame_01514.jpg,1514.0,00:25:14,08:35:14,44707,1495929.4,1080,1920,1080x1920,Smartphone 108 MP (Bypass),Óvalo Salida a Cusco,VALIDO,1443.8139447721048,132.70029899691357,NINGUNO
BYPASS_20260928_V01_F01515,BYPASS_20260928_V01,frame_01515.jpg,1515.0,00:25:15,08:35:15,44736,1496895.7,1080,1920,1080x1920,Smartphone 108 MP (Bypass),Óvalo Salida a Cusco,VALIDO,1414.5266232236972,133.37141203703703,NINGUNO
BYPASS_20260928_V01_F01516,BYPASS_20260928_V01,frame_01516.jpg,1516.0,00:25:16,08:35:16,44766,1497895.3,1080,1920,1080x1920,Smartphone 108 MP (Bypass),Óvalo Salida a Cusco,VALIDO,1413.178678623831,133.9804050925926,NINGUNO
BYPASS_20260928_V01_F01517,BYPASS_20260928_V01,frame_01517.jpg,1517.0,00:25:17,08:35:17,44795,1498861.5,1080,1920,1080x1920,Smartphone 108 MP (Bypass),Óvalo Salida a Cusco,VALIDO,1402.969510009371,136.57992669753085,NINGUNO
BYPASS_20260928_V01_F01518,BYPASS_20260928_V01,frame_01518.jpg,1518.0,00:25:18,08:35:18,44825,1499861.1,1080,1920,1080x1920,Smartphone 108 MP (Bypass),Óvalo Salida a Cusco,VALIDO,1531.0059204341344,137.7141763117284,NINGUNO
BYPASS_20260928_V01_F01519,BYPASS_20260928_V01,frame_01519.jpg,1519.0,00:25:19,08:35:19,44854,1500827.4,1080,1920,1080x1920,Smartphone 108 MP (Bypass),Óvalo Salida a Cusco,VALIDO,1555.0983804371028,136.23473765432098,NINGUNO
BYPASS_20260928_V01_F01520,BYPASS_20260928_V01,frame_01520.jpg,1520.0,00:25:20,08:35:20,44884,1501827.0,1080,1920,1080x1920,Smartphone 108 MP (Bypass),Óvalo Salida a Cusco,VALIDO,1489.7349328630442,136.37607060185186,NINGUNO
BYPASS_20260928_V01_F01521,BYPASS_20260928_V01,frame_01521.jpg,1521.0,00:25:21,08:35:21,44913,1502793.3,1080,1920,1080x1920,Smartphone 108 MP (Bypass),Óvalo Salida a Cusco,VALIDO,1424.0927445985276,134.7760088734568,NINGUNO
BYPASS_20260928_V01_F01522,BYPASS_20260928_V01,frame_01522.jpg,1522.0,00:25:22,08:35:22,44943,1503792.9,1080,1920,1080x1920,Smartphone 108 MP (Bypass),Óvalo Salida a Cusco,VALIDO,1534.1281743492223,133.94592978395062,NINGUNO
BYPASS_20260928_V01_F01523,BYPASS_20260928_V01,frame_01523.jpg,1523.0,00:25:23,08:35:23,44972,1504759.2,1080,1920,1080x1920,Smartphone 108 MP (Bypass),Óvalo Salida a Cusco,VALIDO,1506.2450882641888,134.21299189814815,NINGUNO
BYPASS_20260928_V01_F01524,BYPASS_20260928_V01,frame_01524.jpg,1524.0,00:25:24,08:35:24,45002,1505758.8,1080,1920,1080x1920,Smartphone 108 MP (Bypass),Óvalo Salida a Cusco,VALIDO,1542.3062825045133,134.54220679012346,NINGUNO
BYPASS_20260928_V01_F01525,BYPASS_20260928_V01,frame_01525.jpg,1525.0,00:25:25,08:35:25,45031,1506725.0,1080,1920,1080x1920,Smartphone 108 MP (Bypass),Óvalo Salida a Cusco,VALIDO,1574.3900668978465,133.71226466049382,NINGUNO
BYPASS_20260928_V01_F01526,BYPASS_20260928_V01,frame_01526.jpg,1526.0,00:25:26,08:35:26,45061,1507724.6,1080,1920,1080x1920,Smartphone 108 MP (Bypass),Óvalo Salida a Cusco,VALIDO,1627.0735594778766,133.16635030864197,NINGUNO
BYPASS_20260928_V01_F01527,BYPASS_20260928_V01,frame_01527.jpg,1527.0,00:25:27,08:35:27,45090,1508690.9,1080,1920,1080x1920,Smartphone 108 MP (Bypass),Óvalo Salida a Cusco,VALIDO,1509.9919814621908,133.08349344135803,NINGUNO
BYPASS_20260928_V01_F01528,BYPASS_20260928_V01,frame_01528.jpg,1528.0,00:25:28,08:35:28,45120,1509690.5,1080,1920,1080x1920,Smartphone 108 MP (Bypass),Óvalo Salida a Cusco,VALIDO,1603.4165756003122,132.15515432098766,NINGUNO
BYPASS_20260928_V01_F01529,BYPASS_20260928_V01,frame_01529.jpg,1529.0,00:25:29,08:35:29,45150,1510756.7,1080,1920,1080x1920,Smartphone 108 MP (Bypass),Óvalo Salida a Cusco,VALIDO,1599.7974536964996,132.21776041666666,NINGUNO
BYPASS_20260928_V01_F01530,BYPASS_20260928_V01,frame_01530.jpg,1530.0,00:25:30,08:35:30,45179,1511723.0,1080,1920,1080x1920,Smartphone 108 MP (Bypass),Óvalo Salida a Cusco,VALIDO,1646.9230208494048,130.73574845679013,NINGUNO
BYPASS_20260928_V01_F01531,BYPASS_20260928_V01,frame_01531.jpg,1531.0,00:25:31,08:35:31,45209,1512755.9,1080,1920,1080x1920,Smartphone 108 MP (Bypass),Óvalo Salida a Cusco,VALIDO,1621.3590156245498,133.38145061728395,NINGUNO
BYPASS_20260928_V01_F01532,BYPASS_20260928_V01,frame_01532.jpg,1532.0,00:25:32,08:35:32,45238,1513722.2,1080,1920,1080x1920,Smartphone 108 MP (Bypass),Óvalo Salida a Cusco,VALIDO,1685.6708712126904,134.1804938271605,NINGUNO
BYPASS_20260928_V01_F01533,BYPASS_20260928_V01,frame_01533.jpg,1533.0,00:25:33,08:35:33,45268,1514721.9,1080,1920,1080x1920,Smartphone 108 MP (Bypass),Óvalo Salida a Cusco,VALIDO,1554.363799932451,129.11213348765432,NINGUNO
BYPASS_20260928_V01_F01534,BYPASS_20260928_V01,frame_01534.jpg,1534.0,00:25:34,08:35:34,45297,1515688.1,1080,1920,1080x1920,Smartphone 108 MP (Bypass),Óvalo Salida a Cusco,VALIDO,1517.6486885802467,127.14179012345679,NINGUNO
BYPASS_20260928_V01_F01535,BYPASS_20260928_V01,frame_01535.jpg,1535.0,00:25:35,08:35:35,45327,1516687.7,1080,1920,1080x1920,Smartphone 108 MP (Bypass),Óvalo Salida a Cusco,VALIDO,1617.5968884950157,128.96626929012345,NINGUNO
BYPASS_20260928_V01_F01536,BYPASS_20260928_V01,frame_01536.jpg,1536.0,00:25:36,08:35:36,45356,1517654.0,1080,1920,1080x1920,Smartphone 108 MP (Bypass),Óvalo Salida a Cusco,VALIDO,1597.0426043644761,129.9426909722222,NINGUNO
BYPASS_20260928_V01_F01537,BYPASS_20260928_V01,frame_01537.jpg,1537.0,00:25:37,08:35:37,45386,1518653.6,1080,1920,1080x1920,Smartphone 108 MP (Bypass),Óvalo Salida a Cusco,VALIDO,1553.5018018188046,129.81222415123457,NINGUNO
BYPASS_20260928_V01_F01538,BYPASS_20260928_V01,frame_01538.jpg,1538.0,00:25:38,08:35:38,45415,1519619.9,1080,1920,1080x1920,Smartphone 108 MP (Bypass),Óvalo Salida a Cusco,VALIDO,1544.5537452888632,129.6131500771605,NINGUNO
BYPASS_20260928_V01_F01539,BYPASS_20260928_V01,frame_01539.jpg,1539.0,00:25:39,08:35:39,45445,1520652.8,1080,1920,1080x1920,Smartphone 108 MP (Bypass),Óvalo Salida a Cusco,VALIDO,1632.6430210059589,129.03667245370372,NINGUNO
BYPASS_20260928_V01_F01540,BYPASS_20260928_V01,frame_01540.jpg,1540.0,00:25:40,08:35:40,45474,1521619.1,1080,1920,1080x1920,Smartphone 108 MP (Bypass),Óvalo Salida a Cusco,VALIDO,1409.4550574402128,128.81275848765432,NINGUNO
BYPASS_20260928_V01_F01541,BYPASS_20260928_V01,frame_01541.jpg,1541.0,00:25:41,08:35:41,45504,1522618.7,1080,1920,1080x1920,Smartphone 108 MP (Bypass),Óvalo Salida a Cusco,VALIDO,1345.6378980134596,125.36592592592592,NINGUNO
BYPASS_20260928_V01_F01542,BYPASS_20260928_V01,frame_01542.jpg,1542.0,00:25:42,08:35:42,45533,1523585.0,1080,1920,1080x1920,Smartphone 108 MP (Bypass),Óvalo Salida a Cusco,VALIDO,1344.839602518433,125.09525077160494,NINGUNO
BYPASS_20260928_V01_F01543,BYPASS_20260928_V01,frame_01543.jpg,1543.0,00:25:43,08:35:43,45563,1524584.6,1080,1920,1080x1920,Smartphone 108 MP (Bypass),Óvalo Salida a Cusco,VALIDO,1324.5199907385977,127.09852816358024,NINGUNO
BYPASS_20260928_V01_F01544,BYPASS_20260928_V01,frame_01544.jpg,1544.0,00:25:44,08:35:44,45592,1525550.8,1080,1920,1080x1920,Smartphone 108 MP (Bypass),Óvalo Salida a Cusco,VALIDO,1396.9012321539526,125.5591300154321,NINGUNO
BYPASS_20260928_V01_F01545,BYPASS_20260928_V01,frame_01545.jpg,1545.0,00:25:45,08:35:45,45622,1526550.4,1080,1920,1080x1920,Smartphone 108 MP (Bypass),Óvalo Salida a Cusco,VALIDO,1272.3061042266468,124.17297839506173,NINGUNO
BYPASS_20260928_V01_F01546,BYPASS_20260928_V01,frame_01546.jpg,1546.0,00:25:46,08:35:46,45651,1527516.7,1080,1920,1080x1920,Smartphone 108 MP (Bypass),Óvalo Salida a Cusco,VALIDO,1347.1496262430078,128.00203125,NINGUNO
BYPASS_20260928_V01_F01547,BYPASS_20260928_V01,frame_01547.jpg,1547.0,00:25:47,08:35:47,45681,1528516.3,1080,1920,1080x1920,Smartphone 108 MP (Bypass),Óvalo Salida a Cusco,VALIDO,1408.4982006087102,128.18385030864198,NINGUNO
BYPASS_20260928_V01_F01548,BYPASS_20260928_V01,frame_01548.jpg,1548.0,00:25:48,08:35:48,45711,1529515.8,1080,1920,1080x1920,Smartphone 108 MP (Bypass),Óvalo Salida a Cusco,VALIDO,1337.0149781943871,127.32299961419753,NINGUNO
BYPASS_20260928_V01_F01549,BYPASS_20260928_V01,frame_01549.jpg,1549.0,00:25:49,08:35:49,45740,1530482.1,1080,1920,1080x1920,Smartphone 108 MP (Bypass),Óvalo Salida a Cusco,VALIDO,1256.5613967754532,128.85573302469135,NINGUNO
BYPASS_20260928_V01_F01550,BYPASS_20260928_V01,frame_01550.jpg,1550.0,00:25:50,08:35:50,45770,1531481.7,1080,1920,1080x1920,Smartphone 108 MP (Bypass),Óvalo Salida a Cusco,VALIDO,1300.925472324385,131.38919560185184,NINGUNO
BYPASS_20260928_V01_F01551,BYPASS_20260928_V01,frame_01551.jpg,1551.0,00:25:51,08:35:51,45799,1532448.0,1080,1920,1080x1920,Smartphone 108 MP (Bypass),Óvalo Salida a Cusco,VALIDO,1363.4572283179016,129.82991319444446,NINGUNO
BYPASS_20260928_V01_F01552,BYPASS_20260928_V01,frame_01552.jpg,1552.0,00:25:52,08:35:52,45829,1533447.6,1080,1920,1080x1920,Smartphone 108 MP (Bypass),Óvalo Salida a Cusco,VALIDO,1338.262886330235,133.90672453703704,NINGUNO
BYPASS_20260928_V01_F01553,BYPASS_20260928_V01,frame_01553.jpg,1553.0,00:25:53,08:35:53,45858,1534413.9,1080,1920,1080x1920,Smartphone 108 MP (Bypass),Óvalo Salida a Cusco,VALIDO,1272.1821607943377,132.0009413580247,NINGUNO
BYPASS_20260928_V01_F01554,BYPASS_20260928_V01,frame_01554.jpg,1554.0,00:25:54,08:35:54,45888,1535413.5,1080,1920,1080x1920,Smartphone 108 MP (Bypass),Óvalo Salida a Cusco,VALIDO,1297.2472507497218,129.71652584876543,NINGUNO
BYPASS_20260928_V01_F01555,BYPASS_20260928_V01,frame_01555.jpg,1555.0,00:25:55,08:35:55,45917,1536379.8,1080,1920,1080x1920,Smartphone 108 MP (Bypass),Óvalo Salida a Cusco,VALIDO,1328.8938548833441,130.1890374228395,NINGUNO
BYPASS_20260928_V01_F01556,BYPASS_20260928_V01,frame_01556.jpg,1556.0,00:25:56,08:35:56,45947,1537379.4,1080,1920,1080x1920,Smartphone 108 MP (Bypass),Óvalo Salida a Cusco,VALIDO,1284.1468524013483,131.29012924382715,NINGUNO
BYPASS_20260928_V01_F01557,BYPASS_20260928_V01,frame_01557.jpg,1557.0,00:25:57,08:35:57,45976,1538345.6,1080,1920,1080x1920,Smartphone 108 MP (Bypass),Óvalo Salida a Cusco,VALIDO,1210.1859701032522,129.22740547839507,NINGUNO
BYPASS_20260928_V01_F01558,BYPASS_20260928_V01,frame_01558.jpg,1558.0,00:25:58,08:35:58,46006,1539378.5,1080,1920,1080x1920,Smartphone 108 MP (Bypass),Óvalo Salida a Cusco,VALIDO,1261.0678549945308,131.12405671296295,NINGUNO
BYPASS_20260928_V01_F01559,BYPASS_20260928_V01,frame_01559.jpg,1559.0,00:25:59,08:35:59,46035,1540344.8,1080,1920,1080x1920,Smartphone 108 MP (Bypass),Óvalo Salida a Cusco,VALIDO,1272.4940234742794,131.59036844135804,NINGUNO
BYPASS_20260928_V01_F01560,BYPASS_20260928_V01,frame_01560.jpg,1560.0,00:26:00,08:36:00,46065,1541344.5,1080,1920,1080x1920,Smartphone 108 MP (Bypass),Óvalo Salida a Cusco,VALIDO,1244.8046176213936,131.60056905864198,NINGUNO
BYPASS_20260928_V01_F01561,BYPASS_20260928_V01,frame_01561.jpg,1561.0,00:26:01,08:36:01,46094,1542310.7,1080,1920,1080x1920,Smartphone 108 MP (Bypass),Óvalo Salida a Cusco,VALIDO,1316.7676205357502,131.88302083333335,NINGUNO
BYPASS_20260928_V01_F01562,BYPASS_20260928_V01,frame_01562.jpg,1562.0,00:26:02,08:36:02,46124,1543310.3,1080,1920,1080x1920,Smartphone 108 MP (Bypass),Óvalo Salida a Cusco,VALIDO,1367.1180921799053,131.26337191358024,NINGUNO
BYPASS_20260928_V01_F01563,BYPASS_20260928_V01,frame_01563.jpg,1563.0,00:26:03,08:36:03,46153,1544276.6,1080,1920,1080x1920,Smartphone 108 MP (Bypass),Óvalo Salida a Cusco,VALIDO,1331.425730022632,131.25796682098766,NINGUNO
BYPASS_20260928_V01_F01564,BYPASS_20260928_V01,frame_01564.jpg,1564.0,00:26:04,08:36:04,46183,1545309.5,1080,1920,1080x1920,Smartphone 108 MP (Bypass),Óvalo Salida a Cusco,VALIDO,1327.3253191198135,132.62608024691357,NINGUNO
BYPASS_20260928_V01_F01565,BYPASS_20260928_V01,frame_01565.jpg,1565.0,00:26:05,08:36:05,46213,1546309.1,1080,1920,1080x1920,Smartphone 108 MP (Bypass),Óvalo Salida a Cusco,VALIDO,1310.5543636598934,128.9473051697531,NINGUNO
BYPASS_20260928_V01_F01566,BYPASS_20260928_V01,frame_01566.jpg,1566.0,00:26:06,08:36:06,46242,1547275.4,1080,1920,1080x1920,Smartphone 108 MP (Bypass),Óvalo Salida a Cusco,VALIDO,1189.4161082733199,125.30544560185186,NINGUNO
BYPASS_20260928_V01_F01567,BYPASS_20260928_V01,frame_01567.jpg,1567.0,00:26:07,08:36:07,46272,1548275.0,1080,1920,1080x1920,Smartphone 108 MP (Bypass),Óvalo Salida a Cusco,VALIDO,1252.655782684669,127.98974537037037,NINGUNO
BYPASS_20260928_V01_F01568,BYPASS_20260928_V01,frame_01568.jpg,1568.0,00:26:08,08:36:08,46301,1549241.2,1080,1920,1080x1920,Smartphone 108 MP (Bypass),Óvalo Salida a Cusco,VALIDO,1274.6085780759377,129.9530999228395,NINGUNO
BYPASS_20260928_V01_F01569,BYPASS_20260928_V01,frame_01569.jpg,1569.0,00:26:09,08:36:09,46331,1550240.8,1080,1920,1080x1920,Smartphone 108 MP (Bypass),Óvalo Salida a Cusco,VALIDO,1188.5876234736986,129.83103587962964,NINGUNO
BYPASS_20260928_V01_F01570,BYPASS_20260928_V01,frame_01570.jpg,1570.0,00:26:10,08:36:10,46360,1551207.1,1080,1920,1080x1920,Smartphone 108 MP (Bypass),Óvalo Salida a Cusco,VALIDO,1172.644881582918,129.59970293209878,NINGUNO
BYPASS_20260928_V01_F01571,BYPASS_20260928_V01,frame_01571.jpg,1571.0,00:26:11,08:36:11,46390,1552206.7,1080,1920,1080x1920,Smartphone 108 MP (Bypass),Óvalo Salida a Cusco,VALIDO,1175.8131405557838,129.7050038580247,NINGUNO
BYPASS_20260928_V01_F01572,BYPASS_20260928_V01,frame_01572.jpg,1572.0,00:26:12,08:36:12,46419,1553206.3,1080,1920,1080x1920,Smartphone 108 MP (Bypass),Óvalo Salida a Cusco,VALIDO,1189.8841195079376,129.63727237654322,NINGUNO
BYPASS_20260928_V01_F01573,BYPASS_20260928_V01,frame_01573.jpg,1573.0,00:26:13,08:36:13,46449,1554205.9,1080,1920,1080x1920,Smartphone 108 MP (Bypass),Óvalo Salida a Cusco,VALIDO,1218.3692121687188,129.73561728395063,NINGUNO
BYPASS_20260928_V01_F01574,BYPASS_20260928_V01,frame_01574.jpg,1574.0,00:26:14,08:36:14,46478,1555172.2,1080,1920,1080x1920,Smartphone 108 MP (Bypass),Óvalo Salida a Cusco,VALIDO,1165.0113211817127,129.9208622685185,NINGUNO
BYPASS_20260928_V01_F01575,BYPASS_20260928_V01,frame_01575.jpg,1575.0,00:26:15,08:36:15,46508,1556171.8,1080,1920,1080x1920,Smartphone 108 MP (Bypass),Óvalo Salida a Cusco,VALIDO,1155.9000268227828,131.3860011574074,NINGUNO
BYPASS_20260928_V01_F01576,BYPASS_20260928_V01,frame_01576.jpg,1576.0,00:26:16,08:36:16,46537,1557138.0,1080,1920,1080x1920,Smartphone 108 MP (Bypass),Óvalo Salida a Cusco,VALIDO,1162.777619374603,133.01418016975308,NINGUNO
BYPASS_20260928_V01_F01577,BYPASS_20260928_V01,frame_01577.jpg,1577.0,00:26:17,08:36:17,46567,1558171.0,1080,1920,1080x1920,Smartphone 108 MP (Bypass),Óvalo Salida a Cusco,VALIDO,1219.6687330928287,133.18753279320987,NINGUNO
BYPASS_20260928_V01_F01578,BYPASS_20260928_V01,frame_01578.jpg,1578.0,00:26:18,08:36:18,46596,1559170.5,1080,1920,1080x1920,Smartphone 108 MP (Bypass),Óvalo Salida a Cusco,VALIDO,1192.6150283427842,133.59195216049383,NINGUNO
BYPASS_20260928_V01_F01579,BYPASS_20260928_V01,frame_01579.jpg,1579.0,00:26:19,08:36:19,46626,1560203.5,1080,1920,1080x1920,Smartphone 108 MP (Bypass),Óvalo Salida a Cusco,VALIDO,1167.1913554265939,133.7074614197531,NINGUNO
BYPASS_20260928_V01_F01580,BYPASS_20260928_V01,frame_01580.jpg,1580.0,00:26:20,08:36:20,46655,1561169.7,1080,1920,1080x1920,Smartphone 108 MP (Bypass),Óvalo Salida a Cusco,VALIDO,1251.915026968482,134.8651523919753,NINGUNO
BYPASS_20260928_V01_F01581,BYPASS_20260928_V01,frame_01581.jpg,1581.0,00:26:21,08:36:21,46685,1562169.3,1080,1920,1080x1920,Smartphone 108 MP (Bypass),Óvalo Salida a Cusco,VALIDO,1280.3321837640121,134.66003279320987,NINGUNO
BYPASS_20260928_V01_F01582,BYPASS_20260928_V01,frame_01582.jpg,1582.0,00:26:22,08:36:22,46715,1563202.3,1080,1920,1080x1920,Smartphone 108 MP (Bypass),Óvalo Salida a Cusco,VALIDO,1288.1815468757998,134.54710455246914,NINGUNO
BYPASS_20260928_V01_F01583,BYPASS_20260928_V01,frame_01583.jpg,1583.0,00:26:23,08:36:23,46744,1564201.9,1080,1920,1080x1920,Smartphone 108 MP (Bypass),Óvalo Salida a Cusco,VALIDO,1353.420736611222,133.80960262345678,NINGUNO
BYPASS_20260928_V01_F01584,BYPASS_20260928_V01,frame_01584.jpg,1584.0,00:26:24,08:36:24,46774,1565201.5,1080,1920,1080x1920,Smartphone 108 MP (Bypass),Óvalo Salida a Cusco,VALIDO,1365.519394739151,133.7503935185185,NINGUNO
BYPASS_20260928_V01_F01585,BYPASS_20260928_V01,frame_01585.jpg,1585.0,00:26:25,08:36:25,46803,1566201.0,1080,1920,1080x1920,Smartphone 108 MP (Bypass),Óvalo Salida a Cusco,VALIDO,1445.7187632833593,131.824893904321,NINGUNO
BYPASS_20260928_V01_F01586,BYPASS_20260928_V01,frame_01586.jpg,1586.0,00:26:26,08:36:26,46833,1567233.9,1080,1920,1080x1920,Smartphone 108 MP (Bypass),Óvalo Salida a Cusco,VALIDO,1350.6469926402779,134.19663966049382,NINGUNO
BYPASS_20260928_V01_F01587,BYPASS_20260928_V01,frame_01587.jpg,1587.0,00:26:27,08:36:27,46862,1568200.2,1080,1920,1080x1920,Smartphone 108 MP (Bypass),Óvalo Salida a Cusco,VALIDO,1389.3785299561182,135.41888695987655,NINGUNO
BYPASS_20260928_V01_F01588,BYPASS_20260928_V01,frame_01588.jpg,1588.0,00:26:28,08:36:28,46892,1569199.8,1080,1920,1080x1920,Smartphone 108 MP (Bypass),Óvalo Salida a Cusco,VALIDO,1410.5220667426222,136.4447550154321,NINGUNO
BYPASS_20260928_V01_F01589,BYPASS_20260928_V01,frame_01589.jpg,1589.0,00:26:29,08:36:29,46921,1570199.4,1080,1920,1080x1920,Smartphone 108 MP (Bypass),Óvalo Salida a Cusco,VALIDO,1421.47111750537,138.245,NINGUNO
BYPASS_20260928_V01_F01590,BYPASS_20260928_V01,frame_01590.jpg,1590.0,00:26:30,08:36:30,46951,1571299.0,1080,1920,1080x1920,Smartphone 108 MP (Bypass),Óvalo Salida a Cusco,VALIDO,1323.2779099503957,134.14535686728394,NINGUNO
BYPASS_20260928_V01_F01591,BYPASS_20260928_V01,frame_01591.jpg,1591.0,00:26:31,08:36:31,46980,1572298.6,1080,1920,1080x1920,Smartphone 108 MP (Bypass),Óvalo Salida a Cusco,VALIDO,1317.7877606783297,136.62504050925926,NINGUNO
BYPASS_20260928_V01_F01592,BYPASS_20260928_V01,frame_01592.jpg,1592.0,00:26:32,08:36:32,47010,1573298.1,1080,1920,1080x1920,Smartphone 108 MP (Bypass),Óvalo Salida a Cusco,VALIDO,1267.5027870107801,138.81514081790124,NINGUNO
BYPASS_20260928_V01_F01593,BYPASS_20260928_V01,frame_01593.jpg,1593.0,00:26:33,08:36:33,47039,1574264.4,1080,1920,1080x1920,Smartphone 108 MP (Bypass),Óvalo Salida a Cusco,VALIDO,1366.2463460165563,138.00647955246913,NINGUNO
BYPASS_20260928_V01_F01594,BYPASS_20260928_V01,frame_01594.jpg,1594.0,00:26:34,08:36:34,47069,1575297.3,1080,1920,1080x1920,Smartphone 108 MP (Bypass),Óvalo Salida a Cusco,VALIDO,1459.382753445967,137.98663387345678,NINGUNO
BYPASS_20260928_V01_F01595,BYPASS_20260928_V01,frame_01595.jpg,1595.0,00:26:35,08:36:35,47098,1576297.0,1080,1920,1080x1920,Smartphone 108 MP (Bypass),Óvalo Salida a Cusco,VALIDO,1472.0304406184366,130.76229938271604,NINGUNO
BYPASS_20260928_V01_F01596,BYPASS_20260928_V01,frame_01596.jpg,1596.0,00:26:36,08:36:36,47128,1577330.0,1080,1920,1080x1920,Smartphone 108 MP (Bypass),Óvalo Salida a Cusco,VALIDO,1401.5403443099458,126.44064043209876,NINGUNO
BYPASS_20260928_V01_F01597,BYPASS_20260928_V01,frame_01597.jpg,1597.0,00:26:37,08:36:37,47157,1578296.3,1080,1920,1080x1920,Smartphone 108 MP (Bypass),Óvalo Salida a Cusco,VALIDO,1388.131856651964,125.1530787037037,NINGUNO
BYPASS_20260928_V01_F01598,BYPASS_20260928_V01,frame_01598.jpg,1598.0,00:26:38,08:36:38,47187,1579395.9,1080,1920,1080x1920,Smartphone 108 MP (Bypass),Óvalo Salida a Cusco,VALIDO,1524.2521410674194,126.15171875,NINGUNO
BYPASS_20260928_V01_F01599,BYPASS_20260928_V01,frame_01599.jpg,1599.0,00:26:39,08:36:39,47217,1580395.4,1080,1920,1080x1920,Smartphone 108 MP (Bypass),Óvalo Salida a Cusco,VALIDO,1505.0510684620629,125.03521026234569,NINGUNO
BYPASS_20260928_V01_F01600,BYPASS_20260928_V01,frame_01600.jpg,1600.0,00:26:40,08:36:40,47246,1581361.7,1080,1920,1080x1920,Smartphone 108 MP (Bypass),Óvalo Salida a Cusco,VALIDO,1445.5693033114374,123.70359182098765,NINGUNO
BYPASS_20260928_V01_F01601,BYPASS_20260928_V01,frame_01601.jpg,1601.0,00:26:41,08:36:41,47276,1582361.3,1080,1920,1080x1920,Smartphone 108 MP (Bypass),Óvalo Salida a Cusco,VALIDO,1507.0317087179303,123.13556712962964,NINGUNO
BYPASS_20260928_V01_F01602,BYPASS_20260928_V01,frame_01602.jpg,1602.0,00:26:42,08:36:42,47305,1583327.5,1080,1920,1080x1920,Smartphone 108 MP (Bypass),Óvalo Salida a Cusco,VALIDO,1435.9125095217862,123.99316165123457,NINGUNO
BYPASS_20260928_V01_F01603,BYPASS_20260928_V01,frame_01603.jpg,1603.0,00:26:43,08:36:43,47335,1584327.1,1080,1920,1080x1920,Smartphone 108 MP (Bypass),Óvalo Salida a Cusco,VALIDO,1381.7853597905714,127.41420331790124,NINGUNO
BYPASS_20260928_V01_F01604,BYPASS_20260928_V01,frame_01604.jpg,1604.0,00:26:44,08:36:44,47364,1585293.4,1080,1920,1080x1920,Smartphone 108 MP (Bypass),Óvalo Salida a Cusco,VALIDO,1368.7116064028771,128.56033564814814,NINGUNO
BYPASS_20260928_V01_F01605,BYPASS_20260928_V01,frame_01605.jpg,1605.0,00:26:45,08:36:45,47394,1586293.0,1080,1920,1080x1920,Smartphone 108 MP (Bypass),Óvalo Salida a Cusco,VALIDO,1425.4729735601734,129.4092824074074,NINGUNO
BYPASS_20260928_V01_F01606,BYPASS_20260928_V01,frame_01606.jpg,1606.0,00:26:46,08:36:46,47423,1587259.2,1080,1920,1080x1920,Smartphone 108 MP (Bypass),Óvalo Salida a Cusco,VALIDO,1415.6727926668798,128.98593942901235,NINGUNO
BYPASS_20260928_V01_F01607,BYPASS_20260928_V01,frame_01607.jpg,1607.0,00:26:47,08:36:47,47453,1588258.8,1080,1920,1080x1920,Smartphone 108 MP (Bypass),Óvalo Salida a Cusco,VALIDO,1371.643984941346,129.34347608024692,NINGUNO
BYPASS_20260928_V01_F01608,BYPASS_20260928_V01,frame_01608.jpg,1608.0,00:26:48,08:36:48,47482,1589225.1,1080,1920,1080x1920,Smartphone 108 MP (Bypass),Óvalo Salida a Cusco,VALIDO,1358.0635456025516,129.89195601851853,NINGUNO
BYPASS_20260928_V01_F01609,BYPASS_20260928_V01,frame_01609.jpg,1609.0,00:26:49,08:36:49,47512,1590224.7,1080,1920,1080x1920,Smartphone 108 MP (Bypass),Óvalo Salida a Cusco,VALIDO,1387.7225654149188,129.4512210648148,NINGUNO
BYPASS_20260928_V01_F01610,BYPASS_20260928_V01,frame_01610.jpg,1610.0,00:26:50,08:36:50,47541,1591191.0,1080,1920,1080x1920,Smartphone 108 MP (Bypass),Óvalo Salida a Cusco,VALIDO,1400.918313620401,129.8181925154321,NINGUNO
BYPASS_20260928_V01_F01611,BYPASS_20260928_V01,frame_01611.jpg,1611.0,00:26:51,08:36:51,47571,1592190.6,1080,1920,1080x1920,Smartphone 108 MP (Bypass),Óvalo Salida a Cusco,VALIDO,1368.2315836749258,131.46797646604938,NINGUNO
BYPASS_20260928_V01_F01612,BYPASS_20260928_V01,frame_01612.jpg,1612.0,00:26:52,08:36:52,47600,1593156.8,1080,1920,1080x1920,Smartphone 108 MP (Bypass),Óvalo Salida a Cusco,VALIDO,1449.5799689178805,133.7602835648148,NINGUNO
BYPASS_20260928_V01_F01613,BYPASS_20260928_V01,frame_01613.jpg,1613.0,00:26:53,08:36:53,47630,1594156.4,1080,1920,1080x1920,Smartphone 108 MP (Bypass),Óvalo Salida a Cusco,VALIDO,1474.9983151874858,135.56935185185185,NINGUNO
BYPASS_20260928_V01_F01614,BYPASS_20260928_V01,frame_01614.jpg,1614.0,00:26:54,08:36:54,47659,1595122.7,1080,1920,1080x1920,Smartphone 108 MP (Bypass),Óvalo Salida a Cusco,VALIDO,1506.0855731202807,134.89093942901235,NINGUNO
BYPASS_20260928_V01_F01615,BYPASS_20260928_V01,frame_01615.jpg,1615.0,00:26:55,08:36:55,47689,1596122.3,1080,1920,1080x1920,Smartphone 108 MP (Bypass),Óvalo Salida a Cusco,VALIDO,1472.6466775701076,134.49853587962963,NINGUNO
BYPASS_20260928_V01_F01616,BYPASS_20260928_V01,frame_01616.jpg,1616.0,00:26:56,08:36:56,47719,1597121.9,1080,1920,1080x1920,Smartphone 108 MP (Bypass),Óvalo Salida a Cusco,VALIDO,1559.1964783221842,135.43912229938272,NINGUNO
BYPASS_20260928_V01_F01617,BYPASS_20260928_V01,frame_01617.jpg,1617.0,00:26:57,08:36:57,47748,1598088.2,1080,1920,1080x1920,Smartphone 108 MP (Bypass),Óvalo Salida a Cusco,VALIDO,1602.486860037636,135.19610146604938,NINGUNO
BYPASS_20260928_V01_F01618,BYPASS_20260928_V01,frame_01618.jpg,1618.0,00:26:58,08:36:58,47778,1599087.8,1080,1920,1080x1920,Smartphone 108 MP (Bypass),Óvalo Salida a Cusco,VALIDO,1573.540663777777,135.79725694444446,NINGUNO
BYPASS_20260928_V01_F01619,BYPASS_20260928_V01,frame_01619.jpg,1619.0,00:26:59,08:36:59,47807,1600054.0,1080,1920,1080x1920,Smartphone 108 MP (Bypass),Óvalo Salida a Cusco,VALIDO,1656.8464567900635,136.3674575617284,NINGUNO
BYPASS_20260928_V01_F01620,BYPASS_20260928_V01,frame_01620.jpg,1620.0,00:27:00,08:37:00,47837,1601053.7,1080,1920,1080x1920,Smartphone 108 MP (Bypass),Óvalo Salida a Cusco,VALIDO,1667.2069171589076,129.710256558642,NINGUNO
BYPASS_20260928_V01_F01621,BYPASS_20260928_V01,frame_01621.jpg,1621.0,00:27:01,08:37:01,47866,1602020.0,1080,1920,1080x1920,Smartphone 108 MP (Bypass),Óvalo Salida a Cusco,VALIDO,1482.8818055412517,127.92302662037036,NINGUNO
BYPASS_20260928_V01_F01622,BYPASS_20260928_V01,frame_01622.jpg,1622.0,00:27:02,08:37:02,47896,1603019.6,1080,1920,1080x1920,Smartphone 108 MP (Bypass),Óvalo Salida a Cusco,VALIDO,1362.522336816775,122.88858796296296,NINGUNO
BYPASS_20260928_V01_F01623,BYPASS_20260928_V01,frame_01623.jpg,1623.0,00:27:03,08:37:03,47925,1603985.8,1080,1920,1080x1920,Smartphone 108 MP (Bypass),Óvalo Salida a Cusco,VALIDO,1486.918910697445,129.77030478395062,NINGUNO
BYPASS_20260928_V01_F01624,BYPASS_20260928_V01,frame_01624.jpg,1624.0,00:27:04,08:37:04,47955,1605018.7,1080,1920,1080x1920,Smartphone 108 MP (Bypass),Óvalo Salida a Cusco,VALIDO,1573.9433431723533,130.28552662037038,NINGUNO
BYPASS_20260928_V01_F01625,BYPASS_20260928_V01,frame_01625.jpg,1625.0,00:27:05,08:37:05,47984,1605985.0,1080,1920,1080x1920,Smartphone 108 MP (Bypass),Óvalo Salida a Cusco,VALIDO,1622.9827472788384,130.06625578703705,NINGUNO
BYPASS_20260928_V01_F01626,BYPASS_20260928_V01,frame_01626.jpg,1626.0,00:27:06,08:37:06,48014,1606984.6,1080,1920,1080x1920,Smartphone 108 MP (Bypass),Óvalo Salida a Cusco,VALIDO,1420.5331551354004,132.09482831790123,NINGUNO
BYPASS_20260928_V01_F01627,BYPASS_20260928_V01,frame_01627.jpg,1627.0,00:27:07,08:37:07,48043,1607950.8,1080,1920,1080x1920,Smartphone 108 MP (Bypass),Óvalo Salida a Cusco,VALIDO,1362.5876239258114,130.07739776234567,NINGUNO
BYPASS_20260928_V01_F01628,BYPASS_20260928_V01,frame_01628.jpg,1628.0,00:27:08,08:37:08,48073,1608950.5,1080,1920,1080x1920,Smartphone 108 MP (Bypass),Óvalo Salida a Cusco,VALIDO,1377.4641739165231,134.75918981481482,NINGUNO
BYPASS_20260928_V01_F01629,BYPASS_20260928_V01,frame_01629.jpg,1629.0,00:27:09,08:37:09,48102,1609916.7,1080,1920,1080x1920,Smartphone 108 MP (Bypass),Óvalo Salida a Cusco,VALIDO,1382.7225469808236,137.36673804012347,NINGUNO
BYPASS_20260928_V01_F01630,BYPASS_20260928_V01,frame_01630.jpg,1630.0,00:27:10,08:37:10,48132,1610916.3,1080,1920,1080x1920,Smartphone 108 MP (Bypass),Óvalo Salida a Cusco,VALIDO,1412.1830128314114,137.2750964506173,NINGUNO
BYPASS_20260928_V01_F01631,BYPASS_20260928_V01,frame_01631.jpg,1631.0,00:27:11,08:37:11,48161,1611882.6,1080,1920,1080x1920,Smartphone 108 MP (Bypass),Óvalo Salida a Cusco,VALIDO,1380.4369475493172,137.09208719135802,NINGUNO
BYPASS_20260928_V01_F01632,BYPASS_20260928_V01,frame_01632.jpg,1632.0,00:27:12,08:37:12,48191,1612882.2,1080,1920,1080x1920,Smartphone 108 MP (Bypass),Óvalo Salida a Cusco,VALIDO,1437.3532412807303,138.51801311728394,NINGUNO
BYPASS_20260928_V01_F01633,BYPASS_20260928_V01,frame_01633.jpg,1633.0,00:27:13,08:37:13,48220,1613848.4,1080,1920,1080x1920,Smartphone 108 MP (Bypass),Óvalo Salida a Cusco,VALIDO,1421.0628365907698,138.69056327160493,NINGUNO
BYPASS_20260928_V01_F01634,BYPASS_20260928_V01,frame_01634.jpg,1634.0,00:27:14,08:37:14,48250,1614914.7,1080,1920,1080x1920,Smartphone 108 MP (Bypass),Óvalo Salida a Cusco,VALIDO,1341.1111465652712,138.01474922839506,NINGUNO
BYPASS_20260928_V01_F01635,BYPASS_20260928_V01,frame_01635.jpg,1635.0,00:27:15,08:37:15,48280,1615914.3,1080,1920,1080x1920,Smartphone 108 MP (Bypass),Óvalo Salida a Cusco,VALIDO,1393.8463654545892,137.83385416666667,NINGUNO
BYPASS_20260928_V01_F01636,BYPASS_20260928_V01,frame_01636.jpg,1636.0,00:27:16,08:37:16,48309,1616880.5,1080,1920,1080x1920,Smartphone 108 MP (Bypass),Óvalo Salida a Cusco,VALIDO,1381.4445230050756,137.78078125,NINGUNO
BYPASS_20260928_V01_F01637,BYPASS_20260928_V01,frame_01637.jpg,1637.0,00:27:17,08:37:17,48339,1617913.5,1080,1920,1080x1920,Smartphone 108 MP (Bypass),Óvalo Salida a Cusco,VALIDO,1377.1416290837303,137.08123456790125,NINGUNO
BYPASS_20260928_V01_F01638,BYPASS_20260928_V01,frame_01638.jpg,1638.0,00:27:18,08:37:18,48368,1618879.7,1080,1920,1080x1920,Smartphone 108 MP (Bypass),Óvalo Salida a Cusco,VALIDO,1369.1933061261618,135.67861689814814,NINGUNO
BYPASS_20260928_V01_F01639,BYPASS_20260928_V01,frame_01639.jpg,1639.0,00:27:19,08:37:19,48398,1619879.3,1080,1920,1080x1920,Smartphone 108 MP (Bypass),Óvalo Salida a Cusco,VALIDO,1363.2402117220518,138.06612847222223,NINGUNO
BYPASS_20260928_V01_F01640,BYPASS_20260928_V01,frame_01640.jpg,1640.0,00:27:20,08:37:20,48427,1620845.6,1080,1920,1080x1920,Smartphone 108 MP (Bypass),Óvalo Salida a Cusco,VALIDO,1441.5863167382863,138.10523919753086,NINGUNO
BYPASS_20260928_V01_F01641,BYPASS_20260928_V01,frame_01641.jpg,1641.0,00:27:21,08:37:21,48457,1621845.2,1080,1920,1080x1920,Smartphone 108 MP (Bypass),Óvalo Salida a Cusco,VALIDO,1417.2671586495965,138.2092573302469,NINGUNO
BYPASS_20260928_V01_F01642,BYPASS_20260928_V01,frame_01642.jpg,1642.0,00:27:22,08:37:22,48486,1622844.8,1080,1920,1080x1920,Smartphone 108 MP (Bypass),Óvalo Salida a Cusco,VALIDO,1398.0484711170252,138.46664737654322,NINGUNO
BYPASS_20260928_V01_F01643,BYPASS_20260928_V01,frame_01643.jpg,1643.0,00:27:23,08:37:23,48516,1623844.4,1080,1920,1080x1920,Smartphone 108 MP (Bypass),Óvalo Salida a Cusco,VALIDO,1495.441333426029,138.85658179012347,NINGUNO
BYPASS_20260928_V01_F01644,BYPASS_20260928_V01,frame_01644.jpg,1644.0,00:27:24,08:37:24,48545,1624810.7,1080,1920,1080x1920,Smartphone 108 MP (Bypass),Óvalo Salida a Cusco,VALIDO,1328.8292910745668,137.09996720679013,NINGUNO
BYPASS_20260928_V01_F01645,BYPASS_20260928_V01,frame_01645.jpg,1645.0,00:27:25,08:37:25,48575,1625810.3,1080,1920,1080x1920,Smartphone 108 MP (Bypass),Óvalo Salida a Cusco,VALIDO,1259.276192922608,130.14079668209877,NINGUNO
BYPASS_20260928_V01_F01646,BYPASS_20260928_V01,frame_01646.jpg,1646.0,00:27:26,08:37:26,48604,1626776.6,1080,1920,1080x1920,Smartphone 108 MP (Bypass),Óvalo Salida a Cusco,VALIDO,1281.1862000021104,129.2575173611111,NINGUNO
BYPASS_20260928_V01_F01647,BYPASS_20260928_V01,frame_01647.jpg,1647.0,00:27:27,08:37:27,48634,1627776.2,1080,1920,1080x1920,Smartphone 108 MP (Bypass),Óvalo Salida a Cusco,VALIDO,1404.7534301754092,127.74108410493827,NINGUNO
BYPASS_20260928_V01_F01648,BYPASS_20260928_V01,frame_01648.jpg,1648.0,00:27:28,08:37:28,48663,1628809.1,1080,1920,1080x1920,Smartphone 108 MP (Bypass),Óvalo Salida a Cusco,VALIDO,1502.9688426904577,127.57768711419753,NINGUNO
BYPASS_20260928_V01_F01649,BYPASS_20260928_V01,frame_01649.jpg,1649.0,00:27:29,08:37:29,48693,1629808.7,1080,1920,1080x1920,Smartphone 108 MP (Bypass),Óvalo Salida a Cusco,VALIDO,1598.2993154438834,128.22195408950617,NINGUNO
BYPASS_20260928_V01_F01650,BYPASS_20260928_V01,frame_01650.jpg,1650.0,00:27:30,08:37:30,48722,1630775.0,1080,1920,1080x1920,Smartphone 108 MP (Bypass),Óvalo Salida a Cusco,VALIDO,1468.688148217773,131.90353780864197,NINGUNO
BYPASS_20260928_V01_F01651,BYPASS_20260928_V01,frame_01651.jpg,1651.0,00:27:31,08:37:31,48752,1631774.6,1080,1920,1080x1920,Smartphone 108 MP (Bypass),Óvalo Salida a Cusco,VALIDO,1434.546672546523,133.48166859567903,NINGUNO
BYPASS_20260928_V01_F01652,BYPASS_20260928_V01,frame_01652.jpg,1652.0,00:27:32,08:37:32,48782,1632774.2,1080,1920,1080x1920,Smartphone 108 MP (Bypass),Óvalo Salida a Cusco,VALIDO,1382.4240763736132,133.4012789351852,NINGUNO
BYPASS_20260928_V01_F01653,BYPASS_20260928_V01,frame_01653.jpg,1653.0,00:27:33,08:37:33,48811,1633740.4,1080,1920,1080x1920,Smartphone 108 MP (Bypass),Óvalo Salida a Cusco,VALIDO,1382.800020073156,133.36129243827162,NINGUNO
BYPASS_20260928_V01_F01654,BYPASS_20260928_V01,frame_01654.jpg,1654.0,00:27:34,08:37:34,48841,1634740.0,1080,1920,1080x1920,Smartphone 108 MP (Bypass),Óvalo Salida a Cusco,VALIDO,1342.343469947561,132.44516010802468,NINGUNO
BYPASS_20260928_V01_F01655,BYPASS_20260928_V01,frame_01655.jpg,1655.0,00:27:35,08:37:35,48870,1635706.3,1080,1920,1080x1920,Smartphone 108 MP (Bypass),Óvalo Salida a Cusco,VALIDO,1495.3753569127969,132.69292245370372,NINGUNO
BYPASS_20260928_V01_F01656,BYPASS_20260928_V01,frame_01656.jpg,1656.0,00:27:36,08:37:36,48900,1636705.9,1080,1920,1080x1920,Smartphone 108 MP (Bypass),Óvalo Salida a Cusco,VALIDO,1527.6226024605623,132.8816975308642,NINGUNO
BYPASS_20260928_V01_F01657,BYPASS_20260928_V01,frame_01657.jpg,1657.0,00:27:37,08:37:37,48929,1637672.2,1080,1920,1080x1920,Smartphone 108 MP (Bypass),Óvalo Salida a Cusco,VALIDO,1558.2161936860532,132.98940972222223,NINGUNO
BYPASS_20260928_V01_F01658,BYPASS_20260928_V01,frame_01658.jpg,1658.0,00:27:38,08:37:38,48959,1638671.8,1080,1920,1080x1920,Smartphone 108 MP (Bypass),Óvalo Salida a Cusco,VALIDO,1393.9431218746984,133.6735686728395,NINGUNO
BYPASS_20260928_V01_F01659,BYPASS_20260928_V01,frame_01659.jpg,1659.0,00:27:39,08:37:39,48988,1639638.1,1080,1920,1080x1920,Smartphone 108 MP (Bypass),Óvalo Salida a Cusco,VALIDO,1384.9059937885206,133.21491705246913,NINGUNO
BYPASS_20260928_V01_F01660,BYPASS_20260928_V01,frame_01660.jpg,1660.0,00:27:40,08:37:40,49018,1640637.6,1080,1920,1080x1920,Smartphone 108 MP (Bypass),Óvalo Salida a Cusco,VALIDO,1352.6133062884464,134.60461419753085,NINGUNO
BYPASS_20260928_V01_F01661,BYPASS_20260928_V01,frame_01661.jpg,1661.0,00:27:41,08:37:41,49047,1641637.2,1080,1920,1080x1920,Smartphone 108 MP (Bypass),Óvalo Salida a Cusco,VALIDO,1362.7896090088298,135.67163966049384,NINGUNO
BYPASS_20260928_V01_F01662,BYPASS_20260928_V01,frame_01662.jpg,1662.0,00:27:42,08:37:42,49077,1642670.2,1080,1920,1080x1920,Smartphone 108 MP (Bypass),Óvalo Salida a Cusco,VALIDO,1271.3835497444024,135.59340663580247,NINGUNO
BYPASS_20260928_V01_F01663,BYPASS_20260928_V01,frame_01663.jpg,1663.0,00:27:43,08:37:43,49106,1643636.4,1080,1920,1080x1920,Smartphone 108 MP (Bypass),Óvalo Salida a Cusco,VALIDO,1320.003193878467,136.25906442901234,NINGUNO
BYPASS_20260928_V01_F01664,BYPASS_20260928_V01,frame_01664.jpg,1664.0,00:27:44,08:37:44,49136,1644669.3,1080,1920,1080x1920,Smartphone 108 MP (Bypass),Óvalo Salida a Cusco,VALIDO,1360.4554377638958,136.93202353395063,NINGUNO
BYPASS_20260928_V01_F01665,BYPASS_20260928_V01,frame_01665.jpg,1665.0,00:27:45,08:37:45,49165,1645635.6,1080,1920,1080x1920,Smartphone 108 MP (Bypass),Óvalo Salida a Cusco,VALIDO,1351.7334103862875,136.0711149691358,NINGUNO
BYPASS_20260928_V01_F01666,BYPASS_20260928_V01,frame_01666.jpg,1666.0,00:27:46,08:37:46,49195,1646668.5,1080,1920,1080x1920,Smartphone 108 MP (Bypass),Óvalo Salida a Cusco,VALIDO,1299.0512642315866,136.88233024691357,NINGUNO
BYPASS_20260928_V01_F01667,BYPASS_20260928_V01,frame_01667.jpg,1667.0,00:27:47,08:37:47,49224,1647634.8,1080,1920,1080x1920,Smartphone 108 MP (Bypass),Óvalo Salida a Cusco,VALIDO,1391.284002257715,137.75668981481482,NINGUNO
BYPASS_20260928_V01_F01668,BYPASS_20260928_V01,frame_01668.jpg,1668.0,00:27:48,08:37:48,49254,1648667.7,1080,1920,1080x1920,Smartphone 108 MP (Bypass),Óvalo Salida a Cusco,VALIDO,1530.8829919302652,138.9958950617284,NINGUNO
BYPASS_20260928_V01_F01669,BYPASS_20260928_V01,frame_01669.jpg,1669.0,00:27:49,08:37:49,49284,1649667.3,1080,1920,1080x1920,Smartphone 108 MP (Bypass),Óvalo Salida a Cusco,VALIDO,1472.6756900880766,138.53889274691358,NINGUNO
BYPASS_20260928_V01_F01670,BYPASS_20260928_V01,frame_01670.jpg,1670.0,00:27:50,08:37:50,49313,1650666.9,1080,1920,1080x1920,Smartphone 108 MP (Bypass),Óvalo Salida a Cusco,VALIDO,1490.3462429044464,137.3788213734568,NINGUNO
BYPASS_20260928_V01_F01671,BYPASS_20260928_V01,frame_01671.jpg,1671.0,00:27:51,08:37:51,49343,1651666.5,1080,1920,1080x1920,Smartphone 108 MP (Bypass),Óvalo Salida a Cusco,VALIDO,1447.5369193592135,138.27585841049384,NINGUNO
BYPASS_20260928_V01_F01672,BYPASS_20260928_V01,frame_01672.jpg,1672.0,00:27:52,08:37:52,49372,1652666.2,1080,1920,1080x1920,Smartphone 108 MP (Bypass),Óvalo Salida a Cusco,VALIDO,1445.2987731347523,137.97824074074074,NINGUNO
BYPASS_20260928_V01_F01673,BYPASS_20260928_V01,frame_01673.jpg,1673.0,00:27:53,08:37:53,49402,1653665.7,1080,1920,1080x1920,Smartphone 108 MP (Bypass),Óvalo Salida a Cusco,VALIDO,1437.4886637659433,138.41608796296296,NINGUNO
BYPASS_20260928_V01_F01674,BYPASS_20260928_V01,frame_01674.jpg,1674.0,00:27:54,08:37:54,49431,1654665.3,1080,1920,1080x1920,Smartphone 108 MP (Bypass),Óvalo Salida a Cusco,VALIDO,1360.674571744018,138.68730516975307,NINGUNO
BYPASS_20260928_V01_F01675,BYPASS_20260928_V01,frame_01675.jpg,1675.0,00:27:55,08:37:55,49461,1655664.9,1080,1920,1080x1920,Smartphone 108 MP (Bypass),Óvalo Salida a Cusco,VALIDO,1448.5774629122218,137.86006944444443,NINGUNO
BYPASS_20260928_V01_F01676,BYPASS_20260928_V01,frame_01676.jpg,1676.0,00:27:56,08:37:56,49490,1656631.2,1080,1920,1080x1920,Smartphone 108 MP (Bypass),Óvalo Salida a Cusco,VALIDO,1458.6256316700365,138.16954089506171,NINGUNO
BYPASS_20260928_V01_F01677,BYPASS_20260928_V01,frame_01677.jpg,1677.0,00:27:57,08:37:57,49520,1657630.8,1080,1920,1080x1920,Smartphone 108 MP (Bypass),Óvalo Salida a Cusco,VALIDO,1360.765092580235,135.42927083333333,NINGUNO
BYPASS_20260928_V01_F01678,BYPASS_20260928_V01,frame_01678.jpg,1678.0,00:27:58,08:37:58,49549,1658597.1,1080,1920,1080x1920,Smartphone 108 MP (Bypass),Óvalo Salida a Cusco,VALIDO,1362.2910224138693,131.28070408950617,NINGUNO
BYPASS_20260928_V01_F01679,BYPASS_20260928_V01,frame_01679.jpg,1679.0,00:27:59,08:37:59,49579,1659596.7,1080,1920,1080x1920,Smartphone 108 MP (Bypass),Óvalo Salida a Cusco,VALIDO,1437.679242299397,128.13037808641974,NINGUNO
BYPASS_20260928_V01_F01680,BYPASS_20260928_V01,frame_01680.jpg,1680.0,00:28:00,08:38:00,49608,1660563.0,1080,1920,1080x1920,Smartphone 108 MP (Bypass),Óvalo Salida a Cusco,VALIDO,1438.9146329446573,127.26594328703703,NINGUNO
BYPASS_20260928_V01_F01681,BYPASS_20260928_V01,frame_01681.jpg,1681.0,00:28:01,08:38:01,49638,1661562.6,1080,1920,1080x1920,Smartphone 108 MP (Bypass),Óvalo Salida a Cusco,VALIDO,1451.958812985286,127.95296682098765,NINGUNO
BYPASS_20260928_V01_F01682,BYPASS_20260928_V01,frame_01682.jpg,1682.0,00:28:02,08:38:02,49667,1662528.9,1080,1920,1080x1920,Smartphone 108 MP (Bypass),Óvalo Salida a Cusco,VALIDO,1435.4695355128792,127.22543981481482,NINGUNO
BYPASS_20260928_V01_F01683,BYPASS_20260928_V01,frame_01683.jpg,1683.0,00:28:03,08:38:03,49697,1663561.8,1080,1920,1080x1920,Smartphone 108 MP (Bypass),Óvalo Salida a Cusco,VALIDO,1401.508353480781,128.44552854938271,NINGUNO
BYPASS_20260928_V01_F01684,BYPASS_20260928_V01,frame_01684.jpg,1684.0,00:28:04,08:38:04,49726,1664528.0,1080,1920,1080x1920,Smartphone 108 MP (Bypass),Óvalo Salida a Cusco,VALIDO,1392.908718468652,134.0937326388889,NINGUNO
BYPASS_20260928_V01_F01685,BYPASS_20260928_V01,frame_01685.jpg,1685.0,00:28:05,08:38:05,49756,1665527.6,1080,1920,1080x1920,Smartphone 108 MP (Bypass),Óvalo Salida a Cusco,VALIDO,1469.2292198709565,137.65657600308643,NINGUNO
BYPASS_20260928_V01_F01686,BYPASS_20260928_V01,frame_01686.jpg,1686.0,00:28:06,08:38:06,49786,1666527.2,1080,1920,1080x1920,Smartphone 108 MP (Bypass),Óvalo Salida a Cusco,VALIDO,1483.3823634237674,136.9718113425926,NINGUNO
BYPASS_20260928_V01_F01687,BYPASS_20260928_V01,frame_01687.jpg,1687.0,00:28:07,08:38:07,49815,1667526.8,1080,1920,1080x1920,Smartphone 108 MP (Bypass),Óvalo Salida a Cusco,VALIDO,1489.1569594739362,135.29489583333333,NINGUNO
BYPASS_20260928_V01_F01688,BYPASS_20260928_V01,frame_01688.jpg,1688.0,00:28:08,08:38:08,49845,1668559.7,1080,1920,1080x1920,Smartphone 108 MP (Bypass),Óvalo Salida a Cusco,VALIDO,1436.9767158911286,134.35074074074075,NINGUNO
BYPASS_20260928_V01_F01689,BYPASS_20260928_V01,frame_01689.jpg,1689.0,00:28:09,08:38:09,49874,1669526.0,1080,1920,1080x1920,Smartphone 108 MP (Bypass),Óvalo Salida a Cusco,VALIDO,1419.8475438205965,133.95122492283951,NINGUNO
BYPASS_20260928_V01_F01690,BYPASS_20260928_V01,frame_01690.jpg,1690.0,00:28:10,08:38:10,49904,1670525.6,1080,1920,1080x1920,Smartphone 108 MP (Bypass),Óvalo Salida a Cusco,VALIDO,1369.248115532475,132.95026234567902,NINGUNO
BYPASS_20260928_V01_F01691,BYPASS_20260928_V01,frame_01691.jpg,1691.0,00:28:11,08:38:11,49933,1671491.9,1080,1920,1080x1920,Smartphone 108 MP (Bypass),Óvalo Salida a Cusco,VALIDO,1473.364315986139,132.76209683641974,NINGUNO
BYPASS_20260928_V01_F01692,BYPASS_20260928_V01,frame_01692.jpg,1692.0,00:28:12,08:38:12,49963,1672524.8,1080,1920,1080x1920,Smartphone 108 MP (Bypass),Óvalo Salida a Cusco,VALIDO,1495.3458352213208,132.24888310185185,NINGUNO
BYPASS_20260928_V01_F01693,BYPASS_20260928_V01,frame_01693.jpg,1693.0,00:28:13,08:38:13,49992,1673491.0,1080,1920,1080x1920,Smartphone 108 MP (Bypass),Óvalo Salida a Cusco,VALIDO,1512.3984444417315,133.12351851851852,NINGUNO
BYPASS_20260928_V01_F01694,BYPASS_20260928_V01,frame_01694.jpg,1694.0,00:28:14,08:38:14,50022,1674490.6,1080,1920,1080x1920,Smartphone 108 MP (Bypass),Óvalo Salida a Cusco,VALIDO,1446.0251704518141,133.40304783950617,NINGUNO
BYPASS_20260928_V01_F01695,BYPASS_20260928_V01,frame_01695.jpg,1695.0,00:28:15,08:38:15,50051,1675490.3,1080,1920,1080x1920,Smartphone 108 MP (Bypass),Óvalo Salida a Cusco,VALIDO,1532.1392559200997,126.79121913580246,NINGUNO
BYPASS_20260928_V01_F01696,BYPASS_20260928_V01,frame_01696.jpg,1696.0,00:28:16,08:38:16,50081,1676489.9,1080,1920,1080x1920,Smartphone 108 MP (Bypass),Óvalo Salida a Cusco,VALIDO,1500.0520537819207,125.22212770061728,NINGUNO
BYPASS_20260928_V01_F01697,BYPASS_20260928_V01,frame_01697.jpg,1697.0,00:28:17,08:38:17,50110,1677456.2,1080,1920,1080x1920,Smartphone 108 MP (Bypass),Óvalo Salida a Cusco,VALIDO,1412.72672895858,128.1857098765432,NINGUNO
BYPASS_20260928_V01_F01698,BYPASS_20260928_V01,frame_01698.jpg,1698.0,00:28:18,08:38:18,50140,1678455.8,1080,1920,1080x1920,Smartphone 108 MP (Bypass),Óvalo Salida a Cusco,VALIDO,1502.9497459181148,126.44312692901235,NINGUNO
BYPASS_20260928_V01_F01699,BYPASS_20260928_V01,frame_01699.jpg,1699.0,00:28:19,08:38:19,50169,1679422.1,1080,1920,1080x1920,Smartphone 108 MP (Bypass),Óvalo Salida a Cusco,VALIDO,1501.2847869488885,123.49260416666667,NINGUNO
BYPASS_20260928_V01_F01700,BYPASS_20260928_V01,frame_01700.jpg,1700.0,00:28:20,08:38:20,50199,1680421.6,1080,1920,1080x1920,Smartphone 108 MP (Bypass),Óvalo Salida a Cusco,VALIDO,1456.9384650277761,126.2036149691358,NINGUNO
BYPASS_20260928_V01_F01701,BYPASS_20260928_V01,frame_01701.jpg,1701.0,00:28:21,08:38:21,50228,1681387.9,1080,1920,1080x1920,Smartphone 108 MP (Bypass),Óvalo Salida a Cusco,VALIDO,1489.232008259254,126.74197145061729,NINGUNO
BYPASS_20260928_V01_F01702,BYPASS_20260928_V01,frame_01702.jpg,1702.0,00:28:22,08:38:22,50258,1682420.8,1080,1920,1080x1920,Smartphone 108 MP (Bypass),Óvalo Salida a Cusco,VALIDO,1431.1651384762804,132.58964891975307,NINGUNO
BYPASS_20260928_V01_F01703,BYPASS_20260928_V01,frame_01703.jpg,1703.0,00:28:23,08:38:23,50288,1683453.7,1080,1920,1080x1920,Smartphone 108 MP (Bypass),Óvalo Salida a Cusco,VALIDO,1542.9524813421488,132.2744347993827,NINGUNO
BYPASS_20260928_V01_F01704,BYPASS_20260928_V01,frame_01704.jpg,1704.0,00:28:24,08:38:24,50317,1684486.6,1080,1920,1080x1920,Smartphone 108 MP (Bypass),Óvalo Salida a Cusco,VALIDO,1663.275041195116,130.67300347222223,NINGUNO
BYPASS_20260928_V01_F01705,BYPASS_20260928_V01,frame_01705.jpg,1705.0,00:28:25,08:38:25,50347,1685486.3,1080,1920,1080x1920,Smartphone 108 MP (Bypass),Óvalo Salida a Cusco,VALIDO,1591.17728339619,126.74793402777777,NINGUNO
BYPASS_20260928_V01_F01706,BYPASS_20260928_V01,frame_01706.jpg,1706.0,00:28:26,08:38:26,50376,1686452.6,1080,1920,1080x1920,Smartphone 108 MP (Bypass),Óvalo Salida a Cusco,VALIDO,1519.800577997289,125.84257330246913,NINGUNO
BYPASS_20260928_V01_F01707,BYPASS_20260928_V01,frame_01707.jpg,1707.0,00:28:27,08:38:27,50406,1687452.2,1080,1920,1080x1920,Smartphone 108 MP (Bypass),Óvalo Salida a Cusco,VALIDO,1439.2530856762457,125.40683063271605,NINGUNO
BYPASS_20260928_V01_F01708,BYPASS_20260928_V01,frame_01708.jpg,1708.0,00:28:28,08:38:28,50435,1688418.4,1080,1920,1080x1920,Smartphone 108 MP (Bypass),Óvalo Salida a Cusco,VALIDO,1502.9105553634543,124.51162422839506,NINGUNO
BYPASS_20260928_V01_F01709,BYPASS_20260928_V01,frame_01709.jpg,1709.0,00:28:29,08:38:29,50465,1689418.0,1080,1920,1080x1920,Smartphone 108 MP (Bypass),Óvalo Salida a Cusco,VALIDO,1509.6229087639078,127.91889274691358,NINGUNO
BYPASS_20260928_V01_F01710,BYPASS_20260928_V01,frame_01710.jpg,1710.0,00:28:30,08:38:30,50494,1690384.3,1080,1920,1080x1920,Smartphone 108 MP (Bypass),Óvalo Salida a Cusco,VALIDO,1527.8394438548894,128.33703125,NINGUNO
BYPASS_20260928_V01_F01711,BYPASS_20260928_V01,frame_01711.jpg,1711.0,00:28:31,08:38:31,50524,1691383.9,1080,1920,1080x1920,Smartphone 108 MP (Bypass),Óvalo Salida a Cusco,VALIDO,1583.286685069309,128.60370949074073,NINGUNO
BYPASS_20260928_V01_F01712,BYPASS_20260928_V01,frame_01712.jpg,1712.0,00:28:32,08:38:32,50553,1692350.1,1080,1920,1080x1920,Smartphone 108 MP (Bypass),Óvalo Salida a Cusco,VALIDO,1572.0505679153412,127.84808256172839,NINGUNO
BYPASS_20260928_V01_F01713,BYPASS_20260928_V01,frame_01713.jpg,1713.0,00:28:33,08:38:33,50583,1693349.7,1080,1920,1080x1920,Smartphone 108 MP (Bypass),Óvalo Salida a Cusco,VALIDO,1463.4433159718508,127.45106481481481,NINGUNO
BYPASS_20260928_V01_F01714,BYPASS_20260928_V01,frame_01714.jpg,1714.0,00:28:34,08:38:34,50612,1694316.0,1080,1920,1080x1920,Smartphone 108 MP (Bypass),Óvalo Salida a Cusco,VALIDO,1431.491103414318,130.28625385802468,NINGUNO
BYPASS_20260928_V01_F01715,BYPASS_20260928_V01,frame_01715.jpg,1715.0,00:28:35,08:38:35,50642,1695315.6,1080,1920,1080x1920,Smartphone 108 MP (Bypass),Óvalo Salida a Cusco,VALIDO,1580.4462608272368,131.7218325617284,NINGUNO
BYPASS_20260928_V01_F01716,BYPASS_20260928_V01,frame_01716.jpg,1716.0,00:28:36,08:38:36,50671,1696281.9,1080,1920,1080x1920,Smartphone 108 MP (Bypass),Óvalo Salida a Cusco,VALIDO,1551.045835250256,130.9668460648148,NINGUNO
BYPASS_20260928_V01_F01717,BYPASS_20260928_V01,frame_01717.jpg,1717.0,00:28:37,08:38:37,50701,1697281.5,1080,1920,1080x1920,Smartphone 108 MP (Bypass),Óvalo Salida a Cusco,VALIDO,1550.181505396412,130.938175154321,NINGUNO
BYPASS_20260928_V01_F01718,BYPASS_20260928_V01,frame_01718.jpg,1718.0,00:28:38,08:38:38,50730,1698247.7,1080,1920,1080x1920,Smartphone 108 MP (Bypass),Óvalo Salida a Cusco,VALIDO,1591.2844608565852,131.64228009259259,NINGUNO
BYPASS_20260928_V01_F01719,BYPASS_20260928_V01,frame_01719.jpg,1719.0,00:28:39,08:38:39,50760,1699247.3,1080,1920,1080x1920,Smartphone 108 MP (Bypass),Óvalo Salida a Cusco,VALIDO,1641.4346348927374,131.95684220679013,NINGUNO
BYPASS_20260928_V01_F01720,BYPASS_20260928_V01,frame_01720.jpg,1720.0,00:28:40,08:38:40,50790,1700247.0,1080,1920,1080x1920,Smartphone 108 MP (Bypass),Óvalo Salida a Cusco,VALIDO,1541.2197546485477,126.66289544753086,NINGUNO
BYPASS_20260928_V01_F01721,BYPASS_20260928_V01,frame_01721.jpg,1721.0,00:28:41,08:38:41,50819,1701213.3,1080,1920,1080x1920,Smartphone 108 MP (Bypass),Óvalo Salida a Cusco,VALIDO,1492.1126718189007,123.61432098765432,NINGUNO
BYPASS_20260928_V01_F01722,BYPASS_20260928_V01,frame_01722.jpg,1722.0,00:28:42,08:38:42,50849,1702212.9,1080,1920,1080x1920,Smartphone 108 MP (Bypass),Óvalo Salida a Cusco,VALIDO,1486.9669751985577,124.4892650462963,NINGUNO
BYPASS_20260928_V01_F01723,BYPASS_20260928_V01,frame_01723.jpg,1723.0,00:28:43,08:38:43,50878,1703179.1,1080,1920,1080x1920,Smartphone 108 MP (Bypass),Óvalo Salida a Cusco,VALIDO,1508.8445887505086,124.40016589506173,NINGUNO
BYPASS_20260928_V01_F01724,BYPASS_20260928_V01,frame_01724.jpg,1724.0,00:28:44,08:38:44,50908,1704178.7,1080,1920,1080x1920,Smartphone 108 MP (Bypass),Óvalo Salida a Cusco,VALIDO,1456.3212268384561,124.85014274691358,NINGUNO
BYPASS_20260928_V01_F01725,BYPASS_20260928_V01,frame_01725.jpg,1725.0,00:28:45,08:38:45,50937,1705145.0,1080,1920,1080x1920,Smartphone 108 MP (Bypass),Óvalo Salida a Cusco,VALIDO,1490.0959655206764,123.52043595679012,NINGUNO
BYPASS_20260928_V01_F01726,BYPASS_20260928_V01,frame_01726.jpg,1726.0,00:28:46,08:38:46,50967,1706177.9,1080,1920,1080x1920,Smartphone 108 MP (Bypass),Óvalo Salida a Cusco,VALIDO,1615.4678893028963,123.82304398148148,NINGUNO
BYPASS_20260928_V01_F01727,BYPASS_20260928_V01,frame_01727.jpg,1727.0,00:28:47,08:38:47,50996,1707144.2,1080,1920,1080x1920,Smartphone 108 MP (Bypass),Óvalo Salida a Cusco,VALIDO,1597.7265807441108,124.30270447530864,NINGUNO
BYPASS_20260928_V01_F01728,BYPASS_20260928_V01,frame_01728.jpg,1728.0,00:28:48,08:38:48,51026,1708143.8,1080,1920,1080x1920,Smartphone 108 MP (Bypass),Óvalo Salida a Cusco,VALIDO,1500.696116510545,123.99622106481482,NINGUNO
BYPASS_20260928_V01_F01729,BYPASS_20260928_V01,frame_01729.jpg,1729.0,00:28:49,08:38:49,51055,1709110.1,1080,1920,1080x1920,Smartphone 108 MP (Bypass),Óvalo Salida a Cusco,VALIDO,1584.635726615548,123.49461033950617,NINGUNO
BYPASS_20260928_V01_F01730,BYPASS_20260928_V01,frame_01730.jpg,1730.0,00:28:50,08:38:50,51085,1710143.0,1080,1920,1080x1920,Smartphone 108 MP (Bypass),Óvalo Salida a Cusco,VALIDO,1686.4325366364653,123.98403549382716,NINGUNO
BYPASS_20260928_V01_F01731,BYPASS_20260928_V01,frame_01731.jpg,1731.0,00:28:51,08:38:51,51114,1711109.3,1080,1920,1080x1920,Smartphone 108 MP (Bypass),Óvalo Salida a Cusco,VALIDO,1709.0077946431468,125.92299189814815,NINGUNO
BYPASS_20260928_V01_F01732,BYPASS_20260928_V01,frame_01732.jpg,1732.0,00:28:52,08:38:52,51144,1712108.9,1080,1920,1080x1920,Smartphone 108 MP (Bypass),Óvalo Salida a Cusco,VALIDO,1638.1439879999018,123.26759837962963,NINGUNO
BYPASS_20260928_V01_F01733,BYPASS_20260928_V01,frame_01733.jpg,1733.0,00:28:53,08:38:53,51173,1713108.5,1080,1920,1080x1920,Smartphone 108 MP (Bypass),Óvalo Salida a Cusco,VALIDO,1549.9785375871031,123.28969907407408,NINGUNO
BYPASS_20260928_V01_F01734,BYPASS_20260928_V01,frame_01734.jpg,1734.0,00:28:54,08:38:54,51203,1714208.0,1080,1920,1080x1920,Smartphone 108 MP (Bypass),Óvalo Salida a Cusco,VALIDO,1627.7619068576348,122.3135976080247,NINGUNO
BYPASS_20260928_V01_F01735,BYPASS_20260928_V01,frame_01735.jpg,1735.0,00:28:55,08:38:55,51232,1715174.3,1080,1920,1080x1920,Smartphone 108 MP (Bypass),Óvalo Salida a Cusco,VALIDO,1581.823616029911,124.69472800925926,NINGUNO
BYPASS_20260928_V01_F01736,BYPASS_20260928_V01,frame_01736.jpg,1736.0,00:28:56,08:38:56,51262,1716173.9,1080,1920,1080x1920,Smartphone 108 MP (Bypass),Óvalo Salida a Cusco,VALIDO,1441.4080936050227,126.65354938271605,NINGUNO
BYPASS_20260928_V01_F01737,BYPASS_20260928_V01,frame_01737.jpg,1737.0,00:28:57,08:38:57,51291,1717140.2,1080,1920,1080x1920,Smartphone 108 MP (Bypass),Óvalo Salida a Cusco,VALIDO,1519.920092260136,126.63803433641975,NINGUNO
BYPASS_20260928_V01_F01738,BYPASS_20260928_V01,frame_01738.jpg,1738.0,00:28:58,08:38:58,51321,1718139.8,1080,1920,1080x1920,Smartphone 108 MP (Bypass),Óvalo Salida a Cusco,VALIDO,1522.6627758179516,128.08823302469136,NINGUNO
BYPASS_20260928_V01_F01739,BYPASS_20260928_V01,frame_01739.jpg,1739.0,00:28:59,08:38:59,51351,1719139.4,1080,1920,1080x1920,Smartphone 108 MP (Bypass),Óvalo Salida a Cusco,VALIDO,1421.4605884919192,127.07499807098766,NINGUNO
BYPASS_20260928_V01_F01740,BYPASS_20260928_V01,frame_01740.jpg,1740.0,00:29:00,08:39:00,51380,1720105.7,1080,1920,1080x1920,Smartphone 108 MP (Bypass),Óvalo Salida a Cusco,VALIDO,1384.6744959404077,125.86809027777778,NINGUNO
BYPASS_20260928_V01_F01741,BYPASS_20260928_V01,frame_01741.jpg,1741.0,00:29:01,08:39:01,51410,1721138.6,1080,1920,1080x1920,Smartphone 108 MP (Bypass),Óvalo Salida a Cusco,VALIDO,1375.6418187906904,124.95444058641975,NINGUNO
BYPASS_20260928_V01_F01742,BYPASS_20260928_V01,frame_01742.jpg,1742.0,00:29:02,08:39:02,51439,1722104.8,1080,1920,1080x1920,Smartphone 108 MP (Bypass),Óvalo Salida a Cusco,VALIDO,1573.8456723458075,128.66657214506174,NINGUNO
BYPASS_20260928_V01_F01743,BYPASS_20260928_V01,frame_01743.jpg,1743.0,00:29:03,08:39:03,51469,1723104.5,1080,1920,1080x1920,Smartphone 108 MP (Bypass),Óvalo Salida a Cusco,VALIDO,1525.7934736003797,130.4717361111111,NINGUNO
BYPASS_20260928_V01_F01744,BYPASS_20260928_V01,frame_01744.jpg,1744.0,00:29:04,08:39:04,51498,1724104.1,1080,1920,1080x1920,Smartphone 108 MP (Bypass),Óvalo Salida a Cusco,VALIDO,1551.2191225077634,131.86954089506173,NINGUNO
BYPASS_20260928_V01_F01745,BYPASS_20260928_V01,frame_01745.jpg,1745.0,00:29:05,08:39:05,51528,1725103.8,1080,1920,1080x1920,Smartphone 108 MP (Bypass),Óvalo Salida a Cusco,VALIDO,1707.052314382837,129.44078896604938,NINGUNO
BYPASS_20260928_V01_F01746,BYPASS_20260928_V01,frame_01746.jpg,1746.0,00:29:06,08:39:06,51557,1726070.0,1080,1920,1080x1920,Smartphone 108 MP (Bypass),Óvalo Salida a Cusco,VALIDO,1656.3256047632167,124.53300347222222,NINGUNO
BYPASS_20260928_V01_F01747,BYPASS_20260928_V01,frame_01747.jpg,1747.0,00:29:07,08:39:07,51587,1727069.5,1080,1920,1080x1920,Smartphone 108 MP (Bypass),Óvalo Salida a Cusco,VALIDO,1720.365609833851,129.09206018518518,NINGUNO
BYPASS_20260928_V01_F01748,BYPASS_20260928_V01,frame_01748.jpg,1748.0,00:29:08,08:39:08,51616,1728069.1,1080,1920,1080x1920,Smartphone 108 MP (Bypass),Óvalo Salida a Cusco,VALIDO,1667.014000118594,131.98512924382717,NINGUNO
BYPASS_20260928_V01_F01749,BYPASS_20260928_V01,frame_01749.jpg,1749.0,00:29:09,08:39:09,51646,1729068.7,1080,1920,1080x1920,Smartphone 108 MP (Bypass),Óvalo Salida a Cusco,VALIDO,1762.575661650933,132.34416087962964,NINGUNO
BYPASS_20260928_V01_F01750,BYPASS_20260928_V01,frame_01750.jpg,1750.0,00:29:10,08:39:10,51675,1730101.6,1080,1920,1080x1920,Smartphone 108 MP (Bypass),Óvalo Salida a Cusco,VALIDO,1876.5233810013385,131.86414544753086,NINGUNO
BYPASS_20260928_V01_F01751,BYPASS_20260928_V01,frame_01751.jpg,1751.0,00:29:11,08:39:11,51705,1731101.2,1080,1920,1080x1920,Smartphone 108 MP (Bypass),Óvalo Salida a Cusco,VALIDO,1679.5809804183812,132.32815779320987,NINGUNO
BYPASS_20260928_V01_F01752,BYPASS_20260928_V01,frame_01752.jpg,1752.0,00:29:12,08:39:12,51734,1732134.1,1080,1920,1080x1920,Smartphone 108 MP (Bypass),Óvalo Salida a Cusco,VALIDO,1605.0591029890713,133.2285185185185,NINGUNO
BYPASS_20260928_V01_F01753,BYPASS_20260928_V01,frame_01753.jpg,1753.0,00:29:13,08:39:13,51764,1733133.7,1080,1920,1080x1920,Smartphone 108 MP (Bypass),Óvalo Salida a Cusco,VALIDO,1657.050123027584,132.57371527777778,NINGUNO
BYPASS_20260928_V01_F01754,BYPASS_20260928_V01,frame_01754.jpg,1754.0,00:29:14,08:39:14,51793,1734100.0,1080,1920,1080x1920,Smartphone 108 MP (Bypass),Óvalo Salida a Cusco,VALIDO,1629.3092432183896,132.66726658950617,NINGUNO
BYPASS_20260928_V01_F01755,BYPASS_20260928_V01,frame_01755.jpg,1755.0,00:29:15,08:39:15,51823,1735166.2,1080,1920,1080x1920,Smartphone 108 MP (Bypass),Óvalo Salida a Cusco,VALIDO,1592.341619944198,133.9310339506173,NINGUNO
BYPASS_20260928_V01_F01756,BYPASS_20260928_V01,frame_01756.jpg,1756.0,00:29:16,08:39:16,51853,1736165.8,1080,1920,1080x1920,Smartphone 108 MP (Bypass),Óvalo Salida a Cusco,VALIDO,1549.1605933593744,133.60825424382716,NINGUNO
BYPASS_20260928_V01_F01757,BYPASS_20260928_V01,frame_01757.jpg,1757.0,00:29:17,08:39:17,51882,1737132.1,1080,1920,1080x1920,Smartphone 108 MP (Bypass),Óvalo Salida a Cusco,VALIDO,1490.0624569668153,133.79224729938272,NINGUNO
BYPASS_20260928_V01_F01758,BYPASS_20260928_V01,frame_01758.jpg,1758.0,00:29:18,08:39:18,51912,1738131.7,1080,1920,1080x1920,Smartphone 108 MP (Bypass),Óvalo Salida a Cusco,VALIDO,1474.4204953510798,133.00416473765432,NINGUNO
BYPASS_20260928_V01_F01759,BYPASS_20260928_V01,frame_01759.jpg,1759.0,00:29:19,08:39:19,51941,1739131.3,1080,1920,1080x1920,Smartphone 108 MP (Bypass),Óvalo Salida a Cusco,VALIDO,1523.0577591044027,133.51519097222223,NINGUNO
BYPASS_20260928_V01_F01760,BYPASS_20260928_V01,frame_01760.jpg,1760.0,00:29:20,08:39:20,51971,1740130.9,1080,1920,1080x1920,Smartphone 108 MP (Bypass),Óvalo Salida a Cusco,VALIDO,1578.670649172754,134.14870177469135,NINGUNO
BYPASS_20260928_V01_F01761,BYPASS_20260928_V01,frame_01761.jpg,1761.0,00:29:21,08:39:21,52000,1741097.1,1080,1920,1080x1920,Smartphone 108 MP (Bypass),Óvalo Salida a Cusco,VALIDO,1627.4431175811021,134.4737673611111,NINGUNO
BYPASS_20260928_V01_F01762,BYPASS_20260928_V01,frame_01762.jpg,1762.0,00:29:22,08:39:22,52030,1742096.7,1080,1920,1080x1920,Smartphone 108 MP (Bypass),Óvalo Salida a Cusco,VALIDO,1722.6539498905563,133.9507986111111,NINGUNO
BYPASS_20260928_V01_F01763,BYPASS_20260928_V01,frame_01763.jpg,1763.0,00:29:23,08:39:23,52059,1743096.3,1080,1920,1080x1920,Smartphone 108 MP (Bypass),Óvalo Salida a Cusco,VALIDO,1707.6531891515679,134.07779320987655,NINGUNO
BYPASS_20260928_V01_F01764,BYPASS_20260928_V01,frame_01764.jpg,1764.0,00:29:24,08:39:24,52089,1744129.2,1080,1920,1080x1920,Smartphone 108 MP (Bypass),Óvalo Salida a Cusco,VALIDO,1689.8475394441014,134.44912615740742,NINGUNO
BYPASS_20260928_V01_F01765,BYPASS_20260928_V01,frame_01765.jpg,1765.0,00:29:25,08:39:25,52118,1745128.9,1080,1920,1080x1920,Smartphone 108 MP (Bypass),Óvalo Salida a Cusco,VALIDO,1747.8113808088242,134.30144675925925,NINGUNO
BYPASS_20260928_V01_F01766,BYPASS_20260928_V01,frame_01766.jpg,1766.0,00:29:26,08:39:26,52148,1746161.8,1080,1920,1080x1920,Smartphone 108 MP (Bypass),Óvalo Salida a Cusco,VALIDO,1769.778831737697,131.64321180555555,NINGUNO
BYPASS_20260928_V01_F01767,BYPASS_20260928_V01,frame_01767.jpg,1767.0,00:29:27,08:39:27,52177,1747128.1,1080,1920,1080x1920,Smartphone 108 MP (Bypass),Óvalo Salida a Cusco,VALIDO,1761.7842184296558,132.03661265432098,NINGUNO
BYPASS_20260928_V01_F01768,BYPASS_20260928_V01,frame_01768.jpg,1768.0,00:29:28,08:39:28,52207,1748161.0,1080,1920,1080x1920,Smartphone 108 MP (Bypass),Óvalo Salida a Cusco,VALIDO,1705.451597371527,131.33449266975308,NINGUNO
BYPASS_20260928_V01_F01769,BYPASS_20260928_V01,frame_01769.jpg,1769.0,00:29:29,08:39:29,52236,1749127.3,1080,1920,1080x1920,Smartphone 108 MP (Bypass),Óvalo Salida a Cusco,VALIDO,1754.6378863765253,130.46508294753087,NINGUNO
BYPASS_20260928_V01_F01770,BYPASS_20260928_V01,frame_01770.jpg,1770.0,00:29:30,08:39:30,52266,1750127.0,1080,1920,1080x1920,Smartphone 108 MP (Bypass),Óvalo Salida a Cusco,VALIDO,1988.6061014218394,130.73928433641976,NINGUNO
BYPASS_20260928_V01_F01771,BYPASS_20260928_V01,frame_01771.jpg,1771.0,00:29:31,08:39:31,52295,1751093.2,1080,1920,1080x1920,Smartphone 108 MP (Bypass),Óvalo Salida a Cusco,VALIDO,1978.7054741846903,129.71210455246913,NINGUNO
BYPASS_20260928_V01_F01772,BYPASS_20260928_V01,frame_01772.jpg,1772.0,00:29:32,08:39:32,52325,1752126.1,1080,1920,1080x1920,Smartphone 108 MP (Bypass),Óvalo Salida a Cusco,VALIDO,1921.8640772694323,128.01435185185184,NINGUNO
BYPASS_20260928_V01_F01773,BYPASS_20260928_V01,frame_01773.jpg,1773.0,00:29:33,08:39:33,52355,1753125.8,1080,1920,1080x1920,Smartphone 108 MP (Bypass),Óvalo Salida a Cusco,VALIDO,1823.8638038979736,125.16724151234568,NINGUNO
BYPASS_20260928_V01_F01774,BYPASS_20260928_V01,frame_01774.jpg,1774.0,00:29:34,08:39:34,52384,1754091.9,1080,1920,1080x1920,Smartphone 108 MP (Bypass),Óvalo Salida a Cusco,VALIDO,1782.6974747031122,135.79988040123456,NINGUNO
BYPASS_20260928_V01_F01775,BYPASS_20260928_V01,frame_01775.jpg,1775.0,00:29:35,08:39:35,52414,1755091.4,1080,1920,1080x1920,Smartphone 108 MP (Bypass),Óvalo Salida a Cusco,VALIDO,1589.6522189522443,141.53817708333332,NINGUNO
BYPASS_20260928_V01_F01776,BYPASS_20260928_V01,frame_01776.jpg,1776.0,00:29:36,08:39:36,52443,1756057.7,1080,1920,1080x1920,Smartphone 108 MP (Bypass),Óvalo Salida a Cusco,VALIDO,1714.8782366311698,142.20128279320988,NINGUNO
BYPASS_20260928_V01_F01777,BYPASS_20260928_V01,frame_01777.jpg,1777.0,00:29:37,08:39:37,52473,1757057.3,1080,1920,1080x1920,Smartphone 108 MP (Bypass),Óvalo Salida a Cusco,VALIDO,1793.215470437514,140.71611689814816,NINGUNO
BYPASS_20260928_V01_F01778,BYPASS_20260928_V01,frame_01778.jpg,1778.0,00:29:38,08:39:38,52502,1758056.9,1080,1920,1080x1920,Smartphone 108 MP (Bypass),Óvalo Salida a Cusco,VALIDO,1764.957026199646,141.19104166666668,NINGUNO
BYPASS_20260928_V01_F01779,BYPASS_20260928_V01,frame_01779.jpg,1779.0,00:29:39,08:39:39,52532,1759089.9,1080,1920,1080x1920,Smartphone 108 MP (Bypass),Óvalo Salida a Cusco,VALIDO,1831.7582524517504,133.42407793209875,NINGUNO
BYPASS_20260928_V01_F01780,BYPASS_20260928_V01,frame_01780.jpg,1780.0,00:29:40,08:39:40,52561,1760056.2,1080,1920,1080x1920,Smartphone 108 MP (Bypass),Óvalo Salida a Cusco,VALIDO,1787.9355537652316,130.71123070987653,NINGUNO
BYPASS_20260928_V01_F01781,BYPASS_20260928_V01,frame_01781.jpg,1781.0,00:29:41,08:39:41,52591,1761055.8,1080,1920,1080x1920,Smartphone 108 MP (Bypass),Óvalo Salida a Cusco,VALIDO,1830.037947347474,129.45748456790125,NINGUNO
BYPASS_20260928_V01_F01782,BYPASS_20260928_V01,frame_01782.jpg,1782.0,00:29:42,08:39:42,52620,1762022.1,1080,1920,1080x1920,Smartphone 108 MP (Bypass),Óvalo Salida a Cusco,VALIDO,1819.9497066453134,130.05640046296296,NINGUNO
BYPASS_20260928_V01_F01783,BYPASS_20260928_V01,frame_01783.jpg,1783.0,00:29:43,08:39:43,52650,1763021.7,1080,1920,1080x1920,Smartphone 108 MP (Bypass),Óvalo Salida a Cusco,VALIDO,1760.3440563664403,132.21449459876544,NINGUNO
BYPASS_20260928_V01_F01784,BYPASS_20260928_V01,frame_01784.jpg,1784.0,00:29:44,08:39:44,52679,1764054.6,1080,1920,1080x1920,Smartphone 108 MP (Bypass),Óvalo Salida a Cusco,VALIDO,1774.974025848583,132.6547839506173,NINGUNO
BYPASS_20260928_V01_F01785,BYPASS_20260928_V01,frame_01785.jpg,1785.0,00:29:45,08:39:45,52709,1765054.1,1080,1920,1080x1920,Smartphone 108 MP (Bypass),Óvalo Salida a Cusco,VALIDO,1778.0934749942696,133.85845100308643,NINGUNO
BYPASS_20260928_V01_F01786,BYPASS_20260928_V01,frame_01786.jpg,1786.0,00:29:46,08:39:46,52738,1766020.4,1080,1920,1080x1920,Smartphone 108 MP (Bypass),Óvalo Salida a Cusco,VALIDO,1853.4893182331518,136.5277797067901,NINGUNO
BYPASS_20260928_V01_F01787,BYPASS_20260928_V01,frame_01787.jpg,1787.0,00:29:47,08:39:47,52768,1767053.4,1080,1920,1080x1920,Smartphone 108 MP (Bypass),Óvalo Salida a Cusco,VALIDO,1698.2698705920734,139.5681211419753,NINGUNO
BYPASS_20260928_V01_F01788,BYPASS_20260928_V01,frame_01788.jpg,1788.0,00:29:48,08:39:48,52797,1768019.6,1080,1920,1080x1920,Smartphone 108 MP (Bypass),Óvalo Salida a Cusco,VALIDO,1719.5562675499605,141.72428819444445,NINGUNO
BYPASS_20260928_V01_F01789,BYPASS_20260928_V01,frame_01789.jpg,1789.0,00:29:49,08:39:49,52827,1769019.1,1080,1920,1080x1920,Smartphone 108 MP (Bypass),Óvalo Salida a Cusco,VALIDO,1763.9248133930012,145.9285763888889,NINGUNO
BYPASS_20260928_V01_F01790,BYPASS_20260928_V01,frame_01790.jpg,1790.0,00:29:50,08:39:50,52857,1770018.7,1080,1920,1080x1920,Smartphone 108 MP (Bypass),Óvalo Salida a Cusco,VALIDO,1725.759065650184,147.94596450617283,NINGUNO
BYPASS_20260928_V01_F01791,BYPASS_20260928_V01,frame_01791.jpg,1791.0,00:29:51,08:39:51,52886,1770985.0,1080,1920,1080x1920,Smartphone 108 MP (Bypass),Óvalo Salida a Cusco,VALIDO,1790.0107982353957,146.01253665123457,NINGUNO
BYPASS_20260928_V01_F01792,BYPASS_20260928_V01,frame_01792.jpg,1792.0,00:29:52,08:39:52,52916,1771984.6,1080,1920,1080x1920,Smartphone 108 MP (Bypass),Óvalo Salida a Cusco,VALIDO,1880.9363125213745,145.18713541666668,NINGUNO
BYPASS_20260928_V01_F01793,BYPASS_20260928_V01,frame_01793.jpg,1793.0,00:29:53,08:39:53,52945,1772984.2,1080,1920,1080x1920,Smartphone 108 MP (Bypass),Óvalo Salida a Cusco,VALIDO,1876.2111503624596,146.30298611111112,NINGUNO
BYPASS_20260928_V01_F01794,BYPASS_20260928_V01,frame_01794.jpg,1794.0,00:29:54,08:39:54,52975,1774017.1,1080,1920,1080x1920,Smartphone 108 MP (Bypass),Óvalo Salida a Cusco,VALIDO,1737.2065834994094,147.63747299382717,NINGUNO
BYPASS_20260928_V01_F01795,BYPASS_20260928_V01,frame_01795.jpg,1795.0,00:29:55,08:39:55,53004,1774983.4,1080,1920,1080x1920,Smartphone 108 MP (Bypass),Óvalo Salida a Cusco,VALIDO,1749.5737904324417,146.83781057098764,NINGUNO
BYPASS_20260928_V01_F01796,BYPASS_20260928_V01,frame_01796.jpg,1796.0,00:29:56,08:39:56,53034,1775983.0,1080,1920,1080x1920,Smartphone 108 MP (Bypass),Óvalo Salida a Cusco,VALIDO,1875.8627630643546,145.74024305555557,NINGUNO
BYPASS_20260928_V01_F01797,BYPASS_20260928_V01,frame_01797.jpg,1797.0,00:29:57,08:39:57,53063,1776949.2,1080,1920,1080x1920,Smartphone 108 MP (Bypass),Óvalo Salida a Cusco,VALIDO,1825.6869719205126,145.4856886574074,NINGUNO
BYPASS_20260928_V01_F01798,BYPASS_20260928_V01,frame_01798.jpg,1798.0,00:29:58,08:39:58,53093,1777982.2,1080,1920,1080x1920,Smartphone 108 MP (Bypass),Óvalo Salida a Cusco,VALIDO,1767.5011265805838,141.1690412808642,NINGUNO
BYPASS_20260928_V01_F01799,BYPASS_20260928_V01,frame_01799.jpg,1799.0,00:29:59,08:39:59,53122,1778948.5,1080,1920,1080x1920,Smartphone 108 MP (Bypass),Óvalo Salida a Cusco,VALIDO,1799.9177560698245,142.27600308641976,NINGUNO
BYPASS_20260928_V01_F01800,BYPASS_20260928_V01,frame_01800.jpg,1800.0,00:30:00,08:40:00,53152,1779981.4,1080,1920,1080x1920,Smartphone 108 MP (Bypass),Óvalo Salida a Cusco,VALIDO,1785.7300073783383,140.3347511574074,NINGUNO
BYPASS_20260928_V01_F01801,BYPASS_20260928_V01,frame_01801.jpg,1801.0,00:30:01,08:40:01,53181,1780981.0,1080,1920,1080x1920,Smartphone 108 MP (Bypass),Óvalo Salida a Cusco,VALIDO,1848.4550538387348,143.41494212962962,NINGUNO
BYPASS_20260928_V01_F01802,BYPASS_20260928_V01,frame_01802.jpg,1802.0,00:30:02,08:40:02,53211,1782013.9,1080,1920,1080x1920,Smartphone 108 MP (Bypass),Óvalo Salida a Cusco,VALIDO,1793.4779532477933,142.96130594135803,NINGUNO
BYPASS_20260928_V01_F01803,BYPASS_20260928_V01,frame_01803.jpg,1803.0,00:30:03,08:40:03,53240,1782980.2,1080,1920,1080x1920,Smartphone 108 MP (Bypass),Óvalo Salida a Cusco,VALIDO,1870.9552389331818,143.1245100308642,NINGUNO
BYPASS_20260928_V01_F01804,BYPASS_20260928_V01,frame_01804.jpg,1804.0,00:30:04,08:40:04,53270,1783979.8,1080,1920,1080x1920,Smartphone 108 MP (Bypass),Óvalo Salida a Cusco,VALIDO,1964.9838044313558,141.7994849537037,NINGUNO
BYPASS_20260928_V01_F01805,BYPASS_20260928_V01,frame_01805.jpg,1805.0,00:30:05,08:40:05,53299,1784946.0,1080,1920,1080x1920,Smartphone 108 MP (Bypass),Óvalo Salida a Cusco,VALIDO,2004.7048874733268,139.15569637345678,NINGUNO
BYPASS_20260928_V01_F01806,BYPASS_20260928_V01,frame_01806.jpg,1806.0,00:30:06,08:40:06,53329,1785945.7,1080,1920,1080x1920,Smartphone 108 MP (Bypass),Óvalo Salida a Cusco,VALIDO,1799.779216819782,136.60386188271605,NINGUNO
BYPASS_20260928_V01_F01807,BYPASS_20260928_V01,frame_01807.jpg,1807.0,00:30:07,08:40:07,53359,1786945.3,1080,1920,1080x1920,Smartphone 108 MP (Bypass),Óvalo Salida a Cusco,VALIDO,1794.8475723205447,137.30626350308643,NINGUNO
BYPASS_20260928_V01_F01808,BYPASS_20260928_V01,frame_01808.jpg,1808.0,00:30:08,08:40:08,53388,1787911.6,1080,1920,1080x1920,Smartphone 108 MP (Bypass),Óvalo Salida a Cusco,VALIDO,1896.7072456585165,136.27446180555555,NINGUNO
BYPASS_20260928_V01_F01809,BYPASS_20260928_V01,frame_01809.jpg,1809.0,00:30:09,08:40:09,53418,1788911.2,1080,1920,1080x1920,Smartphone 108 MP (Bypass),Óvalo Salida a Cusco,VALIDO,1589.9277934668405,132.76352430555556,NINGUNO
BYPASS_20260928_V01_F01810,BYPASS_20260928_V01,frame_01810.jpg,1810.0,00:30:10,08:40:10,53447,1789877.4,1080,1920,1080x1920,Smartphone 108 MP (Bypass),Óvalo Salida a Cusco,VALIDO,1632.34760384503,129.13779706790123,NINGUNO
BYPASS_20260928_V01_F01811,BYPASS_20260928_V01,frame_01811.jpg,1811.0,00:30:11,08:40:11,53477,1790877.0,1080,1920,1080x1920,Smartphone 108 MP (Bypass),Óvalo Salida a Cusco,VALIDO,1623.3373287769305,142.79826195987656,NINGUNO
BYPASS_20260928_V01_F01812,BYPASS_20260928_V01,frame_01812.jpg,1812.0,00:30:12,08:40:12,53506,1791843.2,1080,1920,1080x1920,Smartphone 108 MP (Bypass),Óvalo Salida a Cusco,VALIDO,1683.3782163239655,144.01584104938271,NINGUNO
BYPASS_20260928_V01_F01813,BYPASS_20260928_V01,frame_01813.jpg,1813.0,00:30:13,08:40:13,53536,1792842.8,1080,1920,1080x1920,Smartphone 108 MP (Bypass),Óvalo Salida a Cusco,VALIDO,1819.0705498111474,143.27299189814815,NINGUNO
BYPASS_20260928_V01_F01814,BYPASS_20260928_V01,frame_01814.jpg,1814.0,00:30:14,08:40:14,53565,1793842.5,1080,1920,1080x1920,Smartphone 108 MP (Bypass),Óvalo Salida a Cusco,VALIDO,1875.242960894004,141.09690972222222,NINGUNO
BYPASS_20260928_V01_F01815,BYPASS_20260928_V01,frame_01815.jpg,1815.0,00:30:15,08:40:15,53595,1794842.1,1080,1920,1080x1920,Smartphone 108 MP (Bypass),Óvalo Salida a Cusco,VALIDO,1836.9765643973053,136.56516589506174,NINGUNO
BYPASS_20260928_V01_F01816,BYPASS_20260928_V01,frame_01816.jpg,1816.0,00:30:16,08:40:16,53624,1795841.8,1080,1920,1080x1920,Smartphone 108 MP (Bypass),Óvalo Salida a Cusco,VALIDO,1639.4145144868833,135.0875636574074,NINGUNO
BYPASS_20260928_V01_F01817,BYPASS_20260928_V01,frame_01817.jpg,1817.0,00:30:17,08:40:17,53654,1796874.7,1080,1920,1080x1920,Smartphone 108 MP (Bypass),Óvalo Salida a Cusco,VALIDO,1746.7060247248144,130.61886959876543,NINGUNO
BYPASS_20260928_V01_F01818,BYPASS_20260928_V01,frame_01818.jpg,1818.0,00:30:18,08:40:18,53683,1798007.5,1080,1920,1080x1920,Smartphone 108 MP (Bypass),Óvalo Salida a Cusco,VALIDO,1782.22644772256,130.98310956790124,NINGUNO
BYPASS_20260928_V01_F01819,BYPASS_20260928_V01,frame_01819.jpg,1819.0,00:30:19,08:40:19,53713,1799240.4,1080,1920,1080x1920,Smartphone 108 MP (Bypass),Óvalo Salida a Cusco,VALIDO,1716.5759947139707,131.33238811728395,NINGUNO
BYPASS_20260928_V01_F01820,BYPASS_20260928_V01,frame_01820.jpg,1820.0,00:30:20,08:40:20,53742,1800373.3,1080,1920,1080x1920,Smartphone 108 MP (Bypass),Óvalo Salida a Cusco,VALIDO,1574.4205134472666,133.90759259259258,NINGUNO
BYPASS_20260928_V01_F01821,BYPASS_20260928_V01,frame_01821.jpg,1821.0,00:30:21,08:40:21,53772,1801406.3,1080,1920,1080x1920,Smartphone 108 MP (Bypass),Óvalo Salida a Cusco,VALIDO,1638.2932502562157,128.6622627314815,NINGUNO
BYPASS_20260928_V01_F01822,BYPASS_20260928_V01,frame_01822.jpg,1822.0,00:30:22,08:40:22,53801,1802405.8,1080,1920,1080x1920,Smartphone 108 MP (Bypass),Óvalo Salida a Cusco,VALIDO,1720.5080532286509,122.32412422839506,NINGUNO
BYPASS_20260928_V01_F01823,BYPASS_20260928_V01,frame_01823.jpg,1823.0,00:30:23,08:40:23,53831,1803405.3,1080,1920,1080x1920,Smartphone 108 MP (Bypass),Óvalo Salida a Cusco,VALIDO,1745.7029507755196,126.27196566358025,NINGUNO
BYPASS_20260928_V01_F01824,BYPASS_20260928_V01,frame_01824.jpg,1824.0,00:30:24,08:40:24,53860,1804371.6,1080,1920,1080x1920,Smartphone 108 MP (Bypass),Óvalo Salida a Cusco,VALIDO,1815.324694300602,128.10965663580248,NINGUNO
BYPASS_20260928_V01_F01825,BYPASS_20260928_V01,frame_01825.jpg,1825.0,00:30:25,08:40:25,53890,1805371.2,1080,1920,1080x1920,Smartphone 108 MP (Bypass),Óvalo Salida a Cusco,VALIDO,1801.4393107798303,126.85244212962964,NINGUNO
BYPASS_20260928_V01_F01826,BYPASS_20260928_V01,frame_01826.jpg,1826.0,00:30:26,08:40:26,53920,1806404.2,1080,1920,1080x1920,Smartphone 108 MP (Bypass),Óvalo Salida a Cusco,VALIDO,1587.389782433898,127.12266396604939,NINGUNO
BYPASS_20260928_V01_F01827,BYPASS_20260928_V01,frame_01827.jpg,1827.0,00:30:27,08:40:27,53949,1807370.5,1080,1920,1080x1920,Smartphone 108 MP (Bypass),Óvalo Salida a Cusco,VALIDO,1328.691489327438,133.53370949074073,NINGUNO
BYPASS_20260928_V01_F01828,BYPASS_20260928_V01,frame_01828.jpg,1828.0,00:30:28,08:40:28,53979,1808370.1,1080,1920,1080x1920,Smartphone 108 MP (Bypass),Óvalo Salida a Cusco,VALIDO,1405.7916539869782,132.5993152006173,NINGUNO
BYPASS_20260928_V01_F01829,BYPASS_20260928_V01,frame_01829.jpg,1829.0,00:30:29,08:40:29,54008,1809369.7,1080,1920,1080x1920,Smartphone 108 MP (Bypass),Óvalo Salida a Cusco,VALIDO,1369.7618211564095,132.58289158950618,NINGUNO
BYPASS_20260928_V01_F01830,BYPASS_20260928_V01,frame_01830.jpg,1830.0,00:30:30,08:40:30,54038,1810469.3,1080,1920,1080x1920,Smartphone 108 MP (Bypass),Óvalo Salida a Cusco,VALIDO,1328.7825883338476,132.0471701388889,NINGUNO
BYPASS_20260928_V01_F01831,BYPASS_20260928_V01,frame_01831.jpg,1831.0,00:30:31,08:40:31,54067,1811468.9,1080,1920,1080x1920,Smartphone 108 MP (Bypass),Óvalo Salida a Cusco,VALIDO,1272.389005671162,130.77217399691358,NINGUNO
BYPASS_20260928_V01_F01832,BYPASS_20260928_V01,frame_01832.jpg,1832.0,00:30:32,08:40:32,54097,1812501.8,1080,1920,1080x1920,Smartphone 108 MP (Bypass),Óvalo Salida a Cusco,VALIDO,1331.4193379886794,127.41380594135802,NINGUNO
BYPASS_20260928_V01_F01833,BYPASS_20260928_V01,frame_01833.jpg,1833.0,00:30:33,08:40:33,54126,1813501.3,1080,1920,1080x1920,Smartphone 108 MP (Bypass),Óvalo Salida a Cusco,VALIDO,1456.7034990580846,127.45906057098766,NINGUNO
BYPASS_20260928_V01_F01834,BYPASS_20260928_V01,frame_01834.jpg,1834.0,00:30:34,08:40:34,54156,1814534.2,1080,1920,1080x1920,Smartphone 108 MP (Bypass),Óvalo Salida a Cusco,VALIDO,1497.9005513335153,130.42208912037037,NINGUNO
BYPASS_20260928_V01_F01835,BYPASS_20260928_V01,frame_01835.jpg,1835.0,00:30:35,08:40:35,54185,1815533.8,1080,1920,1080x1920,Smartphone 108 MP (Bypass),Óvalo Salida a Cusco,VALIDO,1551.4693477759051,131.12744212962963,NINGUNO
BYPASS_20260928_V01_F01836,BYPASS_20260928_V01,frame_01836.jpg,1836.0,00:30:36,08:40:36,54215,1816566.7,1080,1920,1080x1920,Smartphone 108 MP (Bypass),Óvalo Salida a Cusco,VALIDO,1596.8154472950366,129.07123456790123,NINGUNO
BYPASS_20260928_V01_F01837,BYPASS_20260928_V01,frame_01837.jpg,1837.0,00:30:37,08:40:37,54244,1817532.9,1080,1920,1080x1920,Smartphone 108 MP (Bypass),Óvalo Salida a Cusco,VALIDO,1611.1274174756463,126.13045524691358,NINGUNO
BYPASS_20260928_V01_F01838,BYPASS_20260928_V01,frame_01838.jpg,1838.0,00:30:38,08:40:38,54274,1818532.5,1080,1920,1080x1920,Smartphone 108 MP (Bypass),Óvalo Salida a Cusco,VALIDO,1471.2741968354328,125.5090412808642,NINGUNO
BYPASS_20260928_V01_F01839,BYPASS_20260928_V01,frame_01839.jpg,1839.0,00:30:39,08:40:39,54303,1819498.8,1080,1920,1080x1920,Smartphone 108 MP (Bypass),Óvalo Salida a Cusco,VALIDO,1471.6403526159402,126.09041087962963,NINGUNO
BYPASS_20260928_V01_F01840,BYPASS_20260928_V01,frame_01840.jpg,1840.0,00:30:40,08:40:40,54333,1820498.4,1080,1920,1080x1920,Smartphone 108 MP (Bypass),Óvalo Salida a Cusco,VALIDO,1567.2703626863372,125.77269290123456,NINGUNO
BYPASS_20260928_V01_F01841,BYPASS_20260928_V01,frame_01841.jpg,1841.0,00:30:41,08:40:41,54362,1821498.1,1080,1920,1080x1920,Smartphone 108 MP (Bypass),Óvalo Salida a Cusco,VALIDO,1574.1694933757142,125.63272183641975,NINGUNO
BYPASS_20260928_V01_F01842,BYPASS_20260928_V01,frame_01842.jpg,1842.0,00:30:42,08:40:42,54392,1822531.0,1080,1920,1080x1920,Smartphone 108 MP (Bypass),Óvalo Salida a Cusco,VALIDO,1487.119509532979,125.96983410493827,NINGUNO
BYPASS_20260928_V01_F01843,BYPASS_20260928_V01,frame_01843.jpg,1843.0,00:30:43,08:40:43,54422,1823530.6,1080,1920,1080x1920,Smartphone 108 MP (Bypass),Óvalo Salida a Cusco,VALIDO,1534.5967655633183,126.37385223765432,NINGUNO
BYPASS_20260928_V01_F01844,BYPASS_20260928_V01,frame_01844.jpg,1844.0,00:30:44,08:40:44,54451,1824496.9,1080,1920,1080x1920,Smartphone 108 MP (Bypass),Óvalo Salida a Cusco,VALIDO,1557.4446122711374,125.18249421296296,NINGUNO
BYPASS_20260928_V01_F01845,BYPASS_20260928_V01,frame_01845.jpg,1845.0,00:30:45,08:40:45,54481,1825496.5,1080,1920,1080x1920,Smartphone 108 MP (Bypass),Óvalo Salida a Cusco,VALIDO,1465.7885311211614,126.68191936728395,NINGUNO
BYPASS_20260928_V01_F01846,BYPASS_20260928_V01,frame_01846.jpg,1846.0,00:30:46,08:40:46,54510,1826462.8,1080,1920,1080x1920,Smartphone 108 MP (Bypass),Óvalo Salida a Cusco,VALIDO,1441.0532350744313,127.13890432098765,NINGUNO
BYPASS_20260928_V01_F01847,BYPASS_20260928_V01,frame_01847.jpg,1847.0,00:30:47,08:40:47,54540,1827529.0,1080,1920,1080x1920,Smartphone 108 MP (Bypass),Óvalo Salida a Cusco,VALIDO,1476.9976604427407,128.6162249228395,NINGUNO
BYPASS_20260928_V01_F01848,BYPASS_20260928_V01,frame_01848.jpg,1848.0,00:30:48,08:40:48,54569,1828528.6,1080,1920,1080x1920,Smartphone 108 MP (Bypass),Óvalo Salida a Cusco,VALIDO,1514.691052790102,133.31614969135802,NINGUNO
BYPASS_20260928_V01_F01849,BYPASS_20260928_V01,frame_01849.jpg,1849.0,00:30:49,08:40:49,54599,1829594.8,1080,1920,1080x1920,Smartphone 108 MP (Bypass),Óvalo Salida a Cusco,VALIDO,1420.284152912448,134.88574266975309,NINGUNO
BYPASS_20260928_V01_F01850,BYPASS_20260928_V01,frame_01850.jpg,1850.0,00:30:50,08:40:50,54628,1830561.1,1080,1920,1080x1920,Smartphone 108 MP (Bypass),Óvalo Salida a Cusco,VALIDO,1441.217662631782,134.19229359567902,NINGUNO
BYPASS_20260928_V01_F01851,BYPASS_20260928_V01,frame_01851.jpg,1851.0,00:30:51,08:40:51,54658,1831594.1,1080,1920,1080x1920,Smartphone 108 MP (Bypass),Óvalo Salida a Cusco,VALIDO,1457.359951412909,133.51885802469135,NINGUNO
BYPASS_20260928_V01_F01852,BYPASS_20260928_V01,frame_01852.jpg,1852.0,00:30:52,08:40:52,54687,1832560.3,1080,1920,1080x1920,Smartphone 108 MP (Bypass),Óvalo Salida a Cusco,VALIDO,1482.170524853892,133.72298225308643,NINGUNO
BYPASS_20260928_V01_F01853,BYPASS_20260928_V01,frame_01853.jpg,1853.0,00:30:53,08:40:53,54717,1833560.0,1080,1920,1080x1920,Smartphone 108 MP (Bypass),Óvalo Salida a Cusco,VALIDO,1480.2811894029314,134.20490354938272,NINGUNO
BYPASS_20260928_V01_F01854,BYPASS_20260928_V01,frame_01854.jpg,1854.0,00:30:54,08:40:54,54746,1834559.5,1080,1920,1080x1920,Smartphone 108 MP (Bypass),Óvalo Salida a Cusco,VALIDO,1417.6566574002031,133.83827160493829,NINGUNO
BYPASS_20260928_V01_F01855,BYPASS_20260928_V01,frame_01855.jpg,1855.0,00:30:55,08:40:55,54776,1835592.5,1080,1920,1080x1920,Smartphone 108 MP (Bypass),Óvalo Salida a Cusco,VALIDO,1468.547854835257,133.742862654321,NINGUNO
BYPASS_20260928_V01_F01856,BYPASS_20260928_V01,frame_01856.jpg,1856.0,00:30:56,08:40:56,54805,1836558.7,1080,1920,1080x1920,Smartphone 108 MP (Bypass),Óvalo Salida a Cusco,VALIDO,1462.7160933355608,133.93313078703704,NINGUNO
BYPASS_20260928_V01_F01857,BYPASS_20260928_V01,frame_01857.jpg,1857.0,00:30:57,08:40:57,54835,1837558.3,1080,1920,1080x1920,Smartphone 108 MP (Bypass),Óvalo Salida a Cusco,VALIDO,1322.5954218387972,134.43854938271605,NINGUNO
BYPASS_20260928_V01_F01858,BYPASS_20260928_V01,frame_01858.jpg,1858.0,00:30:58,08:40:58,54864,1838524.6,1080,1920,1080x1920,Smartphone 108 MP (Bypass),Óvalo Salida a Cusco,VALIDO,1386.8876228584238,132.0501311728395,NINGUNO
BYPASS_20260928_V01_F01859,BYPASS_20260928_V01,frame_01859.jpg,1859.0,00:30:59,08:40:59,54894,1839524.2,1080,1920,1080x1920,Smartphone 108 MP (Bypass),Óvalo Salida a Cusco,VALIDO,1401.7506881747827,130.72288966049382,NINGUNO
BYPASS_20260928_V01_F01860,BYPASS_20260928_V01,frame_01860.jpg,1860.0,00:31:00,08:41:00,54924,1840557.1,1080,1920,1080x1920,Smartphone 108 MP (Bypass),Óvalo Salida a Cusco,VALIDO,1289.6865683496962,130.65018325617285,NINGUNO
BYPASS_20260928_V01_F01861,BYPASS_20260928_V01,frame_01861.jpg,1861.0,00:31:01,08:41:01,54953,1841523.4,1080,1920,1080x1920,Smartphone 108 MP (Bypass),Óvalo Salida a Cusco,VALIDO,1261.518465465857,130.84653935185185,NINGUNO
BYPASS_20260928_V01_F01862,BYPASS_20260928_V01,frame_01862.jpg,1862.0,00:31:02,08:41:02,54983,1842523.0,1080,1920,1080x1920,Smartphone 108 MP (Bypass),Óvalo Salida a Cusco,VALIDO,1527.8352089111402,128.59157600308643,NINGUNO
BYPASS_20260928_V01_F01863,BYPASS_20260928_V01,frame_01863.jpg,1863.0,00:31:03,08:41:03,55012,1843489.3,1080,1920,1080x1920,Smartphone 108 MP (Bypass),Óvalo Salida a Cusco,VALIDO,1554.432114193721,127.65257908950618,NINGUNO
BYPASS_20260928_V01_F01864,BYPASS_20260928_V01,frame_01864.jpg,1864.0,00:31:04,08:41:04,55042,1844522.2,1080,1920,1080x1920,Smartphone 108 MP (Bypass),Óvalo Salida a Cusco,VALIDO,1480.1754880296703,126.87457947530864,NINGUNO
BYPASS_20260928_V01_F01865,BYPASS_20260928_V01,frame_01865.jpg,1865.0,00:31:05,08:41:05,55071,1845488.5,1080,1920,1080x1920,Smartphone 108 MP (Bypass),Óvalo Salida a Cusco,VALIDO,1540.4329663386413,126.91066165123456,NINGUNO
BYPASS_20260928_V01_F01866,BYPASS_20260928_V01,frame_01866.jpg,1866.0,00:31:06,08:41:06,55101,1846554.8,1080,1920,1080x1920,Smartphone 108 MP (Bypass),Óvalo Salida a Cusco,VALIDO,1515.1346891393594,127.19883294753086,NINGUNO
BYPASS_20260928_V01_F01867,BYPASS_20260928_V01,frame_01867.jpg,1867.0,00:31:07,08:41:07,55130,1847521.0,1080,1920,1080x1920,Smartphone 108 MP (Bypass),Óvalo Salida a Cusco,VALIDO,1552.895448262802,127.22056134259259,NINGUNO
BYPASS_20260928_V01_F01868,BYPASS_20260928_V01,frame_01868.jpg,1868.0,00:31:08,08:41:08,55160,1848553.9,1080,1920,1080x1920,Smartphone 108 MP (Bypass),Óvalo Salida a Cusco,VALIDO,1667.2980751192194,126.70971257716049,NINGUNO
BYPASS_20260928_V01_F01869,BYPASS_20260928_V01,frame_01869.jpg,1869.0,00:31:09,08:41:09,55189,1849553.5,1080,1920,1080x1920,Smartphone 108 MP (Bypass),Óvalo Salida a Cusco,VALIDO,1668.715178634548,127.00947145061728,NINGUNO
BYPASS_20260928_V01_F01870,BYPASS_20260928_V01,frame_01870.jpg,1870.0,00:31:10,08:41:10,55219,1850586.4,1080,1920,1080x1920,Smartphone 108 MP (Bypass),Óvalo Salida a Cusco,VALIDO,1626.0147304826662,126.56179012345679,NINGUNO
BYPASS_20260928_V01_F01871,BYPASS_20260928_V01,frame_01871.jpg,1871.0,00:31:11,08:41:11,55248,1851586.0,1080,1920,1080x1920,Smartphone 108 MP (Bypass),Óvalo Salida a Cusco,VALIDO,1618.727321959067,126.88302083333333,NINGUNO
BYPASS_20260928_V01_F01872,BYPASS_20260928_V01,frame_01872.jpg,1872.0,00:31:12,08:41:12,55278,1852618.9,1080,1920,1080x1920,Smartphone 108 MP (Bypass),Óvalo Salida a Cusco,VALIDO,1757.806908636851,126.25831211419754,NINGUNO
BYPASS_20260928_V01_F01873,BYPASS_20260928_V01,frame_01873.jpg,1873.0,00:31:13,08:41:13,55307,1853585.2,1080,1920,1080x1920,Smartphone 108 MP (Bypass),Óvalo Salida a Cusco,VALIDO,1956.1850913949638,125.8867226080247,NINGUNO
BYPASS_20260928_V01_F01874,BYPASS_20260928_V01,frame_01874.jpg,1874.0,00:31:14,08:41:14,55337,1854584.8,1080,1920,1080x1920,Smartphone 108 MP (Bypass),Óvalo Salida a Cusco,VALIDO,2064.6628550900773,125.42503086419752,NINGUNO
BYPASS_20260928_V01_F01875,BYPASS_20260928_V01,frame_01875.jpg,1875.0,00:31:15,08:41:15,55366,1855551.1,1080,1920,1080x1920,Smartphone 108 MP (Bypass),Óvalo Salida a Cusco,VALIDO,2214.5843193819155,123.9777237654321,NINGUNO
BYPASS_20260928_V01_F01876,BYPASS_20260928_V01,frame_01876.jpg,1876.0,00:31:16,08:41:16,55396,1856584.0,1080,1920,1080x1920,Smartphone 108 MP (Bypass),Óvalo Salida a Cusco,VALIDO,2256.794936220686,121.2684837962963,NINGUNO
BYPASS_20260928_V01_F01877,BYPASS_20260928_V01,frame_01877.jpg,1877.0,00:31:17,08:41:17,55426,1857616.9,1080,1920,1080x1920,Smartphone 108 MP (Bypass),Óvalo Salida a Cusco,VALIDO,2100.238312946973,119.25199459876544,NINGUNO
BYPASS_20260928_V01_F01878,BYPASS_20260928_V01,frame_01878.jpg,1878.0,00:31:18,08:41:18,55455,1858649.8,1080,1920,1080x1920,Smartphone 108 MP (Bypass),Óvalo Salida a Cusco,VALIDO,2022.8531943607195,117.78619984567901,NINGUNO
BYPASS_20260928_V01_F01879,BYPASS_20260928_V01,frame_01879.jpg,1879.0,00:31:19,08:41:19,55485,1859649.4,1080,1920,1080x1920,Smartphone 108 MP (Bypass),Óvalo Salida a Cusco,VALIDO,1861.2554753256063,117.2886400462963,NINGUNO
BYPASS_20260928_V01_F01880,BYPASS_20260928_V01,frame_01880.jpg,1880.0,00:31:20,08:41:20,55514,1860615.7,1080,1920,1080x1920,Smartphone 108 MP (Bypass),Óvalo Salida a Cusco,VALIDO,1896.9970472250209,116.77971064814815,NINGUNO
BYPASS_20260928_V01_F01881,BYPASS_20260928_V01,frame_01881.jpg,1881.0,00:31:21,08:41:21,55544,1861648.6,1080,1920,1080x1920,Smartphone 108 MP (Bypass),Óvalo Salida a Cusco,VALIDO,1769.8886266432175,116.79175347222223,NINGUNO
BYPASS_20260928_V01_F01882,BYPASS_20260928_V01,frame_01882.jpg,1882.0,00:31:22,08:41:22,55573,1862614.9,1080,1920,1080x1920,Smartphone 108 MP (Bypass),Óvalo Salida a Cusco,VALIDO,1597.185764303325,115.36614197530864,NINGUNO
BYPASS_20260928_V01_F01883,BYPASS_20260928_V01,frame_01883.jpg,1883.0,00:31:23,08:41:23,55603,1863714.4,1080,1920,1080x1920,Smartphone 108 MP (Bypass),Óvalo Salida a Cusco,VALIDO,1683.59126543061,117.75249807098766,NINGUNO
BYPASS_20260928_V01_F01884,BYPASS_20260928_V01,frame_01884.jpg,1884.0,00:31:24,08:41:24,55632,1864747.3,1080,1920,1080x1920,Smartphone 108 MP (Bypass),Óvalo Salida a Cusco,VALIDO,1769.4238055292997,118.9193113425926,NINGUNO
BYPASS_20260928_V01_F01885,BYPASS_20260928_V01,frame_01885.jpg,1885.0,00:31:25,08:41:25,55662,1865746.9,1080,1920,1080x1920,Smartphone 108 MP (Bypass),Óvalo Salida a Cusco,VALIDO,1730.072069246721,119.6336824845679,NINGUNO
BYPASS_20260928_V01_F01886,BYPASS_20260928_V01,frame_01886.jpg,1886.0,00:31:26,08:41:26,55691,1866713.2,1080,1920,1080x1920,Smartphone 108 MP (Bypass),Óvalo Salida a Cusco,VALIDO,1658.2223357274481,119.48940972222222,NINGUNO
BYPASS_20260928_V01_F01887,BYPASS_20260928_V01,frame_01887.jpg,1887.0,00:31:27,08:41:27,55721,1867746.1,1080,1920,1080x1920,Smartphone 108 MP (Bypass),Óvalo Salida a Cusco,VALIDO,1792.823618354549,118.82842013888889,NINGUNO
BYPASS_20260928_V01_F01888,BYPASS_20260928_V01,frame_01888.jpg,1888.0,00:31:28,08:41:28,55750,1868712.4,1080,1920,1080x1920,Smartphone 108 MP (Bypass),Óvalo Salida a Cusco,VALIDO,1710.211652951028,118.12523533950618,NINGUNO
BYPASS_20260928_V01_F01889,BYPASS_20260928_V01,frame_01889.jpg,1889.0,00:31:29,08:41:29,55780,1869745.3,1080,1920,1080x1920,Smartphone 108 MP (Bypass),Óvalo Salida a Cusco,VALIDO,1522.0990622706279,119.77359182098765,NINGUNO
BYPASS_20260928_V01_F01890,BYPASS_20260928_V01,frame_01890.jpg,1890.0,00:31:30,08:41:30,55809,1870711.5,1080,1920,1080x1920,Smartphone 108 MP (Bypass),Óvalo Salida a Cusco,VALIDO,1484.0475904365596,125.28044367283951,NINGUNO
BYPASS_20260928_V01_F01891,BYPASS_20260928_V01,frame_01891.jpg,1891.0,00:31:31,08:41:31,55839,1871711.1,1080,1920,1080x1920,Smartphone 108 MP (Bypass),Óvalo Salida a Cusco,VALIDO,1589.5131806086888,126.09217592592593,NINGUNO
BYPASS_20260928_V01_F01892,BYPASS_20260928_V01,frame_01892.jpg,1892.0,00:31:32,08:41:32,55868,1872677.4,1080,1920,1080x1920,Smartphone 108 MP (Bypass),Óvalo Salida a Cusco,VALIDO,1678.2538695825563,127.71220293209876,NINGUNO
BYPASS_20260928_V01_F01893,BYPASS_20260928_V01,frame_01893.jpg,1893.0,00:31:33,08:41:33,55898,1873677.0,1080,1920,1080x1920,Smartphone 108 MP (Bypass),Óvalo Salida a Cusco,VALIDO,1740.6149315827217,127.08372685185185,NINGUNO
BYPASS_20260928_V01_F01894,BYPASS_20260928_V01,frame_01894.jpg,1894.0,00:31:34,08:41:34,55928,1874676.6,1080,1920,1080x1920,Smartphone 108 MP (Bypass),Óvalo Salida a Cusco,VALIDO,1775.4571205739885,126.2759799382716,NINGUNO
BYPASS_20260928_V01_F01895,BYPASS_20260928_V01,frame_01895.jpg,1895.0,00:31:35,08:41:35,55957,1875676.2,1080,1920,1080x1920,Smartphone 108 MP (Bypass),Óvalo Salida a Cusco,VALIDO,1709.1708437700604,125.9684375,NINGUNO
BYPASS_20260928_V01_F01896,BYPASS_20260928_V01,frame_01896.jpg,1896.0,00:31:36,08:41:36,55987,1876675.8,1080,1920,1080x1920,Smartphone 108 MP (Bypass),Óvalo Salida a Cusco,VALIDO,1631.5951307408623,125.48544174382717,NINGUNO
BYPASS_20260928_V01_F01897,BYPASS_20260928_V01,frame_01897.jpg,1897.0,00:31:37,08:41:37,56016,1877642.0,1080,1920,1080x1920,Smartphone 108 MP (Bypass),Óvalo Salida a Cusco,VALIDO,1675.770367737234,125.20221450617284,NINGUNO
BYPASS_20260928_V01_F01898,BYPASS_20260928_V01,frame_01898.jpg,1898.0,00:31:38,08:41:38,56046,1878708.3,1080,1920,1080x1920,Smartphone 108 MP (Bypass),Óvalo Salida a Cusco,VALIDO,1744.9378029149186,127.5685513117284,NINGUNO
BYPASS_20260928_V01_F01899,BYPASS_20260928_V01,frame_01899.jpg,1899.0,00:31:39,08:41:39,56075,1879674.5,1080,1920,1080x1920,Smartphone 108 MP (Bypass),Óvalo Salida a Cusco,VALIDO,1648.2395427236008,127.83686149691358,NINGUNO
BYPASS_20260928_V01_F01900,BYPASS_20260928_V01,frame_01900.jpg,1900.0,00:31:40,08:41:40,56105,1880674.1,1080,1920,1080x1920,Smartphone 108 MP (Bypass),Óvalo Salida a Cusco,VALIDO,1596.5353753809804,130.51279706790123,NINGUNO
BYPASS_20260928_V01_F01901,BYPASS_20260928_V01,frame_01901.jpg,1901.0,00:31:41,08:41:41,56134,1881673.7,1080,1920,1080x1920,Smartphone 108 MP (Bypass),Óvalo Salida a Cusco,VALIDO,1570.281801215277,129.7216338734568,NINGUNO
BYPASS_20260928_V01_F01902,BYPASS_20260928_V01,frame_01902.jpg,1902.0,00:31:42,08:41:42,56164,1882773.3,1080,1920,1080x1920,Smartphone 108 MP (Bypass),Óvalo Salida a Cusco,VALIDO,1710.9016024968655,129.47880594135802,NINGUNO
BYPASS_20260928_V01_F01903,BYPASS_20260928_V01,frame_01903.jpg,1903.0,00:31:43,08:41:43,56193,1883739.6,1080,1920,1080x1920,Smartphone 108 MP (Bypass),Óvalo Salida a Cusco,VALIDO,1684.3317035102668,129.23098958333333,NINGUNO
BYPASS_20260928_V01_F01904,BYPASS_20260928_V01,frame_01904.jpg,1904.0,00:31:44,08:41:44,56223,1884739.1,1080,1920,1080x1920,Smartphone 108 MP (Bypass),Óvalo Salida a Cusco,VALIDO,1699.9136542687108,129.49059027777778,NINGUNO
BYPASS_20260928_V01_F01905,BYPASS_20260928_V01,frame_01905.jpg,1905.0,00:31:45,08:41:45,56252,1885772.1,1080,1920,1080x1920,Smartphone 108 MP (Bypass),Óvalo Salida a Cusco,VALIDO,1785.7816318756193,128.76050733024692,NINGUNO
BYPASS_20260928_V01_F01906,BYPASS_20260928_V01,frame_01906.jpg,1906.0,00:31:46,08:41:46,56282,1886771.7,1080,1920,1080x1920,Smartphone 108 MP (Bypass),Óvalo Salida a Cusco,VALIDO,1816.6097642936093,127.51507523148148,NINGUNO
BYPASS_20260928_V01_F01907,BYPASS_20260928_V01,frame_01907.jpg,1907.0,00:31:47,08:41:47,56311,1887738.0,1080,1920,1080x1920,Smartphone 108 MP (Bypass),Óvalo Salida a Cusco,VALIDO,1727.8710054082856,125.30414158950617,NINGUNO
BYPASS_20260928_V01_F01908,BYPASS_20260928_V01,frame_01908.jpg,1908.0,00:31:48,08:41:48,56341,1888770.9,1080,1920,1080x1920,Smartphone 108 MP (Bypass),Óvalo Salida a Cusco,VALIDO,1680.0630997602989,124.27232445987654,NINGUNO
BYPASS_20260928_V01_F01909,BYPASS_20260928_V01,frame_01909.jpg,1909.0,00:31:49,08:41:49,56370,1889737.2,1080,1920,1080x1920,Smartphone 108 MP (Bypass),Óvalo Salida a Cusco,VALIDO,1733.7920703928726,124.15697337962963,NINGUNO
BYPASS_20260928_V01_F01910,BYPASS_20260928_V01,frame_01910.jpg,1910.0,00:31:50,08:41:50,56400,1890736.8,1080,1920,1080x1920,Smartphone 108 MP (Bypass),Óvalo Salida a Cusco,VALIDO,1788.7669157276086,124.91271026234568,NINGUNO
BYPASS_20260928_V01_F01911,BYPASS_20260928_V01,frame_01911.jpg,1911.0,00:31:51,08:41:51,56429,1891736.4,1080,1920,1080x1920,Smartphone 108 MP (Bypass),Óvalo Salida a Cusco,VALIDO,1709.6556270318779,124.67597222222223,NINGUNO
BYPASS_20260928_V01_F01912,BYPASS_20260928_V01,frame_01912.jpg,1912.0,00:31:52,08:41:52,56459,1892835.9,1080,1920,1080x1920,Smartphone 108 MP (Bypass),Óvalo Salida a Cusco,VALIDO,1697.1656634605615,124.83435570987655,NINGUNO
BYPASS_20260928_V01_F01913,BYPASS_20260928_V01,frame_01913.jpg,1913.0,00:31:53,08:41:53,56489,1893968.8,1080,1920,1080x1920,Smartphone 108 MP (Bypass),Óvalo Salida a Cusco,VALIDO,1742.6816651484478,124.90776813271604,NINGUNO
BYPASS_20260928_V01_F01914,BYPASS_20260928_V01,frame_01914.jpg,1914.0,00:31:54,08:41:54,56518,1894935.1,1080,1920,1080x1920,Smartphone 108 MP (Bypass),Óvalo Salida a Cusco,VALIDO,1732.212290591183,125.5653800154321,NINGUNO
BYPASS_20260928_V01_F01915,BYPASS_20260928_V01,frame_01915.jpg,1915.0,00:31:55,08:41:55,56548,1896001.3,1080,1920,1080x1920,Smartphone 108 MP (Bypass),Óvalo Salida a Cusco,VALIDO,1729.5729032384152,125.93117283950617,NINGUNO
BYPASS_20260928_V01_F01916,BYPASS_20260928_V01,frame_01916.jpg,1916.0,00:31:56,08:41:56,56577,1897034.2,1080,1920,1080x1920,Smartphone 108 MP (Bypass),Óvalo Salida a Cusco,VALIDO,1676.7453138306464,125.8553587962963,NINGUNO
BYPASS_20260928_V01_F01917,BYPASS_20260928_V01,frame_01917.jpg,1917.0,00:31:57,08:41:57,56607,1898067.1,1080,1920,1080x1920,Smartphone 108 MP (Bypass),Óvalo Salida a Cusco,VALIDO,1659.6453390951824,125.28789544753086,NINGUNO
BYPASS_20260928_V01_F01918,BYPASS_20260928_V01,frame_01918.jpg,1918.0,00:31:58,08:41:58,56636,1899033.4,1080,1920,1080x1920,Smartphone 108 MP (Bypass),Óvalo Salida a Cusco,VALIDO,1731.4229068446452,125.31708526234569,NINGUNO
BYPASS_20260928_V01_F01919,BYPASS_20260928_V01,frame_01919.jpg,1919.0,00:31:59,08:41:59,56666,1900033.0,1080,1920,1080x1920,Smartphone 108 MP (Bypass),Óvalo Salida a Cusco,VALIDO,1757.461320651804,125.60377700617283,NINGUNO
BYPASS_20260928_V01_F01920,BYPASS_20260928_V01,frame_01920.jpg,1920.0,00:32:00,08:42:00,56695,1901065.9,1080,1920,1080x1920,Smartphone 108 MP (Bypass),Óvalo Salida a Cusco,VALIDO,1734.1990948577497,126.01563464506172,NINGUNO
BYPASS_20260928_V01_F01921,BYPASS_20260928_V01,frame_01921.jpg,1921.0,00:32:01,08:42:01,56725,1902065.5,1080,1920,1080x1920,Smartphone 108 MP (Bypass),Óvalo Salida a Cusco,VALIDO,1725.7051330991387,126.80615354938271,NINGUNO
BYPASS_20260928_V01_F01922,BYPASS_20260928_V01,frame_01922.jpg,1922.0,00:32:02,08:42:02,56754,1903031.8,1080,1920,1080x1920,Smartphone 108 MP (Bypass),Óvalo Salida a Cusco,VALIDO,1763.6738749581705,127.15529320987655,NINGUNO
BYPASS_20260928_V01_F01923,BYPASS_20260928_V01,frame_01923.jpg,1923.0,00:32:03,08:42:03,56784,1904131.2,1080,1920,1080x1920,Smartphone 108 MP (Bypass),Óvalo Salida a Cusco,VALIDO,1862.7223402391376,127.26888695987654,NINGUNO
BYPASS_20260928_V01_F01924,BYPASS_20260928_V01,frame_01924.jpg,1924.0,00:32:04,08:42:04,56813,1905197.6,1080,1920,1080x1920,Smartphone 108 MP (Bypass),Óvalo Salida a Cusco,VALIDO,1946.3404993944716,127.23981095679012,NINGUNO
BYPASS_20260928_V01_F01925,BYPASS_20260928_V01,frame_01925.jpg,1925.0,00:32:05,08:42:05,56843,1906197.2,1080,1920,1080x1920,Smartphone 108 MP (Bypass),Óvalo Salida a Cusco,VALIDO,1932.1065139850384,127.28882908950617,NINGUNO
BYPASS_20260928_V01_F01926,BYPASS_20260928_V01,frame_01926.jpg,1926.0,00:32:06,08:42:06,56872,1907230.1,1080,1920,1080x1920,Smartphone 108 MP (Bypass),Óvalo Salida a Cusco,VALIDO,1937.6971755590412,127.24712962962963,NINGUNO
BYPASS_20260928_V01_F01927,BYPASS_20260928_V01,frame_01927.jpg,1927.0,00:32:07,08:42:07,56902,1908263.0,1080,1920,1080x1920,Smartphone 108 MP (Bypass),Óvalo Salida a Cusco,VALIDO,2102.9687696118895,126.90168209876543,NINGUNO
BYPASS_20260928_V01_F01928,BYPASS_20260928_V01,frame_01928.jpg,1928.0,00:32:08,08:42:08,56931,1909229.3,1080,1920,1080x1920,Smartphone 108 MP (Bypass),Óvalo Salida a Cusco,VALIDO,1999.4210568683418,126.39999807098765,NINGUNO
BYPASS_20260928_V01_F01929,BYPASS_20260928_V01,frame_01929.jpg,1929.0,00:32:09,08:42:09,56961,1910262.3,1080,1920,1080x1920,Smartphone 108 MP (Bypass),Óvalo Salida a Cusco,VALIDO,1966.034703548847,127.87238233024691,NINGUNO
BYPASS_20260928_V01_F01930,BYPASS_20260928_V01,frame_01930.jpg,1930.0,00:32:10,08:42:10,56991,1911261.8,1080,1920,1080x1920,Smartphone 108 MP (Bypass),Óvalo Salida a Cusco,VALIDO,1949.962288933062,126.91326967592593,NINGUNO
BYPASS_20260928_V01_F01931,BYPASS_20260928_V01,frame_01931.jpg,1931.0,00:32:11,08:42:11,57020,1912261.4,1080,1920,1080x1920,Smartphone 108 MP (Bypass),Óvalo Salida a Cusco,VALIDO,1998.4855172003563,128.0190625,NINGUNO
BYPASS_20260928_V01_F01932,BYPASS_20260928_V01,frame_01932.jpg,1932.0,00:32:12,08:42:12,57050,1913261.0,1080,1920,1080x1920,Smartphone 108 MP (Bypass),Óvalo Salida a Cusco,VALIDO,1977.1398051053188,127.74079861111112,NINGUNO
BYPASS_20260928_V01_F01933,BYPASS_20260928_V01,frame_01933.jpg,1933.0,00:32:13,08:42:13,57079,1914260.6,1080,1920,1080x1920,Smartphone 108 MP (Bypass),Óvalo Salida a Cusco,VALIDO,1958.337086475983,126.96332175925926,NINGUNO
BYPASS_20260928_V01_F01934,BYPASS_20260928_V01,frame_01934.jpg,1934.0,00:32:14,08:42:14,57109,1915293.5,1080,1920,1080x1920,Smartphone 108 MP (Bypass),Óvalo Salida a Cusco,VALIDO,2007.5814532883712,127.29168016975309,NINGUNO
BYPASS_20260928_V01_F01935,BYPASS_20260928_V01,frame_01935.jpg,1935.0,00:32:15,08:42:15,57138,1916259.8,1080,1920,1080x1920,Smartphone 108 MP (Bypass),Óvalo Salida a Cusco,VALIDO,1883.8011167735333,128.1806327160494,NINGUNO
BYPASS_20260928_V01_F01936,BYPASS_20260928_V01,frame_01936.jpg,1936.0,00:32:16,08:42:16,57168,1917259.4,1080,1920,1080x1920,Smartphone 108 MP (Bypass),Óvalo Salida a Cusco,VALIDO,1905.541449809227,129.8488348765432,NINGUNO
BYPASS_20260928_V01_F01937,BYPASS_20260928_V01,frame_01937.jpg,1937.0,00:32:17,08:42:17,57197,1918225.7,1080,1920,1080x1920,Smartphone 108 MP (Bypass),Óvalo Salida a Cusco,VALIDO,1935.9794506589453,130.22221836419754,NINGUNO
BYPASS_20260928_V01_F01938,BYPASS_20260928_V01,frame_01938.jpg,1938.0,00:32:18,08:42:18,57227,1919258.6,1080,1920,1080x1920,Smartphone 108 MP (Bypass),Óvalo Salida a Cusco,VALIDO,1929.463381349651,130.12432291666667,NINGUNO
BYPASS_20260928_V01_F01939,BYPASS_20260928_V01,frame_01939.jpg,1939.0,00:32:19,08:42:19,57256,1920258.2,1080,1920,1080x1920,Smartphone 108 MP (Bypass),Óvalo Salida a Cusco,VALIDO,1978.706742555426,131.31088927469136,NINGUNO
BYPASS_20260928_V01_F01940,BYPASS_20260928_V01,frame_01940.jpg,1940.0,00:32:20,08:42:20,57286,1921257.8,1080,1920,1080x1920,Smartphone 108 MP (Bypass),Óvalo Salida a Cusco,VALIDO,1913.0391391541243,128.9320987654321,NINGUNO
BYPASS_20260928_V01_F01941,BYPASS_20260928_V01,frame_01941.jpg,1941.0,00:32:21,08:42:21,57315,1922224.1,1080,1920,1080x1920,Smartphone 108 MP (Bypass),Óvalo Salida a Cusco,VALIDO,1934.9751234203197,128.30163194444444,NINGUNO
BYPASS_20260928_V01_F01942,BYPASS_20260928_V01,frame_01942.jpg,1942.0,00:32:22,08:42:22,57345,1923223.7,1080,1920,1080x1920,Smartphone 108 MP (Bypass),Óvalo Salida a Cusco,VALIDO,1968.1046862108622,128.57728395061727,NINGUNO
BYPASS_20260928_V01_F01943,BYPASS_20260928_V01,frame_01943.jpg,1943.0,00:32:23,08:42:23,57374,1924190.0,1080,1920,1080x1920,Smartphone 108 MP (Bypass),Óvalo Salida a Cusco,VALIDO,2130.6508550451376,128.0150675154321,NINGUNO
BYPASS_20260928_V01_F01944,BYPASS_20260928_V01,frame_01944.jpg,1944.0,00:32:24,08:42:24,57404,1925189.6,1080,1920,1080x1920,Smartphone 108 MP (Bypass),Óvalo Salida a Cusco,VALIDO,1925.9742923523,127.61660108024691,NINGUNO
BYPASS_20260928_V01_F01945,BYPASS_20260928_V01,frame_01945.jpg,1945.0,00:32:25,08:42:25,57433,1926189.2,1080,1920,1080x1920,Smartphone 108 MP (Bypass),Óvalo Salida a Cusco,VALIDO,1786.8499381106158,127.59982060185185,NINGUNO
BYPASS_20260928_V01_F01946,BYPASS_20260928_V01,frame_01946.jpg,1946.0,00:32:26,08:42:26,57463,1927188.8,1080,1920,1080x1920,Smartphone 108 MP (Bypass),Óvalo Salida a Cusco,VALIDO,1883.767539251349,127.62852430555556,NINGUNO
BYPASS_20260928_V01_F01947,BYPASS_20260928_V01,frame_01947.jpg,1947.0,00:32:27,08:42:27,57493,1928221.7,1080,1920,1080x1920,Smartphone 108 MP (Bypass),Óvalo Salida a Cusco,VALIDO,1894.5940054711573,126.57677276234568,NINGUNO
BYPASS_20260928_V01_F01948,BYPASS_20260928_V01,frame_01948.jpg,1948.0,00:32:28,08:42:28,57522,1929187.9,1080,1920,1080x1920,Smartphone 108 MP (Bypass),Óvalo Salida a Cusco,VALIDO,1913.255014494369,126.23078896604939,NINGUNO
BYPASS_20260928_V01_F01949,BYPASS_20260928_V01,frame_01949.jpg,1949.0,00:32:29,08:42:29,57552,1930220.9,1080,1920,1080x1920,Smartphone 108 MP (Bypass),Óvalo Salida a Cusco,VALIDO,1999.3928382831214,125.88358217592592,NINGUNO
BYPASS_20260928_V01_F01950,BYPASS_20260928_V01,frame_01950.jpg,1950.0,00:32:30,08:42:30,57581,1931320.4,1080,1920,1080x1920,Smartphone 108 MP (Bypass),Óvalo Salida a Cusco,VALIDO,2101.1787119758183,125.4922800925926,NINGUNO
BYPASS_20260928_V01_F01951,BYPASS_20260928_V01,frame_01951.jpg,1951.0,00:32:31,08:42:31,57611,1932353.3,1080,1920,1080x1920,Smartphone 108 MP (Bypass),Óvalo Salida a Cusco,VALIDO,2143.617131623652,127.13022762345679,NINGUNO
BYPASS_20260928_V01_F01952,BYPASS_20260928_V01,frame_01952.jpg,1952.0,00:32:32,08:42:32,57640,1933352.9,1080,1920,1080x1920,Smartphone 108 MP (Bypass),Óvalo Salida a Cusco,VALIDO,2201.8130797927874,128.24675925925925,NINGUNO
BYPASS_20260928_V01_F01953,BYPASS_20260928_V01,frame_01953.jpg,1953.0,00:32:33,08:42:33,57670,1934419.2,1080,1920,1080x1920,Smartphone 108 MP (Bypass),Óvalo Salida a Cusco,VALIDO,2216.4339265816548,127.1452488425926,NINGUNO
BYPASS_20260928_V01_F01954,BYPASS_20260928_V01,frame_01954.jpg,1954.0,00:32:34,08:42:34,57699,1935385.5,1080,1920,1080x1920,Smartphone 108 MP (Bypass),Óvalo Salida a Cusco,VALIDO,2143.928992394676,127.5618325617284,NINGUNO
BYPASS_20260928_V01_F01955,BYPASS_20260928_V01,frame_01955.jpg,1955.0,00:32:35,08:42:35,57729,1936385.0,1080,1920,1080x1920,Smartphone 108 MP (Bypass),Óvalo Salida a Cusco,VALIDO,1891.4628759474447,127.82257523148148,NINGUNO
BYPASS_20260928_V01_F01956,BYPASS_20260928_V01,frame_01956.jpg,1956.0,00:32:36,08:42:36,57758,1937384.6,1080,1920,1080x1920,Smartphone 108 MP (Bypass),Óvalo Salida a Cusco,VALIDO,1873.9203664311324,128.27652584876543,NINGUNO
BYPASS_20260928_V01_F01957,BYPASS_20260928_V01,frame_01957.jpg,1957.0,00:32:37,08:42:37,57788,1938384.2,1080,1920,1080x1920,Smartphone 108 MP (Bypass),Óvalo Salida a Cusco,VALIDO,1962.8887469859185,127.08083333333333,NINGUNO
BYPASS_20260928_V01_F01958,BYPASS_20260928_V01,frame_01958.jpg,1958.0,00:32:38,08:42:38,57817,1939383.8,1080,1920,1080x1920,Smartphone 108 MP (Bypass),Óvalo Salida a Cusco,VALIDO,2060.0961606877854,125.78271026234567,NINGUNO
BYPASS_20260928_V01_F01959,BYPASS_20260928_V01,frame_01959.jpg,1959.0,00:32:39,08:42:39,57847,1940383.4,1080,1920,1080x1920,Smartphone 108 MP (Bypass),Óvalo Salida a Cusco,VALIDO,1935.2258117788492,126.08766975308642,NINGUNO
BYPASS_20260928_V01_F01960,BYPASS_20260928_V01,frame_01960.jpg,1960.0,00:32:40,08:42:40,57876,1941349.8,1080,1920,1080x1920,Smartphone 108 MP (Bypass),Óvalo Salida a Cusco,VALIDO,1983.326066558781,124.01443094135803,NINGUNO
BYPASS_20260928_V01_F01961,BYPASS_20260928_V01,frame_01961.jpg,1961.0,00:32:41,08:42:41,57906,1942349.3,1080,1920,1080x1920,Smartphone 108 MP (Bypass),Óvalo Salida a Cusco,VALIDO,2050.8082989823865,123.53421103395061,NINGUNO
BYPASS_20260928_V01_F01962,BYPASS_20260928_V01,frame_01962.jpg,1962.0,00:32:42,08:42:42,57935,1943348.9,1080,1920,1080x1920,Smartphone 108 MP (Bypass),Óvalo Salida a Cusco,VALIDO,2094.4088554757122,123.62907021604939,NINGUNO
BYPASS_20260928_V01_F01963,BYPASS_20260928_V01,frame_01963.jpg,1963.0,00:32:43,08:42:43,57965,1944348.6,1080,1920,1080x1920,Smartphone 108 MP (Bypass),Óvalo Salida a Cusco,VALIDO,2073.729692762572,124.4046875,NINGUNO
BYPASS_20260928_V01_F01964,BYPASS_20260928_V01,frame_01964.jpg,1964.0,00:32:44,08:42:44,57995,1945381.5,1080,1920,1080x1920,Smartphone 108 MP (Bypass),Óvalo Salida a Cusco,VALIDO,2029.0889813862223,122.59768518518518,NINGUNO
BYPASS_20260928_V01_F01965,BYPASS_20260928_V01,frame_01965.jpg,1965.0,00:32:45,08:42:45,58024,1946347.8,1080,1920,1080x1920,Smartphone 108 MP (Bypass),Óvalo Salida a Cusco,VALIDO,2020.2714953774212,121.37708719135803,NINGUNO
BYPASS_20260928_V01_F01966,BYPASS_20260928_V01,frame_01966.jpg,1966.0,00:32:46,08:42:46,58054,1947347.4,1080,1920,1080x1920,Smartphone 108 MP (Bypass),Óvalo Salida a Cusco,VALIDO,1878.1672773864348,117.43479359567901,NINGUNO
BYPASS_20260928_V01_F01967,BYPASS_20260928_V01,frame_01967.jpg,1967.0,00:32:47,08:42:47,58083,1948380.2,1080,1920,1080x1920,Smartphone 108 MP (Bypass),Óvalo Salida a Cusco,VALIDO,1847.1936211893044,114.68721643518519,NINGUNO
BYPASS_20260928_V01_F01968,BYPASS_20260928_V01,frame_01968.jpg,1968.0,00:32:48,08:42:48,58113,1949413.1,1080,1920,1080x1920,Smartphone 108 MP (Bypass),Óvalo Salida a Cusco,VALIDO,1930.8645370006852,114.15934606481481,NINGUNO
BYPASS_20260928_V01_F01969,BYPASS_20260928_V01,frame_01969.jpg,1969.0,00:32:49,08:42:49,58142,1950412.7,1080,1920,1080x1920,Smartphone 108 MP (Bypass),Óvalo Salida a Cusco,VALIDO,1851.7005410207448,123.66487654320987,NINGUNO
BYPASS_20260928_V01_F01970,BYPASS_20260928_V01,frame_01970.jpg,1970.0,00:32:50,08:42:50,58172,1951445.7,1080,1920,1080x1920,Smartphone 108 MP (Bypass),Óvalo Salida a Cusco,VALIDO,1990.0990160375802,123.91462191358025,NINGUNO
BYPASS_20260928_V01_F01971,BYPASS_20260928_V01,frame_01971.jpg,1971.0,00:32:51,08:42:51,58201,1952412.0,1080,1920,1080x1920,Smartphone 108 MP (Bypass),Óvalo Salida a Cusco,VALIDO,1991.2617482834432,124.7817399691358,NINGUNO
BYPASS_20260928_V01_F01972,BYPASS_20260928_V01,frame_01972.jpg,1972.0,00:32:52,08:42:52,58231,1953411.6,1080,1920,1080x1920,Smartphone 108 MP (Bypass),Óvalo Salida a Cusco,VALIDO,2110.457479689371,123.21625,NINGUNO
BYPASS_20260928_V01_F01973,BYPASS_20260928_V01,frame_01973.jpg,1973.0,00:32:53,08:42:53,58260,1954444.5,1080,1920,1080x1920,Smartphone 108 MP (Bypass),Óvalo Salida a Cusco,VALIDO,1949.4243163697993,123.21458140432098,NINGUNO
BYPASS_20260928_V01_F01974,BYPASS_20260928_V01,frame_01974.jpg,1974.0,00:32:54,08:42:54,58290,1955444.1,1080,1920,1080x1920,Smartphone 108 MP (Bypass),Óvalo Salida a Cusco,VALIDO,1875.2308167114393,122.58826967592593,NINGUNO
BYPASS_20260928_V01_F01975,BYPASS_20260928_V01,frame_01975.jpg,1975.0,00:32:55,08:42:55,58319,1956477.0,1080,1920,1080x1920,Smartphone 108 MP (Bypass),Óvalo Salida a Cusco,VALIDO,1832.0406425263234,122.4154899691358,NINGUNO
BYPASS_20260928_V01_F01976,BYPASS_20260928_V01,frame_01976.jpg,1976.0,00:32:56,08:42:56,58349,1957476.6,1080,1920,1080x1920,Smartphone 108 MP (Bypass),Óvalo Salida a Cusco,VALIDO,1829.1684956546615,122.11186921296296,NINGUNO
BYPASS_20260928_V01_F01977,BYPASS_20260928_V01,frame_01977.jpg,1977.0,00:32:57,08:42:57,58378,1958442.9,1080,1920,1080x1920,Smartphone 108 MP (Bypass),Óvalo Salida a Cusco,VALIDO,1844.1643495990118,120.17510416666667,NINGUNO
BYPASS_20260928_V01_F01978,BYPASS_20260928_V01,frame_01978.jpg,1978.0,00:32:58,08:42:58,58408,1959442.5,1080,1920,1080x1920,Smartphone 108 MP (Bypass),Óvalo Salida a Cusco,VALIDO,1870.6529584296497,120.82620563271605,NINGUNO
BYPASS_20260928_V01_F01979,BYPASS_20260928_V01,frame_01979.jpg,1979.0,00:32:59,08:42:59,58437,1960408.7,1080,1920,1080x1920,Smartphone 108 MP (Bypass),Óvalo Salida a Cusco,VALIDO,1932.623084067128,121.56391589506173,NINGUNO
BYPASS_20260928_V01_F01980,BYPASS_20260928_V01,frame_01980.jpg,1980.0,00:33:00,08:43:00,58467,1961408.4,1080,1920,1080x1920,Smartphone 108 MP (Bypass),Óvalo Salida a Cusco,VALIDO,1921.7350190470281,121.50586805555555,NINGUNO
BYPASS_20260928_V01_F01981,BYPASS_20260928_V01,frame_01981.jpg,1981.0,00:33:01,08:43:01,58497,1962407.9,1080,1920,1080x1920,Smartphone 108 MP (Bypass),Óvalo Salida a Cusco,VALIDO,1938.1069068587115,123.01889660493828,NINGUNO
BYPASS_20260928_V01_F01982,BYPASS_20260928_V01,frame_01982.jpg,1982.0,00:33:02,08:43:02,58526,1963407.5,1080,1920,1080x1920,Smartphone 108 MP (Bypass),Óvalo Salida a Cusco,VALIDO,1902.3919459152837,122.85264467592593,NINGUNO
BYPASS_20260928_V01_F01983,BYPASS_20260928_V01,frame_01983.jpg,1983.0,00:33:03,08:43:03,58556,1964407.1,1080,1920,1080x1920,Smartphone 108 MP (Bypass),Óvalo Salida a Cusco,VALIDO,1884.4016587781969,122.59940200617284,NINGUNO
BYPASS_20260928_V01_F01984,BYPASS_20260928_V01,frame_01984.jpg,1984.0,00:33:04,08:43:04,58585,1965373.4,1080,1920,1080x1920,Smartphone 108 MP (Bypass),Óvalo Salida a Cusco,VALIDO,1847.7274403077256,119.8367901234568,NINGUNO
BYPASS_20260928_V01_F01985,BYPASS_20260928_V01,frame_01985.jpg,1985.0,00:33:05,08:43:05,58615,1966439.5,1080,1920,1080x1920,Smartphone 108 MP (Bypass),Óvalo Salida a Cusco,VALIDO,1837.4847060747484,119.12644290123457,NINGUNO
BYPASS_20260928_V01_F01986,BYPASS_20260928_V01,frame_01986.jpg,1986.0,00:33:06,08:43:06,58644,1967439.0,1080,1920,1080x1920,Smartphone 108 MP (Bypass),Óvalo Salida a Cusco,VALIDO,1961.624231890862,136.70525077160494,NINGUNO
BYPASS_20260928_V01_F01987,BYPASS_20260928_V01,frame_01987.jpg,1987.0,00:33:07,08:43:07,58674,1968471.9,1080,1920,1080x1920,Smartphone 108 MP (Bypass),Óvalo Salida a Cusco,VALIDO,1836.8064001678033,141.49554591049383,NINGUNO
BYPASS_20260928_V01_F01988,BYPASS_20260928_V01,frame_01988.jpg,1988.0,00:33:08,08:43:08,58703,1969504.8,1080,1920,1080x1920,Smartphone 108 MP (Bypass),Óvalo Salida a Cusco,VALIDO,1778.958539599137,142.20933834876544,NINGUNO
BYPASS_20260928_V01_F01989,BYPASS_20260928_V01,frame_01989.jpg,1989.0,00:33:09,08:43:09,58733,1970604.4,1080,1920,1080x1920,Smartphone 108 MP (Bypass),Óvalo Salida a Cusco,VALIDO,1851.71884442502,140.42638310185185,NINGUNO
BYPASS_20260928_V01_F01990,BYPASS_20260928_V01,frame_01990.jpg,1990.0,00:33:10,08:43:10,58762,1971570.7,1080,1920,1080x1920,Smartphone 108 MP (Bypass),Óvalo Salida a Cusco,VALIDO,1887.4816911632438,137.72226658950618,NINGUNO
BYPASS_20260928_V01_F01991,BYPASS_20260928_V01,frame_01991.jpg,1991.0,00:33:11,08:43:11,58792,1972603.6,1080,1920,1080x1920,Smartphone 108 MP (Bypass),Óvalo Salida a Cusco,VALIDO,1820.6583680192045,135.17089699074074,NINGUNO
BYPASS_20260928_V01_F01992,BYPASS_20260928_V01,frame_01992.jpg,1992.0,00:33:12,08:43:12,58821,1973570.0,1080,1920,1080x1920,Smartphone 108 MP (Bypass),Óvalo Salida a Cusco,VALIDO,1738.6077407956598,128.71293209876544,NINGUNO
BYPASS_20260928_V01_F01993,BYPASS_20260928_V01,frame_01993.jpg,1993.0,00:33:13,08:43:13,58851,1974636.2,1080,1920,1080x1920,Smartphone 108 MP (Bypass),Óvalo Salida a Cusco,VALIDO,1787.6188479339878,126.78555555555556,NINGUNO
BYPASS_20260928_V01_F01994,BYPASS_20260928_V01,frame_01994.jpg,1994.0,00:33:14,08:43:14,58880,1975702.5,1080,1920,1080x1920,Smartphone 108 MP (Bypass),Óvalo Salida a Cusco,VALIDO,1833.6440040837308,125.48298032407408,NINGUNO
BYPASS_20260928_V01_F01995,BYPASS_20260928_V01,frame_01995.jpg,1995.0,00:33:15,08:43:15,58910,1976702.0,1080,1920,1080x1920,Smartphone 108 MP (Bypass),Óvalo Salida a Cusco,VALIDO,1667.6346583089185,125.26188657407407,NINGUNO
BYPASS_20260928_V01_F01996,BYPASS_20260928_V01,frame_01996.jpg,1996.0,00:33:16,08:43:16,58939,1977668.3,1080,1920,1080x1920,Smartphone 108 MP (Bypass),Óvalo Salida a Cusco,VALIDO,1772.9021444053285,125.73883680555555,NINGUNO
BYPASS_20260928_V01_F01997,BYPASS_20260928_V01,frame_01997.jpg,1997.0,00:33:17,08:43:17,58969,1978667.9,1080,1920,1080x1920,Smartphone 108 MP (Bypass),Óvalo Salida a Cusco,VALIDO,1764.0046894045984,125.84897955246913,NINGUNO
BYPASS_20260928_V01_F01998,BYPASS_20260928_V01,frame_01998.jpg,1998.0,00:33:18,08:43:18,58999,1979667.5,1080,1920,1080x1920,Smartphone 108 MP (Bypass),Óvalo Salida a Cusco,VALIDO,1660.8171205031983,127.71286265432099,NINGUNO
BYPASS_20260928_V01_F01999,BYPASS_20260928_V01,frame_01999.jpg,1999.0,00:33:19,08:43:19,59028,1980667.1,1080,1920,1080x1920,Smartphone 108 MP (Bypass),Óvalo Salida a Cusco,VALIDO,1501.8255623070654,128.91681905864198,NINGUNO
BYPASS_20260928_V01_F02000,BYPASS_20260928_V01,frame_02000.jpg,2000.0,00:33:20,08:43:20,59058,1981700.0,1080,1920,1080x1920,Smartphone 108 MP (Bypass),Óvalo Salida a Cusco,VALIDO,1599.8534423081828,127.55433063271605,NINGUNO
BYPASS_20260928_V01_F02001,BYPASS_20260928_V01,frame_02001.jpg,2001.0,00:33:21,08:43:21,59087,1982733.0,1080,1920,1080x1920,Smartphone 108 MP (Bypass),Óvalo Salida a Cusco,VALIDO,1645.9722430187578,127.79023148148148,NINGUNO
BYPASS_20260928_V01_F02002,BYPASS_20260928_V01,frame_02002.jpg,2002.0,00:33:22,08:43:22,59117,1983732.5,1080,1920,1080x1920,Smartphone 108 MP (Bypass),Óvalo Salida a Cusco,VALIDO,1569.000448590031,127.38424961419753,NINGUNO
BYPASS_20260928_V01_F02003,BYPASS_20260928_V01,frame_02003.jpg,2003.0,00:33:23,08:43:23,59146,1984698.8,1080,1920,1080x1920,Smartphone 108 MP (Bypass),Óvalo Salida a Cusco,VALIDO,1637.7285025933913,125.59358024691358,NINGUNO
BYPASS_20260928_V01_F02004,BYPASS_20260928_V01,frame_02004.jpg,2004.0,00:33:24,08:43:24,59176,1985698.5,1080,1920,1080x1920,Smartphone 108 MP (Bypass),Óvalo Salida a Cusco,VALIDO,1694.8603120973935,126.08363811728395,NINGUNO
BYPASS_20260928_V01_F02005,BYPASS_20260928_V01,frame_02005.jpg,2005.0,00:33:25,08:43:25,59205,1986664.7,1080,1920,1080x1920,Smartphone 108 MP (Bypass),Óvalo Salida a Cusco,VALIDO,1660.7313570699498,129.21463927469136,NINGUNO
BYPASS_20260928_V01_F02006,BYPASS_20260928_V01,frame_02006.jpg,2006.0,00:33:26,08:43:26,59235,1987664.3,1080,1920,1080x1920,Smartphone 108 MP (Bypass),Óvalo Salida a Cusco,VALIDO,1597.988728691465,130.64072530864198,NINGUNO
BYPASS_20260928_V01_F02007,BYPASS_20260928_V01,frame_02007.jpg,2007.0,00:33:27,08:43:27,59264,1988663.9,1080,1920,1080x1920,Smartphone 108 MP (Bypass),Óvalo Salida a Cusco,VALIDO,1642.228784275836,129.67827546296297,NINGUNO
BYPASS_20260928_V01_F02008,BYPASS_20260928_V01,frame_02008.jpg,2008.0,00:33:28,08:43:28,59294,1989663.5,1080,1920,1080x1920,Smartphone 108 MP (Bypass),Óvalo Salida a Cusco,VALIDO,1699.2512786157342,130.74655285493827,NINGUNO
BYPASS_20260928_V01_F02009,BYPASS_20260928_V01,frame_02009.jpg,2009.0,00:33:29,08:43:29,59323,1990663.0,1080,1920,1080x1920,Smartphone 108 MP (Bypass),Óvalo Salida a Cusco,VALIDO,1822.5744738034768,131.82885609567901,NINGUNO
BYPASS_20260928_V01_F02010,BYPASS_20260928_V01,frame_02010.jpg,2010.0,00:33:30,08:43:30,59353,1991662.7,1080,1920,1080x1920,Smartphone 108 MP (Bypass),Óvalo Salida a Cusco,VALIDO,1855.5475758548232,133.19430169753088,NINGUNO
BYPASS_20260928_V01_F02011,BYPASS_20260928_V01,frame_02011.jpg,2011.0,00:33:31,08:43:31,59382,1992662.3,1080,1920,1080x1920,Smartphone 108 MP (Bypass),Óvalo Salida a Cusco,VALIDO,1849.2219384430725,129.56842399691357,NINGUNO
BYPASS_20260928_V01_F02012,BYPASS_20260928_V01,frame_02012.jpg,2012.0,00:33:32,08:43:32,59412,1993695.2,1080,1920,1080x1920,Smartphone 108 MP (Bypass),Óvalo Salida a Cusco,VALIDO,1819.4792129211519,128.72354359567902,NINGUNO
BYPASS_20260928_V01_F02013,BYPASS_20260928_V01,frame_02013.jpg,2013.0,00:33:33,08:43:33,59441,1994661.5,1080,1920,1080x1920,Smartphone 108 MP (Bypass),Óvalo Salida a Cusco,VALIDO,1847.8645844508164,130.0859972993827,NINGUNO
BYPASS_20260928_V01_F02014,BYPASS_20260928_V01,frame_02014.jpg,2014.0,00:33:34,08:43:34,59471,1995661.1,1080,1920,1080x1920,Smartphone 108 MP (Bypass),Óvalo Salida a Cusco,VALIDO,1681.5995724584934,129.06886766975308,NINGUNO
BYPASS_20260928_V01_F02015,BYPASS_20260928_V01,frame_02015.jpg,2015.0,00:33:35,08:43:35,59500,1996660.7,1080,1920,1080x1920,Smartphone 108 MP (Bypass),Óvalo Salida a Cusco,VALIDO,1699.3630638299314,128.39964699074073,NINGUNO
BYPASS_20260928_V01_F02016,BYPASS_20260928_V01,frame_02016.jpg,2016.0,00:33:36,08:43:36,59530,1997660.3,1080,1920,1080x1920,Smartphone 108 MP (Bypass),Óvalo Salida a Cusco,VALIDO,1758.5562394415003,126.78045910493827,NINGUNO
BYPASS_20260928_V01_F02017,BYPASS_20260928_V01,frame_02017.jpg,2017.0,00:33:37,08:43:37,59560,1998659.9,1080,1920,1080x1920,Smartphone 108 MP (Bypass),Óvalo Salida a Cusco,VALIDO,1766.4693397472843,127.10861689814814,NINGUNO
BYPASS_20260928_V01_F02018,BYPASS_20260928_V01,frame_02018.jpg,2018.0,00:33:38,08:43:38,59589,1999626.1,1080,1920,1080x1920,Smartphone 108 MP (Bypass),Óvalo Salida a Cusco,VALIDO,1718.4867914451274,126.69342592592592,NINGUNO
BYPASS_20260928_V01_F02019,BYPASS_20260928_V01,frame_02019.jpg,2019.0,00:33:39,08:43:39,59619,2000725.7,1080,1920,1080x1920,Smartphone 108 MP (Bypass),Óvalo Salida a Cusco,VALIDO,1783.3095413094986,127.310831404321,NINGUNO
BYPASS_20260928_V01_F02020,BYPASS_20260928_V01,frame_02020.jpg,2020.0,00:33:40,08:43:40,59648,2001725.3,1080,1920,1080x1920,Smartphone 108 MP (Bypass),Óvalo Salida a Cusco,VALIDO,1735.7499072624307,128.24754050925927,NINGUNO
BYPASS_20260928_V01_F02021,BYPASS_20260928_V01,frame_02021.jpg,2021.0,00:33:41,08:43:41,59678,2002791.5,1080,1920,1080x1920,Smartphone 108 MP (Bypass),Óvalo Salida a Cusco,VALIDO,1683.2460278420185,130.02520833333332,NINGUNO
BYPASS_20260928_V01_F02022,BYPASS_20260928_V01,frame_02022.jpg,2022.0,00:33:42,08:43:42,59707,2003791.1,1080,1920,1080x1920,Smartphone 108 MP (Bypass),Óvalo Salida a Cusco,VALIDO,1645.5139764606758,128.83546682098765,NINGUNO
BYPASS_20260928_V01_F02023,BYPASS_20260928_V01,frame_02023.jpg,2023.0,00:33:43,08:43:43,59737,2004857.3,1080,1920,1080x1920,Smartphone 108 MP (Bypass),Óvalo Salida a Cusco,VALIDO,1737.1584321950827,128.2626601080247,NINGUNO
BYPASS_20260928_V01_F02024,BYPASS_20260928_V01,frame_02024.jpg,2024.0,00:33:44,08:43:44,59766,2005823.6,1080,1920,1080x1920,Smartphone 108 MP (Bypass),Óvalo Salida a Cusco,VALIDO,1749.0932994169168,129.37685570987654,NINGUNO
BYPASS_20260928_V01_F02025,BYPASS_20260928_V01,frame_02025.jpg,2025.0,00:33:45,08:43:45,59796,2006989.8,1080,1920,1080x1920,Smartphone 108 MP (Bypass),Óvalo Salida a Cusco,VALIDO,1788.670379995602,130.43327546296297,NINGUNO
BYPASS_20260928_V01_F02026,BYPASS_20260928_V01,frame_02026.jpg,2026.0,00:33:46,08:43:46,59825,2007956.1,1080,1920,1080x1920,Smartphone 108 MP (Bypass),Óvalo Salida a Cusco,VALIDO,1947.4315083108133,128.7381327160494,NINGUNO
BYPASS_20260928_V01_F02027,BYPASS_20260928_V01,frame_02027.jpg,2027.0,00:33:47,08:43:47,59855,2008989.1,1080,1920,1080x1920,Smartphone 108 MP (Bypass),Óvalo Salida a Cusco,VALIDO,1905.529950034056,129.08188464506173,NINGUNO
BYPASS_20260928_V01_F02028,BYPASS_20260928_V01,frame_02028.jpg,2028.0,00:33:48,08:43:48,59884,2009955.3,1080,1920,1080x1920,Smartphone 108 MP (Bypass),Óvalo Salida a Cusco,VALIDO,1894.3362168601,128.87103202160495,NINGUNO
BYPASS_20260928_V01_F02029,BYPASS_20260928_V01,frame_02029.jpg,2029.0,00:33:49,08:43:49,59914,2011054.9,1080,1920,1080x1920,Smartphone 108 MP (Bypass),Óvalo Salida a Cusco,VALIDO,1750.4606258004067,129.62072916666668,NINGUNO
BYPASS_20260928_V01_F02030,BYPASS_20260928_V01,frame_02030.jpg,2030.0,00:33:50,08:43:50,59943,2012054.5,1080,1920,1080x1920,Smartphone 108 MP (Bypass),Óvalo Salida a Cusco,VALIDO,1771.8018157989538,126.86414544753086,NINGUNO
BYPASS_20260928_V01_F02031,BYPASS_20260928_V01,frame_02031.jpg,2031.0,00:33:51,08:43:51,59973,2013087.5,1080,1920,1080x1920,Smartphone 108 MP (Bypass),Óvalo Salida a Cusco,VALIDO,1701.7036187732758,126.81145061728395,NINGUNO
BYPASS_20260928_V01_F02032,BYPASS_20260928_V01,frame_02032.jpg,2032.0,00:33:52,08:43:52,60002,2014053.7,1080,1920,1080x1920,Smartphone 108 MP (Bypass),Óvalo Salida a Cusco,VALIDO,1662.1674250535682,127.19891203703703,NINGUNO
BYPASS_20260928_V01_F02033,BYPASS_20260928_V01,frame_02033.jpg,2033.0,00:33:53,08:43:53,60032,2015086.6,1080,1920,1080x1920,Smartphone 108 MP (Bypass),Óvalo Salida a Cusco,VALIDO,1720.714893494372,127.4580324074074,NINGUNO
BYPASS_20260928_V01_F02034,BYPASS_20260928_V01,frame_02034.jpg,2034.0,00:33:54,08:43:54,60062,2016219.5,1080,1920,1080x1920,Smartphone 108 MP (Bypass),Óvalo Salida a Cusco,VALIDO,1713.7226002492498,127.79070408950618,NINGUNO
BYPASS_20260928_V01_F02035,BYPASS_20260928_V01,frame_02035.jpg,2035.0,00:33:55,08:43:55,60091,2017185.8,1080,1920,1080x1920,Smartphone 108 MP (Bypass),Óvalo Salida a Cusco,VALIDO,1603.099165239967,128.17528935185186,NINGUNO
BYPASS_20260928_V01_F02036,BYPASS_20260928_V01,frame_02036.jpg,2036.0,00:33:56,08:43:56,60121,2018185.4,1080,1920,1080x1920,Smartphone 108 MP (Bypass),Óvalo Salida a Cusco,VALIDO,1570.288466624034,127.51195987654322,NINGUNO
BYPASS_20260928_V01_F02037,BYPASS_20260928_V01,frame_02037.jpg,2037.0,00:33:57,08:43:57,60150,2019151.6,1080,1920,1080x1920,Smartphone 108 MP (Bypass),Óvalo Salida a Cusco,VALIDO,1578.2701130932571,126.7750636574074,NINGUNO
BYPASS_20260928_V01_F02038,BYPASS_20260928_V01,frame_02038.jpg,2038.0,00:33:58,08:43:58,60180,2020184.5,1080,1920,1080x1920,Smartphone 108 MP (Bypass),Óvalo Salida a Cusco,VALIDO,1599.8914894481686,127.45030864197531,NINGUNO
BYPASS_20260928_V01_F02039,BYPASS_20260928_V01,frame_02039.jpg,2039.0,00:33:59,08:43:59,60209,2021150.8,1080,1920,1080x1920,Smartphone 108 MP (Bypass),Óvalo Salida a Cusco,VALIDO,1671.78077168522,127.35252314814815,NINGUNO
BYPASS_20260928_V01_F02040,BYPASS_20260928_V01,frame_02040.jpg,2040.0,00:34:00,08:44:00,60239,2022150.4,1080,1920,1080x1920,Smartphone 108 MP (Bypass),Óvalo Salida a Cusco,VALIDO,1834.8617130753064,126.66020254629629,NINGUNO
BYPASS_20260928_V01_F02041,BYPASS_20260928_V01,frame_02041.jpg,2041.0,00:34:01,08:44:01,60268,2023116.7,1080,1920,1080x1920,Smartphone 108 MP (Bypass),Óvalo Salida a Cusco,VALIDO,1954.2721979154614,125.75290702160494,NINGUNO
BYPASS_20260928_V01_F02042,BYPASS_20260928_V01,frame_02042.jpg,2042.0,00:34:02,08:44:02,60298,2024116.3,1080,1920,1080x1920,Smartphone 108 MP (Bypass),Óvalo Salida a Cusco,VALIDO,1969.3796792534386,125.18410108024692,NINGUNO
BYPASS_20260928_V01_F02043,BYPASS_20260928_V01,frame_02043.jpg,2043.0,00:34:03,08:44:03,60327,2025115.9,1080,1920,1080x1920,Smartphone 108 MP (Bypass),Óvalo Salida a Cusco,VALIDO,1972.987771562011,126.91553240740741,NINGUNO
BYPASS_20260928_V01_F02044,BYPASS_20260928_V01,frame_02044.jpg,2044.0,00:34:04,08:44:04,60357,2026115.5,1080,1920,1080x1920,Smartphone 108 MP (Bypass),Óvalo Salida a Cusco,VALIDO,2004.6693263813722,126.77016203703704,NINGUNO
BYPASS_20260928_V01_F02045,BYPASS_20260928_V01,frame_02045.jpg,2045.0,00:34:05,08:44:05,60386,2027115.1,1080,1920,1080x1920,Smartphone 108 MP (Bypass),Óvalo Salida a Cusco,VALIDO,1918.8249739400992,128.41875578703704,NINGUNO
BYPASS_20260928_V01_F02046,BYPASS_20260928_V01,frame_02046.jpg,2046.0,00:34:06,08:44:06,60416,2028114.7,1080,1920,1080x1920,Smartphone 108 MP (Bypass),Óvalo Salida a Cusco,VALIDO,1855.4833776361825,130.02336419753087,NINGUNO
BYPASS_20260928_V01_F02047,BYPASS_20260928_V01,frame_02047.jpg,2047.0,00:34:07,08:44:07,60445,2029114.3,1080,1920,1080x1920,Smartphone 108 MP (Bypass),Óvalo Salida a Cusco,VALIDO,1818.2396789804598,127.52260802469135,NINGUNO
BYPASS_20260928_V01_F02048,BYPASS_20260928_V01,frame_02048.jpg,2048.0,00:34:08,08:44:08,60475,2030180.5,1080,1920,1080x1920,Smartphone 108 MP (Bypass),Óvalo Salida a Cusco,VALIDO,1761.4070187234433,128.96110725308642,NINGUNO
BYPASS_20260928_V01_F02049,BYPASS_20260928_V01,frame_02049.jpg,2049.0,00:34:09,08:44:09,60504,2031180.1,1080,1920,1080x1920,Smartphone 108 MP (Bypass),Óvalo Salida a Cusco,VALIDO,1737.1071777910813,127.1933487654321,NINGUNO
BYPASS_20260928_V01_F02050,BYPASS_20260928_V01,frame_02050.jpg,2050.0,00:34:10,08:44:10,60534,2032179.7,1080,1920,1080x1920,Smartphone 108 MP (Bypass),Óvalo Salida a Cusco,VALIDO,1728.8656440849834,128.41404320987655,NINGUNO
BYPASS_20260928_V01_F02051,BYPASS_20260928_V01,frame_02051.jpg,2051.0,00:34:11,08:44:11,60564,2033179.3,1080,1920,1080x1920,Smartphone 108 MP (Bypass),Óvalo Salida a Cusco,VALIDO,1848.238136293024,127.68927662037036,NINGUNO
BYPASS_20260928_V01_F02052,BYPASS_20260928_V01,frame_02052.jpg,2052.0,00:34:12,08:44:12,60593,2034178.9,1080,1920,1080x1920,Smartphone 108 MP (Bypass),Óvalo Salida a Cusco,VALIDO,1860.161015071957,124.89422646604939,NINGUNO
BYPASS_20260928_V01_F02053,BYPASS_20260928_V01,frame_02053.jpg,2053.0,00:34:13,08:44:13,60623,2035178.5,1080,1920,1080x1920,Smartphone 108 MP (Bypass),Óvalo Salida a Cusco,VALIDO,1764.1092268452876,123.63906442901235,NINGUNO
BYPASS_20260928_V01_F02054,BYPASS_20260928_V01,frame_02054.jpg,2054.0,00:34:14,08:44:14,60652,2036178.0,1080,1920,1080x1920,Smartphone 108 MP (Bypass),Óvalo Salida a Cusco,VALIDO,1866.3051894618177,117.05527391975309,NINGUNO
BYPASS_20260928_V01_F02055,BYPASS_20260928_V01,frame_02055.jpg,2055.0,00:34:15,08:44:15,60682,2037177.5,1080,1920,1080x1920,Smartphone 108 MP (Bypass),Óvalo Salida a Cusco,VALIDO,1865.2871318796936,123.68893132716049,NINGUNO
BYPASS_20260928_V01_F02056,BYPASS_20260928_V01,frame_02056.jpg,2056.0,00:34:16,08:44:16,60711,2038177.2,1080,1920,1080x1920,Smartphone 108 MP (Bypass),Óvalo Salida a Cusco,VALIDO,1757.7638230991156,127.47421296296297,NINGUNO
BYPASS_20260928_V01_F02057,BYPASS_20260928_V01,frame_02057.jpg,2057.0,00:34:17,08:44:17,60741,2039210.1,1080,1920,1080x1920,Smartphone 108 MP (Bypass),Óvalo Salida a Cusco,VALIDO,1689.1402539732294,131.32031828703703,NINGUNO
BYPASS_20260928_V01_F02058,BYPASS_20260928_V01,frame_02058.jpg,2058.0,00:34:18,08:44:18,60770,2040176.3,1080,1920,1080x1920,Smartphone 108 MP (Bypass),Óvalo Salida a Cusco,VALIDO,1715.929617732564,133.9798823302469,NINGUNO
BYPASS_20260928_V01_F02059,BYPASS_20260928_V01,frame_02059.jpg,2059.0,00:34:19,08:44:19,60800,2041175.9,1080,1920,1080x1920,Smartphone 108 MP (Bypass),Óvalo Salida a Cusco,VALIDO,1755.9098495361998,133.84442708333333,NINGUNO
BYPASS_20260928_V01_F02060,BYPASS_20260928_V01,frame_02060.jpg,2060.0,00:34:20,08:44:20,60829,2042175.6,1080,1920,1080x1920,Smartphone 108 MP (Bypass),Óvalo Salida a Cusco,VALIDO,1892.0055177332167,132.22359567901233,NINGUNO
BYPASS_20260928_V01_F02061,BYPASS_20260928_V01,frame_02061.jpg,2061.0,00:34:21,08:44:21,60859,2043241.8,1080,1920,1080x1920,Smartphone 108 MP (Bypass),Óvalo Salida a Cusco,VALIDO,1826.831097871623,130.84864776234568,NINGUNO
BYPASS_20260928_V01_F02062,BYPASS_20260928_V01,frame_02062.jpg,2062.0,00:34:22,08:44:22,60888,2044241.4,1080,1920,1080x1920,Smartphone 108 MP (Bypass),Óvalo Salida a Cusco,VALIDO,1861.6013079325119,130.22291473765432,NINGUNO
BYPASS_20260928_V01_F02063,BYPASS_20260928_V01,frame_02063.jpg,2063.0,00:34:23,08:44:23,60918,2045274.3,1080,1920,1080x1920,Smartphone 108 MP (Bypass),Óvalo Salida a Cusco,VALIDO,1833.9013412748764,127.52618055555556,NINGUNO
BYPASS_20260928_V01_F02064,BYPASS_20260928_V01,frame_02064.jpg,2064.0,00:34:24,08:44:24,60947,2046240.6,1080,1920,1080x1920,Smartphone 108 MP (Bypass),Óvalo Salida a Cusco,VALIDO,1884.6358316643655,126.47917438271605,NINGUNO
BYPASS_20260928_V01_F02065,BYPASS_20260928_V01,frame_02065.jpg,2065.0,00:34:25,08:44:25,60977,2047273.6,1080,1920,1080x1920,Smartphone 108 MP (Bypass),Óvalo Salida a Cusco,VALIDO,1753.064619609467,126.46630787037037,NINGUNO
BYPASS_20260928_V01_F02066,BYPASS_20260928_V01,frame_02066.jpg,2066.0,00:34:26,08:44:26,61006,2048339.8,1080,1920,1080x1920,Smartphone 108 MP (Bypass),Óvalo Salida a Cusco,VALIDO,1702.4504861017308,126.70983024691358,NINGUNO
BYPASS_20260928_V01_F02067,BYPASS_20260928_V01,frame_02067.jpg,2067.0,00:34:27,08:44:27,61036,2049339.4,1080,1920,1080x1920,Smartphone 108 MP (Bypass),Óvalo Salida a Cusco,VALIDO,1788.639575052854,127.83002893518518,NINGUNO
BYPASS_20260928_V01_F02068,BYPASS_20260928_V01,frame_02068.jpg,2068.0,00:34:28,08:44:28,61066,2050339.0,1080,1920,1080x1920,Smartphone 108 MP (Bypass),Óvalo Salida a Cusco,VALIDO,1739.3073318269023,126.91006172839506,NINGUNO
BYPASS_20260928_V01_F02069,BYPASS_20260928_V01,frame_02069.jpg,2069.0,00:34:29,08:44:29,61095,2051305.2,1080,1920,1080x1920,Smartphone 108 MP (Bypass),Óvalo Salida a Cusco,VALIDO,1817.6001114339192,125.93544174382716,NINGUNO
BYPASS_20260928_V01_F02070,BYPASS_20260928_V01,frame_02070.jpg,2070.0,00:34:30,08:44:30,61125,2052371.5,1080,1920,1080x1920,Smartphone 108 MP (Bypass),Óvalo Salida a Cusco,VALIDO,1842.7556764729804,126.22465856481482,NINGUNO
BYPASS_20260928_V01_F02071,BYPASS_20260928_V01,frame_02071.jpg,2071.0,00:34:31,08:44:31,61154,2053471.1,1080,1920,1080x1920,Smartphone 108 MP (Bypass),Óvalo Salida a Cusco,VALIDO,1925.2263840216115,128.75325810185186,NINGUNO
BYPASS_20260928_V01_F02072,BYPASS_20260928_V01,frame_02072.jpg,2072.0,00:34:32,08:44:32,61184,2054504.0,1080,1920,1080x1920,Smartphone 108 MP (Bypass),Óvalo Salida a Cusco,VALIDO,1669.6429277011496,123.25125192901234,NINGUNO
BYPASS_20260928_V01_F02073,BYPASS_20260928_V01,frame_02073.jpg,2073.0,00:34:33,08:44:33,61213,2055503.6,1080,1920,1080x1920,Smartphone 108 MP (Bypass),Óvalo Salida a Cusco,VALIDO,1714.8382499370057,128.70552276234568,NINGUNO
BYPASS_20260928_V01_F02074,BYPASS_20260928_V01,frame_02074.jpg,2074.0,00:34:34,08:44:34,61243,2056569.8,1080,1920,1080x1920,Smartphone 108 MP (Bypass),Óvalo Salida a Cusco,VALIDO,1788.0291181526609,129.9472550154321,NINGUNO
BYPASS_20260928_V01_F02075,BYPASS_20260928_V01,frame_02075.jpg,2075.0,00:34:35,08:44:35,61272,2057569.3,1080,1920,1080x1920,Smartphone 108 MP (Bypass),Óvalo Salida a Cusco,VALIDO,1763.666071118875,130.00748070987655,NINGUNO
BYPASS_20260928_V01_F02076,BYPASS_20260928_V01,frame_02076.jpg,2076.0,00:34:36,08:44:36,61302,2058568.9,1080,1920,1080x1920,Smartphone 108 MP (Bypass),Óvalo Salida a Cusco,VALIDO,1714.3389878905914,129.81829475308643,NINGUNO
BYPASS_20260928_V01_F02077,BYPASS_20260928_V01,frame_02077.jpg,2077.0,00:34:37,08:44:37,61331,2059535.2,1080,1920,1080x1920,Smartphone 108 MP (Bypass),Óvalo Salida a Cusco,VALIDO,1775.9994382422979,129.79358796296296,NINGUNO
BYPASS_20260928_V01_F02078,BYPASS_20260928_V01,frame_02078.jpg,2078.0,00:34:38,08:44:38,61361,2060534.8,1080,1920,1080x1920,Smartphone 108 MP (Bypass),Óvalo Salida a Cusco,VALIDO,1800.1597646532903,129.7067148919753,NINGUNO
BYPASS_20260928_V01_F02079,BYPASS_20260928_V01,frame_02079.jpg,2079.0,00:34:39,08:44:39,61390,2061534.4,1080,1920,1080x1920,Smartphone 108 MP (Bypass),Óvalo Salida a Cusco,VALIDO,1811.728410082836,129.85653163580247,NINGUNO
BYPASS_20260928_V01_F02080,BYPASS_20260928_V01,frame_02080.jpg,2080.0,00:34:40,08:44:40,61420,2062567.3,1080,1920,1080x1920,Smartphone 108 MP (Bypass),Óvalo Salida a Cusco,VALIDO,1749.8097356958342,129.5292476851852,NINGUNO
BYPASS_20260928_V01_F02081,BYPASS_20260928_V01,frame_02081.jpg,2081.0,00:34:41,08:44:41,61449,2063533.6,1080,1920,1080x1920,Smartphone 108 MP (Bypass),Óvalo Salida a Cusco,VALIDO,1713.25145573851,129.52280092592594,NINGUNO
BYPASS_20260928_V01_F02082,BYPASS_20260928_V01,frame_02082.jpg,2082.0,00:34:42,08:44:42,61479,2064566.5,1080,1920,1080x1920,Smartphone 108 MP (Bypass),Óvalo Salida a Cusco,VALIDO,1840.9680943486487,129.29500578703704,NINGUNO
BYPASS_20260928_V01_F02083,BYPASS_20260928_V01,frame_02083.jpg,2083.0,00:34:43,08:44:43,61508,2065599.4,1080,1920,1080x1920,Smartphone 108 MP (Bypass),Óvalo Salida a Cusco,VALIDO,1804.14141955661,129.39302662037036,NINGUNO
BYPASS_20260928_V01_F02084,BYPASS_20260928_V01,frame_02084.jpg,2084.0,00:34:44,08:44:44,61538,2066732.3,1080,1920,1080x1920,Smartphone 108 MP (Bypass),Óvalo Salida a Cusco,VALIDO,1800.3955484375,128.46658950617285,NINGUNO
BYPASS_20260928_V01_F02085,BYPASS_20260928_V01,frame_02085.jpg,2085.0,00:34:45,08:44:45,61568,2067831.9,1080,1920,1080x1920,Smartphone 108 MP (Bypass),Óvalo Salida a Cusco,VALIDO,1800.1260436594434,128.50854359567901,NINGUNO
BYPASS_20260928_V01_F02086,BYPASS_20260928_V01,frame_02086.jpg,2086.0,00:34:46,08:44:46,61597,2068798.1,1080,1920,1080x1920,Smartphone 108 MP (Bypass),Óvalo Salida a Cusco,VALIDO,1776.2247730652564,129.71585841049384,NINGUNO
BYPASS_20260928_V01_F02087,BYPASS_20260928_V01,frame_02087.jpg,2087.0,00:34:47,08:44:47,61627,2069897.7,1080,1920,1080x1920,Smartphone 108 MP (Bypass),Óvalo Salida a Cusco,VALIDO,1802.3482191419607,127.96339313271605,NINGUNO
BYPASS_20260928_V01_F02088,BYPASS_20260928_V01,frame_02088.jpg,2088.0,00:34:48,08:44:48,61656,2070930.6,1080,1920,1080x1920,Smartphone 108 MP (Bypass),Óvalo Salida a Cusco,VALIDO,1738.0591801487622,127.99920910493827,NINGUNO
BYPASS_20260928_V01_F02089,BYPASS_20260928_V01,frame_02089.jpg,2089.0,00:34:49,08:44:49,61686,2071963.5,1080,1920,1080x1920,Smartphone 108 MP (Bypass),Óvalo Salida a Cusco,VALIDO,1661.224467343931,127.5279726080247,NINGUNO
BYPASS_20260928_V01_F02090,BYPASS_20260928_V01,frame_02090.jpg,2090.0,00:34:50,08:44:50,61715,2072929.8,1080,1920,1080x1920,Smartphone 108 MP (Bypass),Óvalo Salida a Cusco,VALIDO,1730.730850385802,132.78168209876543,NINGUNO
BYPASS_20260928_V01_F02091,BYPASS_20260928_V01,frame_02091.jpg,2091.0,00:34:51,08:44:51,61745,2073996.0,1080,1920,1080x1920,Smartphone 108 MP (Bypass),Óvalo Salida a Cusco,VALIDO,1839.1579203550057,137.87295717592593,NINGUNO
BYPASS_20260928_V01_F02092,BYPASS_20260928_V01,frame_02092.jpg,2092.0,00:34:52,08:44:52,61774,2075028.9,1080,1920,1080x1920,Smartphone 108 MP (Bypass),Óvalo Salida a Cusco,VALIDO,1863.0925517445507,138.1902874228395,NINGUNO
BYPASS_20260928_V01_F02093,BYPASS_20260928_V01,frame_02093.jpg,2093.0,00:34:53,08:44:53,61804,2076195.1,1080,1920,1080x1920,Smartphone 108 MP (Bypass),Óvalo Salida a Cusco,VALIDO,1761.846966265489,129.83208912037037,NINGUNO
BYPASS_20260928_V01_F02094,BYPASS_20260928_V01,frame_02094.jpg,2094.0,00:34:54,08:44:54,61833,2077261.4,1080,1920,1080x1920,Smartphone 108 MP (Bypass),Óvalo Salida a Cusco,VALIDO,1802.2245169365942,128.76876350308643,NINGUNO
BYPASS_20260928_V01_F02095,BYPASS_20260928_V01,frame_02095.jpg,2095.0,00:34:55,08:44:55,61863,2078327.6,1080,1920,1080x1920,Smartphone 108 MP (Bypass),Óvalo Salida a Cusco,VALIDO,1830.6245287245672,128.5808950617284,NINGUNO
BYPASS_20260928_V01_F02096,BYPASS_20260928_V01,frame_02096.jpg,2096.0,00:34:56,08:44:56,61892,2079293.9,1080,1920,1080x1920,Smartphone 108 MP (Bypass),Óvalo Salida a Cusco,VALIDO,1789.9934779331659,129.20263695987654,NINGUNO
BYPASS_20260928_V01_F02097,BYPASS_20260928_V01,frame_02097.jpg,2097.0,00:34:57,08:44:57,61922,2080326.8,1080,1920,1080x1920,Smartphone 108 MP (Bypass),Óvalo Salida a Cusco,VALIDO,1845.4704878790003,130.0616338734568,NINGUNO
BYPASS_20260928_V01_F02098,BYPASS_20260928_V01,frame_02098.jpg,2098.0,00:34:58,08:44:58,61951,2081326.5,1080,1920,1080x1920,Smartphone 108 MP (Bypass),Óvalo Salida a Cusco,VALIDO,1747.1593594757328,127.72850887345679,NINGUNO
BYPASS_20260928_V01_F02099,BYPASS_20260928_V01,frame_02099.jpg,2099.0,00:34:59,08:44:59,61981,2082392.7,1080,1920,1080x1920,Smartphone 108 MP (Bypass),Óvalo Salida a Cusco,VALIDO,1802.898010904632,124.19373842592593,NINGUNO
BYPASS_20260928_V01_F02100,BYPASS_20260928_V01,frame_02100.jpg,2100.0,00:35:00,08:45:00,62010,2083392.3,1080,1920,1080x1920,Smartphone 108 MP (Bypass),Óvalo Salida a Cusco,VALIDO,1784.4617746854037,123.53575617283951,NINGUNO
BYPASS_20260928_V01_F02101,BYPASS_20260928_V01,frame_02101.jpg,2101.0,00:35:01,08:45:01,62040,2084425.3,1080,1920,1080x1920,Smartphone 108 MP (Bypass),Óvalo Salida a Cusco,VALIDO,1613.821395769297,123.26423032407408,NINGUNO
BYPASS_20260928_V01_F02102,BYPASS_20260928_V01,frame_02102.jpg,2102.0,00:35:02,08:45:02,62069,2085391.6,1080,1920,1080x1920,Smartphone 108 MP (Bypass),Óvalo Salida a Cusco,VALIDO,1511.8290886766642,125.62521219135803,NINGUNO
BYPASS_20260928_V01_F02103,BYPASS_20260928_V01,frame_02103.jpg,2103.0,00:35:03,08:45:03,62099,2086457.8,1080,1920,1080x1920,Smartphone 108 MP (Bypass),Óvalo Salida a Cusco,VALIDO,1551.0472606792118,123.7095775462963,NINGUNO
BYPASS_20260928_V01_F02104,BYPASS_20260928_V01,frame_02104.jpg,2104.0,00:35:04,08:45:04,62129,2087524.1,1080,1920,1080x1920,Smartphone 108 MP (Bypass),Óvalo Salida a Cusco,VALIDO,1360.643998680052,127.42988040123457,NINGUNO
BYPASS_20260928_V01_F02105,BYPASS_20260928_V01,frame_02105.jpg,2105.0,00:35:05,08:45:05,62158,2088523.7,1080,1920,1080x1920,Smartphone 108 MP (Bypass),Óvalo Salida a Cusco,VALIDO,1342.2861959442523,126.80277970679012,NINGUNO
BYPASS_20260928_V01_F02106,BYPASS_20260928_V01,frame_02106.jpg,2106.0,00:35:06,08:45:06,62188,2089623.2,1080,1920,1080x1920,Smartphone 108 MP (Bypass),Óvalo Salida a Cusco,VALIDO,1420.2431636423894,123.98044174382716,NINGUNO
BYPASS_20260928_V01_F02107,BYPASS_20260928_V01,frame_02107.jpg,2107.0,00:35:07,08:45:07,62217,2090589.5,1080,1920,1080x1920,Smartphone 108 MP (Bypass),Óvalo Salida a Cusco,VALIDO,1383.1027516931852,123.76994791666667,NINGUNO
BYPASS_20260928_V01_F02108,BYPASS_20260928_V01,frame_02108.jpg,2108.0,00:35:08,08:45:08,62247,2091655.7,1080,1920,1080x1920,Smartphone 108 MP (Bypass),Óvalo Salida a Cusco,VALIDO,1398.5637656578049,123.5716724537037,NINGUNO
BYPASS_20260928_V01_F02109,BYPASS_20260928_V01,frame_02109.jpg,2109.0,00:35:09,08:45:09,62276,2092655.4,1080,1920,1080x1920,Smartphone 108 MP (Bypass),Óvalo Salida a Cusco,VALIDO,1403.2118538278835,124.02980516975309,NINGUNO
BYPASS_20260928_V01_F02110,BYPASS_20260928_V01,frame_02110.jpg,2110.0,00:35:10,08:45:10,62306,2093721.6,1080,1920,1080x1920,Smartphone 108 MP (Bypass),Óvalo Salida a Cusco,VALIDO,1398.998860502754,123.15456211419753,NINGUNO
BYPASS_20260928_V01_F02111,BYPASS_20260928_V01,frame_02111.jpg,2111.0,00:35:11,08:45:11,62335,2094821.1,1080,1920,1080x1920,Smartphone 108 MP (Bypass),Óvalo Salida a Cusco,VALIDO,1513.5975082376524,120.84978973765432,NINGUNO
BYPASS_20260928_V01_F02112,BYPASS_20260928_V01,frame_02112.jpg,2112.0,00:35:12,08:45:12,62365,2095920.7,1080,1920,1080x1920,Smartphone 108 MP (Bypass),Óvalo Salida a Cusco,VALIDO,1545.3239216115426,117.41744791666666,NINGUNO
BYPASS_20260928_V01_F02113,BYPASS_20260928_V01,frame_02113.jpg,2113.0,00:35:13,08:45:13,62394,2096986.9,1080,1920,1080x1920,Smartphone 108 MP (Bypass),Óvalo Salida a Cusco,VALIDO,1500.9599948363052,115.18921296296297,NINGUNO
BYPASS_20260928_V01_F02114,BYPASS_20260928_V01,frame_02114.jpg,2114.0,00:35:14,08:45:14,62424,2098053.2,1080,1920,1080x1920,Smartphone 108 MP (Bypass),Óvalo Salida a Cusco,VALIDO,1529.515774743955,113.99043981481482,NINGUNO
BYPASS_20260928_V01_F02115,BYPASS_20260928_V01,frame_02115.jpg,2115.0,00:35:15,08:45:15,62453,2099019.4,1080,1920,1080x1920,Smartphone 108 MP (Bypass),Óvalo Salida a Cusco,VALIDO,1591.9776606478472,112.86928047839505,NINGUNO
BYPASS_20260928_V01_F02116,BYPASS_20260928_V01,frame_02116.jpg,2116.0,00:35:16,08:45:16,62483,2100019.0,1080,1920,1080x1920,Smartphone 108 MP (Bypass),Óvalo Salida a Cusco,VALIDO,1558.456112746303,113.2722762345679,NINGUNO
BYPASS_20260928_V01_F02117,BYPASS_20260928_V01,frame_02117.jpg,2117.0,00:35:17,08:45:17,62512,2101018.6,1080,1920,1080x1920,Smartphone 108 MP (Bypass),Óvalo Salida a Cusco,VALIDO,1574.397475153234,116.85174575617285,NINGUNO
BYPASS_20260928_V01_F02118,BYPASS_20260928_V01,frame_02118.jpg,2118.0,00:35:18,08:45:18,62542,2102018.2,1080,1920,1080x1920,Smartphone 108 MP (Bypass),Óvalo Salida a Cusco,VALIDO,1527.0403586758966,120.2544888117284,NINGUNO
BYPASS_20260928_V01_F02119,BYPASS_20260928_V01,frame_02119.jpg,2119.0,00:35:19,08:45:19,62571,2103017.8,1080,1920,1080x1920,Smartphone 108 MP (Bypass),Óvalo Salida a Cusco,VALIDO,1515.5841220973687,119.34850694444444,NINGUNO
BYPASS_20260928_V01_F02120,BYPASS_20260928_V01,frame_02120.jpg,2120.0,00:35:20,08:45:20,62601,2104050.8,1080,1920,1080x1920,Smartphone 108 MP (Bypass),Óvalo Salida a Cusco,VALIDO,1382.1012821044214,125.5199537037037,NINGUNO
BYPASS_20260928_V01_F02121,BYPASS_20260928_V01,frame_02121.jpg,2121.0,00:35:21,08:45:21,62631,2105083.6,1080,1920,1080x1920,Smartphone 108 MP (Bypass),Óvalo Salida a Cusco,VALIDO,1391.7332484117649,124.32934027777777,NINGUNO
BYPASS_20260928_V01_F02122,BYPASS_20260928_V01,frame_02122.jpg,2122.0,00:35:22,08:45:22,62660,2106050.0,1080,1920,1080x1920,Smartphone 108 MP (Bypass),Óvalo Salida a Cusco,VALIDO,1465.6456095795077,124.44856095679012,NINGUNO
BYPASS_20260928_V01_F02123,BYPASS_20260928_V01,frame_02123.jpg,2123.0,00:35:23,08:45:23,62690,2107116.2,1080,1920,1080x1920,Smartphone 108 MP (Bypass),Óvalo Salida a Cusco,VALIDO,1457.0822163022644,122.86250578703704,NINGUNO
BYPASS_20260928_V01_F02124,BYPASS_20260928_V01,frame_02124.jpg,2124.0,00:35:24,08:45:24,62719,2108149.1,1080,1920,1080x1920,Smartphone 108 MP (Bypass),Óvalo Salida a Cusco,VALIDO,1501.7915816316017,122.35894868827161,NINGUNO
BYPASS_20260928_V01_F02125,BYPASS_20260928_V01,frame_02125.jpg,2125.0,00:35:25,08:45:25,62749,2109182.0,1080,1920,1080x1920,Smartphone 108 MP (Bypass),Óvalo Salida a Cusco,VALIDO,1608.7126360184072,124.23908950617285,NINGUNO
BYPASS_20260928_V01_F02126,BYPASS_20260928_V01,frame_02126.jpg,2126.0,00:35:26,08:45:26,62778,2110214.9,1080,1920,1080x1920,Smartphone 108 MP (Bypass),Óvalo Salida a Cusco,VALIDO,1586.0031128758555,124.54565393518519,NINGUNO
BYPASS_20260928_V01_F02127,BYPASS_20260928_V01,frame_02127.jpg,2127.0,00:35:27,08:45:27,62808,2111281.1,1080,1920,1080x1920,Smartphone 108 MP (Bypass),Óvalo Salida a Cusco,VALIDO,1454.4241750469714,123.02740933641975,NINGUNO
BYPASS_20260928_V01_F02128,BYPASS_20260928_V01,frame_02128.jpg,2128.0,00:35:28,08:45:28,62837,2112280.7,1080,1920,1080x1920,Smartphone 108 MP (Bypass),Óvalo Salida a Cusco,VALIDO,1501.719166061707,122.2872974537037,NINGUNO
BYPASS_20260928_V01_F02129,BYPASS_20260928_V01,frame_02129.jpg,2129.0,00:35:29,08:45:29,62867,2113280.3,1080,1920,1080x1920,Smartphone 108 MP (Bypass),Óvalo Salida a Cusco,VALIDO,1563.9700940553926,121.52202160493827,NINGUNO
BYPASS_20260928_V01_F02130,BYPASS_20260928_V01,frame_02130.jpg,2130.0,00:35:30,08:45:30,62896,2114313.3,1080,1920,1080x1920,Smartphone 108 MP (Bypass),Óvalo Salida a Cusco,VALIDO,1545.5386881640661,120.28333912037037,NINGUNO
BYPASS_20260928_V01_F02131,BYPASS_20260928_V01,frame_02131.jpg,2131.0,00:35:31,08:45:31,62926,2115512.8,1080,1920,1080x1920,Smartphone 108 MP (Bypass),Óvalo Salida a Cusco,VALIDO,1585.8503674310039,122.56965663580247,NINGUNO
BYPASS_20260928_V01_F02132,BYPASS_20260928_V01,frame_02132.jpg,2132.0,00:35:32,08:45:32,62955,2116545.7,1080,1920,1080x1920,Smartphone 108 MP (Bypass),Óvalo Salida a Cusco,VALIDO,1497.428827149643,122.88346643518518,NINGUNO
BYPASS_20260928_V01_F02133,BYPASS_20260928_V01,frame_02133.jpg,2133.0,00:35:33,08:45:33,62985,2117611.9,1080,1920,1080x1920,Smartphone 108 MP (Bypass),Óvalo Salida a Cusco,VALIDO,1487.2906276169338,121.59795524691359,NINGUNO
BYPASS_20260928_V01_F02134,BYPASS_20260928_V01,frame_02134.jpg,2134.0,00:35:34,08:45:34,63014,2118611.5,1080,1920,1080x1920,Smartphone 108 MP (Bypass),Óvalo Salida a Cusco,VALIDO,1500.0284699560757,123.12403163580247,NINGUNO
BYPASS_20260928_V01_F02135,BYPASS_20260928_V01,frame_02135.jpg,2135.0,00:35:35,08:45:35,63044,2119611.1,1080,1920,1080x1920,Smartphone 108 MP (Bypass),Óvalo Salida a Cusco,VALIDO,1489.9843006284775,124.05158950617285,NINGUNO
BYPASS_20260928_V01_F02136,BYPASS_20260928_V01,frame_02136.jpg,2136.0,00:35:36,08:45:36,63073,2120577.4,1080,1920,1080x1920,Smartphone 108 MP (Bypass),Óvalo Salida a Cusco,VALIDO,1463.5882979756943,123.05343942901234,NINGUNO
BYPASS_20260928_V01_F02137,BYPASS_20260928_V01,frame_02137.jpg,2137.0,00:35:37,08:45:37,63103,2121577.0,1080,1920,1080x1920,Smartphone 108 MP (Bypass),Óvalo Salida a Cusco,VALIDO,1547.7949296095649,123.2037750771605,NINGUNO
BYPASS_20260928_V01_F02138,BYPASS_20260928_V01,frame_02138.jpg,2138.0,00:35:38,08:45:38,63133,2122610.0,1080,1920,1080x1920,Smartphone 108 MP (Bypass),Óvalo Salida a Cusco,VALIDO,1472.6082075634215,119.11701581790123,NINGUNO
BYPASS_20260928_V01_F02139,BYPASS_20260928_V01,frame_02139.jpg,2139.0,00:35:39,08:45:39,63162,2123676.1,1080,1920,1080x1920,Smartphone 108 MP (Bypass),Óvalo Salida a Cusco,VALIDO,1671.7460885609567,121.32754822530865,NINGUNO
BYPASS_20260928_V01_F02140,BYPASS_20260928_V01,frame_02140.jpg,2140.0,00:35:40,08:45:40,63192,2124709.1,1080,1920,1080x1920,Smartphone 108 MP (Bypass),Óvalo Salida a Cusco,VALIDO,1509.1679659055403,120.07708912037037,NINGUNO
BYPASS_20260928_V01_F02141,BYPASS_20260928_V01,frame_02141.jpg,2141.0,00:35:41,08:45:41,63221,2125741.9,1080,1920,1080x1920,Smartphone 108 MP (Bypass),Óvalo Salida a Cusco,VALIDO,1575.478823229536,119.73595679012345,NINGUNO
BYPASS_20260928_V01_F02142,BYPASS_20260928_V01,frame_02142.jpg,2142.0,00:35:42,08:45:42,63251,2126808.2,1080,1920,1080x1920,Smartphone 108 MP (Bypass),Óvalo Salida a Cusco,VALIDO,1680.6966942205836,120.92740933641976,NINGUNO
BYPASS_20260928_V01_F02143,BYPASS_20260928_V01,frame_02143.jpg,2143.0,00:35:43,08:45:43,63280,2127907.7,1080,1920,1080x1920,Smartphone 108 MP (Bypass),Óvalo Salida a Cusco,VALIDO,1765.8302112536292,121.62893325617284,NINGUNO
BYPASS_20260928_V01_F02144,BYPASS_20260928_V01,frame_02144.jpg,2144.0,00:35:44,08:45:44,63310,2128940.6,1080,1920,1080x1920,Smartphone 108 MP (Bypass),Óvalo Salida a Cusco,VALIDO,1631.7907044431252,123.74666087962963,NINGUNO
BYPASS_20260928_V01_F02145,BYPASS_20260928_V01,frame_02145.jpg,2145.0,00:35:45,08:45:45,63339,2129940.1,1080,1920,1080x1920,Smartphone 108 MP (Bypass),Óvalo Salida a Cusco,VALIDO,1728.2770066867067,128.2789699074074,NINGUNO
BYPASS_20260928_V01_F02146,BYPASS_20260928_V01,frame_02146.jpg,2146.0,00:35:46,08:45:46,63369,2130939.7,1080,1920,1080x1920,Smartphone 108 MP (Bypass),Óvalo Salida a Cusco,VALIDO,1733.0982791232639,129.82536458333334,NINGUNO
BYPASS_20260928_V01_F02147,BYPASS_20260928_V01,frame_02147.jpg,2147.0,00:35:47,08:45:47,63398,2131939.3,1080,1920,1080x1920,Smartphone 108 MP (Bypass),Óvalo Salida a Cusco,VALIDO,1733.34015880481,131.5866898148148,NINGUNO
BYPASS_20260928_V01_F02148,BYPASS_20260928_V01,frame_02148.jpg,2148.0,00:35:48,08:45:48,63428,2133005.6,1080,1920,1080x1920,Smartphone 108 MP (Bypass),Óvalo Salida a Cusco,VALIDO,1605.4324748254924,131.98971836419753,NINGUNO
BYPASS_20260928_V01_F02149,BYPASS_20260928_V01,frame_02149.jpg,2149.0,00:35:49,08:45:49,63457,2134005.1,1080,1920,1080x1920,Smartphone 108 MP (Bypass),Óvalo Salida a Cusco,VALIDO,1644.197877918878,133.81176311728396,NINGUNO
BYPASS_20260928_V01_F02150,BYPASS_20260928_V01,frame_02150.jpg,2150.0,00:35:50,08:45:50,63487,2135038.0,1080,1920,1080x1920,Smartphone 108 MP (Bypass),Óvalo Salida a Cusco,VALIDO,1642.7188038890886,133.1335011574074,NINGUNO
BYPASS_20260928_V01_F02151,BYPASS_20260928_V01,frame_02151.jpg,2151.0,00:35:51,08:45:51,63516,2136004.4,1080,1920,1080x1920,Smartphone 108 MP (Bypass),Óvalo Salida a Cusco,VALIDO,1704.9891447094121,133.50366512345678,NINGUNO
BYPASS_20260928_V01_F02152,BYPASS_20260928_V01,frame_02152.jpg,2152.0,00:35:52,08:45:52,63546,2137003.9,1080,1920,1080x1920,Smartphone 108 MP (Bypass),Óvalo Salida a Cusco,VALIDO,1623.623501199069,133.96654513888888,NINGUNO
BYPASS_20260928_V01_F02153,BYPASS_20260928_V01,frame_02153.jpg,2153.0,00:35:53,08:45:53,63575,2138070.1,1080,1920,1080x1920,Smartphone 108 MP (Bypass),Óvalo Salida a Cusco,VALIDO,1553.2698814080686,135.71475694444445,NINGUNO
BYPASS_20260928_V01_F02154,BYPASS_20260928_V01,frame_02154.jpg,2154.0,00:35:54,08:45:54,63605,2139136.4,1080,1920,1080x1920,Smartphone 108 MP (Bypass),Óvalo Salida a Cusco,VALIDO,1604.064201208788,136.2180362654321,NINGUNO
BYPASS_20260928_V01_F02155,BYPASS_20260928_V01,frame_02155.jpg,2155.0,00:35:55,08:45:55,63635,2140169.3,1080,1920,1080x1920,Smartphone 108 MP (Bypass),Óvalo Salida a Cusco,VALIDO,1628.2435473754679,135.6728722993827,NINGUNO
BYPASS_20260928_V01_F02156,BYPASS_20260928_V01,frame_02156.jpg,2156.0,00:35:56,08:45:56,63664,2141135.6,1080,1920,1080x1920,Smartphone 108 MP (Bypass),Óvalo Salida a Cusco,VALIDO,1587.9742203244075,134.99990933641976,NINGUNO
BYPASS_20260928_V01_F02157,BYPASS_20260928_V01,frame_02157.jpg,2157.0,00:35:57,08:45:57,63694,2142168.5,1080,1920,1080x1920,Smartphone 108 MP (Bypass),Óvalo Salida a Cusco,VALIDO,1583.3173974907957,135.86577353395063,NINGUNO
BYPASS_20260928_V01_F02158,BYPASS_20260928_V01,frame_02158.jpg,2158.0,00:35:58,08:45:58,63723,2143134.8,1080,1920,1080x1920,Smartphone 108 MP (Bypass),Óvalo Salida a Cusco,VALIDO,1634.1326606974453,135.66246720679013,NINGUNO
BYPASS_20260928_V01_F02159,BYPASS_20260928_V01,frame_02159.jpg,2159.0,00:35:59,08:45:59,63753,2144134.4,1080,1920,1080x1920,Smartphone 108 MP (Bypass),Óvalo Salida a Cusco,VALIDO,1587.6438858410163,135.8456635802469,NINGUNO
BYPASS_20260928_V01_F02160,BYPASS_20260928_V01,frame_02160.jpg,2160.0,00:36:00,08:46:00,63782,2145134.0,1080,1920,1080x1920,Smartphone 108 MP (Bypass),Óvalo Salida a Cusco,VALIDO,1626.5910239410039,135.18554783950617,NINGUNO
BYPASS_20260928_V01_F02161,BYPASS_20260928_V01,frame_02161.jpg,2161.0,00:36:01,08:46:01,63812,2146200.2,1080,1920,1080x1920,Smartphone 108 MP (Bypass),Óvalo Salida a Cusco,VALIDO,1693.227881510383,133.71374035493827,NINGUNO
BYPASS_20260928_V01_F02162,BYPASS_20260928_V01,frame_02162.jpg,2162.0,00:36:02,08:46:02,63841,2147166.5,1080,1920,1080x1920,Smartphone 108 MP (Bypass),Óvalo Salida a Cusco,VALIDO,1729.5695574095173,131.68533757716048,NINGUNO
BYPASS_20260928_V01_F02163,BYPASS_20260928_V01,frame_02163.jpg,2163.0,00:36:03,08:46:03,63871,2148232.7,1080,1920,1080x1920,Smartphone 108 MP (Bypass),Óvalo Salida a Cusco,VALIDO,1660.247142061039,133.14773341049383,NINGUNO
BYPASS_20260928_V01_F02164,BYPASS_20260928_V01,frame_02164.jpg,2164.0,00:36:04,08:46:04,63900,2149232.3,1080,1920,1080x1920,Smartphone 108 MP (Bypass),Óvalo Salida a Cusco,VALIDO,1689.3219367235724,134.33042438271605,NINGUNO
BYPASS_20260928_V01_F02165,BYPASS_20260928_V01,frame_02165.jpg,2165.0,00:36:05,08:46:05,63930,2150331.8,1080,1920,1080x1920,Smartphone 108 MP (Bypass),Óvalo Salida a Cusco,VALIDO,1710.0219594232217,134.33229745370372,NINGUNO
BYPASS_20260928_V01_F02166,BYPASS_20260928_V01,frame_02166.jpg,2166.0,00:36:06,08:46:06,63959,2151398.0,1080,1920,1080x1920,Smartphone 108 MP (Bypass),Óvalo Salida a Cusco,VALIDO,1781.9380140973255,134.41905285493826,NINGUNO
BYPASS_20260928_V01_F02167,BYPASS_20260928_V01,frame_02167.jpg,2167.0,00:36:07,08:46:07,63989,2152431.0,1080,1920,1080x1920,Smartphone 108 MP (Bypass),Óvalo Salida a Cusco,VALIDO,1724.1631348634119,135.97878086419752,NINGUNO
BYPASS_20260928_V01_F02168,BYPASS_20260928_V01,frame_02168.jpg,2168.0,00:36:08,08:46:08,64018,2153397.2,1080,1920,1080x1920,Smartphone 108 MP (Bypass),Óvalo Salida a Cusco,VALIDO,1733.774937378172,136.45517939814815,NINGUNO
BYPASS_20260928_V01_F02169,BYPASS_20260928_V01,frame_02169.jpg,2169.0,00:36:09,08:46:09,64048,2154396.8,1080,1920,1080x1920,Smartphone 108 MP (Bypass),Óvalo Salida a Cusco,VALIDO,1729.1907056143148,139.36650077160493,NINGUNO
BYPASS_20260928_V01_F02170,BYPASS_20260928_V01,frame_02170.jpg,2170.0,00:36:10,08:46:10,64077,2155429.8,1080,1920,1080x1920,Smartphone 108 MP (Bypass),Óvalo Salida a Cusco,VALIDO,1763.3493645827973,139.80641975308643,NINGUNO
BYPASS_20260928_V01_F02171,BYPASS_20260928_V01,frame_02171.jpg,2171.0,00:36:11,08:46:11,64107,2156429.3,1080,1920,1080x1920,Smartphone 108 MP (Bypass),Óvalo Salida a Cusco,VALIDO,1758.1995300733022,143.01428819444445,NINGUNO
BYPASS_20260928_V01_F02172,BYPASS_20260928_V01,frame_02172.jpg,2172.0,00:36:12,08:46:12,64137,2157528.9,1080,1920,1080x1920,Smartphone 108 MP (Bypass),Óvalo Salida a Cusco,VALIDO,1819.9759911217204,143.28504050925926,NINGUNO
BYPASS_20260928_V01_F02173,BYPASS_20260928_V01,frame_02173.jpg,2173.0,00:36:13,08:46:13,64166,2158561.8,1080,1920,1080x1920,Smartphone 108 MP (Bypass),Óvalo Salida a Cusco,VALIDO,1790.2760300650716,142.30673418209878,NINGUNO
BYPASS_20260928_V01_F02174,BYPASS_20260928_V01,frame_02174.jpg,2174.0,00:36:14,08:46:14,64196,2159561.4,1080,1920,1080x1920,Smartphone 108 MP (Bypass),Óvalo Salida a Cusco,VALIDO,1685.8570770613608,143.4137673611111,NINGUNO
BYPASS_20260928_V01_F02175,BYPASS_20260928_V01,frame_02175.jpg,2175.0,00:36:15,08:46:15,64225,2160594.4,1080,1920,1080x1920,Smartphone 108 MP (Bypass),Óvalo Salida a Cusco,VALIDO,1783.7352145132245,137.14377700617283,NINGUNO
BYPASS_20260928_V01_F02176,BYPASS_20260928_V01,frame_02176.jpg,2176.0,00:36:16,08:46:16,64255,2161694.0,1080,1920,1080x1920,Smartphone 108 MP (Bypass),Óvalo Salida a Cusco,VALIDO,1696.4398753749513,127.8482638888889,NINGUNO
BYPASS_20260928_V01_F02177,BYPASS_20260928_V01,frame_02177.jpg,2177.0,00:36:17,08:46:17,64284,2162760.3,1080,1920,1080x1920,Smartphone 108 MP (Bypass),Óvalo Salida a Cusco,VALIDO,1622.4625687469038,126.75212962962964,NINGUNO
BYPASS_20260928_V01_F02178,BYPASS_20260928_V01,frame_02178.jpg,2178.0,00:36:18,08:46:18,64314,2163793.3,1080,1920,1080x1920,Smartphone 108 MP (Bypass),Óvalo Salida a Cusco,VALIDO,1399.1505823583755,127.90352430555555,NINGUNO
BYPASS_20260928_V01_F02179,BYPASS_20260928_V01,frame_02179.jpg,2179.0,00:36:19,08:46:19,64343,2164759.5,1080,1920,1080x1920,Smartphone 108 MP (Bypass),Óvalo Salida a Cusco,VALIDO,1312.5406987168349,126.82021604938272,NINGUNO
BYPASS_20260928_V01_F02180,BYPASS_20260928_V01,frame_02180.jpg,2180.0,00:36:20,08:46:20,64373,2165825.8,1080,1920,1080x1920,Smartphone 108 MP (Bypass),Óvalo Salida a Cusco,VALIDO,1526.60411354202,124.92555941358025,NINGUNO
BYPASS_20260928_V01_F02181,BYPASS_20260928_V01,frame_02181.jpg,2181.0,00:36:21,08:46:21,64402,2166858.7,1080,1920,1080x1920,Smartphone 108 MP (Bypass),Óvalo Salida a Cusco,VALIDO,1476.8453541343345,120.52175154320987,NINGUNO
BYPASS_20260928_V01_F02182,BYPASS_20260928_V01,frame_02182.jpg,2182.0,00:36:22,08:46:22,64432,2167958.2,1080,1920,1080x1920,Smartphone 108 MP (Bypass),Óvalo Salida a Cusco,VALIDO,1514.9607039702792,119.72984182098766,NINGUNO
BYPASS_20260928_V01_F02183,BYPASS_20260928_V01,frame_02183.jpg,2183.0,00:36:23,08:46:23,64461,2168990.9,1080,1920,1080x1920,Smartphone 108 MP (Bypass),Óvalo Salida a Cusco,VALIDO,1553.4254749388806,141.80466049382716,NINGUNO
BYPASS_20260928_V01_F02184,BYPASS_20260928_V01,frame_02184.jpg,2184.0,00:36:24,08:46:24,64491,2170090.4,1080,1920,1080x1920,Smartphone 108 MP (Bypass),Óvalo Salida a Cusco,VALIDO,1673.1868430654652,143.58092785493827,NINGUNO
BYPASS_20260928_V01_F02185,BYPASS_20260928_V01,frame_02185.jpg,2185.0,00:36:25,08:46:25,64520,2171056.7,1080,1920,1080x1920,Smartphone 108 MP (Bypass),Óvalo Salida a Cusco,VALIDO,1716.3044801263502,140.71712770061728,NINGUNO
BYPASS_20260928_V01_F02186,BYPASS_20260928_V01,frame_02186.jpg,2186.0,00:36:26,08:46:26,64550,2172056.3,1080,1920,1080x1920,Smartphone 108 MP (Bypass),Óvalo Salida a Cusco,VALIDO,1746.706170556391,139.72112075617284,NINGUNO
BYPASS_20260928_V01_F02187,BYPASS_20260928_V01,frame_02187.jpg,2187.0,00:36:27,08:46:27,64579,2173155.9,1080,1920,1080x1920,Smartphone 108 MP (Bypass),Óvalo Salida a Cusco,VALIDO,1761.9110470097928,140.15670331790125,NINGUNO
BYPASS_20260928_V01_F02188,BYPASS_20260928_V01,frame_02188.jpg,2188.0,00:36:28,08:46:28,64609,2174188.8,1080,1920,1080x1920,Smartphone 108 MP (Bypass),Óvalo Salida a Cusco,VALIDO,1716.478387989126,141.1990084876543,NINGUNO
BYPASS_20260928_V01_F02189,BYPASS_20260928_V01,frame_02189.jpg,2189.0,00:36:29,08:46:29,64638,2175188.4,1080,1920,1080x1920,Smartphone 108 MP (Bypass),Óvalo Salida a Cusco,VALIDO,1715.80003508229,142.4825636574074,NINGUNO
BYPASS_20260928_V01_F02190,BYPASS_20260928_V01,frame_02190.jpg,2190.0,00:36:30,08:46:30,64668,2176221.3,1080,1920,1080x1920,Smartphone 108 MP (Bypass),Óvalo Salida a Cusco,VALIDO,1650.5586613275743,143.6242997685185,NINGUNO
BYPASS_20260928_V01_F02191,BYPASS_20260928_V01,frame_02191.jpg,2191.0,00:36:31,08:46:31,64698,2177220.9,1080,1920,1080x1920,Smartphone 108 MP (Bypass),Óvalo Salida a Cusco,VALIDO,1751.4879895992738,143.91127314814815,NINGUNO
BYPASS_20260928_V01_F02192,BYPASS_20260928_V01,frame_02192.jpg,2192.0,00:36:32,08:46:32,64727,2178220.6,1080,1920,1080x1920,Smartphone 108 MP (Bypass),Óvalo Salida a Cusco,VALIDO,1796.562405965277,137.5125250771605,NINGUNO
BYPASS_20260928_V01_F02193,BYPASS_20260928_V01,frame_02193.jpg,2193.0,00:36:33,08:46:33,64757,2179253.5,1080,1920,1080x1920,Smartphone 108 MP (Bypass),Óvalo Salida a Cusco,VALIDO,1684.0139586706089,132.45837577160495,NINGUNO
BYPASS_20260928_V01_F02194,BYPASS_20260928_V01,frame_02194.jpg,2194.0,00:36:34,08:46:34,64786,2180286.5,1080,1920,1080x1920,Smartphone 108 MP (Bypass),Óvalo Salida a Cusco,VALIDO,1676.4094037952384,131.10630208333333,NINGUNO
BYPASS_20260928_V01_F02195,BYPASS_20260928_V01,frame_02195.jpg,2195.0,00:36:35,08:46:35,64816,2181319.4,1080,1920,1080x1920,Smartphone 108 MP (Bypass),Óvalo Salida a Cusco,VALIDO,1611.3179045090662,131.66063464506172,NINGUNO
BYPASS_20260928_V01_F02196,BYPASS_20260928_V01,frame_02196.jpg,2196.0,00:36:36,08:46:36,64845,2182285.7,1080,1920,1080x1920,Smartphone 108 MP (Bypass),Óvalo Salida a Cusco,VALIDO,1656.5808194133506,126.9139101080247,NINGUNO
BYPASS_20260928_V01_F02197,BYPASS_20260928_V01,frame_02197.jpg,2197.0,00:36:37,08:46:37,64875,2183285.2,1080,1920,1080x1920,Smartphone 108 MP (Bypass),Óvalo Salida a Cusco,VALIDO,1674.6896767537346,131.0412885802469,NINGUNO
BYPASS_20260928_V01_F02198,BYPASS_20260928_V01,frame_02198.jpg,2198.0,00:36:38,08:46:38,64904,2184351.4,1080,1920,1080x1920,Smartphone 108 MP (Bypass),Óvalo Salida a Cusco,VALIDO,1704.0412825338497,135.27007330246914,NINGUNO
BYPASS_20260928_V01_F02199,BYPASS_20260928_V01,frame_02199.jpg,2199.0,00:36:39,08:46:39,64934,2185351.0,1080,1920,1080x1920,Smartphone 108 MP (Bypass),Óvalo Salida a Cusco,VALIDO,1655.8352812811977,134.84182677469136,NINGUNO
BYPASS_20260928_V01_F02200,BYPASS_20260928_V01,frame_02200.jpg,2200.0,00:36:40,08:46:40,64963,2186317.3,1080,1920,1080x1920,Smartphone 108 MP (Bypass),Óvalo Salida a Cusco,VALIDO,1545.5842751140735,135.18395061728395,NINGUNO
BYPASS_20260928_V01_F02201,BYPASS_20260928_V01,frame_02201.jpg,2201.0,00:36:41,08:46:41,64993,2187350.2,1080,1920,1080x1920,Smartphone 108 MP (Bypass),Óvalo Salida a Cusco,VALIDO,1597.7908181856708,136.09104166666665,NINGUNO
BYPASS_20260928_V01_F02202,BYPASS_20260928_V01,frame_02202.jpg,2202.0,00:36:42,08:46:42,65022,2188449.7,1080,1920,1080x1920,Smartphone 108 MP (Bypass),Óvalo Salida a Cusco,VALIDO,1604.8112288446289,136.73295910493826,NINGUNO
BYPASS_20260928_V01_F02203,BYPASS_20260928_V01,frame_02203.jpg,2203.0,00:36:43,08:46:43,65052,2189549.3,1080,1920,1080x1920,Smartphone 108 MP (Bypass),Óvalo Salida a Cusco,VALIDO,1554.7185873969856,138.7970601851852,NINGUNO
BYPASS_20260928_V01_F02204,BYPASS_20260928_V01,frame_02204.jpg,2204.0,00:36:44,08:46:44,65081,2190515.6,1080,1920,1080x1920,Smartphone 108 MP (Bypass),Óvalo Salida a Cusco,VALIDO,1540.9004101579758,136.0866550925926,NINGUNO
BYPASS_20260928_V01_F02205,BYPASS_20260928_V01,frame_02205.jpg,2205.0,00:36:45,08:46:45,65111,2191548.5,1080,1920,1080x1920,Smartphone 108 MP (Bypass),Óvalo Salida a Cusco,VALIDO,1674.5740711010126,132.90539930555556,NINGUNO
BYPASS_20260928_V01_F02206,BYPASS_20260928_V01,frame_02206.jpg,2206.0,00:36:46,08:46:46,65140,2192548.1,1080,1920,1080x1920,Smartphone 108 MP (Bypass),Óvalo Salida a Cusco,VALIDO,1585.1131247555243,137.44933641975308,NINGUNO
BYPASS_20260928_V01_F02207,BYPASS_20260928_V01,frame_02207.jpg,2207.0,00:36:47,08:46:47,65170,2193581.0,1080,1920,1080x1920,Smartphone 108 MP (Bypass),Óvalo Salida a Cusco,VALIDO,1519.9076566068522,140.4201774691358,NINGUNO
BYPASS_20260928_V01_F02208,BYPASS_20260928_V01,frame_02208.jpg,2208.0,00:36:48,08:46:48,65200,2194713.9,1080,1920,1080x1920,Smartphone 108 MP (Bypass),Óvalo Salida a Cusco,VALIDO,1632.8494557004055,140.0310590277778,NINGUNO
BYPASS_20260928_V01_F02209,BYPASS_20260928_V01,frame_02209.jpg,2209.0,00:36:49,08:46:49,65229,2195680.1,1080,1920,1080x1920,Smartphone 108 MP (Bypass),Óvalo Salida a Cusco,VALIDO,1558.4651129018443,141.1606925154321,NINGUNO
BYPASS_20260928_V01_F02210,BYPASS_20260928_V01,frame_02210.jpg,2210.0,00:36:50,08:46:50,65259,2196779.7,1080,1920,1080x1920,Smartphone 108 MP (Bypass),Óvalo Salida a Cusco,VALIDO,1621.7934668709393,140.73567708333334,NINGUNO
BYPASS_20260928_V01_F02211,BYPASS_20260928_V01,frame_02211.jpg,2211.0,00:36:51,08:46:51,65288,2197846.0,1080,1920,1080x1920,Smartphone 108 MP (Bypass),Óvalo Salida a Cusco,VALIDO,1625.8397583185642,133.84619405864197,NINGUNO
BYPASS_20260928_V01_F02212,BYPASS_20260928_V01,frame_02212.jpg,2212.0,00:36:52,08:46:52,65318,2198912.3,1080,1920,1080x1920,Smartphone 108 MP (Bypass),Óvalo Salida a Cusco,VALIDO,1726.330762381547,129.4788097993827,NINGUNO
BYPASS_20260928_V01_F02213,BYPASS_20260928_V01,frame_02213.jpg,2213.0,00:36:53,08:46:53,65347,2199911.9,1080,1920,1080x1920,Smartphone 108 MP (Bypass),Óvalo Salida a Cusco,VALIDO,1758.4289262417683,130.017293595679,NINGUNO
BYPASS_20260928_V01_F02214,BYPASS_20260928_V01,frame_02214.jpg,2214.0,00:36:54,08:46:54,65377,2200944.8,1080,1920,1080x1920,Smartphone 108 MP (Bypass),Óvalo Salida a Cusco,VALIDO,1806.1977850234478,131.94316165123456,NINGUNO
BYPASS_20260928_V01_F02215,BYPASS_20260928_V01,frame_02215.jpg,2215.0,00:36:55,08:46:55,65406,2201977.7,1080,1920,1080x1920,Smartphone 108 MP (Bypass),Óvalo Salida a Cusco,VALIDO,1675.2796192343928,130.22587577160493,NINGUNO
BYPASS_20260928_V01_F02216,BYPASS_20260928_V01,frame_02216.jpg,2216.0,00:36:56,08:46:56,65436,2202977.3,1080,1920,1080x1920,Smartphone 108 MP (Bypass),Óvalo Salida a Cusco,VALIDO,1702.2312099937985,129.02758680555556,NINGUNO
BYPASS_20260928_V01_F02217,BYPASS_20260928_V01,frame_02217.jpg,2217.0,00:36:57,08:46:57,65465,2203976.9,1080,1920,1080x1920,Smartphone 108 MP (Bypass),Óvalo Salida a Cusco,VALIDO,1737.414330626461,128.42381558641975,NINGUNO
BYPASS_20260928_V01_F02218,BYPASS_20260928_V01,frame_02218.jpg,2218.0,00:36:58,08:46:58,65495,2205009.8,1080,1920,1080x1920,Smartphone 108 MP (Bypass),Óvalo Salida a Cusco,VALIDO,1564.6700173316365,128.67563464506173,NINGUNO
BYPASS_20260928_V01_F02219,BYPASS_20260928_V01,frame_02219.jpg,2219.0,00:36:59,08:46:59,65524,2206009.4,1080,1920,1080x1920,Smartphone 108 MP (Bypass),Óvalo Salida a Cusco,VALIDO,1595.3001920915258,126.92080632716049,NINGUNO
BYPASS_20260928_V01_F02220,BYPASS_20260928_V01,frame_02220.jpg,2220.0,00:37:00,08:47:00,65554,2207009.0,1080,1920,1080x1920,Smartphone 108 MP (Bypass),Óvalo Salida a Cusco,VALIDO,1574.7547472826786,128.11443094135802,NINGUNO
BYPASS_20260928_V01_F02221,BYPASS_20260928_V01,frame_02221.jpg,2221.0,00:37:01,08:47:01,65583,2207975.3,1080,1920,1080x1920,Smartphone 108 MP (Bypass),Óvalo Salida a Cusco,VALIDO,1573.0520440295727,127.97618827160494,NINGUNO
BYPASS_20260928_V01_F02222,BYPASS_20260928_V01,frame_02222.jpg,2222.0,00:37:02,08:47:02,65613,2209008.2,1080,1920,1080x1920,Smartphone 108 MP (Bypass),Óvalo Salida a Cusco,VALIDO,1564.3180737493537,130.04476080246914,NINGUNO
BYPASS_20260928_V01_F02223,BYPASS_20260928_V01,frame_02223.jpg,2223.0,00:37:03,08:47:03,65642,2209974.5,1080,1920,1080x1920,Smartphone 108 MP (Bypass),Óvalo Salida a Cusco,VALIDO,1559.595689766556,130.92012345679012,NINGUNO
BYPASS_20260928_V01_F02224,BYPASS_20260928_V01,frame_02224.jpg,2224.0,00:37:04,08:47:04,65672,2210974.1,1080,1920,1080x1920,Smartphone 108 MP (Bypass),Óvalo Salida a Cusco,VALIDO,1551.6226820966217,130.3056462191358,NINGUNO
BYPASS_20260928_V01_F02225,BYPASS_20260928_V01,frame_02225.jpg,2225.0,00:37:05,08:47:05,65702,2212007.0,1080,1920,1080x1920,Smartphone 108 MP (Bypass),Óvalo Salida a Cusco,VALIDO,1584.1894331006467,129.56373070987655,NINGUNO
BYPASS_20260928_V01_F02226,BYPASS_20260928_V01,frame_02226.jpg,2226.0,00:37:06,08:47:06,65731,2213040.1,1080,1920,1080x1920,Smartphone 108 MP (Bypass),Óvalo Salida a Cusco,VALIDO,1555.7971799052248,129.4386902006173,NINGUNO
BYPASS_20260928_V01_F02227,BYPASS_20260928_V01,frame_02227.jpg,2227.0,00:37:07,08:47:07,65761,2214039.5,1080,1920,1080x1920,Smartphone 108 MP (Bypass),Óvalo Salida a Cusco,VALIDO,1693.2166364935642,128.88411458333334,NINGUNO
BYPASS_20260928_V01_F02228,BYPASS_20260928_V01,frame_02228.jpg,2228.0,00:37:08,08:47:08,65790,2215039.1,1080,1920,1080x1920,Smartphone 108 MP (Bypass),Óvalo Salida a Cusco,VALIDO,1695.008824647405,129.89135416666667,NINGUNO
BYPASS_20260928_V01_F02229,BYPASS_20260928_V01,frame_02229.jpg,2229.0,00:37:09,08:47:09,65820,2216072.0,1080,1920,1080x1920,Smartphone 108 MP (Bypass),Óvalo Salida a Cusco,VALIDO,1744.6719589888362,128.14671682098765,NINGUNO
BYPASS_20260928_V01_F02230,BYPASS_20260928_V01,frame_02230.jpg,2230.0,00:37:10,08:47:10,65849,2217071.6,1080,1920,1080x1920,Smartphone 108 MP (Bypass),Óvalo Salida a Cusco,VALIDO,1729.7608709182598,126.99997685185186,NINGUNO
BYPASS_20260928_V01_F02231,BYPASS_20260928_V01,frame_02231.jpg,2231.0,00:37:11,08:47:11,65879,2218071.2,1080,1920,1080x1920,Smartphone 108 MP (Bypass),Óvalo Salida a Cusco,VALIDO,1743.1659878879116,129.4536863425926,NINGUNO
BYPASS_20260928_V01_F02232,BYPASS_20260928_V01,frame_02232.jpg,2232.0,00:37:12,08:47:12,65908,2219070.8,1080,1920,1080x1920,Smartphone 108 MP (Bypass),Óvalo Salida a Cusco,VALIDO,1755.5723877468267,131.30431327160494,NINGUNO
BYPASS_20260928_V01_F02233,BYPASS_20260928_V01,frame_02233.jpg,2233.0,00:37:13,08:47:13,65938,2220137.0,1080,1920,1080x1920,Smartphone 108 MP (Bypass),Óvalo Salida a Cusco,VALIDO,1720.138929319912,133.97202160493828,NINGUNO
BYPASS_20260928_V01_F02234,BYPASS_20260928_V01,frame_02234.jpg,2234.0,00:37:14,08:47:14,65967,2221103.3,1080,1920,1080x1920,Smartphone 108 MP (Bypass),Óvalo Salida a Cusco,VALIDO,1783.8364511480265,131.44075424382717,NINGUNO
BYPASS_20260928_V01_F02235,BYPASS_20260928_V01,frame_02235.jpg,2235.0,00:37:15,08:47:15,65997,2222169.6,1080,1920,1080x1920,Smartphone 108 MP (Bypass),Óvalo Salida a Cusco,VALIDO,1852.9331744273545,129.3200925925926,NINGUNO
BYPASS_20260928_V01_F02236,BYPASS_20260928_V01,frame_02236.jpg,2236.0,00:37:16,08:47:16,66026,2223202.5,1080,1920,1080x1920,Smartphone 108 MP (Bypass),Óvalo Salida a Cusco,VALIDO,1865.9546024593567,127.86925540123457,NINGUNO
BYPASS_20260928_V01_F02237,BYPASS_20260928_V01,frame_02237.jpg,2237.0,00:37:17,08:47:17,66056,2224202.1,1080,1920,1080x1920,Smartphone 108 MP (Bypass),Óvalo Salida a Cusco,VALIDO,1769.468210568572,126.12058449074074,NINGUNO
BYPASS_20260928_V01_F02238,BYPASS_20260928_V01,frame_02238.jpg,2238.0,00:37:18,08:47:18,66085,2225268.3,1080,1920,1080x1920,Smartphone 108 MP (Bypass),Óvalo Salida a Cusco,VALIDO,1681.5901216748935,125.59531057098765,NINGUNO
BYPASS_20260928_V01_F02239,BYPASS_20260928_V01,frame_02239.jpg,2239.0,00:37:19,08:47:19,66115,2226301.2,1080,1920,1080x1920,Smartphone 108 MP (Bypass),Óvalo Salida a Cusco,VALIDO,1680.0297964503156,124.23933449074075,NINGUNO
BYPASS_20260928_V01_F02240,BYPASS_20260928_V01,frame_02240.jpg,2240.0,00:37:20,08:47:20,66144,2227267.6,1080,1920,1080x1920,Smartphone 108 MP (Bypass),Óvalo Salida a Cusco,VALIDO,1611.5198167333747,126.84700424382716,NINGUNO
BYPASS_20260928_V01_F02241,BYPASS_20260928_V01,frame_02241.jpg,2241.0,00:37:21,08:47:21,66174,2228367.2,1080,1920,1080x1920,Smartphone 108 MP (Bypass),Óvalo Salida a Cusco,VALIDO,1667.2791234410129,127.4328549382716,NINGUNO
BYPASS_20260928_V01_F02242,BYPASS_20260928_V01,frame_02242.jpg,2242.0,00:37:22,08:47:22,66204,2229466.7,1080,1920,1080x1920,Smartphone 108 MP (Bypass),Óvalo Salida a Cusco,VALIDO,1820.8255742858935,127.5718074845679,NINGUNO
BYPASS_20260928_V01_F02243,BYPASS_20260928_V01,frame_02243.jpg,2243.0,00:37:23,08:47:23,66233,2230533.0,1080,1920,1080x1920,Smartphone 108 MP (Bypass),Óvalo Salida a Cusco,VALIDO,1848.5773092753195,125.77358217592592,NINGUNO
BYPASS_20260928_V01_F02244,BYPASS_20260928_V01,frame_02244.jpg,2244.0,00:37:24,08:47:24,66263,2231599.1,1080,1920,1080x1920,Smartphone 108 MP (Bypass),Óvalo Salida a Cusco,VALIDO,1527.0596485087626,123.85116319444444,NINGUNO
BYPASS_20260928_V01_F02245,BYPASS_20260928_V01,frame_02245.jpg,2245.0,00:37:25,08:47:25,66292,2232565.4,1080,1920,1080x1920,Smartphone 108 MP (Bypass),Óvalo Salida a Cusco,VALIDO,1604.0322835483673,125.56020833333334,NINGUNO
BYPASS_20260928_V01_F02246,BYPASS_20260928_V01,frame_02246.jpg,2246.0,00:37:26,08:47:26,66322,2233598.3,1080,1920,1080x1920,Smartphone 108 MP (Bypass),Óvalo Salida a Cusco,VALIDO,1666.9926954041282,130.79137345679013,NINGUNO
BYPASS_20260928_V01_F02247,BYPASS_20260928_V01,frame_02247.jpg,2247.0,00:37:27,08:47:27,66351,2234597.9,1080,1920,1080x1920,Smartphone 108 MP (Bypass),Óvalo Salida a Cusco,VALIDO,1654.7709810313636,130.99682484567901,NINGUNO
BYPASS_20260928_V01_F02248,BYPASS_20260928_V01,frame_02248.jpg,2248.0,00:37:28,08:47:28,66381,2235764.1,1080,1920,1080x1920,Smartphone 108 MP (Bypass),Óvalo Salida a Cusco,VALIDO,1396.062179236858,126.7519000771605,NINGUNO
BYPASS_20260928_V01_F02249,BYPASS_20260928_V01,frame_02249.jpg,2249.0,00:37:29,08:47:29,66410,2236730.3,1080,1920,1080x1920,Smartphone 108 MP (Bypass),Óvalo Salida a Cusco,VALIDO,1522.9102380759914,126.19090470679012,NINGUNO
BYPASS_20260928_V01_F02250,BYPASS_20260928_V01,frame_02250.jpg,2250.0,00:37:30,08:47:30,66440,2237763.2,1080,1920,1080x1920,Smartphone 108 MP (Bypass),Óvalo Salida a Cusco,VALIDO,1565.3750393275573,134.03493055555555,NINGUNO
BYPASS_20260928_V01_F02251,BYPASS_20260928_V01,frame_02251.jpg,2251.0,00:37:31,08:47:31,66469,2238796.1,1080,1920,1080x1920,Smartphone 108 MP (Bypass),Óvalo Salida a Cusco,VALIDO,1530.4909345059189,134.72063850308643,NINGUNO
BYPASS_20260928_V01_F02252,BYPASS_20260928_V01,frame_02252.jpg,2252.0,00:37:32,08:47:32,66499,2239795.7,1080,1920,1080x1920,Smartphone 108 MP (Bypass),Óvalo Salida a Cusco,VALIDO,1627.6996099438757,136.8530401234568,NINGUNO
BYPASS_20260928_V01_F02253,BYPASS_20260928_V01,frame_02253.jpg,2253.0,00:37:33,08:47:33,66528,2240761.9,1080,1920,1080x1920,Smartphone 108 MP (Bypass),Óvalo Salida a Cusco,VALIDO,1684.5011919846527,139.99068865740742,NINGUNO
BYPASS_20260928_V01_F02254,BYPASS_20260928_V01,frame_02254.jpg,2254.0,00:37:34,08:47:34,66558,2241861.5,1080,1920,1080x1920,Smartphone 108 MP (Bypass),Óvalo Salida a Cusco,VALIDO,1711.5888067021122,140.88155092592592,NINGUNO
BYPASS_20260928_V01_F02255,BYPASS_20260928_V01,frame_02255.jpg,2255.0,00:37:35,08:47:35,66587,2242827.9,1080,1920,1080x1920,Smartphone 108 MP (Bypass),Óvalo Salida a Cusco,VALIDO,1747.2123928459846,141.23104166666667,NINGUNO
BYPASS_20260928_V01_F02256,BYPASS_20260928_V01,frame_02256.jpg,2256.0,00:37:36,08:47:36,66617,2243894.0,1080,1920,1080x1920,Smartphone 108 MP (Bypass),Óvalo Salida a Cusco,VALIDO,1664.480766324709,138.84378279320987,NINGUNO
BYPASS_20260928_V01_F02257,BYPASS_20260928_V01,frame_02257.jpg,2257.0,00:37:37,08:47:37,66646,2244860.3,1080,1920,1080x1920,Smartphone 108 MP (Bypass),Óvalo Salida a Cusco,VALIDO,1676.6115285592023,136.1084664351852,NINGUNO
BYPASS_20260928_V01_F02258,BYPASS_20260928_V01,frame_02258.jpg,2258.0,00:37:38,08:47:38,66676,2245893.2,1080,1920,1080x1920,Smartphone 108 MP (Bypass),Óvalo Salida a Cusco,VALIDO,1620.859529945204,141.42334683641974,NINGUNO
BYPASS_20260928_V01_F02259,BYPASS_20260928_V01,frame_02259.jpg,2259.0,00:37:39,08:47:39,66706,2246992.7,1080,1920,1080x1920,Smartphone 108 MP (Bypass),Óvalo Salida a Cusco,VALIDO,1609.699869807202,139.291300154321,NINGUNO
BYPASS_20260928_V01_F02260,BYPASS_20260928_V01,frame_02260.jpg,2260.0,00:37:40,08:47:40,66735,2248059.0,1080,1920,1080x1920,Smartphone 108 MP (Bypass),Óvalo Salida a Cusco,VALIDO,1606.5610794616111,141.6749864969136,NINGUNO
BYPASS_20260928_V01_F02261,BYPASS_20260928_V01,frame_02261.jpg,2261.0,00:37:41,08:47:41,66765,2249125.2,1080,1920,1080x1920,Smartphone 108 MP (Bypass),Óvalo Salida a Cusco,VALIDO,1563.048649517118,142.872918595679,NINGUNO
BYPASS_20260928_V01_F02262,BYPASS_20260928_V01,frame_02262.jpg,2262.0,00:37:42,08:47:42,66794,2250191.5,1080,1920,1080x1920,Smartphone 108 MP (Bypass),Óvalo Salida a Cusco,VALIDO,1602.7093890474819,143.29157407407408,NINGUNO
BYPASS_20260928_V01_F02263,BYPASS_20260928_V01,frame_02263.jpg,2263.0,00:37:43,08:47:43,66824,2251324.4,1080,1920,1080x1920,Smartphone 108 MP (Bypass),Óvalo Salida a Cusco,VALIDO,1725.3310203437536,136.37090084876544,NINGUNO
BYPASS_20260928_V01_F02264,BYPASS_20260928_V01,frame_02264.jpg,2264.0,00:37:44,08:47:44,66853,2252357.3,1080,1920,1080x1920,Smartphone 108 MP (Bypass),Óvalo Salida a Cusco,VALIDO,1722.3169282449671,130.18779899691359,NINGUNO
BYPASS_20260928_V01_F02265,BYPASS_20260928_V01,frame_02265.jpg,2265.0,00:37:45,08:47:45,66883,2253490.2,1080,1920,1080x1920,Smartphone 108 MP (Bypass),Óvalo Salida a Cusco,VALIDO,1843.3851095651294,132.4110976080247,NINGUNO
BYPASS_20260928_V01_F02266,BYPASS_20260928_V01,frame_02266.jpg,2266.0,00:37:46,08:47:46,66912,2254456.5,1080,1920,1080x1920,Smartphone 108 MP (Bypass),Óvalo Salida a Cusco,VALIDO,1779.4445993697966,133.74825038580246,NINGUNO
BYPASS_20260928_V01_F02267,BYPASS_20260928_V01,frame_02267.jpg,2267.0,00:37:47,08:47:47,66942,2255522.7,1080,1920,1080x1920,Smartphone 108 MP (Bypass),Óvalo Salida a Cusco,VALIDO,1776.0237024778849,131.11585069444445,NINGUNO
BYPASS_20260928_V01_F02268,BYPASS_20260928_V01,frame_02268.jpg,2268.0,00:37:48,08:47:48,66971,2256655.6,1080,1920,1080x1920,Smartphone 108 MP (Bypass),Óvalo Salida a Cusco,VALIDO,1709.7389228843833,131.96125,NINGUNO
BYPASS_20260928_V01_F02269,BYPASS_20260928_V01,frame_02269.jpg,2269.0,00:37:49,08:47:49,67001,2257755.2,1080,1920,1080x1920,Smartphone 108 MP (Bypass),Óvalo Salida a Cusco,VALIDO,1629.5245446231418,129.49663580246914,NINGUNO
BYPASS_20260928_V01_F02270,BYPASS_20260928_V01,frame_02270.jpg,2270.0,00:37:50,08:47:50,67030,2258788.1,1080,1920,1080x1920,Smartphone 108 MP (Bypass),Óvalo Salida a Cusco,VALIDO,1576.4870970290192,128.9461188271605,NINGUNO
BYPASS_20260928_V01_F02271,BYPASS_20260928_V01,frame_02271.jpg,2271.0,00:37:51,08:47:51,67060,2259954.3,1080,1920,1080x1920,Smartphone 108 MP (Bypass),Óvalo Salida a Cusco,VALIDO,1665.5421920481785,126.8335300925926,NINGUNO
BYPASS_20260928_V01_F02272,BYPASS_20260928_V01,frame_02272.jpg,2272.0,00:37:52,08:47:52,67089,2261053.8,1080,1920,1080x1920,Smartphone 108 MP (Bypass),Óvalo Salida a Cusco,VALIDO,1714.5624325190968,134.79150655864197,NINGUNO
BYPASS_20260928_V01_F02273,BYPASS_20260928_V01,frame_02273.jpg,2273.0,00:37:53,08:47:53,67119,2262053.4,1080,1920,1080x1920,Smartphone 108 MP (Bypass),Óvalo Salida a Cusco,VALIDO,1639.0547272657523,133.48430555555555,NINGUNO
BYPASS_20260928_V01_F02274,BYPASS_20260928_V01,frame_02274.jpg,2274.0,00:37:54,08:47:54,67148,2263086.3,1080,1920,1080x1920,Smartphone 108 MP (Bypass),Óvalo Salida a Cusco,VALIDO,1665.6709053585423,133.02293595679012,NINGUNO
BYPASS_20260928_V01_F02275,BYPASS_20260928_V01,frame_02275.jpg,2275.0,00:37:55,08:47:55,67178,2264119.2,1080,1920,1080x1920,Smartphone 108 MP (Bypass),Óvalo Salida a Cusco,VALIDO,1759.4211621373242,135.45081790123456,NINGUNO
BYPASS_20260928_V01_F02276,BYPASS_20260928_V01,frame_02276.jpg,2276.0,00:37:56,08:47:56,67208,2265318.7,1080,1920,1080x1920,Smartphone 108 MP (Bypass),Óvalo Salida a Cusco,VALIDO,1762.2186916352862,136.97058449074075,NINGUNO
BYPASS_20260928_V01_F02277,BYPASS_20260928_V01,frame_02277.jpg,2277.0,00:37:57,08:47:57,67237,2266385.0,1080,1920,1080x1920,Smartphone 108 MP (Bypass),Óvalo Salida a Cusco,VALIDO,1806.3502829611616,135.79059606481482,NINGUNO
BYPASS_20260928_V01_F02278,BYPASS_20260928_V01,frame_02278.jpg,2278.0,00:37:58,08:47:58,67267,2267417.9,1080,1920,1080x1920,Smartphone 108 MP (Bypass),Óvalo Salida a Cusco,VALIDO,1872.0299244683163,135.27880594135803,NINGUNO
BYPASS_20260928_V01_F02279,BYPASS_20260928_V01,frame_02279.jpg,2279.0,00:37:59,08:47:59,67296,2268417.5,1080,1920,1080x1920,Smartphone 108 MP (Bypass),Óvalo Salida a Cusco,VALIDO,1660.1924036986877,134.43063464506173,NINGUNO
BYPASS_20260928_V01_F02280,BYPASS_20260928_V01,frame_02280.jpg,2280.0,00:38:00,08:48:00,67326,2269450.4,1080,1920,1080x1920,Smartphone 108 MP (Bypass),Óvalo Salida a Cusco,VALIDO,1605.827532802553,131.77335069444445,NINGUNO
BYPASS_20260928_V01_F02281,BYPASS_20260928_V01,frame_02281.jpg,2281.0,00:38:01,08:48:01,67355,2270483.3,1080,1920,1080x1920,Smartphone 108 MP (Bypass),Óvalo Salida a Cusco,VALIDO,1635.3445067273976,131.79380208333333,NINGUNO
BYPASS_20260928_V01_F02282,BYPASS_20260928_V01,frame_02282.jpg,2282.0,00:38:02,08:48:02,67385,2271649.5,1080,1920,1080x1920,Smartphone 108 MP (Bypass),Óvalo Salida a Cusco,VALIDO,1743.8828419522079,131.72459104938272,NINGUNO
BYPASS_20260928_V01_F02283,BYPASS_20260928_V01,frame_02283.jpg,2283.0,00:38:03,08:48:03,67414,2272715.8,1080,1920,1080x1920,Smartphone 108 MP (Bypass),Óvalo Salida a Cusco,VALIDO,1734.8185135346073,129.91230131172838,NINGUNO
BYPASS_20260928_V01_F02284,BYPASS_20260928_V01,frame_02284.jpg,2284.0,00:38:04,08:48:04,67444,2273715.4,1080,1920,1080x1920,Smartphone 108 MP (Bypass),Óvalo Salida a Cusco,VALIDO,1798.1094886765638,129.18914158950616,NINGUNO
BYPASS_20260928_V01_F02285,BYPASS_20260928_V01,frame_02285.jpg,2285.0,00:38:05,08:48:05,67473,2274715.0,1080,1920,1080x1920,Smartphone 108 MP (Bypass),Óvalo Salida a Cusco,VALIDO,1654.5391782121483,128.62105324074074,NINGUNO
BYPASS_20260928_V01_F02286,BYPASS_20260928_V01,frame_02286.jpg,2286.0,00:38:06,08:48:06,67503,2275747.9,1080,1920,1080x1920,Smartphone 108 MP (Bypass),Óvalo Salida a Cusco,VALIDO,1651.0542702785597,129.63103587962962,NINGUNO
BYPASS_20260928_V01_F02287,BYPASS_20260928_V01,frame_02287.jpg,2287.0,00:38:07,08:48:07,67532,2276980.7,1080,1920,1080x1920,Smartphone 108 MP (Bypass),Óvalo Salida a Cusco,VALIDO,1641.912617414155,126.11558449074074,NINGUNO
BYPASS_20260928_V01_F02288,BYPASS_20260928_V01,frame_02288.jpg,2288.0,00:38:08,08:48:08,67562,2278113.6,1080,1920,1080x1920,Smartphone 108 MP (Bypass),Óvalo Salida a Cusco,VALIDO,1618.176035357185,126.75588348765432,NINGUNO
BYPASS_20260928_V01_F02289,BYPASS_20260928_V01,frame_02289.jpg,2289.0,00:38:09,08:48:09,67591,2279113.2,1080,1920,1080x1920,Smartphone 108 MP (Bypass),Óvalo Salida a Cusco,VALIDO,1594.0618654210095,128.74857060185184,NINGUNO
BYPASS_20260928_V01_F02290,BYPASS_20260928_V01,frame_02290.jpg,2290.0,00:38:10,08:48:10,67621,2280246.1,1080,1920,1080x1920,Smartphone 108 MP (Bypass),Óvalo Salida a Cusco,VALIDO,1641.2715911068922,131.91964699074074,NINGUNO
BYPASS_20260928_V01_F02291,BYPASS_20260928_V01,frame_02291.jpg,2291.0,00:38:11,08:48:11,67650,2281412.3,1080,1920,1080x1920,Smartphone 108 MP (Bypass),Óvalo Salida a Cusco,VALIDO,1579.933676777813,132.93236689814816,NINGUNO
BYPASS_20260928_V01_F02292,BYPASS_20260928_V01,frame_02292.jpg,2292.0,00:38:12,08:48:12,67680,2282578.5,1080,1920,1080x1920,Smartphone 108 MP (Bypass),Óvalo Salida a Cusco,VALIDO,1544.9362284392348,133.22930941358024,NINGUNO
BYPASS_20260928_V01_F02293,BYPASS_20260928_V01,frame_02293.jpg,2293.0,00:38:13,08:48:13,67709,2283578.1,1080,1920,1080x1920,Smartphone 108 MP (Bypass),Óvalo Salida a Cusco,VALIDO,1572.1423658236126,134.00276041666666,NINGUNO
BYPASS_20260928_V01_F02294,BYPASS_20260928_V01,frame_02294.jpg,2294.0,00:38:14,08:48:14,67739,2284611.0,1080,1920,1080x1920,Smartphone 108 MP (Bypass),Óvalo Salida a Cusco,VALIDO,1812.2158489023682,133.41550733024692,NINGUNO
BYPASS_20260928_V01_F02295,BYPASS_20260928_V01,frame_02295.jpg,2295.0,00:38:15,08:48:15,67769,2285777.2,1080,1920,1080x1920,Smartphone 108 MP (Bypass),Óvalo Salida a Cusco,VALIDO,1812.424546551976,132.3129263117284,NINGUNO
BYPASS_20260928_V01_F02296,BYPASS_20260928_V01,frame_02296.jpg,2296.0,00:38:16,08:48:16,67798,2286876.7,1080,1920,1080x1920,Smartphone 108 MP (Bypass),Óvalo Salida a Cusco,VALIDO,1706.273273053837,130.00782600308642,NINGUNO
BYPASS_20260928_V01_F02297,BYPASS_20260928_V01,frame_02297.jpg,2297.0,00:38:17,08:48:17,67828,2287976.3,1080,1920,1080x1920,Smartphone 108 MP (Bypass),Óvalo Salida a Cusco,VALIDO,1574.8660974464367,129.23034529320987,NINGUNO
BYPASS_20260928_V01_F02298,BYPASS_20260928_V01,frame_02298.jpg,2298.0,00:38:18,08:48:18,67857,2289075.8,1080,1920,1080x1920,Smartphone 108 MP (Bypass),Óvalo Salida a Cusco,VALIDO,1436.350738314736,130.4963888888889,NINGUNO
BYPASS_20260928_V01_F02299,BYPASS_20260928_V01,frame_02299.jpg,2299.0,00:38:19,08:48:19,67887,2290108.8,1080,1920,1080x1920,Smartphone 108 MP (Bypass),Óvalo Salida a Cusco,VALIDO,1376.7940700226125,133.57591820987653,NINGUNO
BYPASS_20260928_V01_F02300,BYPASS_20260928_V01,frame_02300.jpg,2300.0,00:38:20,08:48:20,67916,2291141.7,1080,1920,1080x1920,Smartphone 108 MP (Bypass),Óvalo Salida a Cusco,VALIDO,1388.689687097751,136.70786651234567,NINGUNO
BYPASS_20260928_V01_F02301,BYPASS_20260928_V01,frame_02301.jpg,2301.0,00:38:21,08:48:21,67946,2292407.8,1080,1920,1080x1920,Smartphone 108 MP (Bypass),Óvalo Salida a Cusco,VALIDO,1531.732022983096,134.58663387345678,NINGUNO
BYPASS_20260928_V01_F02302,BYPASS_20260928_V01,frame_02302.jpg,2302.0,00:38:22,08:48:22,67975,2293474.0,1080,1920,1080x1920,Smartphone 108 MP (Bypass),Óvalo Salida a Cusco,VALIDO,1462.5955063371025,134.70643325617283,NINGUNO
BYPASS_20260928_V01_F02303,BYPASS_20260928_V01,frame_02303.jpg,2303.0,00:38:23,08:48:23,68005,2294507.0,1080,1920,1080x1920,Smartphone 108 MP (Bypass),Óvalo Salida a Cusco,VALIDO,1431.2567490430813,136.34791280864198,NINGUNO
BYPASS_20260928_V01_F02304,BYPASS_20260928_V01,frame_02304.jpg,2304.0,00:38:24,08:48:24,68034,2295606.5,1080,1920,1080x1920,Smartphone 108 MP (Bypass),Óvalo Salida a Cusco,VALIDO,1473.6309225943573,136.5083950617284,NINGUNO
BYPASS_20260928_V01_F02305,BYPASS_20260928_V01,frame_02305.jpg,2305.0,00:38:25,08:48:25,68064,2296639.4,1080,1920,1080x1920,Smartphone 108 MP (Bypass),Óvalo Salida a Cusco,VALIDO,1516.7579763303015,136.2979513888889,NINGUNO
BYPASS_20260928_V01_F02306,BYPASS_20260928_V01,frame_02306.jpg,2306.0,00:38:26,08:48:26,68093,2297639.0,1080,1920,1080x1920,Smartphone 108 MP (Bypass),Óvalo Salida a Cusco,VALIDO,1632.7060640070065,134.65888695987655,NINGUNO
BYPASS_20260928_V01_F02307,BYPASS_20260928_V01,frame_02307.jpg,2307.0,00:38:27,08:48:27,68123,2298705.3,1080,1920,1080x1920,Smartphone 108 MP (Bypass),Óvalo Salida a Cusco,VALIDO,1619.3496266972293,132.41465470679012,NINGUNO
BYPASS_20260928_V01_F02308,BYPASS_20260928_V01,frame_02308.jpg,2308.0,00:38:28,08:48:28,68152,2299838.2,1080,1920,1080x1920,Smartphone 108 MP (Bypass),Óvalo Salida a Cusco,VALIDO,1677.8609995217323,132.50695408950617,NINGUNO
BYPASS_20260928_V01_F02309,BYPASS_20260928_V01,frame_02309.jpg,2309.0,00:38:29,08:48:29,68182,2300871.1,1080,1920,1080x1920,Smartphone 108 MP (Bypass),Óvalo Salida a Cusco,VALIDO,1647.1865891298814,133.8223900462963,NINGUNO
BYPASS_20260928_V01_F02310,BYPASS_20260928_V01,frame_02310.jpg,2310.0,00:38:30,08:48:30,68211,2301937.3,1080,1920,1080x1920,Smartphone 108 MP (Bypass),Óvalo Salida a Cusco,VALIDO,1650.5506356541277,132.73473572530864,NINGUNO
BYPASS_20260928_V01_F02311,BYPASS_20260928_V01,frame_02311.jpg,2311.0,00:38:31,08:48:31,68241,2302970.2,1080,1920,1080x1920,Smartphone 108 MP (Bypass),Óvalo Salida a Cusco,VALIDO,1630.1340600477088,132.4884837962963,NINGUNO
BYPASS_20260928_V01_F02312,BYPASS_20260928_V01,frame_02312.jpg,2312.0,00:38:32,08:48:32,68271,2303969.8,1080,1920,1080x1920,Smartphone 108 MP (Bypass),Óvalo Salida a Cusco,VALIDO,1626.4390544779842,133.68624614197532,NINGUNO
BYPASS_20260928_V01_F02313,BYPASS_20260928_V01,frame_02313.jpg,2313.0,00:38:33,08:48:33,68300,2305002.7,1080,1920,1080x1920,Smartphone 108 MP (Bypass),Óvalo Salida a Cusco,VALIDO,1630.6085136309587,136.28864583333333,NINGUNO
BYPASS_20260928_V01_F02314,BYPASS_20260928_V01,frame_02314.jpg,2314.0,00:38:34,08:48:34,68330,2306068.9,1080,1920,1080x1920,Smartphone 108 MP (Bypass),Óvalo Salida a Cusco,VALIDO,1697.9062002728604,139.24859375,NINGUNO
BYPASS_20260928_V01_F02315,BYPASS_20260928_V01,frame_02315.jpg,2315.0,00:38:35,08:48:35,68359,2307135.2,1080,1920,1080x1920,Smartphone 108 MP (Bypass),Óvalo Salida a Cusco,VALIDO,1710.4555029706194,138.7070486111111,NINGUNO
BYPASS_20260928_V01_F02316,BYPASS_20260928_V01,frame_02316.jpg,2316.0,00:38:36,08:48:36,68389,2308234.7,1080,1920,1080x1920,Smartphone 108 MP (Bypass),Óvalo Salida a Cusco,VALIDO,1687.3404749826152,139.54043595679013,NINGUNO
BYPASS_20260928_V01_F02317,BYPASS_20260928_V01,frame_02317.jpg,2317.0,00:38:37,08:48:37,68418,2309267.6,1080,1920,1080x1920,Smartphone 108 MP (Bypass),Óvalo Salida a Cusco,VALIDO,1620.3784716104158,140.3032889660494,NINGUNO
BYPASS_20260928_V01_F02318,BYPASS_20260928_V01,frame_02318.jpg,2318.0,00:38:38,08:48:38,68448,2310300.6,1080,1920,1080x1920,Smartphone 108 MP (Bypass),Óvalo Salida a Cusco,VALIDO,1683.0928174623516,140.39383680555557,NINGUNO
BYPASS_20260928_V01_F02319,BYPASS_20260928_V01,frame_02319.jpg,2319.0,00:38:39,08:48:39,68477,2311300.2,1080,1920,1080x1920,Smartphone 108 MP (Bypass),Óvalo Salida a Cusco,VALIDO,1648.6957795344254,140.2384297839506,NINGUNO
BYPASS_20260928_V01_F02320,BYPASS_20260928_V01,frame_02320.jpg,2320.0,00:38:40,08:48:40,68507,2312366.4,1080,1920,1080x1920,Smartphone 108 MP (Bypass),Óvalo Salida a Cusco,VALIDO,1731.1962776739442,141.19235918209876,NINGUNO
BYPASS_20260928_V01_F02321,BYPASS_20260928_V01,frame_02321.jpg,2321.0,00:38:41,08:48:41,68536,2313432.6,1080,1920,1080x1920,Smartphone 108 MP (Bypass),Óvalo Salida a Cusco,VALIDO,1668.4594380344633,140.66459297839506,NINGUNO
BYPASS_20260928_V01_F02322,BYPASS_20260928_V01,frame_02322.jpg,2322.0,00:38:42,08:48:42,68566,2314565.5,1080,1920,1080x1920,Smartphone 108 MP (Bypass),Óvalo Salida a Cusco,VALIDO,1714.444924725916,140.90606674382715,NINGUNO
BYPASS_20260928_V01_F02323,BYPASS_20260928_V01,frame_02323.jpg,2323.0,00:38:43,08:48:43,68595,2315765.1,1080,1920,1080x1920,Smartphone 108 MP (Bypass),Óvalo Salida a Cusco,VALIDO,1633.9756288342098,134.76254822530865,NINGUNO
BYPASS_20260928_V01_F02324,BYPASS_20260928_V01,frame_02324.jpg,2324.0,00:38:44,08:48:44,68625,2316898.0,1080,1920,1080x1920,Smartphone 108 MP (Bypass),Óvalo Salida a Cusco,VALIDO,1624.5807905124411,131.58458526234568,NINGUNO
BYPASS_20260928_V01_F02325,BYPASS_20260928_V01,frame_02325.jpg,2325.0,00:38:45,08:48:45,68654,2317964.2,1080,1920,1080x1920,Smartphone 108 MP (Bypass),Óvalo Salida a Cusco,VALIDO,1818.663214351316,129.21797646604938,NINGUNO
BYPASS_20260928_V01_F02326,BYPASS_20260928_V01,frame_02326.jpg,2326.0,00:38:46,08:48:46,68684,2319030.5,1080,1920,1080x1920,Smartphone 108 MP (Bypass),Óvalo Salida a Cusco,VALIDO,1926.2031058143607,126.84364969135802,NINGUNO
BYPASS_20260928_V01_F02327,BYPASS_20260928_V01,frame_02327.jpg,2327.0,00:38:47,08:48:47,68713,2320063.4,1080,1920,1080x1920,Smartphone 108 MP (Bypass),Óvalo Salida a Cusco,VALIDO,1750.7428595728873,126.39507716049383,NINGUNO
BYPASS_20260928_V01_F02328,BYPASS_20260928_V01,frame_02328.jpg,2328.0,00:38:48,08:48:48,68743,2321129.6,1080,1920,1080x1920,Smartphone 108 MP (Bypass),Óvalo Salida a Cusco,VALIDO,1705.415574619731,127.52267168209876,NINGUNO
BYPASS_20260928_V01_F02329,BYPASS_20260928_V01,frame_02329.jpg,2329.0,00:38:49,08:48:49,68773,2322162.6,1080,1920,1080x1920,Smartphone 108 MP (Bypass),Óvalo Salida a Cusco,VALIDO,1854.4697968068897,127.15102816358025,NINGUNO
BYPASS_20260928_V01_F02330,BYPASS_20260928_V01,frame_02330.jpg,2330.0,00:38:50,08:48:50,68802,2323162.1,1080,1920,1080x1920,Smartphone 108 MP (Bypass),Óvalo Salida a Cusco,VALIDO,1810.1660471254704,127.44182098765432,NINGUNO
BYPASS_20260928_V01_F02331,BYPASS_20260928_V01,frame_02331.jpg,2331.0,00:38:51,08:48:51,68832,2324228.4,1080,1920,1080x1920,Smartphone 108 MP (Bypass),Óvalo Salida a Cusco,VALIDO,1845.0128343549916,127.96828896604939,NINGUNO
BYPASS_20260928_V01_F02332,BYPASS_20260928_V01,frame_02332.jpg,2332.0,00:38:52,08:48:52,68861,2325261.3,1080,1920,1080x1920,Smartphone 108 MP (Bypass),Óvalo Salida a Cusco,VALIDO,1776.7464732830867,127.50930555555556,NINGUNO
BYPASS_20260928_V01_F02333,BYPASS_20260928_V01,frame_02333.jpg,2333.0,00:38:53,08:48:53,68891,2326294.2,1080,1920,1080x1920,Smartphone 108 MP (Bypass),Óvalo Salida a Cusco,VALIDO,1807.6379161360542,130.20084104938272,NINGUNO
BYPASS_20260928_V01_F02334,BYPASS_20260928_V01,frame_02334.jpg,2334.0,00:38:54,08:48:54,68920,2327293.7,1080,1920,1080x1920,Smartphone 108 MP (Bypass),Óvalo Salida a Cusco,VALIDO,1847.9027218082542,132.93232253086418,NINGUNO
BYPASS_20260928_V01_F02335,BYPASS_20260928_V01,frame_02335.jpg,2335.0,00:38:55,08:48:55,68950,2328293.3,1080,1920,1080x1920,Smartphone 108 MP (Bypass),Óvalo Salida a Cusco,VALIDO,1906.2707349304806,130.7238522376543,NINGUNO
BYPASS_20260928_V01_F02336,BYPASS_20260928_V01,frame_02336.jpg,2336.0,00:38:56,08:48:56,68979,2329259.6,1080,1920,1080x1920,Smartphone 108 MP (Bypass),Óvalo Salida a Cusco,VALIDO,1879.330080889382,130.9117399691358,NINGUNO
BYPASS_20260928_V01_F02337,BYPASS_20260928_V01,frame_02337.jpg,2337.0,00:38:57,08:48:57,69009,2330325.8,1080,1920,1080x1920,Smartphone 108 MP (Bypass),Óvalo Salida a Cusco,VALIDO,1911.07475145256,131.0282851080247,NINGUNO
BYPASS_20260928_V01_F02338,BYPASS_20260928_V01,frame_02338.jpg,2338.0,00:38:58,08:48:58,69038,2331292.1,1080,1920,1080x1920,Smartphone 108 MP (Bypass),Óvalo Salida a Cusco,VALIDO,1863.772742278291,133.3111111111111,NINGUNO
BYPASS_20260928_V01_F02339,BYPASS_20260928_V01,frame_02339.jpg,2339.0,00:38:59,08:48:59,69068,2332325.0,1080,1920,1080x1920,Smartphone 108 MP (Bypass),Óvalo Salida a Cusco,VALIDO,1788.7423510368437,135.3049402006173,NINGUNO
BYPASS_20260928_V01_F02340,BYPASS_20260928_V01,frame_02340.jpg,2340.0,00:39:00,08:49:00,69097,2333291.3,1080,1920,1080x1920,Smartphone 108 MP (Bypass),Óvalo Salida a Cusco,VALIDO,1797.2406248190614,137.10729552469135,NINGUNO
BYPASS_20260928_V01_F02341,BYPASS_20260928_V01,frame_02341.jpg,2341.0,00:39:01,08:49:01,69127,2334390.8,1080,1920,1080x1920,Smartphone 108 MP (Bypass),Óvalo Salida a Cusco,VALIDO,1896.338011706902,135.9091975308642,NINGUNO
BYPASS_20260928_V01_F02342,BYPASS_20260928_V01,frame_02342.jpg,2342.0,00:39:02,08:49:02,69156,2335457.1,1080,1920,1080x1920,Smartphone 108 MP (Bypass),Óvalo Salida a Cusco,VALIDO,1897.5182798157396,138.48231288580246,NINGUNO
BYPASS_20260928_V01_F02343,BYPASS_20260928_V01,frame_02343.jpg,2343.0,00:39:03,08:49:03,69186,2336556.6,1080,1920,1080x1920,Smartphone 108 MP (Bypass),Óvalo Salida a Cusco,VALIDO,1827.0463291734386,138.8488773148148,NINGUNO
BYPASS_20260928_V01_F02344,BYPASS_20260928_V01,frame_02344.jpg,2344.0,00:39:04,08:49:04,69215,2337556.2,1080,1920,1080x1920,Smartphone 108 MP (Bypass),Óvalo Salida a Cusco,VALIDO,1872.605948380329,138.82687114197532,NINGUNO
BYPASS_20260928_V01_F02345,BYPASS_20260928_V01,frame_02345.jpg,2345.0,00:39:05,08:49:05,69245,2338589.1,1080,1920,1080x1920,Smartphone 108 MP (Bypass),Óvalo Salida a Cusco,VALIDO,1973.144777224065,139.12862075617284,NINGUNO
BYPASS_20260928_V01_F02346,BYPASS_20260928_V01,frame_02346.jpg,2346.0,00:39:06,08:49:06,69275,2339688.7,1080,1920,1080x1920,Smartphone 108 MP (Bypass),Óvalo Salida a Cusco,VALIDO,1900.6819057713042,137.61938464506173,NINGUNO
BYPASS_20260928_V01_F02347,BYPASS_20260928_V01,frame_02347.jpg,2347.0,00:39:07,08:49:07,69304,2340788.3,1080,1920,1080x1920,Smartphone 108 MP (Bypass),Óvalo Salida a Cusco,VALIDO,1790.478840458083,137.71802854938272,NINGUNO
BYPASS_20260928_V01_F02348,BYPASS_20260928_V01,frame_02348.jpg,2348.0,00:39:08,08:49:08,69334,2341854.5,1080,1920,1080x1920,Smartphone 108 MP (Bypass),Óvalo Salida a Cusco,VALIDO,1830.6130830278723,135.02762731481482,NINGUNO
BYPASS_20260928_V01_F02349,BYPASS_20260928_V01,frame_02349.jpg,2349.0,00:39:09,08:49:09,69363,2342820.8,1080,1920,1080x1920,Smartphone 108 MP (Bypass),Óvalo Salida a Cusco,VALIDO,1801.5419650167662,136.13025848765432,NINGUNO
BYPASS_20260928_V01_F02350,BYPASS_20260928_V01,frame_02350.jpg,2350.0,00:39:10,08:49:10,69393,2343820.4,1080,1920,1080x1920,Smartphone 108 MP (Bypass),Óvalo Salida a Cusco,VALIDO,1904.5151027362804,136.1701601080247,NINGUNO
BYPASS_20260928_V01_F02351,BYPASS_20260928_V01,frame_02351.jpg,2351.0,00:39:11,08:49:11,69422,2344886.6,1080,1920,1080x1920,Smartphone 108 MP (Bypass),Óvalo Salida a Cusco,VALIDO,1816.6638458047514,136.50685570987653,NINGUNO
BYPASS_20260928_V01_F02352,BYPASS_20260928_V01,frame_02352.jpg,2352.0,00:39:12,08:49:12,69452,2345986.2,1080,1920,1080x1920,Smartphone 108 MP (Bypass),Óvalo Salida a Cusco,VALIDO,1887.5789228508775,135.91107831790123,NINGUNO
BYPASS_20260928_V01_F02353,BYPASS_20260928_V01,frame_02353.jpg,2353.0,00:39:13,08:49:13,69481,2347052.4,1080,1920,1080x1920,Smartphone 108 MP (Bypass),Óvalo Salida a Cusco,VALIDO,1889.8988812466512,135.6360725308642,NINGUNO
BYPASS_20260928_V01_F02354,BYPASS_20260928_V01,frame_02354.jpg,2354.0,00:39:14,08:49:14,69511,2348251.9,1080,1920,1080x1920,Smartphone 108 MP (Bypass),Óvalo Salida a Cusco,VALIDO,1931.2695059432633,135.82373649691357,NINGUNO
BYPASS_20260928_V01_F02355,BYPASS_20260928_V01,frame_02355.jpg,2355.0,00:39:15,08:49:15,69540,2349384.8,1080,1920,1080x1920,Smartphone 108 MP (Bypass),Óvalo Salida a Cusco,VALIDO,1913.5950830946476,135.24367669753087,NINGUNO
BYPASS_20260928_V01_F02356,BYPASS_20260928_V01,frame_02356.jpg,2356.0,00:39:16,08:49:16,69570,2350451.0,1080,1920,1080x1920,Smartphone 108 MP (Bypass),Óvalo Salida a Cusco,VALIDO,2000.923751105908,134.35616512345678,NINGUNO
BYPASS_20260928_V01_F02357,BYPASS_20260928_V01,frame_02357.jpg,2357.0,00:39:17,08:49:17,69599,2351584.0,1080,1920,1080x1920,Smartphone 108 MP (Bypass),Óvalo Salida a Cusco,VALIDO,1948.730590572038,129.79449074074074,NINGUNO
BYPASS_20260928_V01_F02358,BYPASS_20260928_V01,frame_02358.jpg,2358.0,00:39:18,08:49:18,69629,2352616.9,1080,1920,1080x1920,Smartphone 108 MP (Bypass),Óvalo Salida a Cusco,VALIDO,1852.1421356189412,127.49228202160494,NINGUNO
BYPASS_20260928_V01_F02359,BYPASS_20260928_V01,frame_02359.jpg,2359.0,00:39:19,08:49:19,69658,2353649.8,1080,1920,1080x1920,Smartphone 108 MP (Bypass),Óvalo Salida a Cusco,VALIDO,1789.4948507830209,122.6982175925926,NINGUNO
BYPASS_20260928_V01_F02360,BYPASS_20260928_V01,frame_02360.jpg,2360.0,00:39:20,08:49:20,69688,2354749.4,1080,1920,1080x1920,Smartphone 108 MP (Bypass),Óvalo Salida a Cusco,VALIDO,1735.6727010712225,126.07349537037037,NINGUNO
BYPASS_20260928_V01_F02361,BYPASS_20260928_V01,frame_02361.jpg,2361.0,00:39:21,08:49:21,69717,2355848.9,1080,1920,1080x1920,Smartphone 108 MP (Bypass),Óvalo Salida a Cusco,VALIDO,1768.3254245772216,130.13682291666666,NINGUNO
BYPASS_20260928_V01_F02362,BYPASS_20260928_V01,frame_02362.jpg,2362.0,00:39:22,08:49:22,69747,2356948.5,1080,1920,1080x1920,Smartphone 108 MP (Bypass),Óvalo Salida a Cusco,VALIDO,1893.9254193101128,129.93221450617284,NINGUNO
BYPASS_20260928_V01_F02363,BYPASS_20260928_V01,frame_02363.jpg,2363.0,00:39:23,08:49:23,69777,2358048.0,1080,1920,1080x1920,Smartphone 108 MP (Bypass),Óvalo Salida a Cusco,VALIDO,1651.9844028299287,130.23389660493828,NINGUNO
BYPASS_20260928_V01_F02364,BYPASS_20260928_V01,frame_02364.jpg,2364.0,00:39:24,08:49:24,69806,2359047.6,1080,1920,1080x1920,Smartphone 108 MP (Bypass),Óvalo Salida a Cusco,VALIDO,1713.4073665404437,135.27235532407408,NINGUNO
BYPASS_20260928_V01_F02365,BYPASS_20260928_V01,frame_02365.jpg,2365.0,00:39:25,08:49:25,69836,2360147.3,1080,1920,1080x1920,Smartphone 108 MP (Bypass),Óvalo Salida a Cusco,VALIDO,1790.3650445324965,134.9196122685185,NINGUNO
BYPASS_20260928_V01_F02366,BYPASS_20260928_V01,frame_02366.jpg,2366.0,00:39:26,08:49:26,69865,2361180.0,1080,1920,1080x1920,Smartphone 108 MP (Bypass),Óvalo Salida a Cusco,VALIDO,1796.2033821115924,135.76907986111112,NINGUNO
BYPASS_20260928_V01_F02367,BYPASS_20260928_V01,frame_02367.jpg,2367.0,00:39:27,08:49:27,69895,2362412.9,1080,1920,1080x1920,Smartphone 108 MP (Bypass),Óvalo Salida a Cusco,VALIDO,1724.2510586968945,136.28099922839507,NINGUNO
BYPASS_20260928_V01_F02368,BYPASS_20260928_V01,frame_02368.jpg,2368.0,00:39:28,08:49:28,69924,2363445.8,1080,1920,1080x1920,Smartphone 108 MP (Bypass),Óvalo Salida a Cusco,VALIDO,1724.0719763551276,139.2665760030864,NINGUNO
BYPASS_20260928_V01_F02369,BYPASS_20260928_V01,frame_02369.jpg,2369.0,00:39:29,08:49:29,69954,2364445.4,1080,1920,1080x1920,Smartphone 108 MP (Bypass),Óvalo Salida a Cusco,VALIDO,1809.9189057134338,134.75983410493828,NINGUNO
BYPASS_20260928_V01_F02370,BYPASS_20260928_V01,frame_02370.jpg,2370.0,00:39:30,08:49:30,69983,2365478.4,1080,1920,1080x1920,Smartphone 108 MP (Bypass),Óvalo Salida a Cusco,VALIDO,1811.4600237627199,125.82847029320988,NINGUNO
BYPASS_20260928_V01_F02371,BYPASS_20260928_V01,frame_02371.jpg,2371.0,00:39:31,08:49:31,70013,2366511.2,1080,1920,1080x1920,Smartphone 108 MP (Bypass),Óvalo Salida a Cusco,VALIDO,1643.7664988811575,131.73934220679013,NINGUNO
BYPASS_20260928_V01_F02372,BYPASS_20260928_V01,frame_02372.jpg,2372.0,00:39:32,08:49:32,70042,2367644.1,1080,1920,1080x1920,Smartphone 108 MP (Bypass),Óvalo Salida a Cusco,VALIDO,1610.1589092095903,135.48907407407407,NINGUNO
BYPASS_20260928_V01_F02373,BYPASS_20260928_V01,frame_02373.jpg,2373.0,00:39:33,08:49:33,70072,2368743.8,1080,1920,1080x1920,Smartphone 108 MP (Bypass),Óvalo Salida a Cusco,VALIDO,1610.0811560055654,132.0693576388889,NINGUNO
BYPASS_20260928_V01_F02374,BYPASS_20260928_V01,frame_02374.jpg,2374.0,00:39:34,08:49:34,70101,2369743.3,1080,1920,1080x1920,Smartphone 108 MP (Bypass),Óvalo Salida a Cusco,VALIDO,1626.1107725316347,133.42695601851852,NINGUNO
BYPASS_20260928_V01_F02375,BYPASS_20260928_V01,frame_02375.jpg,2375.0,00:39:35,08:49:35,70131,2370842.8,1080,1920,1080x1920,Smartphone 108 MP (Bypass),Óvalo Salida a Cusco,VALIDO,1609.9725149917606,134.85803433641976,NINGUNO
BYPASS_20260928_V01_F02376,BYPASS_20260928_V01,frame_02376.jpg,2376.0,00:39:36,08:49:36,70160,2371975.7,1080,1920,1080x1920,Smartphone 108 MP (Bypass),Óvalo Salida a Cusco,VALIDO,1530.3138693542903,132.56489197530865,NINGUNO
BYPASS_20260928_V01_F02377,BYPASS_20260928_V01,frame_02377.jpg,2377.0,00:39:37,08:49:37,70190,2373042.0,1080,1920,1080x1920,Smartphone 108 MP (Bypass),Óvalo Salida a Cusco,VALIDO,1539.0911059844598,132.91705825617285,NINGUNO
BYPASS_20260928_V01_F02378,BYPASS_20260928_V01,frame_02378.jpg,2378.0,00:39:38,08:49:38,70219,2374041.5,1080,1920,1080x1920,Smartphone 108 MP (Bypass),Óvalo Salida a Cusco,VALIDO,1537.905823783516,134.47112654320986,NINGUNO
BYPASS_20260928_V01_F02379,BYPASS_20260928_V01,frame_02379.jpg,2379.0,00:39:39,08:49:39,70249,2375074.5,1080,1920,1080x1920,Smartphone 108 MP (Bypass),Óvalo Salida a Cusco,VALIDO,1521.1635352966239,134.9467013888889,NINGUNO
BYPASS_20260928_V01_F02380,BYPASS_20260928_V01,frame_02380.jpg,2380.0,00:39:40,08:49:40,70278,2376240.6,1080,1920,1080x1920,Smartphone 108 MP (Bypass),Óvalo Salida a Cusco,VALIDO,1558.6015847021579,134.4999209104938,NINGUNO
BYPASS_20260928_V01_F02381,BYPASS_20260928_V01,frame_02381.jpg,2381.0,00:39:41,08:49:41,70308,2377306.9,1080,1920,1080x1920,Smartphone 108 MP (Bypass),Óvalo Salida a Cusco,VALIDO,1588.2395610425203,128.92152970679012,NINGUNO
BYPASS_20260928_V01_F02382,BYPASS_20260928_V01,frame_02382.jpg,2382.0,00:39:42,08:49:42,70338,2378439.9,1080,1920,1080x1920,Smartphone 108 MP (Bypass),Óvalo Salida a Cusco,VALIDO,1407.8762109910692,125.78723186728395,NINGUNO
BYPASS_20260928_V01_F02383,BYPASS_20260928_V01,frame_02383.jpg,2383.0,00:39:43,08:49:43,70367,2379506.1,1080,1920,1080x1920,Smartphone 108 MP (Bypass),Óvalo Salida a Cusco,VALIDO,1441.5650336974008,121.5622762345679,NINGUNO
BYPASS_20260928_V01_F02384,BYPASS_20260928_V01,frame_02384.jpg,2384.0,00:39:44,08:49:44,70397,2380638.9,1080,1920,1080x1920,Smartphone 108 MP (Bypass),Óvalo Salida a Cusco,VALIDO,1485.5551773268378,124.18919174382717,NINGUNO
BYPASS_20260928_V01_F02385,BYPASS_20260928_V01,frame_02385.jpg,2385.0,00:39:45,08:49:45,70426,2381671.8,1080,1920,1080x1920,Smartphone 108 MP (Bypass),Óvalo Salida a Cusco,VALIDO,1501.3177247418457,124.05413966049383,NINGUNO
BYPASS_20260928_V01_F02386,BYPASS_20260928_V01,frame_02386.jpg,2386.0,00:39:46,08:49:46,70456,2382838.1,1080,1920,1080x1920,Smartphone 108 MP (Bypass),Óvalo Salida a Cusco,VALIDO,1500.7768906715844,123.64300733024692,NINGUNO
BYPASS_20260928_V01_F02387,BYPASS_20260928_V01,frame_02387.jpg,2387.0,00:39:47,08:49:47,70485,2383870.9,1080,1920,1080x1920,Smartphone 108 MP (Bypass),Óvalo Salida a Cusco,VALIDO,1509.9720119366532,126.58196952160493,NINGUNO
BYPASS_20260928_V01_F02388,BYPASS_20260928_V01,frame_02388.jpg,2388.0,00:39:48,08:49:48,70515,2384937.2,1080,1920,1080x1920,Smartphone 108 MP (Bypass),Óvalo Salida a Cusco,VALIDO,1552.2327124648994,127.1199363425926,NINGUNO
BYPASS_20260928_V01_F02389,BYPASS_20260928_V01,frame_02389.jpg,2389.0,00:39:49,08:49:49,70544,2385970.1,1080,1920,1080x1920,Smartphone 108 MP (Bypass),Óvalo Salida a Cusco,VALIDO,1469.613846026321,126.49388117283951,NINGUNO
BYPASS_20260928_V01_F02390,BYPASS_20260928_V01,frame_02390.jpg,2390.0,00:39:50,08:49:50,70574,2387103.0,1080,1920,1080x1920,Smartphone 108 MP (Bypass),Óvalo Salida a Cusco,VALIDO,1405.1712070165895,125.67559220679013,NINGUNO
BYPASS_20260928_V01_F02391,BYPASS_20260928_V01,frame_02391.jpg,2391.0,00:39:51,08:49:51,70603,2388202.5,1080,1920,1080x1920,Smartphone 108 MP (Bypass),Óvalo Salida a Cusco,VALIDO,1418.60370939902,127.11011766975308,NINGUNO
BYPASS_20260928_V01_F02392,BYPASS_20260928_V01,frame_02392.jpg,2392.0,00:39:52,08:49:52,70633,2389302.1,1080,1920,1080x1920,Smartphone 108 MP (Bypass),Óvalo Salida a Cusco,VALIDO,1464.7608996008016,125.47084683641975,NINGUNO
BYPASS_20260928_V01_F02393,BYPASS_20260928_V01,frame_02393.jpg,2393.0,00:39:53,08:49:53,70662,2390335.0,1080,1920,1080x1920,Smartphone 108 MP (Bypass),Óvalo Salida a Cusco,VALIDO,1409.1903448503074,126.82419560185186,NINGUNO
BYPASS_20260928_V01_F02394,BYPASS_20260928_V01,frame_02394.jpg,2394.0,00:39:54,08:49:54,70692,2391434.6,1080,1920,1080x1920,Smartphone 108 MP (Bypass),Óvalo Salida a Cusco,VALIDO,1505.6672291087632,126.0663850308642,NINGUNO
BYPASS_20260928_V01_F02395,BYPASS_20260928_V01,frame_02395.jpg,2395.0,00:39:55,08:49:55,70721,2392534.1,1080,1920,1080x1920,Smartphone 108 MP (Bypass),Óvalo Salida a Cusco,VALIDO,1560.8694794671776,126.56945023148148,NINGUNO
BYPASS_20260928_V01_F02396,BYPASS_20260928_V01,frame_02396.jpg,2396.0,00:39:56,08:49:56,70751,2393567.0,1080,1920,1080x1920,Smartphone 108 MP (Bypass),Óvalo Salida a Cusco,VALIDO,1634.1638568383155,127.8968113425926,NINGUNO
BYPASS_20260928_V01_F02397,BYPASS_20260928_V01,frame_02397.jpg,2397.0,00:39:57,08:49:57,70780,2394633.2,1080,1920,1080x1920,Smartphone 108 MP (Bypass),Óvalo Salida a Cusco,VALIDO,1523.5020385030864,128.87577932098765,NINGUNO
BYPASS_20260928_V01_F02398,BYPASS_20260928_V01,frame_02398.jpg,2398.0,00:39:58,08:49:58,70810,2395732.8,1080,1920,1080x1920,Smartphone 108 MP (Bypass),Óvalo Salida a Cusco,VALIDO,1605.0783742153526,128.87722800925926,NINGUNO
BYPASS_20260928_V01_F02399,BYPASS_20260928_V01,frame_02399.jpg,2399.0,00:39:59,08:49:59,70840,2396832.4,1080,1920,1080x1920,Smartphone 108 MP (Bypass),Óvalo Salida a Cusco,VALIDO,1577.1166593181083,128.85115933641976,NINGUNO
BYPASS_20260928_V01_F02400,BYPASS_20260928_V01,frame_02400.jpg,2400.0,00:40:00,08:50:00,70869,2397898.6,1080,1920,1080x1920,Smartphone 108 MP (Bypass),Óvalo Salida a Cusco,VALIDO,1637.8474725737306,128.97555169753088,NINGUNO
BYPASS_20260928_V01_F02401,BYPASS_20260928_V01,frame_02401.jpg,2401.0,00:40:01,08:50:01,70899,2398931.6,1080,1920,1080x1920,Smartphone 108 MP (Bypass),Óvalo Salida a Cusco,VALIDO,1519.6582874938347,131.34548611111111,NINGUNO
BYPASS_20260928_V01_F02402,BYPASS_20260928_V01,frame_02402.jpg,2402.0,00:40:02,08:50:02,70928,2399964.4,1080,1920,1080x1920,Smartphone 108 MP (Bypass),Óvalo Salida a Cusco,VALIDO,1587.2770283223633,133.78263503086418,NINGUNO
BYPASS_20260928_V01_F02403,BYPASS_20260928_V01,frame_02403.jpg,2403.0,00:40:03,08:50:03,70958,2401064.0,1080,1920,1080x1920,Smartphone 108 MP (Bypass),Óvalo Salida a Cusco,VALIDO,1584.4615586419748,130.1977700617284,NINGUNO
BYPASS_20260928_V01_F02404,BYPASS_20260928_V01,frame_02404.jpg,2404.0,00:40:04,08:50:04,70987,2402163.5,1080,1920,1080x1920,Smartphone 108 MP (Bypass),Óvalo Salida a Cusco,VALIDO,1618.1397982279282,130.3217901234568,NINGUNO
BYPASS_20260928_V01_F02405,BYPASS_20260928_V01,frame_02405.jpg,2405.0,00:40:05,08:50:05,71017,2403229.8,1080,1920,1080x1920,Smartphone 108 MP (Bypass),Óvalo Salida a Cusco,VALIDO,1622.9616472836499,130.8584760802469,NINGUNO
BYPASS_20260928_V01_F02406,BYPASS_20260928_V01,frame_02406.jpg,2406.0,00:40:06,08:50:06,71046,2404262.7,1080,1920,1080x1920,Smartphone 108 MP (Bypass),Óvalo Salida a Cusco,VALIDO,1774.5111419752495,131.41198302469135,NINGUNO
BYPASS_20260928_V01_F02407,BYPASS_20260928_V01,frame_02407.jpg,2407.0,00:40:07,08:50:07,71076,2405328.9,1080,1920,1080x1920,Smartphone 108 MP (Bypass),Óvalo Salida a Cusco,VALIDO,1754.5827559223326,130.91924189814816,NINGUNO
BYPASS_20260928_V01_F02408,BYPASS_20260928_V01,frame_02408.jpg,2408.0,00:40:08,08:50:08,71105,2406495.1,1080,1920,1080x1920,Smartphone 108 MP (Bypass),Óvalo Salida a Cusco,VALIDO,1783.7555681899578,131.11277777777778,NINGUNO
BYPASS_20260928_V01_F02409,BYPASS_20260928_V01,frame_02409.jpg,2409.0,00:40:09,08:50:09,71135,2407561.4,1080,1920,1080x1920,Smartphone 108 MP (Bypass),Óvalo Salida a Cusco,VALIDO,1677.7719791666666,131.339581404321,NINGUNO
BYPASS_20260928_V01_F02410,BYPASS_20260928_V01,frame_02410.jpg,2410.0,00:40:10,08:50:10,71164,2408561.0,1080,1920,1080x1920,Smartphone 108 MP (Bypass),Óvalo Salida a Cusco,VALIDO,1678.476980040617,131.11442129629629,NINGUNO
BYPASS_20260928_V01_F02411,BYPASS_20260928_V01,frame_02411.jpg,2411.0,00:40:11,08:50:11,71194,2409560.5,1080,1920,1080x1920,Smartphone 108 MP (Bypass),Óvalo Salida a Cusco,VALIDO,1746.6698552436656,130.6658198302469,NINGUNO
BYPASS_20260928_V01_F02412,BYPASS_20260928_V01,frame_02412.jpg,2412.0,00:40:12,08:50:12,71223,2410593.5,1080,1920,1080x1920,Smartphone 108 MP (Bypass),Óvalo Salida a Cusco,VALIDO,1795.6818650833889,130.54171489197532,NINGUNO
BYPASS_20260928_V01_F02413,BYPASS_20260928_V01,frame_02413.jpg,2413.0,00:40:13,08:50:13,71253,2411593.1,1080,1920,1080x1920,Smartphone 108 MP (Bypass),Óvalo Salida a Cusco,VALIDO,1683.740410642965,130.5701311728395,NINGUNO
BYPASS_20260928_V01_F02414,BYPASS_20260928_V01,frame_02414.jpg,2414.0,00:40:14,08:50:14,71282,2412626.0,1080,1920,1080x1920,Smartphone 108 MP (Bypass),Óvalo Salida a Cusco,VALIDO,1716.9217250988293,130.97757716049384,NINGUNO
BYPASS_20260928_V01_F02415,BYPASS_20260928_V01,frame_02415.jpg,2415.0,00:40:15,08:50:15,71312,2413758.8,1080,1920,1080x1920,Smartphone 108 MP (Bypass),Óvalo Salida a Cusco,VALIDO,1657.1838421918721,134.3333699845679,NINGUNO
BYPASS_20260928_V01_F02416,BYPASS_20260928_V01,frame_02416.jpg,2416.0,00:40:16,08:50:16,71342,2414791.7,1080,1920,1080x1920,Smartphone 108 MP (Bypass),Óvalo Salida a Cusco,VALIDO,1721.6521067310878,137.8927199074074,NINGUNO
BYPASS_20260928_V01_F02417,BYPASS_20260928_V01,frame_02417.jpg,2417.0,00:40:17,08:50:17,71371,2415791.3,1080,1920,1080x1920,Smartphone 108 MP (Bypass),Óvalo Salida a Cusco,VALIDO,1712.7632427339938,139.01539544753086,NINGUNO
BYPASS_20260928_V01_F02418,BYPASS_20260928_V01,frame_02418.jpg,2418.0,00:40:18,08:50:18,71401,2416857.5,1080,1920,1080x1920,Smartphone 108 MP (Bypass),Óvalo Salida a Cusco,VALIDO,1663.093993072464,142.86111882716048,NINGUNO
BYPASS_20260928_V01_F02419,BYPASS_20260928_V01,frame_02419.jpg,2419.0,00:40:19,08:50:19,71430,2417890.4,1080,1920,1080x1920,Smartphone 108 MP (Bypass),Óvalo Salida a Cusco,VALIDO,1610.883101223717,145.19578317901235,NINGUNO
BYPASS_20260928_V01_F02420,BYPASS_20260928_V01,frame_02420.jpg,2420.0,00:40:20,08:50:20,71460,2418923.3,1080,1920,1080x1920,Smartphone 108 MP (Bypass),Óvalo Salida a Cusco,VALIDO,1676.1589773423066,145.3247685185185,NINGUNO
BYPASS_20260928_V01_F02421,BYPASS_20260928_V01,frame_02421.jpg,2421.0,00:40:21,08:50:21,71489,2420022.9,1080,1920,1080x1920,Smartphone 108 MP (Bypass),Óvalo Salida a Cusco,VALIDO,1642.1667609339129,145.29008294753086,NINGUNO
BYPASS_20260928_V01_F02422,BYPASS_20260928_V01,frame_02422.jpg,2422.0,00:40:22,08:50:22,71519,2421222.4,1080,1920,1080x1920,Smartphone 108 MP (Bypass),Óvalo Salida a Cusco,VALIDO,1606.332651266584,145.6333449074074,NINGUNO
BYPASS_20260928_V01_F02423,BYPASS_20260928_V01,frame_02423.jpg,2423.0,00:40:23,08:50:23,71548,2422222.0,1080,1920,1080x1920,Smartphone 108 MP (Bypass),Óvalo Salida a Cusco,VALIDO,1609.6693082543823,146.14730324074074,NINGUNO
BYPASS_20260928_V01_F02424,BYPASS_20260928_V01,frame_02424.jpg,2424.0,00:40:24,08:50:24,71578,2423321.6,1080,1920,1080x1920,Smartphone 108 MP (Bypass),Óvalo Salida a Cusco,VALIDO,1641.8890481431436,146.2131462191358,NINGUNO
BYPASS_20260928_V01_F02425,BYPASS_20260928_V01,frame_02425.jpg,2425.0,00:40:25,08:50:25,71607,2424354.5,1080,1920,1080x1920,Smartphone 108 MP (Bypass),Óvalo Salida a Cusco,VALIDO,1694.0747034741278,146.1076813271605,NINGUNO
BYPASS_20260928_V01_F02426,BYPASS_20260928_V01,frame_02426.jpg,2426.0,00:40:26,08:50:26,71637,2425420.7,1080,1920,1080x1920,Smartphone 108 MP (Bypass),Óvalo Salida a Cusco,VALIDO,1772.1769994712934,145.6206211419753,NINGUNO
BYPASS_20260928_V01_F02427,BYPASS_20260928_V01,frame_02427.jpg,2427.0,00:40:27,08:50:27,71666,2426453.6,1080,1920,1080x1920,Smartphone 108 MP (Bypass),Óvalo Salida a Cusco,VALIDO,1615.2318222866077,145.19296682098766,NINGUNO
BYPASS_20260928_V01_F02428,BYPASS_20260928_V01,frame_02428.jpg,2428.0,00:40:28,08:50:28,71696,2427453.2,1080,1920,1080x1920,Smartphone 108 MP (Bypass),Óvalo Salida a Cusco,VALIDO,1696.9586860852082,144.31068672839507,NINGUNO
BYPASS_20260928_V01_F02429,BYPASS_20260928_V01,frame_02429.jpg,2429.0,00:40:29,08:50:29,71725,2428519.5,1080,1920,1080x1920,Smartphone 108 MP (Bypass),Óvalo Salida a Cusco,VALIDO,1715.933712653484,142.65247106481482,NINGUNO
BYPASS_20260928_V01_F02430,BYPASS_20260928_V01,frame_02430.jpg,2430.0,00:40:30,08:50:30,71755,2429585.7,1080,1920,1080x1920,Smartphone 108 MP (Bypass),Óvalo Salida a Cusco,VALIDO,1675.5525725369325,140.4528452932099,NINGUNO
BYPASS_20260928_V01_F02431,BYPASS_20260928_V01,frame_02431.jpg,2431.0,00:40:31,08:50:31,71784,2430552.0,1080,1920,1080x1920,Smartphone 108 MP (Bypass),Óvalo Salida a Cusco,VALIDO,1663.709525422716,140.80454475308642,NINGUNO
BYPASS_20260928_V01_F02432,BYPASS_20260928_V01,frame_02432.jpg,2432.0,00:40:32,08:50:32,71814,2431618.2,1080,1920,1080x1920,Smartphone 108 MP (Bypass),Óvalo Salida a Cusco,VALIDO,1745.9818320310676,141.47219328703704,NINGUNO
BYPASS_20260928_V01_F02433,BYPASS_20260928_V01,frame_02433.jpg,2433.0,00:40:33,08:50:33,71844,2432617.8,1080,1920,1080x1920,Smartphone 108 MP (Bypass),Óvalo Salida a Cusco,VALIDO,1696.533055464999,141.13282407407408,NINGUNO
BYPASS_20260928_V01_F02434,BYPASS_20260928_V01,frame_02434.jpg,2434.0,00:40:34,08:50:34,71873,2433617.4,1080,1920,1080x1920,Smartphone 108 MP (Bypass),Óvalo Salida a Cusco,VALIDO,1676.2827325424046,141.8284799382716,NINGUNO
BYPASS_20260928_V01_F02435,BYPASS_20260928_V01,frame_02435.jpg,2435.0,00:40:35,08:50:35,71903,2434650.3,1080,1920,1080x1920,Smartphone 108 MP (Bypass),Óvalo Salida a Cusco,VALIDO,1792.4186233814012,140.5605150462963,NINGUNO
BYPASS_20260928_V01_F02436,BYPASS_20260928_V01,frame_02436.jpg,2436.0,00:40:36,08:50:36,71932,2435649.9,1080,1920,1080x1920,Smartphone 108 MP (Bypass),Óvalo Salida a Cusco,VALIDO,1746.841878986491,139.117081404321,NINGUNO
BYPASS_20260928_V01_F02437,BYPASS_20260928_V01,frame_02437.jpg,2437.0,00:40:37,08:50:37,71962,2436682.8,1080,1920,1080x1920,Smartphone 108 MP (Bypass),Óvalo Salida a Cusco,VALIDO,1582.4303880094878,140.52958333333333,NINGUNO
BYPASS_20260928_V01_F02438,BYPASS_20260928_V01,frame_02438.jpg,2438.0,00:40:38,08:50:38,71991,2437649.1,1080,1920,1080x1920,Smartphone 108 MP (Bypass),Óvalo Salida a Cusco,VALIDO,1649.8933770221556,141.191824845679,NINGUNO
BYPASS_20260928_V01_F02439,BYPASS_20260928_V01,frame_02439.jpg,2439.0,00:40:39,08:50:39,72021,2438648.7,1080,1920,1080x1920,Smartphone 108 MP (Bypass),Óvalo Salida a Cusco,VALIDO,1664.0750356871706,141.68383680555556,NINGUNO
BYPASS_20260928_V01_F02440,BYPASS_20260928_V01,frame_02440.jpg,2440.0,00:40:40,08:50:40,72050,2439648.3,1080,1920,1080x1920,Smartphone 108 MP (Bypass),Óvalo Salida a Cusco,VALIDO,1617.6193954214502,136.53951388888888,NINGUNO
BYPASS_20260928_V01_F02441,BYPASS_20260928_V01,frame_02441.jpg,2441.0,00:40:41,08:50:41,72080,2440714.6,1080,1920,1080x1920,Smartphone 108 MP (Bypass),Óvalo Salida a Cusco,VALIDO,1562.8533292308332,136.25860532407407,NINGUNO
BYPASS_20260928_V01_F02442,BYPASS_20260928_V01,frame_02442.jpg,2442.0,00:40:42,08:50:42,72109,2441714.2,1080,1920,1080x1920,Smartphone 108 MP (Bypass),Óvalo Salida a Cusco,VALIDO,1517.5376385608229,137.10036458333335,NINGUNO
BYPASS_20260928_V01_F02443,BYPASS_20260928_V01,frame_02443.jpg,2443.0,00:40:43,08:50:43,72139,2442780.4,1080,1920,1080x1920,Smartphone 108 MP (Bypass),Óvalo Salida a Cusco,VALIDO,1608.3263362457697,138.883643904321,NINGUNO
BYPASS_20260928_V01_F02444,BYPASS_20260928_V01,frame_02444.jpg,2444.0,00:40:44,08:50:44,72168,2443780.0,1080,1920,1080x1920,Smartphone 108 MP (Bypass),Óvalo Salida a Cusco,VALIDO,1637.0133059830189,139.15446566358025,NINGUNO
BYPASS_20260928_V01_F02445,BYPASS_20260928_V01,frame_02445.jpg,2445.0,00:40:45,08:50:45,72198,2444779.6,1080,1920,1080x1920,Smartphone 108 MP (Bypass),Óvalo Salida a Cusco,VALIDO,1570.9030745713271,138.37108217592592,NINGUNO
BYPASS_20260928_V01_F02446,BYPASS_20260928_V01,frame_02446.jpg,2446.0,00:40:46,08:50:46,72227,2445745.9,1080,1920,1080x1920,Smartphone 108 MP (Bypass),Óvalo Salida a Cusco,VALIDO,1594.7968281377257,137.3527874228395,NINGUNO
BYPASS_20260928_V01_F02447,BYPASS_20260928_V01,frame_02447.jpg,2447.0,00:40:47,08:50:47,72257,2446812.1,1080,1920,1080x1920,Smartphone 108 MP (Bypass),Óvalo Salida a Cusco,VALIDO,1652.4963109341513,136.5130574845679,NINGUNO
BYPASS_20260928_V01_F02448,BYPASS_20260928_V01,frame_02448.jpg,2448.0,00:40:48,08:50:48,72286,2447845.1,1080,1920,1080x1920,Smartphone 108 MP (Bypass),Óvalo Salida a Cusco,VALIDO,1607.621366121687,137.30271604938272,NINGUNO
BYPASS_20260928_V01_F02449,BYPASS_20260928_V01,frame_02449.jpg,2449.0,00:40:49,08:50:49,72316,2448878.0,1080,1920,1080x1920,Smartphone 108 MP (Bypass),Óvalo Salida a Cusco,VALIDO,1429.1507577131883,139.97800154320987,NINGUNO
BYPASS_20260928_V01_F02450,BYPASS_20260928_V01,frame_02450.jpg,2450.0,00:40:50,08:50:50,72346,2449910.9,1080,1920,1080x1920,Smartphone 108 MP (Bypass),Óvalo Salida a Cusco,VALIDO,1567.8921827441468,139.01185185185184,NINGUNO
BYPASS_20260928_V01_F02451,BYPASS_20260928_V01,frame_02451.jpg,2451.0,00:40:51,08:50:51,72375,2450943.9,1080,1920,1080x1920,Smartphone 108 MP (Bypass),Óvalo Salida a Cusco,VALIDO,1623.8839001348972,126.57736111111112,NINGUNO
