frame_id,filename,video_id,group_id,bloque,segundo,split
BYPASS_20260928_V01_F00000,frame_00000.jpg,BYPASS_20260928_V01,BYPASS_20260928_V01_B01,1,0.0,descartado
BYPASS_20260928_V01_F00001,frame_00001.jpg,BYPASS_20260928_V01,BYPASS_20260928_V01_B01,1,1.0,descartado
BYPASS_20260928_V01_F00002,frame_00002.jpg,BYPASS_20260928_V01,BYPASS_20260928_V01_B01,1,2.0,descartado
BYPASS_20260928_V01_F00003,frame_00003.jpg,BYPASS_20260928_V01,BYPASS_20260928_V01_B01,1,3.0,descartado
BYPASS_20260928_V01_F00004,frame_00004.jpg,BYPASS_20260928_V01,BYPASS_20260928_V01_B01,1,4.0,descartado
BYPASS_20260928_V01_F00005,frame_00005.jpg,BYPASS_20260928_V01,BYPASS_20260928_V01_B01,1,5.0,train
BYPASS_20260928_V01_F00006,frame_00006.jpg,BYPASS_20260928_V01,BYPASS_20260928_V01_B01,1,6.0,train
BYPASS_20260928_V01_F00007,frame_00007.jpg,BYPASS_20260928_V01,BYPASS_20260928_V01_B01,1,7.0,train
BYPASS_20260928_V01_F00008,frame_00008.jpg,BYPASS_20260928_V01,BYPASS_20260928_V01_B01,1,8.0,train
BYPASS_20260928_V01_F00009,frame_00009.jpg,BYPASS_20260928_V01,BYPASS_20260928_V01_B01,1,9.0,train
BYPASS_20260928_V01_F00010,frame_00010.jpg,BYPASS_20260928_V01,BYPASS_20260928_V01_B01,1,10.0,train
BYPASS_20260928_V01_F00011,frame_00011.jpg,BYPASS_20260928_V01,BYPASS_20260928_V01_B01,1,11.0,train
BYPASS_20260928_V01_F00012,frame_00012.jpg,BYPASS_20260928_V01,BYPASS_20260928_V01_B01,1,12.0,train
BYPASS_20260928_V01_F00013,frame_00013.jpg,BYPASS_20260928_V01,BYPASS_20260928_V01_B01,1,13.0,train
BYPASS_20260928_V01_F00014,frame_00014.jpg,BYPASS_20260928_V01,BYPASS_20260928_V01_B01,1,14.0,train
BYPASS_20260928_V01_F00015,frame_00015.jpg,BYPASS_20260928_V01,BYPASS_20260928_V01_B01,1,15.0,train
BYPASS_20260928_V01_F00016,frame_00016.jpg,BYPASS_20260928_V01,BYPASS_20260928_V01_B01,1,16.0,train
BYPASS_20260928_V01_F00017,frame_00017.jpg,BYPASS_20260928_V01,BYPASS_20260928_V01_B01,1,17.0,train
BYPASS_20260928_V01_F00018,frame_00018.jpg,BYPASS_20260928_V01,BYPASS_20260928_V01_B01,1,18.0,train
BYPASS_20260928_V01_F00019,frame_00019.jpg,BYPASS_20260928_V01,BYPASS_20260928_V01_B01,1,19.0,train
BYPASS_20260928_V01_F00020,frame_00020.jpg,BYPASS_20260928_V01,BYPASS_20260928_V01_B01,1,20.0,train
BYPASS_20260928_V01_F00021,frame_00021.jpg,BYPASS_20260928_V01,BYPASS_20260928_V01_B01,1,21.0,train
BYPASS_20260928_V01_F00022,frame_00022.jpg,BYPASS_20260928_V01,BYPASS_20260928_V01_B01,1,22.0,train
BYPASS_20260928_V01_F00023,frame_00023.jpg,BYPASS_20260928_V01,BYPASS_20260928_V01_B01,1,23.0,train
BYPASS_20260928_V01_F00024,frame_00024.jpg,BYPASS_20260928_V01,BYPASS_20260928_V01_B01,1,24.0,train
BYPASS_20260928_V01_F00025,frame_00025.jpg,BYPASS_20260928_V01,BYPASS_20260928_V01_B01,1,25.0,train
BYPASS_20260928_V01_F00026,frame_00026.jpg,BYPASS_20260928_V01,BYPASS_20260928_V01_B01,1,26.0,train
BYPASS_20260928_V01_F00027,frame_00027.jpg,BYPASS_20260928_V01,BYPASS_20260928_V01_B01,1,27.0,train
BYPASS_20260928_V01_F00028,frame_00028.jpg,BYPASS_20260928_V01,BYPASS_20260928_V01_B01,1,28.0,train
BYPASS_20260928_V01_F00029,frame_00029.jpg,BYPASS_20260928_V01,BYPASS_20260928_V01_B01,1,29.0,train
BYPASS_20260928_V01_F00030,frame_00030.jpg,BYPASS_20260928_V01,BYPASS_20260928_V01_B01,1,30.0,train
BYPASS_20260928_V01_F00031,frame_00031.jpg,BYPASS_20260928_V01,BYPASS_20260928_V01_B01,1,31.0,train
BYPASS_20260928_V01_F00032,frame_00032.jpg,BYPASS_20260928_V01,BYPASS_20260928_V01_B01,1,32.0,train
BYPASS_20260928_V01_F00033,frame_00033.jpg,BYPASS_20260928_V01,BYPASS_20260928_V01_B01,1,33.0,train
BYPASS_20260928_V01_F00034,frame_00034.jpg,BYPASS_20260928_V01,BYPASS_20260928_V01_B01,1,34.0,train
BYPASS_20260928_V01_F00035,frame_00035.jpg,BYPASS_20260928_V01,BYPASS_20260928_V01_B01,1,35.0,train
BYPASS_20260928_V01_F00036,frame_00036.jpg,BYPASS_20260928_V01,BYPASS_20260928_V01_B01,1,36.0,train
BYPASS_20260928_V01_F00037,frame_00037.jpg,BYPASS_20260928_V01,BYPASS_20260928_V01_B01,1,37.0,train
BYPASS_20260928_V01_F00038,frame_00038.jpg,BYPASS_20260928_V01,BYPASS_20260928_V01_B01,1,38.0,train
BYPASS_20260928_V01_F00039,frame_00039.jpg,BYPASS_20260928_V01,BYPASS_20260928_V01_B01,1,39.0,train
BYPASS_20260928_V01_F00040,frame_00040.jpg,BYPASS_20260928_V01,BYPASS_20260928_V01_B01,1,40.0,train
BYPASS_20260928_V01_F00041,frame_00041.jpg,BYPASS_20260928_V01,BYPASS_20260928_V01_B01,1,41.0,train
BYPASS_20260928_V01_F00042,frame_00042.jpg,BYPASS_20260928_V01,BYPASS_20260928_V01_B01,1,42.0,train
BYPASS_20260928_V01_F00043,frame_00043.jpg,BYPASS_20260928_V01,BYPASS_20260928_V01_B01,1,43.0,train
BYPASS_20260928_V01_F00044,frame_00044.jpg,BYPASS_20260928_V01,BYPASS_20260928_V01_B01,1,44.0,train
BYPASS_20260928_V01_F00045,frame_00045.jpg,BYPASS_20260928_V01,BYPASS_20260928_V01_B01,1,45.0,train
BYPASS_20260928_V01_F00046,frame_00046.jpg,BYPASS_20260928_V01,BYPASS_20260928_V01_B01,1,46.0,train
BYPASS_20260928_V01_F00047,frame_00047.jpg,BYPASS_20260928_V01,BYPASS_20260928_V01_B01,1,47.0,train
BYPASS_20260928_V01_F00048,frame_00048.jpg,BYPASS_20260928_V01,BYPASS_20260928_V01_B01,1,48.0,train
BYPASS_20260928_V01_F00049,frame_00049.jpg,BYPASS_20260928_V01,BYPASS_20260928_V01_B01,1,49.0,train
BYPASS_20260928_V01_F00050,frame_00050.jpg,BYPASS_20260928_V01,BYPASS_20260928_V01_B01,1,50.0,train
BYPASS_20260928_V01_F00051,frame_00051.jpg,BYPASS_20260928_V01,BYPASS_20260928_V01_B01,1,51.0,train
BYPASS_20260928_V01_F00052,frame_00052.jpg,BYPASS_20260928_V01,BYPASS_20260928_V01_B01,1,52.0,train
BYPASS_20260928_V01_F00053,frame_00053.jpg,BYPASS_20260928_V01,BYPASS_20260928_V01_B01,1,53.0,train
BYPASS_20260928_V01_F00054,frame_00054.jpg,BYPASS_20260928_V01,BYPASS_20260928_V01_B01,1,54.0,train
BYPASS_20260928_V01_F00055,frame_00055.jpg,BYPASS_20260928_V01,BYPASS_20260928_V01_B01,1,55.0,train
BYPASS_20260928_V01_F00056,frame_00056.jpg,BYPASS_20260928_V01,BYPASS_20260928_V01_B01,1,56.0,train
BYPASS_20260928_V01_F00057,frame_00057.jpg,BYPASS_20260928_V01,BYPASS_20260928_V01_B01,1,57.0,train
BYPASS_20260928_V01_F00058,frame_00058.jpg,BYPASS_20260928_V01,BYPASS_20260928_V01_B01,1,58.0,train
BYPASS_20260928_V01_F00059,frame_00059.jpg,BYPASS_20260928_V01,BYPASS_20260928_V01_B01,1,59.0,train
BYPASS_20260928_V01_F00060,frame_00060.jpg,BYPASS_20260928_V01,BYPASS_20260928_V01_B01,1,60.0,train
BYPASS_20260928_V01_F00061,frame_00061.jpg,BYPASS_20260928_V01,BYPASS_20260928_V01_B01,1,61.0,train
BYPASS_20260928_V01_F00062,frame_00062.jpg,BYPASS_20260928_V01,BYPASS_20260928_V01_B01,1,62.0,train
BYPASS_20260928_V01_F00063,frame_00063.jpg,BYPASS_20260928_V01,BYPASS_20260928_V01_B01,1,63.0,train
BYPASS_20260928_V01_F00064,frame_00064.jpg,BYPASS_20260928_V01,BYPASS_20260928_V01_B01,1,64.0,train
BYPASS_20260928_V01_F00065,frame_00065.jpg,BYPASS_20260928_V01,BYPASS_20260928_V01_B01,1,65.0,train
BYPASS_20260928_V01_F00066,frame_00066.jpg,BYPASS_20260928_V01,BYPASS_20260928_V01_B01,1,66.0,train
BYPASS_20260928_V01_F00067,frame_00067.jpg,BYPASS_20260928_V01,BYPASS_20260928_V01_B01,1,67.0,train
BYPASS_20260928_V01_F00068,frame_00068.jpg,BYPASS_20260928_V01,BYPASS_20260928_V01_B01,1,68.0,train
BYPASS_20260928_V01_F00069,frame_00069.jpg,BYPASS_20260928_V01,BYPASS_20260928_V01_B01,1,69.0,train
BYPASS_20260928_V01_F00070,frame_00070.jpg,BYPASS_20260928_V01,BYPASS_20260928_V01_B01,1,70.0,train
BYPASS_20260928_V01_F00071,frame_00071.jpg,BYPASS_20260928_V01,BYPASS_20260928_V01_B01,1,71.0,train
BYPASS_20260928_V01_F00072,frame_00072.jpg,BYPASS_20260928_V01,BYPASS_20260928_V01_B01,1,72.0,train
BYPASS_20260928_V01_F00073,frame_00073.jpg,BYPASS_20260928_V01,BYPASS_20260928_V01_B01,1,73.0,train
BYPASS_20260928_V01_F00074,frame_00074.jpg,BYPASS_20260928_V01,BYPASS_20260928_V01_B01,1,74.0,train
BYPASS_20260928_V01_F00075,frame_00075.jpg,BYPASS_20260928_V01,BYPASS_20260928_V01_B01,1,75.0,train
BYPASS_20260928_V01_F00076,frame_00076.jpg,BYPASS_20260928_V01,BYPASS_20260928_V01_B01,1,76.0,train
BYPASS_20260928_V01_F00077,frame_00077.jpg,BYPASS_20260928_V01,BYPASS_20260928_V01_B01,1,77.0,train
BYPASS_20260928_V01_F00078,frame_00078.jpg,BYPASS_20260928_V01,BYPASS_20260928_V01_B01,1,78.0,train
BYPASS_20260928_V01_F00079,frame_00079.jpg,BYPASS_20260928_V01,BYPASS_20260928_V01_B01,1,79.0,train
BYPASS_20260928_V01_F00080,frame_00080.jpg,BYPASS_20260928_V01,BYPASS_20260928_V01_B01,1,80.0,train
BYPASS_20260928_V01_F00081,frame_00081.jpg,BYPASS_20260928_V01,BYPASS_20260928_V01_B01,1,81.0,train
BYPASS_20260928_V01_F00082,frame_00082.jpg,BYPASS_20260928_V01,BYPASS_20260928_V01_B01,1,82.0,train
BYPASS_20260928_V01_F00083,frame_00083.jpg,BYPASS_20260928_V01,BYPASS_20260928_V01_B01,1,83.0,train
BYPASS_20260928_V01_F00084,frame_00084.jpg,BYPASS_20260928_V01,BYPASS_20260928_V01_B01,1,84.0,train
BYPASS_20260928_V01_F00085,frame_00085.jpg,BYPASS_20260928_V01,BYPASS_20260928_V01_B01,1,85.0,train
BYPASS_20260928_V01_F00086,frame_00086.jpg,BYPASS_20260928_V01,BYPASS_20260928_V01_B01,1,86.0,train
BYPASS_20260928_V01_F00087,frame_00087.jpg,BYPASS_20260928_V01,BYPASS_20260928_V01_B01,1,87.0,train
BYPASS_20260928_V01_F00088,frame_00088.jpg,BYPASS_20260928_V01,BYPASS_20260928_V01_B01,1,88.0,train
BYPASS_20260928_V01_F00089,frame_00089.jpg,BYPASS_20260928_V01,BYPASS_20260928_V01_B01,1,89.0,train
BYPASS_20260928_V01_F00090,frame_00090.jpg,BYPASS_20260928_V01,BYPASS_20260928_V01_B01,1,90.0,train
BYPASS_20260928_V01_F00091,frame_00091.jpg,BYPASS_20260928_V01,BYPASS_20260928_V01_B01,1,91.0,train
BYPASS_20260928_V01_F00092,frame_00092.jpg,BYPASS_20260928_V01,BYPASS_20260928_V01_B01,1,92.0,train
BYPASS_20260928_V01_F00093,frame_00093.jpg,BYPASS_20260928_V01,BYPASS_20260928_V01_B01,1,93.0,train
BYPASS_20260928_V01_F00094,frame_00094.jpg,BYPASS_20260928_V01,BYPASS_20260928_V01_B01,1,94.0,train
BYPASS_20260928_V01_F00095,frame_00095.jpg,BYPASS_20260928_V01,BYPASS_20260928_V01_B01,1,95.0,train
BYPASS_20260928_V01_F00096,frame_00096.jpg,BYPASS_20260928_V01,BYPASS_20260928_V01_B01,1,96.0,train
BYPASS_20260928_V01_F00097,frame_00097.jpg,BYPASS_20260928_V01,BYPASS_20260928_V01_B01,1,97.0,train
BYPASS_20260928_V01_F00098,frame_00098.jpg,BYPASS_20260928_V01,BYPASS_20260928_V01_B01,1,98.0,train
BYPASS_20260928_V01_F00099,frame_00099.jpg,BYPASS_20260928_V01,BYPASS_20260928_V01_B01,1,99.0,train
BYPASS_20260928_V01_F00100,frame_00100.jpg,BYPASS_20260928_V01,BYPASS_20260928_V01_B01,1,100.0,train
BYPASS_20260928_V01_F00101,frame_00101.jpg,BYPASS_20260928_V01,BYPASS_20260928_V01_B01,1,101.0,train
BYPASS_20260928_V01_F00102,frame_00102.jpg,BYPASS_20260928_V01,BYPASS_20260928_V01_B01,1,102.0,train
BYPASS_20260928_V01_F00103,frame_00103.jpg,BYPASS_20260928_V01,BYPASS_20260928_V01_B01,1,103.0,train
BYPASS_20260928_V01_F00104,frame_00104.jpg,BYPASS_20260928_V01,BYPASS_20260928_V01_B01,1,104.0,train
BYPASS_20260928_V01_F00105,frame_00105.jpg,BYPASS_20260928_V01,BYPASS_20260928_V01_B01,1,105.0,train
BYPASS_20260928_V01_F00106,frame_00106.jpg,BYPASS_20260928_V01,BYPASS_20260928_V01_B01,1,106.0,train
BYPASS_20260928_V01_F00107,frame_00107.jpg,BYPASS_20260928_V01,BYPASS_20260928_V01_B01,1,107.0,train
BYPASS_20260928_V01_F00108,frame_00108.jpg,BYPASS_20260928_V01,BYPASS_20260928_V01_B01,1,108.0,train
BYPASS_20260928_V01_F00109,frame_00109.jpg,BYPASS_20260928_V01,BYPASS_20260928_V01_B01,1,109.0,train
BYPASS_20260928_V01_F00110,frame_00110.jpg,BYPASS_20260928_V01,BYPASS_20260928_V01_B01,1,110.0,train
BYPASS_20260928_V01_F00111,frame_00111.jpg,BYPASS_20260928_V01,BYPASS_20260928_V01_B01,1,111.0,train
BYPASS_20260928_V01_F00112,frame_00112.jpg,BYPASS_20260928_V01,BYPASS_20260928_V01_B01,1,112.0,train
BYPASS_20260928_V01_F00113,frame_00113.jpg,BYPASS_20260928_V01,BYPASS_20260928_V01_B01,1,113.0,train
BYPASS_20260928_V01_F00114,frame_00114.jpg,BYPASS_20260928_V01,BYPASS_20260928_V01_B01,1,114.0,train
BYPASS_20260928_V01_F00115,frame_00115.jpg,BYPASS_20260928_V01,BYPASS_20260928_V01_B01,1,115.0,train
BYPASS_20260928_V01_F00116,frame_00116.jpg,BYPASS_20260928_V01,BYPASS_20260928_V01_B01,1,116.0,train
BYPASS_20260928_V01_F00117,frame_00117.jpg,BYPASS_20260928_V01,BYPASS_20260928_V01_B01,1,117.0,train
BYPASS_20260928_V01_F00118,frame_00118.jpg,BYPASS_20260928_V01,BYPASS_20260928_V01_B01,1,118.0,train
BYPASS_20260928_V01_F00119,frame_00119.jpg,BYPASS_20260928_V01,BYPASS_20260928_V01_B01,1,119.0,train
BYPASS_20260928_V01_F00120,frame_00120.jpg,BYPASS_20260928_V01,BYPASS_20260928_V01_B01,1,120.0,train
BYPASS_20260928_V01_F00121,frame_00121.jpg,BYPASS_20260928_V01,BYPASS_20260928_V01_B01,1,121.0,train
BYPASS_20260928_V01_F00122,frame_00122.jpg,BYPASS_20260928_V01,BYPASS_20260928_V01_B01,1,122.0,train
BYPASS_20260928_V01_F00123,frame_00123.jpg,BYPASS_20260928_V01,BYPASS_20260928_V01_B01,1,123.0,train
BYPASS_20260928_V01_F00124,frame_00124.jpg,BYPASS_20260928_V01,BYPASS_20260928_V01_B01,1,124.0,train
BYPASS_20260928_V01_F00125,frame_00125.jpg,BYPASS_20260928_V01,BYPASS_20260928_V01_B01,1,125.0,train
BYPASS_20260928_V01_F00126,frame_00126.jpg,BYPASS_20260928_V01,BYPASS_20260928_V01_B01,1,126.0,train
BYPASS_20260928_V01_F00127,frame_00127.jpg,BYPASS_20260928_V01,BYPASS_20260928_V01_B01,1,127.0,train
BYPASS_20260928_V01_F00128,frame_00128.jpg,BYPASS_20260928_V01,BYPASS_20260928_V01_B01,1,128.0,train
BYPASS_20260928_V01_F00129,frame_00129.jpg,BYPASS_20260928_V01,BYPASS_20260928_V01_B01,1,129.0,train
BYPASS_20260928_V01_F00130,frame_00130.jpg,BYPASS_20260928_V01,BYPASS_20260928_V01_B01,1,130.0,train
BYPASS_20260928_V01_F00131,frame_00131.jpg,BYPASS_20260928_V01,BYPASS_20260928_V01_B01,1,131.0,train
BYPASS_20260928_V01_F00132,frame_00132.jpg,BYPASS_20260928_V01,BYPASS_20260928_V01_B01,1,132.0,train
BYPASS_20260928_V01_F00133,frame_00133.jpg,BYPASS_20260928_V01,BYPASS_20260928_V01_B01,1,133.0,train
BYPASS_20260928_V01_F00134,frame_00134.jpg,BYPASS_20260928_V01,BYPASS_20260928_V01_B01,1,134.0,train
BYPASS_20260928_V01_F00135,frame_00135.jpg,BYPASS_20260928_V01,BYPASS_20260928_V01_B01,1,135.0,train
BYPASS_20260928_V01_F00136,frame_00136.jpg,BYPASS_20260928_V01,BYPASS_20260928_V01_B01,1,136.0,train
BYPASS_20260928_V01_F00137,frame_00137.jpg,BYPASS_20260928_V01,BYPASS_20260928_V01_B01,1,137.0,train
BYPASS_20260928_V01_F00138,frame_00138.jpg,BYPASS_20260928_V01,BYPASS_20260928_V01_B01,1,138.0,train
BYPASS_20260928_V01_F00139,frame_00139.jpg,BYPASS_20260928_V01,BYPASS_20260928_V01_B01,1,139.0,train
BYPASS_20260928_V01_F00140,frame_00140.jpg,BYPASS_20260928_V01,BYPASS_20260928_V01_B01,1,140.0,train
BYPASS_20260928_V01_F00141,frame_00141.jpg,BYPASS_20260928_V01,BYPASS_20260928_V01_B01,1,141.0,train
BYPASS_20260928_V01_F00142,frame_00142.jpg,BYPASS_20260928_V01,BYPASS_20260928_V01_B01,1,142.0,train
BYPASS_20260928_V01_F00143,frame_00143.jpg,BYPASS_20260928_V01,BYPASS_20260928_V01_B01,1,143.0,train
BYPASS_20260928_V01_F00144,frame_00144.jpg,BYPASS_20260928_V01,BYPASS_20260928_V01_B01,1,144.0,train
BYPASS_20260928_V01_F00145,frame_00145.jpg,BYPASS_20260928_V01,BYPASS_20260928_V01_B01,1,145.0,train
BYPASS_20260928_V01_F00146,frame_00146.jpg,BYPASS_20260928_V01,BYPASS_20260928_V01_B01,1,146.0,train
BYPASS_20260928_V01_F00147,frame_00147.jpg,BYPASS_20260928_V01,BYPASS_20260928_V01_B01,1,147.0,train
BYPASS_20260928_V01_F00148,frame_00148.jpg,BYPASS_20260928_V01,BYPASS_20260928_V01_B01,1,148.0,train
BYPASS_20260928_V01_F00149,frame_00149.jpg,BYPASS_20260928_V01,BYPASS_20260928_V01_B01,1,149.0,train
BYPASS_20260928_V01_F00150,frame_00150.jpg,BYPASS_20260928_V01,BYPASS_20260928_V01_B01,1,150.0,train
BYPASS_20260928_V01_F00151,frame_00151.jpg,BYPASS_20260928_V01,BYPASS_20260928_V01_B01,1,151.0,train
BYPASS_20260928_V01_F00152,frame_00152.jpg,BYPASS_20260928_V01,BYPASS_20260928_V01_B01,1,152.0,train
BYPASS_20260928_V01_F00153,frame_00153.jpg,BYPASS_20260928_V01,BYPASS_20260928_V01_B01,1,153.0,train
BYPASS_20260928_V01_F00154,frame_00154.jpg,BYPASS_20260928_V01,BYPASS_20260928_V01_B01,1,154.0,train
BYPASS_20260928_V01_F00155,frame_00155.jpg,BYPASS_20260928_V01,BYPASS_20260928_V01_B01,1,155.0,train
BYPASS_20260928_V01_F00156,frame_00156.jpg,BYPASS_20260928_V01,BYPASS_20260928_V01_B01,1,156.0,train
BYPASS_20260928_V01_F00157,frame_00157.jpg,BYPASS_20260928_V01,BYPASS_20260928_V01_B01,1,157.0,train
BYPASS_20260928_V01_F00158,frame_00158.jpg,BYPASS_20260928_V01,BYPASS_20260928_V01_B01,1,158.0,train
BYPASS_20260928_V01_F00159,frame_00159.jpg,BYPASS_20260928_V01,BYPASS_20260928_V01_B01,1,159.0,train
BYPASS_20260928_V01_F00160,frame_00160.jpg,BYPASS_20260928_V01,BYPASS_20260928_V01_B01,1,160.0,train
BYPASS_20260928_V01_F00161,frame_00161.jpg,BYPASS_20260928_V01,BYPASS_20260928_V01_B01,1,161.0,train
BYPASS_20260928_V01_F00162,frame_00162.jpg,BYPASS_20260928_V01,BYPASS_20260928_V01_B01,1,162.0,train
BYPASS_20260928_V01_F00163,frame_00163.jpg,BYPASS_20260928_V01,BYPASS_20260928_V01_B01,1,163.0,train
BYPASS_20260928_V01_F00164,frame_00164.jpg,BYPASS_20260928_V01,BYPASS_20260928_V01_B01,1,164.0,train
BYPASS_20260928_V01_F00165,frame_00165.jpg,BYPASS_20260928_V01,BYPASS_20260928_V01_B01,1,165.0,train
BYPASS_20260928_V01_F00166,frame_00166.jpg,BYPASS_20260928_V01,BYPASS_20260928_V01_B01,1,166.0,train
BYPASS_20260928_V01_F00167,frame_00167.jpg,BYPASS_20260928_V01,BYPASS_20260928_V01_B01,1,167.0,train
BYPASS_20260928_V01_F00168,frame_00168.jpg,BYPASS_20260928_V01,BYPASS_20260928_V01_B01,1,168.0,train
BYPASS_20260928_V01_F00169,frame_00169.jpg,BYPASS_20260928_V01,BYPASS_20260928_V01_B01,1,169.0,train
BYPASS_20260928_V01_F00170,frame_00170.jpg,BYPASS_20260928_V01,BYPASS_20260928_V01_B01,1,170.0,train
BYPASS_20260928_V01_F00171,frame_00171.jpg,BYPASS_20260928_V01,BYPASS_20260928_V01_B01,1,171.0,train
BYPASS_20260928_V01_F00172,frame_00172.jpg,BYPASS_20260928_V01,BYPASS_20260928_V01_B01,1,172.0,train
BYPASS_20260928_V01_F00173,frame_00173.jpg,BYPASS_20260928_V01,BYPASS_20260928_V01_B01,1,173.0,train
BYPASS_20260928_V01_F00174,frame_00174.jpg,BYPASS_20260928_V01,BYPASS_20260928_V01_B01,1,174.0,train
BYPASS_20260928_V01_F00175,frame_00175.jpg,BYPASS_20260928_V01,BYPASS_20260928_V01_B01,1,175.0,train
BYPASS_20260928_V01_F00176,frame_00176.jpg,BYPASS_20260928_V01,BYPASS_20260928_V01_B01,1,176.0,train
BYPASS_20260928_V01_F00177,frame_00177.jpg,BYPASS_20260928_V01,BYPASS_20260928_V01_B01,1,177.0,train
BYPASS_20260928_V01_F00178,frame_00178.jpg,BYPASS_20260928_V01,BYPASS_20260928_V01_B01,1,178.0,train
BYPASS_20260928_V01_F00179,frame_00179.jpg,BYPASS_20260928_V01,BYPASS_20260928_V01_B01,1,179.0,train
BYPASS_20260928_V01_F00180,frame_00180.jpg,BYPASS_20260928_V01,BYPASS_20260928_V01_B01,1,180.0,train
BYPASS_20260928_V01_F00181,frame_00181.jpg,BYPASS_20260928_V01,BYPASS_20260928_V01_B01,1,181.0,train
BYPASS_20260928_V01_F00182,frame_00182.jpg,BYPASS_20260928_V01,BYPASS_20260928_V01_B01,1,182.0,train
BYPASS_20260928_V01_F00183,frame_00183.jpg,BYPASS_20260928_V01,BYPASS_20260928_V01_B01,1,183.0,train
BYPASS_20260928_V01_F00184,frame_00184.jpg,BYPASS_20260928_V01,BYPASS_20260928_V01_B01,1,184.0,train
BYPASS_20260928_V01_F00185,frame_00185.jpg,BYPASS_20260928_V01,BYPASS_20260928_V01_B01,1,185.0,train
BYPASS_20260928_V01_F00186,frame_00186.jpg,BYPASS_20260928_V01,BYPASS_20260928_V01_B01,1,186.0,train
BYPASS_20260928_V01_F00187,frame_00187.jpg,BYPASS_20260928_V01,BYPASS_20260928_V01_B01,1,187.0,train
BYPASS_20260928_V01_F00188,frame_00188.jpg,BYPASS_20260928_V01,BYPASS_20260928_V01_B01,1,188.0,train
BYPASS_20260928_V01_F00189,frame_00189.jpg,BYPASS_20260928_V01,BYPASS_20260928_V01_B01,1,189.0,train
BYPASS_20260928_V01_F00190,frame_00190.jpg,BYPASS_20260928_V01,BYPASS_20260928_V01_B01,1,190.0,train
BYPASS_20260928_V01_F00191,frame_00191.jpg,BYPASS_20260928_V01,BYPASS_20260928_V01_B01,1,191.0,train
BYPASS_20260928_V01_F00192,frame_00192.jpg,BYPASS_20260928_V01,BYPASS_20260928_V01_B01,1,192.0,train
BYPASS_20260928_V01_F00193,frame_00193.jpg,BYPASS_20260928_V01,BYPASS_20260928_V01_B01,1,193.0,train
BYPASS_20260928_V01_F00194,frame_00194.jpg,BYPASS_20260928_V01,BYPASS_20260928_V01_B01,1,194.0,train
BYPASS_20260928_V01_F00195,frame_00195.jpg,BYPASS_20260928_V01,BYPASS_20260928_V01_B01,1,195.0,train
BYPASS_20260928_V01_F00196,frame_00196.jpg,BYPASS_20260928_V01,BYPASS_20260928_V01_B01,1,196.0,train
BYPASS_20260928_V01_F00197,frame_00197.jpg,BYPASS_20260928_V01,BYPASS_20260928_V01_B01,1,197.0,train
BYPASS_20260928_V01_F00198,frame_00198.jpg,BYPASS_20260928_V01,BYPASS_20260928_V01_B01,1,198.0,train
BYPASS_20260928_V01_F00199,frame_00199.jpg,BYPASS_20260928_V01,BYPASS_20260928_V01_B01,1,199.0,train
BYPASS_20260928_V01_F00200,frame_00200.jpg,BYPASS_20260928_V01,BYPASS_20260928_V01_B01,1,200.0,train
BYPASS_20260928_V01_F00201,frame_00201.jpg,BYPASS_20260928_V01,BYPASS_20260928_V01_B01,1,201.0,train
BYPASS_20260928_V01_F00202,frame_00202.jpg,BYPASS_20260928_V01,BYPASS_20260928_V01_B01,1,202.0,train
BYPASS_20260928_V01_F00203,frame_00203.jpg,BYPASS_20260928_V01,BYPASS_20260928_V01_B01,1,203.0,train
BYPASS_20260928_V01_F00204,frame_00204.jpg,BYPASS_20260928_V01,BYPASS_20260928_V01_B01,1,204.0,train
BYPASS_20260928_V01_F00205,frame_00205.jpg,BYPASS_20260928_V01,BYPASS_20260928_V01_B01,1,205.0,train
BYPASS_20260928_V01_F00206,frame_00206.jpg,BYPASS_20260928_V01,BYPASS_20260928_V01_B01,1,206.0,train
BYPASS_20260928_V01_F00207,frame_00207.jpg,BYPASS_20260928_V01,BYPASS_20260928_V01_B01,1,207.0,train
BYPASS_20260928_V01_F00208,frame_00208.jpg,BYPASS_20260928_V01,BYPASS_20260928_V01_B01,1,208.0,train
BYPASS_20260928_V01_F00209,frame_00209.jpg,BYPASS_20260928_V01,BYPASS_20260928_V01_B01,1,209.0,train
BYPASS_20260928_V01_F00210,frame_00210.jpg,BYPASS_20260928_V01,BYPASS_20260928_V01_B01,1,210.0,train
BYPASS_20260928_V01_F00211,frame_00211.jpg,BYPASS_20260928_V01,BYPASS_20260928_V01_B01,1,211.0,train
BYPASS_20260928_V01_F00212,frame_00212.jpg,BYPASS_20260928_V01,BYPASS_20260928_V01_B01,1,212.0,train
BYPASS_20260928_V01_F00213,frame_00213.jpg,BYPASS_20260928_V01,BYPASS_20260928_V01_B01,1,213.0,train
BYPASS_20260928_V01_F00214,frame_00214.jpg,BYPASS_20260928_V01,BYPASS_20260928_V01_B01,1,214.0,train
BYPASS_20260928_V01_F00215,frame_00215.jpg,BYPASS_20260928_V01,BYPASS_20260928_V01_B01,1,215.0,train
BYPASS_20260928_V01_F00216,frame_00216.jpg,BYPASS_20260928_V01,BYPASS_20260928_V01_B01,1,216.0,train
BYPASS_20260928_V01_F00217,frame_00217.jpg,BYPASS_20260928_V01,BYPASS_20260928_V01_B01,1,217.0,train
BYPASS_20260928_V01_F00218,frame_00218.jpg,BYPASS_20260928_V01,BYPASS_20260928_V01_B01,1,218.0,train
BYPASS_20260928_V01_F00219,frame_00219.jpg,BYPASS_20260928_V01,BYPASS_20260928_V01_B01,1,219.0,train
BYPASS_20260928_V01_F00220,frame_00220.jpg,BYPASS_20260928_V01,BYPASS_20260928_V01_B01,1,220.0,train
BYPASS_20260928_V01_F00221,frame_00221.jpg,BYPASS_20260928_V01,BYPASS_20260928_V01_B01,1,221.0,train
BYPASS_20260928_V01_F00222,frame_00222.jpg,BYPASS_20260928_V01,BYPASS_20260928_V01_B01,1,222.0,train
BYPASS_20260928_V01_F00223,frame_00223.jpg,BYPASS_20260928_V01,BYPASS_20260928_V01_B01,1,223.0,train
BYPASS_20260928_V01_F00224,frame_00224.jpg,BYPASS_20260928_V01,BYPASS_20260928_V01_B01,1,224.0,train
BYPASS_20260928_V01_F00225,frame_00225.jpg,BYPASS_20260928_V01,BYPASS_20260928_V01_B01,1,225.0,train
BYPASS_20260928_V01_F00226,frame_00226.jpg,BYPASS_20260928_V01,BYPASS_20260928_V01_B01,1,226.0,train
BYPASS_20260928_V01_F00227,frame_00227.jpg,BYPASS_20260928_V01,BYPASS_20260928_V01_B01,1,227.0,train
BYPASS_20260928_V01_F00228,frame_00228.jpg,BYPASS_20260928_V01,BYPASS_20260928_V01_B01,1,228.0,train
BYPASS_20260928_V01_F00229,frame_00229.jpg,BYPASS_20260928_V01,BYPASS_20260928_V01_B01,1,229.0,train
BYPASS_20260928_V01_F00230,frame_00230.jpg,BYPASS_20260928_V01,BYPASS_20260928_V01_B01,1,230.0,train
BYPASS_20260928_V01_F00231,frame_00231.jpg,BYPASS_20260928_V01,BYPASS_20260928_V01_B01,1,231.0,train
BYPASS_20260928_V01_F00232,frame_00232.jpg,BYPASS_20260928_V01,BYPASS_20260928_V01_B01,1,232.0,train
BYPASS_20260928_V01_F00233,frame_00233.jpg,BYPASS_20260928_V01,BYPASS_20260928_V01_B01,1,233.0,train
BYPASS_20260928_V01_F00234,frame_00234.jpg,BYPASS_20260928_V01,BYPASS_20260928_V01_B01,1,234.0,train
BYPASS_20260928_V01_F00235,frame_00235.jpg,BYPASS_20260928_V01,BYPASS_20260928_V01_B01,1,235.0,train
BYPASS_20260928_V01_F00236,frame_00236.jpg,BYPASS_20260928_V01,BYPASS_20260928_V01_B01,1,236.0,train
BYPASS_20260928_V01_F00237,frame_00237.jpg,BYPASS_20260928_V01,BYPASS_20260928_V01_B01,1,237.0,train
BYPASS_20260928_V01_F00238,frame_00238.jpg,BYPASS_20260928_V01,BYPASS_20260928_V01_B01,1,238.0,train
BYPASS_20260928_V01_F00239,frame_00239.jpg,BYPASS_20260928_V01,BYPASS_20260928_V01_B01,1,239.0,train
BYPASS_20260928_V01_F00240,frame_00240.jpg,BYPASS_20260928_V01,BYPASS_20260928_V01_B01,1,240.0,train
BYPASS_20260928_V01_F00241,frame_00241.jpg,BYPASS_20260928_V01,BYPASS_20260928_V01_B01,1,241.0,train
BYPASS_20260928_V01_F00242,frame_00242.jpg,BYPASS_20260928_V01,BYPASS_20260928_V01_B01,1,242.0,train
BYPASS_20260928_V01_F00243,frame_00243.jpg,BYPASS_20260928_V01,BYPASS_20260928_V01_B01,1,243.0,train
BYPASS_20260928_V01_F00244,frame_00244.jpg,BYPASS_20260928_V01,BYPASS_20260928_V01_B01,1,244.0,train
BYPASS_20260928_V01_F00245,frame_00245.jpg,BYPASS_20260928_V01,BYPASS_20260928_V01_B01,1,245.0,train
BYPASS_20260928_V01_F00246,frame_00246.jpg,BYPASS_20260928_V01,BYPASS_20260928_V01_B01,1,246.0,train
BYPASS_20260928_V01_F00247,frame_00247.jpg,BYPASS_20260928_V01,BYPASS_20260928_V01_B01,1,247.0,train
BYPASS_20260928_V01_F00248,frame_00248.jpg,BYPASS_20260928_V01,BYPASS_20260928_V01_B01,1,248.0,train
BYPASS_20260928_V01_F00249,frame_00249.jpg,BYPASS_20260928_V01,BYPASS_20260928_V01_B01,1,249.0,train
BYPASS_20260928_V01_F00250,frame_00250.jpg,BYPASS_20260928_V01,BYPASS_20260928_V01_B01,1,250.0,train
BYPASS_20260928_V01_F00251,frame_00251.jpg,BYPASS_20260928_V01,BYPASS_20260928_V01_B01,1,251.0,train
BYPASS_20260928_V01_F00252,frame_00252.jpg,BYPASS_20260928_V01,BYPASS_20260928_V01_B01,1,252.0,train
BYPASS_20260928_V01_F00253,frame_00253.jpg,BYPASS_20260928_V01,BYPASS_20260928_V01_B01,1,253.0,train
BYPASS_20260928_V01_F00254,frame_00254.jpg,BYPASS_20260928_V01,BYPASS_20260928_V01_B01,1,254.0,train
BYPASS_20260928_V01_F00255,frame_00255.jpg,BYPASS_20260928_V01,BYPASS_20260928_V01_B01,1,255.0,train
BYPASS_20260928_V01_F00256,frame_00256.jpg,BYPASS_20260928_V01,BYPASS_20260928_V01_B01,1,256.0,train
BYPASS_20260928_V01_F00257,frame_00257.jpg,BYPASS_20260928_V01,BYPASS_20260928_V01_B01,1,257.0,train
BYPASS_20260928_V01_F00258,frame_00258.jpg,BYPASS_20260928_V01,BYPASS_20260928_V01_B01,1,258.0,train
BYPASS_20260928_V01_F00259,frame_00259.jpg,BYPASS_20260928_V01,BYPASS_20260928_V01_B01,1,259.0,train
BYPASS_20260928_V01_F00260,frame_00260.jpg,BYPASS_20260928_V01,BYPASS_20260928_V01_B01,1,260.0,train
BYPASS_20260928_V01_F00261,frame_00261.jpg,BYPASS_20260928_V01,BYPASS_20260928_V01_B01,1,261.0,train
BYPASS_20260928_V01_F00262,frame_00262.jpg,BYPASS_20260928_V01,BYPASS_20260928_V01_B01,1,262.0,train
BYPASS_20260928_V01_F00263,frame_00263.jpg,BYPASS_20260928_V01,BYPASS_20260928_V01_B01,1,263.0,train
BYPASS_20260928_V01_F00264,frame_00264.jpg,BYPASS_20260928_V01,BYPASS_20260928_V01_B01,1,264.0,train
BYPASS_20260928_V01_F00265,frame_00265.jpg,BYPASS_20260928_V01,BYPASS_20260928_V01_B01,1,265.0,train
BYPASS_20260928_V01_F00266,frame_00266.jpg,BYPASS_20260928_V01,BYPASS_20260928_V01_B01,1,266.0,train
BYPASS_20260928_V01_F00267,frame_00267.jpg,BYPASS_20260928_V01,BYPASS_20260928_V01_B01,1,267.0,train
BYPASS_20260928_V01_F00268,frame_00268.jpg,BYPASS_20260928_V01,BYPASS_20260928_V01_B01,1,268.0,train
BYPASS_20260928_V01_F00269,frame_00269.jpg,BYPASS_20260928_V01,BYPASS_20260928_V01_B01,1,269.0,train
BYPASS_20260928_V01_F00270,frame_00270.jpg,BYPASS_20260928_V01,BYPASS_20260928_V01_B01,1,270.0,train
BYPASS_20260928_V01_F00271,frame_00271.jpg,BYPASS_20260928_V01,BYPASS_20260928_V01_B01,1,271.0,train
BYPASS_20260928_V01_F00272,frame_00272.jpg,BYPASS_20260928_V01,BYPASS_20260928_V01_B01,1,272.0,train
BYPASS_20260928_V01_F00273,frame_00273.jpg,BYPASS_20260928_V01,BYPASS_20260928_V01_B01,1,273.0,train
BYPASS_20260928_V01_F00274,frame_00274.jpg,BYPASS_20260928_V01,BYPASS_20260928_V01_B01,1,274.0,train
BYPASS_20260928_V01_F00275,frame_00275.jpg,BYPASS_20260928_V01,BYPASS_20260928_V01_B01,1,275.0,train
BYPASS_20260928_V01_F00276,frame_00276.jpg,BYPASS_20260928_V01,BYPASS_20260928_V01_B01,1,276.0,train
BYPASS_20260928_V01_F00277,frame_00277.jpg,BYPASS_20260928_V01,BYPASS_20260928_V01_B01,1,277.0,train
BYPASS_20260928_V01_F00278,frame_00278.jpg,BYPASS_20260928_V01,BYPASS_20260928_V01_B01,1,278.0,train
BYPASS_20260928_V01_F00279,frame_00279.jpg,BYPASS_20260928_V01,BYPASS_20260928_V01_B01,1,279.0,train
BYPASS_20260928_V01_F00280,frame_00280.jpg,BYPASS_20260928_V01,BYPASS_20260928_V01_B01,1,280.0,train
BYPASS_20260928_V01_F00281,frame_00281.jpg,BYPASS_20260928_V01,BYPASS_20260928_V01_B01,1,281.0,train
BYPASS_20260928_V01_F00282,frame_00282.jpg,BYPASS_20260928_V01,BYPASS_20260928_V01_B01,1,282.0,train
BYPASS_20260928_V01_F00283,frame_00283.jpg,BYPASS_20260928_V01,BYPASS_20260928_V01_B01,1,283.0,train
BYPASS_20260928_V01_F00284,frame_00284.jpg,BYPASS_20260928_V01,BYPASS_20260928_V01_B01,1,284.0,train
BYPASS_20260928_V01_F00285,frame_00285.jpg,BYPASS_20260928_V01,BYPASS_20260928_V01_B01,1,285.0,train
BYPASS_20260928_V01_F00286,frame_00286.jpg,BYPASS_20260928_V01,BYPASS_20260928_V01_B01,1,286.0,train
BYPASS_20260928_V01_F00287,frame_00287.jpg,BYPASS_20260928_V01,BYPASS_20260928_V01_B01,1,287.0,train
BYPASS_20260928_V01_F00288,frame_00288.jpg,BYPASS_20260928_V01,BYPASS_20260928_V01_B01,1,288.0,train
BYPASS_20260928_V01_F00289,frame_00289.jpg,BYPASS_20260928_V01,BYPASS_20260928_V01_B01,1,289.0,train
BYPASS_20260928_V01_F00290,frame_00290.jpg,BYPASS_20260928_V01,BYPASS_20260928_V01_B01,1,290.0,train
BYPASS_20260928_V01_F00291,frame_00291.jpg,BYPASS_20260928_V01,BYPASS_20260928_V01_B01,1,291.0,train
BYPASS_20260928_V01_F00292,frame_00292.jpg,BYPASS_20260928_V01,BYPASS_20260928_V01_B01,1,292.0,train
BYPASS_20260928_V01_F00293,frame_00293.jpg,BYPASS_20260928_V01,BYPASS_20260928_V01_B01,1,293.0,train
BYPASS_20260928_V01_F00294,frame_00294.jpg,BYPASS_20260928_V01,BYPASS_20260928_V01_B01,1,294.0,train
BYPASS_20260928_V01_F00295,frame_00295.jpg,BYPASS_20260928_V01,BYPASS_20260928_V01_B01,1,295.0,train
BYPASS_20260928_V01_F00296,frame_00296.jpg,BYPASS_20260928_V01,BYPASS_20260928_V01_B01,1,296.0,train
BYPASS_20260928_V01_F00297,frame_00297.jpg,BYPASS_20260928_V01,BYPASS_20260928_V01_B01,1,297.0,train
BYPASS_20260928_V01_F00298,frame_00298.jpg,BYPASS_20260928_V01,BYPASS_20260928_V01_B01,1,298.0,train
BYPASS_20260928_V01_F00299,frame_00299.jpg,BYPASS_20260928_V01,BYPASS_20260928_V01_B01,1,299.0,train
BYPASS_20260928_V01_F00300,frame_00300.jpg,BYPASS_20260928_V01,BYPASS_20260928_V01_B01,1,300.0,train
BYPASS_20260928_V01_F00301,frame_00301.jpg,BYPASS_20260928_V01,BYPASS_20260928_V01_B01,1,301.0,train
BYPASS_20260928_V01_F00302,frame_00302.jpg,BYPASS_20260928_V01,BYPASS_20260928_V01_B01,1,302.0,train
BYPASS_20260928_V01_F00303,frame_00303.jpg,BYPASS_20260928_V01,BYPASS_20260928_V01_B01,1,303.0,train
BYPASS_20260928_V01_F00304,frame_00304.jpg,BYPASS_20260928_V01,BYPASS_20260928_V01_B01,1,304.0,train
BYPASS_20260928_V01_F00305,frame_00305.jpg,BYPASS_20260928_V01,BYPASS_20260928_V01_B01,1,305.0,train
BYPASS_20260928_V01_F00306,frame_00306.jpg,BYPASS_20260928_V01,BYPASS_20260928_V01_B01,1,306.0,train
BYPASS_20260928_V01_F00307,frame_00307.jpg,BYPASS_20260928_V01,BYPASS_20260928_V01_B01,1,307.0,train
BYPASS_20260928_V01_F00308,frame_00308.jpg,BYPASS_20260928_V01,BYPASS_20260928_V01_B01,1,308.0,train
BYPASS_20260928_V01_F00309,frame_00309.jpg,BYPASS_20260928_V01,BYPASS_20260928_V01_B01,1,309.0,train
BYPASS_20260928_V01_F00310,frame_00310.jpg,BYPASS_20260928_V01,BYPASS_20260928_V01_B01,1,310.0,train
BYPASS_20260928_V01_F00311,frame_00311.jpg,BYPASS_20260928_V01,BYPASS_20260928_V01_B01,1,311.0,train
BYPASS_20260928_V01_F00312,frame_00312.jpg,BYPASS_20260928_V01,BYPASS_20260928_V01_B01,1,312.0,train
BYPASS_20260928_V01_F00313,frame_00313.jpg,BYPASS_20260928_V01,BYPASS_20260928_V01_B01,1,313.0,train
BYPASS_20260928_V01_F00314,frame_00314.jpg,BYPASS_20260928_V01,BYPASS_20260928_V01_B01,1,314.0,train
BYPASS_20260928_V01_F00315,frame_00315.jpg,BYPASS_20260928_V01,BYPASS_20260928_V01_B01,1,315.0,train
BYPASS_20260928_V01_F00316,frame_00316.jpg,BYPASS_20260928_V01,BYPASS_20260928_V01_B01,1,316.0,train
BYPASS_20260928_V01_F00317,frame_00317.jpg,BYPASS_20260928_V01,BYPASS_20260928_V01_B01,1,317.0,train
BYPASS_20260928_V01_F00318,frame_00318.jpg,BYPASS_20260928_V01,BYPASS_20260928_V01_B01,1,318.0,train
BYPASS_20260928_V01_F00319,frame_00319.jpg,BYPASS_20260928_V01,BYPASS_20260928_V01_B01,1,319.0,train
BYPASS_20260928_V01_F00320,frame_00320.jpg,BYPASS_20260928_V01,BYPASS_20260928_V01_B01,1,320.0,train
BYPASS_20260928_V01_F00321,frame_00321.jpg,BYPASS_20260928_V01,BYPASS_20260928_V01_B01,1,321.0,train
BYPASS_20260928_V01_F00322,frame_00322.jpg,BYPASS_20260928_V01,BYPASS_20260928_V01_B01,1,322.0,train
BYPASS_20260928_V01_F00323,frame_00323.jpg,BYPASS_20260928_V01,BYPASS_20260928_V01_B01,1,323.0,train
BYPASS_20260928_V01_F00324,frame_00324.jpg,BYPASS_20260928_V01,BYPASS_20260928_V01_B01,1,324.0,train
BYPASS_20260928_V01_F00325,frame_00325.jpg,BYPASS_20260928_V01,BYPASS_20260928_V01_B01,1,325.0,train
BYPASS_20260928_V01_F00326,frame_00326.jpg,BYPASS_20260928_V01,BYPASS_20260928_V01_B01,1,326.0,train
BYPASS_20260928_V01_F00327,frame_00327.jpg,BYPASS_20260928_V01,BYPASS_20260928_V01_B01,1,327.0,train
BYPASS_20260928_V01_F00328,frame_00328.jpg,BYPASS_20260928_V01,BYPASS_20260928_V01_B01,1,328.0,train
BYPASS_20260928_V01_F00329,frame_00329.jpg,BYPASS_20260928_V01,BYPASS_20260928_V01_B01,1,329.0,train
BYPASS_20260928_V01_F00330,frame_00330.jpg,BYPASS_20260928_V01,BYPASS_20260928_V01_B01,1,330.0,train
BYPASS_20260928_V01_F00331,frame_00331.jpg,BYPASS_20260928_V01,BYPASS_20260928_V01_B01,1,331.0,train
BYPASS_20260928_V01_F00332,frame_00332.jpg,BYPASS_20260928_V01,BYPASS_20260928_V01_B01,1,332.0,train
BYPASS_20260928_V01_F00333,frame_00333.jpg,BYPASS_20260928_V01,BYPASS_20260928_V01_B01,1,333.0,train
BYPASS_20260928_V01_F00334,frame_00334.jpg,BYPASS_20260928_V01,BYPASS_20260928_V01_B01,1,334.0,train
BYPASS_20260928_V01_F00335,frame_00335.jpg,BYPASS_20260928_V01,BYPASS_20260928_V01_B01,1,335.0,train
BYPASS_20260928_V01_F00336,frame_00336.jpg,BYPASS_20260928_V01,BYPASS_20260928_V01_B01,1,336.0,train
BYPASS_20260928_V01_F00337,frame_00337.jpg,BYPASS_20260928_V01,BYPASS_20260928_V01_B01,1,337.0,train
BYPASS_20260928_V01_F00338,frame_00338.jpg,BYPASS_20260928_V01,BYPASS_20260928_V01_B01,1,338.0,train
BYPASS_20260928_V01_F00339,frame_00339.jpg,BYPASS_20260928_V01,BYPASS_20260928_V01_B01,1,339.0,train
BYPASS_20260928_V01_F00340,frame_00340.jpg,BYPASS_20260928_V01,BYPASS_20260928_V01_B01,1,340.0,train
BYPASS_20260928_V01_F00341,frame_00341.jpg,BYPASS_20260928_V01,BYPASS_20260928_V01_B01,1,341.0,train
BYPASS_20260928_V01_F00342,frame_00342.jpg,BYPASS_20260928_V01,BYPASS_20260928_V01_B01,1,342.0,train
BYPASS_20260928_V01_F00343,frame_00343.jpg,BYPASS_20260928_V01,BYPASS_20260928_V01_B01,1,343.0,train
BYPASS_20260928_V01_F00344,frame_00344.jpg,BYPASS_20260928_V01,BYPASS_20260928_V01_B01,1,344.0,train
BYPASS_20260928_V01_F00345,frame_00345.jpg,BYPASS_20260928_V01,BYPASS_20260928_V01_B01,1,345.0,train
BYPASS_20260928_V01_F00346,frame_00346.jpg,BYPASS_20260928_V01,BYPASS_20260928_V01_B01,1,346.0,train
BYPASS_20260928_V01_F00347,frame_00347.jpg,BYPASS_20260928_V01,BYPASS_20260928_V01_B01,1,347.0,train
BYPASS_20260928_V01_F00348,frame_00348.jpg,BYPASS_20260928_V01,BYPASS_20260928_V01_B01,1,348.0,train
BYPASS_20260928_V01_F00349,frame_00349.jpg,BYPASS_20260928_V01,BYPASS_20260928_V01_B01,1,349.0,train
BYPASS_20260928_V01_F00350,frame_00350.jpg,BYPASS_20260928_V01,BYPASS_20260928_V01_B01,1,350.0,train
BYPASS_20260928_V01_F00351,frame_00351.jpg,BYPASS_20260928_V01,BYPASS_20260928_V01_B01,1,351.0,train
BYPASS_20260928_V01_F00352,frame_00352.jpg,BYPASS_20260928_V01,BYPASS_20260928_V01_B01,1,352.0,train
BYPASS_20260928_V01_F00353,frame_00353.jpg,BYPASS_20260928_V01,BYPASS_20260928_V01_B01,1,353.0,train
BYPASS_20260928_V01_F00354,frame_00354.jpg,BYPASS_20260928_V01,BYPASS_20260928_V01_B01,1,354.0,train
BYPASS_20260928_V01_F00355,frame_00355.jpg,BYPASS_20260928_V01,BYPASS_20260928_V01_B01,1,355.0,train
BYPASS_20260928_V01_F00356,frame_00356.jpg,BYPASS_20260928_V01,BYPASS_20260928_V01_B01,1,356.0,train
BYPASS_20260928_V01_F00357,frame_00357.jpg,BYPASS_20260928_V01,BYPASS_20260928_V01_B01,1,357.0,train
BYPASS_20260928_V01_F00358,frame_00358.jpg,BYPASS_20260928_V01,BYPASS_20260928_V01_B01,1,358.0,train
BYPASS_20260928_V01_F00359,frame_00359.jpg,BYPASS_20260928_V01,BYPASS_20260928_V01_B01,1,359.0,train
BYPASS_20260928_V01_F00360,frame_00360.jpg,BYPASS_20260928_V01,BYPASS_20260928_V01_B01,1,360.0,train
BYPASS_20260928_V01_F00361,frame_00361.jpg,BYPASS_20260928_V01,BYPASS_20260928_V01_B01,1,361.0,train
BYPASS_20260928_V01_F00362,frame_00362.jpg,BYPASS_20260928_V01,BYPASS_20260928_V01_B01,1,362.0,train
BYPASS_20260928_V01_F00363,frame_00363.jpg,BYPASS_20260928_V01,BYPASS_20260928_V01_B01,1,363.0,train
BYPASS_20260928_V01_F00364,frame_00364.jpg,BYPASS_20260928_V01,BYPASS_20260928_V01_B01,1,364.0,train
BYPASS_20260928_V01_F00365,frame_00365.jpg,BYPASS_20260928_V01,BYPASS_20260928_V01_B01,1,365.0,train
BYPASS_20260928_V01_F00366,frame_00366.jpg,BYPASS_20260928_V01,BYPASS_20260928_V01_B01,1,366.0,train
BYPASS_20260928_V01_F00367,frame_00367.jpg,BYPASS_20260928_V01,BYPASS_20260928_V01_B01,1,367.0,train
BYPASS_20260928_V01_F00368,frame_00368.jpg,BYPASS_20260928_V01,BYPASS_20260928_V01_B01,1,368.0,train
BYPASS_20260928_V01_F00369,frame_00369.jpg,BYPASS_20260928_V01,BYPASS_20260928_V01_B01,1,369.0,train
BYPASS_20260928_V01_F00370,frame_00370.jpg,BYPASS_20260928_V01,BYPASS_20260928_V01_B01,1,370.0,train
BYPASS_20260928_V01_F00371,frame_00371.jpg,BYPASS_20260928_V01,BYPASS_20260928_V01_B01,1,371.0,train
BYPASS_20260928_V01_F00372,frame_00372.jpg,BYPASS_20260928_V01,BYPASS_20260928_V01_B01,1,372.0,train
BYPASS_20260928_V01_F00373,frame_00373.jpg,BYPASS_20260928_V01,BYPASS_20260928_V01_B01,1,373.0,train
BYPASS_20260928_V01_F00374,frame_00374.jpg,BYPASS_20260928_V01,BYPASS_20260928_V01_B01,1,374.0,train
BYPASS_20260928_V01_F00375,frame_00375.jpg,BYPASS_20260928_V01,BYPASS_20260928_V01_B01,1,375.0,train
BYPASS_20260928_V01_F00376,frame_00376.jpg,BYPASS_20260928_V01,BYPASS_20260928_V01_B01,1,376.0,train
BYPASS_20260928_V01_F00377,frame_00377.jpg,BYPASS_20260928_V01,BYPASS_20260928_V01_B01,1,377.0,train
BYPASS_20260928_V01_F00378,frame_00378.jpg,BYPASS_20260928_V01,BYPASS_20260928_V01_B01,1,378.0,train
BYPASS_20260928_V01_F00379,frame_00379.jpg,BYPASS_20260928_V01,BYPASS_20260928_V01_B01,1,379.0,train
BYPASS_20260928_V01_F00380,frame_00380.jpg,BYPASS_20260928_V01,BYPASS_20260928_V01_B01,1,380.0,train
BYPASS_20260928_V01_F00381,frame_00381.jpg,BYPASS_20260928_V01,BYPASS_20260928_V01_B01,1,381.0,train
BYPASS_20260928_V01_F00382,frame_00382.jpg,BYPASS_20260928_V01,BYPASS_20260928_V01_B01,1,382.0,train
BYPASS_20260928_V01_F00383,frame_00383.jpg,BYPASS_20260928_V01,BYPASS_20260928_V01_B01,1,383.0,train
BYPASS_20260928_V01_F00384,frame_00384.jpg,BYPASS_20260928_V01,BYPASS_20260928_V01_B01,1,384.0,train
BYPASS_20260928_V01_F00385,frame_00385.jpg,BYPASS_20260928_V01,BYPASS_20260928_V01_B01,1,385.0,train
BYPASS_20260928_V01_F00386,frame_00386.jpg,BYPASS_20260928_V01,BYPASS_20260928_V01_B01,1,386.0,train
BYPASS_20260928_V01_F00387,frame_00387.jpg,BYPASS_20260928_V01,BYPASS_20260928_V01_B01,1,387.0,train
BYPASS_20260928_V01_F00388,frame_00388.jpg,BYPASS_20260928_V01,BYPASS_20260928_V01_B01,1,388.0,train
BYPASS_20260928_V01_F00389,frame_00389.jpg,BYPASS_20260928_V01,BYPASS_20260928_V01_B01,1,389.0,train
BYPASS_20260928_V01_F00390,frame_00390.jpg,BYPASS_20260928_V01,BYPASS_20260928_V01_B01,1,390.0,train
BYPASS_20260928_V01_F00391,frame_00391.jpg,BYPASS_20260928_V01,BYPASS_20260928_V01_B01,1,391.0,train
BYPASS_20260928_V01_F00392,frame_00392.jpg,BYPASS_20260928_V01,BYPASS_20260928_V01_B01,1,392.0,train
BYPASS_20260928_V01_F00393,frame_00393.jpg,BYPASS_20260928_V01,BYPASS_20260928_V01_B01,1,393.0,train
BYPASS_20260928_V01_F00394,frame_00394.jpg,BYPASS_20260928_V01,BYPASS_20260928_V01_B01,1,394.0,train
BYPASS_20260928_V01_F00395,frame_00395.jpg,BYPASS_20260928_V01,BYPASS_20260928_V01_B01,1,395.0,train
BYPASS_20260928_V01_F00396,frame_00396.jpg,BYPASS_20260928_V01,BYPASS_20260928_V01_B01,1,396.0,train
BYPASS_20260928_V01_F00397,frame_00397.jpg,BYPASS_20260928_V01,BYPASS_20260928_V01_B01,1,397.0,train
BYPASS_20260928_V01_F00398,frame_00398.jpg,BYPASS_20260928_V01,BYPASS_20260928_V01_B01,1,398.0,train
BYPASS_20260928_V01_F00399,frame_00399.jpg,BYPASS_20260928_V01,BYPASS_20260928_V01_B01,1,399.0,train
BYPASS_20260928_V01_F00400,frame_00400.jpg,BYPASS_20260928_V01,BYPASS_20260928_V01_B01,1,400.0,train
BYPASS_20260928_V01_F00401,frame_00401.jpg,BYPASS_20260928_V01,BYPASS_20260928_V01_B01,1,401.0,train
BYPASS_20260928_V01_F00402,frame_00402.jpg,BYPASS_20260928_V01,BYPASS_20260928_V01_B01,1,402.0,train
BYPASS_20260928_V01_F00403,frame_00403.jpg,BYPASS_20260928_V01,BYPASS_20260928_V01_B01,1,403.0,train
BYPASS_20260928_V01_F00404,frame_00404.jpg,BYPASS_20260928_V01,BYPASS_20260928_V01_B01,1,404.0,train
BYPASS_20260928_V01_F00405,frame_00405.jpg,BYPASS_20260928_V01,BYPASS_20260928_V01_B01,1,405.0,train
BYPASS_20260928_V01_F00406,frame_00406.jpg,BYPASS_20260928_V01,BYPASS_20260928_V01_B01,1,406.0,train
BYPASS_20260928_V01_F00407,frame_00407.jpg,BYPASS_20260928_V01,BYPASS_20260928_V01_B01,1,407.0,train
BYPASS_20260928_V01_F00408,frame_00408.jpg,BYPASS_20260928_V01,BYPASS_20260928_V01_B01,1,408.0,train
BYPASS_20260928_V01_F00409,frame_00409.jpg,BYPASS_20260928_V01,BYPASS_20260928_V01_B01,1,409.0,train
BYPASS_20260928_V01_F00410,frame_00410.jpg,BYPASS_20260928_V01,BYPASS_20260928_V01_B01,1,410.0,train
BYPASS_20260928_V01_F00411,frame_00411.jpg,BYPASS_20260928_V01,BYPASS_20260928_V01_B01,1,411.0,train
BYPASS_20260928_V01_F00412,frame_00412.jpg,BYPASS_20260928_V01,BYPASS_20260928_V01_B01,1,412.0,train
BYPASS_20260928_V01_F00413,frame_00413.jpg,BYPASS_20260928_V01,BYPASS_20260928_V01_B01,1,413.0,train
BYPASS_20260928_V01_F00414,frame_00414.jpg,BYPASS_20260928_V01,BYPASS_20260928_V01_B01,1,414.0,train
BYPASS_20260928_V01_F00415,frame_00415.jpg,BYPASS_20260928_V01,BYPASS_20260928_V01_B01,1,415.0,train
BYPASS_20260928_V01_F00416,frame_00416.jpg,BYPASS_20260928_V01,BYPASS_20260928_V01_B01,1,416.0,train
BYPASS_20260928_V01_F00417,frame_00417.jpg,BYPASS_20260928_V01,BYPASS_20260928_V01_B01,1,417.0,train
BYPASS_20260928_V01_F00418,frame_00418.jpg,BYPASS_20260928_V01,BYPASS_20260928_V01_B01,1,418.0,train
BYPASS_20260928_V01_F00419,frame_00419.jpg,BYPASS_20260928_V01,BYPASS_20260928_V01_B01,1,419.0,train
BYPASS_20260928_V01_F00420,frame_00420.jpg,BYPASS_20260928_V01,BYPASS_20260928_V01_B01,1,420.0,train
BYPASS_20260928_V01_F00421,frame_00421.jpg,BYPASS_20260928_V01,BYPASS_20260928_V01_B01,1,421.0,train
BYPASS_20260928_V01_F00422,frame_00422.jpg,BYPASS_20260928_V01,BYPASS_20260928_V01_B01,1,422.0,train
BYPASS_20260928_V01_F00423,frame_00423.jpg,BYPASS_20260928_V01,BYPASS_20260928_V01_B01,1,423.0,train
BYPASS_20260928_V01_F00424,frame_00424.jpg,BYPASS_20260928_V01,BYPASS_20260928_V01_B01,1,424.0,train
BYPASS_20260928_V01_F00425,frame_00425.jpg,BYPASS_20260928_V01,BYPASS_20260928_V01_B01,1,425.0,train
BYPASS_20260928_V01_F00426,frame_00426.jpg,BYPASS_20260928_V01,BYPASS_20260928_V01_B01,1,426.0,train
BYPASS_20260928_V01_F00427,frame_00427.jpg,BYPASS_20260928_V01,BYPASS_20260928_V01_B01,1,427.0,train
BYPASS_20260928_V01_F00428,frame_00428.jpg,BYPASS_20260928_V01,BYPASS_20260928_V01_B01,1,428.0,train
BYPASS_20260928_V01_F00429,frame_00429.jpg,BYPASS_20260928_V01,BYPASS_20260928_V01_B01,1,429.0,train
BYPASS_20260928_V01_F00430,frame_00430.jpg,BYPASS_20260928_V01,BYPASS_20260928_V01_B01,1,430.0,train
BYPASS_20260928_V01_F00431,frame_00431.jpg,BYPASS_20260928_V01,BYPASS_20260928_V01_B01,1,431.0,train
BYPASS_20260928_V01_F00432,frame_00432.jpg,BYPASS_20260928_V01,BYPASS_20260928_V01_B01,1,432.0,train
BYPASS_20260928_V01_F00433,frame_00433.jpg,BYPASS_20260928_V01,BYPASS_20260928_V01_B01,1,433.0,train
BYPASS_20260928_V01_F00434,frame_00434.jpg,BYPASS_20260928_V01,BYPASS_20260928_V01_B01,1,434.0,train
BYPASS_20260928_V01_F00435,frame_00435.jpg,BYPASS_20260928_V01,BYPASS_20260928_V01_B01,1,435.0,train
BYPASS_20260928_V01_F00436,frame_00436.jpg,BYPASS_20260928_V01,BYPASS_20260928_V01_B01,1,436.0,train
BYPASS_20260928_V01_F00437,frame_00437.jpg,BYPASS_20260928_V01,BYPASS_20260928_V01_B01,1,437.0,train
BYPASS_20260928_V01_F00438,frame_00438.jpg,BYPASS_20260928_V01,BYPASS_20260928_V01_B01,1,438.0,train
BYPASS_20260928_V01_F00439,frame_00439.jpg,BYPASS_20260928_V01,BYPASS_20260928_V01_B01,1,439.0,train
BYPASS_20260928_V01_F00440,frame_00440.jpg,BYPASS_20260928_V01,BYPASS_20260928_V01_B01,1,440.0,train
BYPASS_20260928_V01_F00441,frame_00441.jpg,BYPASS_20260928_V01,BYPASS_20260928_V01_B01,1,441.0,train
BYPASS_20260928_V01_F00442,frame_00442.jpg,BYPASS_20260928_V01,BYPASS_20260928_V01_B01,1,442.0,train
BYPASS_20260928_V01_F00443,frame_00443.jpg,BYPASS_20260928_V01,BYPASS_20260928_V01_B01,1,443.0,train
BYPASS_20260928_V01_F00444,frame_00444.jpg,BYPASS_20260928_V01,BYPASS_20260928_V01_B01,1,444.0,train
BYPASS_20260928_V01_F00445,frame_00445.jpg,BYPASS_20260928_V01,BYPASS_20260928_V01_B01,1,445.0,train
BYPASS_20260928_V01_F00446,frame_00446.jpg,BYPASS_20260928_V01,BYPASS_20260928_V01_B01,1,446.0,train
BYPASS_20260928_V01_F00447,frame_00447.jpg,BYPASS_20260928_V01,BYPASS_20260928_V01_B01,1,447.0,train
BYPASS_20260928_V01_F00448,frame_00448.jpg,BYPASS_20260928_V01,BYPASS_20260928_V01_B01,1,448.0,train
BYPASS_20260928_V01_F00449,frame_00449.jpg,BYPASS_20260928_V01,BYPASS_20260928_V01_B01,1,449.0,train
BYPASS_20260928_V01_F00450,frame_00450.jpg,BYPASS_20260928_V01,BYPASS_20260928_V01_B01,1,450.0,train
BYPASS_20260928_V01_F00451,frame_00451.jpg,BYPASS_20260928_V01,BYPASS_20260928_V01_B01,1,451.0,train
BYPASS_20260928_V01_F00452,frame_00452.jpg,BYPASS_20260928_V01,BYPASS_20260928_V01_B01,1,452.0,train
BYPASS_20260928_V01_F00453,frame_00453.jpg,BYPASS_20260928_V01,BYPASS_20260928_V01_B01,1,453.0,train
BYPASS_20260928_V01_F00454,frame_00454.jpg,BYPASS_20260928_V01,BYPASS_20260928_V01_B01,1,454.0,train
BYPASS_20260928_V01_F00455,frame_00455.jpg,BYPASS_20260928_V01,BYPASS_20260928_V01_B01,1,455.0,train
BYPASS_20260928_V01_F00456,frame_00456.jpg,BYPASS_20260928_V01,BYPASS_20260928_V01_B01,1,456.0,train
BYPASS_20260928_V01_F00457,frame_00457.jpg,BYPASS_20260928_V01,BYPASS_20260928_V01_B01,1,457.0,train
BYPASS_20260928_V01_F00458,frame_00458.jpg,BYPASS_20260928_V01,BYPASS_20260928_V01_B01,1,458.0,train
BYPASS_20260928_V01_F00459,frame_00459.jpg,BYPASS_20260928_V01,BYPASS_20260928_V01_B01,1,459.0,train
BYPASS_20260928_V01_F00460,frame_00460.jpg,BYPASS_20260928_V01,BYPASS_20260928_V01_B01,1,460.0,train
BYPASS_20260928_V01_F00461,frame_00461.jpg,BYPASS_20260928_V01,BYPASS_20260928_V01_B01,1,461.0,train
BYPASS_20260928_V01_F00462,frame_00462.jpg,BYPASS_20260928_V01,BYPASS_20260928_V01_B01,1,462.0,train
BYPASS_20260928_V01_F00463,frame_00463.jpg,BYPASS_20260928_V01,BYPASS_20260928_V01_B01,1,463.0,train
BYPASS_20260928_V01_F00464,frame_00464.jpg,BYPASS_20260928_V01,BYPASS_20260928_V01_B01,1,464.0,train
BYPASS_20260928_V01_F00465,frame_00465.jpg,BYPASS_20260928_V01,BYPASS_20260928_V01_B01,1,465.0,train
BYPASS_20260928_V01_F00466,frame_00466.jpg,BYPASS_20260928_V01,BYPASS_20260928_V01_B01,1,466.0,train
BYPASS_20260928_V01_F00467,frame_00467.jpg,BYPASS_20260928_V01,BYPASS_20260928_V01_B01,1,467.0,train
BYPASS_20260928_V01_F00468,frame_00468.jpg,BYPASS_20260928_V01,BYPASS_20260928_V01_B01,1,468.0,train
BYPASS_20260928_V01_F00469,frame_00469.jpg,BYPASS_20260928_V01,BYPASS_20260928_V01_B01,1,469.0,train
BYPASS_20260928_V01_F00470,frame_00470.jpg,BYPASS_20260928_V01,BYPASS_20260928_V01_B01,1,470.0,train
BYPASS_20260928_V01_F00471,frame_00471.jpg,BYPASS_20260928_V01,BYPASS_20260928_V01_B01,1,471.0,train
BYPASS_20260928_V01_F00472,frame_00472.jpg,BYPASS_20260928_V01,BYPASS_20260928_V01_B01,1,472.0,train
BYPASS_20260928_V01_F00473,frame_00473.jpg,BYPASS_20260928_V01,BYPASS_20260928_V01_B01,1,473.0,train
BYPASS_20260928_V01_F00474,frame_00474.jpg,BYPASS_20260928_V01,BYPASS_20260928_V01_B01,1,474.0,train
BYPASS_20260928_V01_F00475,frame_00475.jpg,BYPASS_20260928_V01,BYPASS_20260928_V01_B01,1,475.0,train
BYPASS_20260928_V01_F00476,frame_00476.jpg,BYPASS_20260928_V01,BYPASS_20260928_V01_B01,1,476.0,train
BYPASS_20260928_V01_F00477,frame_00477.jpg,BYPASS_20260928_V01,BYPASS_20260928_V01_B01,1,477.0,train
BYPASS_20260928_V01_F00478,frame_00478.jpg,BYPASS_20260928_V01,BYPASS_20260928_V01_B01,1,478.0,train
BYPASS_20260928_V01_F00479,frame_00479.jpg,BYPASS_20260928_V01,BYPASS_20260928_V01_B01,1,479.0,train
BYPASS_20260928_V01_F00480,frame_00480.jpg,BYPASS_20260928_V01,BYPASS_20260928_V01_B01,1,480.0,train
BYPASS_20260928_V01_F00481,frame_00481.jpg,BYPASS_20260928_V01,BYPASS_20260928_V01_B01,1,481.0,train
BYPASS_20260928_V01_F00482,frame_00482.jpg,BYPASS_20260928_V01,BYPASS_20260928_V01_B01,1,482.0,train
BYPASS_20260928_V01_F00483,frame_00483.jpg,BYPASS_20260928_V01,BYPASS_20260928_V01_B01,1,483.0,train
BYPASS_20260928_V01_F00484,frame_00484.jpg,BYPASS_20260928_V01,BYPASS_20260928_V01_B01,1,484.0,train
BYPASS_20260928_V01_F00485,frame_00485.jpg,BYPASS_20260928_V01,BYPASS_20260928_V01_B01,1,485.0,train
BYPASS_20260928_V01_F00486,frame_00486.jpg,BYPASS_20260928_V01,BYPASS_20260928_V01_B01,1,486.0,train
BYPASS_20260928_V01_F00487,frame_00487.jpg,BYPASS_20260928_V01,BYPASS_20260928_V01_B01,1,487.0,train
BYPASS_20260928_V01_F00488,frame_00488.jpg,BYPASS_20260928_V01,BYPASS_20260928_V01_B01,1,488.0,train
BYPASS_20260928_V01_F00489,frame_00489.jpg,BYPASS_20260928_V01,BYPASS_20260928_V01_B01,1,489.0,train
BYPASS_20260928_V01_F00490,frame_00490.jpg,BYPASS_20260928_V01,BYPASS_20260928_V01_B01,1,490.0,train
BYPASS_20260928_V01_F00491,frame_00491.jpg,BYPASS_20260928_V01,BYPASS_20260928_V01_B01,1,491.0,train
BYPASS_20260928_V01_F00492,frame_00492.jpg,BYPASS_20260928_V01,BYPASS_20260928_V01_B01,1,492.0,train
BYPASS_20260928_V01_F00493,frame_00493.jpg,BYPASS_20260928_V01,BYPASS_20260928_V01_B01,1,493.0,train
BYPASS_20260928_V01_F00494,frame_00494.jpg,BYPASS_20260928_V01,BYPASS_20260928_V01_B01,1,494.0,train
BYPASS_20260928_V01_F00495,frame_00495.jpg,BYPASS_20260928_V01,BYPASS_20260928_V01_B01,1,495.0,train
BYPASS_20260928_V01_F00496,frame_00496.jpg,BYPASS_20260928_V01,BYPASS_20260928_V01_B01,1,496.0,train
BYPASS_20260928_V01_F00497,frame_00497.jpg,BYPASS_20260928_V01,BYPASS_20260928_V01_B01,1,497.0,train
BYPASS_20260928_V01_F00498,frame_00498.jpg,BYPASS_20260928_V01,BYPASS_20260928_V01_B01,1,498.0,train
BYPASS_20260928_V01_F00499,frame_00499.jpg,BYPASS_20260928_V01,BYPASS_20260928_V01_B01,1,499.0,train
BYPASS_20260928_V01_F00500,frame_00500.jpg,BYPASS_20260928_V01,BYPASS_20260928_V01_B01,1,500.0,train
BYPASS_20260928_V01_F00501,frame_00501.jpg,BYPASS_20260928_V01,BYPASS_20260928_V01_B01,1,501.0,train
BYPASS_20260928_V01_F00502,frame_00502.jpg,BYPASS_20260928_V01,BYPASS_20260928_V01_B01,1,502.0,train
BYPASS_20260928_V01_F00503,frame_00503.jpg,BYPASS_20260928_V01,BYPASS_20260928_V01_B01,1,503.0,train
BYPASS_20260928_V01_F00504,frame_00504.jpg,BYPASS_20260928_V01,BYPASS_20260928_V01_B01,1,504.0,train
BYPASS_20260928_V01_F00505,frame_00505.jpg,BYPASS_20260928_V01,BYPASS_20260928_V01_B01,1,505.0,train
BYPASS_20260928_V01_F00506,frame_00506.jpg,BYPASS_20260928_V01,BYPASS_20260928_V01_B01,1,506.0,train
BYPASS_20260928_V01_F00507,frame_00507.jpg,BYPASS_20260928_V01,BYPASS_20260928_V01_B01,1,507.0,train
BYPASS_20260928_V01_F00508,frame_00508.jpg,BYPASS_20260928_V01,BYPASS_20260928_V01_B01,1,508.0,train
BYPASS_20260928_V01_F00509,frame_00509.jpg,BYPASS_20260928_V01,BYPASS_20260928_V01_B01,1,509.0,train
BYPASS_20260928_V01_F00510,frame_00510.jpg,BYPASS_20260928_V01,BYPASS_20260928_V01_B01,1,510.0,train
BYPASS_20260928_V01_F00511,frame_00511.jpg,BYPASS_20260928_V01,BYPASS_20260928_V01_B01,1,511.0,train
BYPASS_20260928_V01_F00512,frame_00512.jpg,BYPASS_20260928_V01,BYPASS_20260928_V01_B01,1,512.0,train
BYPASS_20260928_V01_F00513,frame_00513.jpg,BYPASS_20260928_V01,BYPASS_20260928_V01_B01,1,513.0,train
BYPASS_20260928_V01_F00514,frame_00514.jpg,BYPASS_20260928_V01,BYPASS_20260928_V01_B01,1,514.0,train
BYPASS_20260928_V01_F00515,frame_00515.jpg,BYPASS_20260928_V01,BYPASS_20260928_V01_B01,1,515.0,train
BYPASS_20260928_V01_F00516,frame_00516.jpg,BYPASS_20260928_V01,BYPASS_20260928_V01_B01,1,516.0,train
BYPASS_20260928_V01_F00517,frame_00517.jpg,BYPASS_20260928_V01,BYPASS_20260928_V01_B01,1,517.0,train
BYPASS_20260928_V01_F00518,frame_00518.jpg,BYPASS_20260928_V01,BYPASS_20260928_V01_B01,1,518.0,train
BYPASS_20260928_V01_F00519,frame_00519.jpg,BYPASS_20260928_V01,BYPASS_20260928_V01_B01,1,519.0,train
BYPASS_20260928_V01_F00520,frame_00520.jpg,BYPASS_20260928_V01,BYPASS_20260928_V01_B01,1,520.0,train
BYPASS_20260928_V01_F00521,frame_00521.jpg,BYPASS_20260928_V01,BYPASS_20260928_V01_B01,1,521.0,train
BYPASS_20260928_V01_F00522,frame_00522.jpg,BYPASS_20260928_V01,BYPASS_20260928_V01_B01,1,522.0,train
BYPASS_20260928_V01_F00523,frame_00523.jpg,BYPASS_20260928_V01,BYPASS_20260928_V01_B01,1,523.0,train
BYPASS_20260928_V01_F00524,frame_00524.jpg,BYPASS_20260928_V01,BYPASS_20260928_V01_B01,1,524.0,train
BYPASS_20260928_V01_F00525,frame_00525.jpg,BYPASS_20260928_V01,BYPASS_20260928_V01_B01,1,525.0,train
BYPASS_20260928_V01_F00526,frame_00526.jpg,BYPASS_20260928_V01,BYPASS_20260928_V01_B01,1,526.0,train
BYPASS_20260928_V01_F00527,frame_00527.jpg,BYPASS_20260928_V01,BYPASS_20260928_V01_B01,1,527.0,train
BYPASS_20260928_V01_F00528,frame_00528.jpg,BYPASS_20260928_V01,BYPASS_20260928_V01_B01,1,528.0,train
BYPASS_20260928_V01_F00529,frame_00529.jpg,BYPASS_20260928_V01,BYPASS_20260928_V01_B01,1,529.0,train
BYPASS_20260928_V01_F00530,frame_00530.jpg,BYPASS_20260928_V01,BYPASS_20260928_V01_B01,1,530.0,train
BYPASS_20260928_V01_F00531,frame_00531.jpg,BYPASS_20260928_V01,BYPASS_20260928_V01_B01,1,531.0,train
BYPASS_20260928_V01_F00532,frame_00532.jpg,BYPASS_20260928_V01,BYPASS_20260928_V01_B01,1,532.0,train
BYPASS_20260928_V01_F00533,frame_00533.jpg,BYPASS_20260928_V01,BYPASS_20260928_V01_B01,1,533.0,train
BYPASS_20260928_V01_F00534,frame_00534.jpg,BYPASS_20260928_V01,BYPASS_20260928_V01_B01,1,534.0,train
BYPASS_20260928_V01_F00535,frame_00535.jpg,BYPASS_20260928_V01,BYPASS_20260928_V01_B01,1,535.0,train
BYPASS_20260928_V01_F00536,frame_00536.jpg,BYPASS_20260928_V01,BYPASS_20260928_V01_B01,1,536.0,train
BYPASS_20260928_V01_F00537,frame_00537.jpg,BYPASS_20260928_V01,BYPASS_20260928_V01_B01,1,537.0,train
BYPASS_20260928_V01_F00538,frame_00538.jpg,BYPASS_20260928_V01,BYPASS_20260928_V01_B01,1,538.0,train
BYPASS_20260928_V01_F00539,frame_00539.jpg,BYPASS_20260928_V01,BYPASS_20260928_V01_B01,1,539.0,train
BYPASS_20260928_V01_F00540,frame_00540.jpg,BYPASS_20260928_V01,BYPASS_20260928_V01_B01,1,540.0,train
BYPASS_20260928_V01_F00541,frame_00541.jpg,BYPASS_20260928_V01,BYPASS_20260928_V01_B01,1,541.0,train
BYPASS_20260928_V01_F00542,frame_00542.jpg,BYPASS_20260928_V01,BYPASS_20260928_V01_B01,1,542.0,train
BYPASS_20260928_V01_F00543,frame_00543.jpg,BYPASS_20260928_V01,BYPASS_20260928_V01_B01,1,543.0,train
BYPASS_20260928_V01_F00544,frame_00544.jpg,BYPASS_20260928_V01,BYPASS_20260928_V01_B01,1,544.0,train
BYPASS_20260928_V01_F00545,frame_00545.jpg,BYPASS_20260928_V01,BYPASS_20260928_V01_B01,1,545.0,train
BYPASS_20260928_V01_F00546,frame_00546.jpg,BYPASS_20260928_V01,BYPASS_20260928_V01_B01,1,546.0,train
BYPASS_20260928_V01_F00547,frame_00547.jpg,BYPASS_20260928_V01,BYPASS_20260928_V01_B01,1,547.0,train
BYPASS_20260928_V01_F00548,frame_00548.jpg,BYPASS_20260928_V01,BYPASS_20260928_V01_B01,1,548.0,train
BYPASS_20260928_V01_F00549,frame_00549.jpg,BYPASS_20260928_V01,BYPASS_20260928_V01_B01,1,549.0,train
BYPASS_20260928_V01_F00550,frame_00550.jpg,BYPASS_20260928_V01,BYPASS_20260928_V01_B01,1,550.0,train
BYPASS_20260928_V01_F00551,frame_00551.jpg,BYPASS_20260928_V01,BYPASS_20260928_V01_B01,1,551.0,train
BYPASS_20260928_V01_F00552,frame_00552.jpg,BYPASS_20260928_V01,BYPASS_20260928_V01_B01,1,552.0,train
BYPASS_20260928_V01_F00553,frame_00553.jpg,BYPASS_20260928_V01,BYPASS_20260928_V01_B01,1,553.0,train
BYPASS_20260928_V01_F00554,frame_00554.jpg,BYPASS_20260928_V01,BYPASS_20260928_V01_B01,1,554.0,train
BYPASS_20260928_V01_F00555,frame_00555.jpg,BYPASS_20260928_V01,BYPASS_20260928_V01_B01,1,555.0,train
BYPASS_20260928_V01_F00556,frame_00556.jpg,BYPASS_20260928_V01,BYPASS_20260928_V01_B01,1,556.0,train
BYPASS_20260928_V01_F00557,frame_00557.jpg,BYPASS_20260928_V01,BYPASS_20260928_V01_B01,1,557.0,train
BYPASS_20260928_V01_F00558,frame_00558.jpg,BYPASS_20260928_V01,BYPASS_20260928_V01_B01,1,558.0,train
BYPASS_20260928_V01_F00559,frame_00559.jpg,BYPASS_20260928_V01,BYPASS_20260928_V01_B01,1,559.0,train
BYPASS_20260928_V01_F00560,frame_00560.jpg,BYPASS_20260928_V01,BYPASS_20260928_V01_B01,1,560.0,train
BYPASS_20260928_V01_F00561,frame_00561.jpg,BYPASS_20260928_V01,BYPASS_20260928_V01_B01,1,561.0,train
BYPASS_20260928_V01_F00562,frame_00562.jpg,BYPASS_20260928_V01,BYPASS_20260928_V01_B01,1,562.0,train
BYPASS_20260928_V01_F00563,frame_00563.jpg,BYPASS_20260928_V01,BYPASS_20260928_V01_B01,1,563.0,train
BYPASS_20260928_V01_F00564,frame_00564.jpg,BYPASS_20260928_V01,BYPASS_20260928_V01_B01,1,564.0,train
BYPASS_20260928_V01_F00565,frame_00565.jpg,BYPASS_20260928_V01,BYPASS_20260928_V01_B01,1,565.0,train
BYPASS_20260928_V01_F00566,frame_00566.jpg,BYPASS_20260928_V01,BYPASS_20260928_V01_B01,1,566.0,train
BYPASS_20260928_V01_F00567,frame_00567.jpg,BYPASS_20260928_V01,BYPASS_20260928_V01_B01,1,567.0,train
BYPASS_20260928_V01_F00568,frame_00568.jpg,BYPASS_20260928_V01,BYPASS_20260928_V01_B01,1,568.0,train
BYPASS_20260928_V01_F00569,frame_00569.jpg,BYPASS_20260928_V01,BYPASS_20260928_V01_B01,1,569.0,train
BYPASS_20260928_V01_F00570,frame_00570.jpg,BYPASS_20260928_V01,BYPASS_20260928_V01_B01,1,570.0,train
BYPASS_20260928_V01_F00571,frame_00571.jpg,BYPASS_20260928_V01,BYPASS_20260928_V01_B01,1,571.0,guarda
BYPASS_20260928_V01_F00572,frame_00572.jpg,BYPASS_20260928_V01,BYPASS_20260928_V01_B01,1,572.0,guarda
BYPASS_20260928_V01_F00573,frame_00573.jpg,BYPASS_20260928_V01,BYPASS_20260928_V01_B01,1,573.0,guarda
BYPASS_20260928_V01_F00574,frame_00574.jpg,BYPASS_20260928_V01,BYPASS_20260928_V01_B01,1,574.0,guarda
BYPASS_20260928_V01_F00575,frame_00575.jpg,BYPASS_20260928_V01,BYPASS_20260928_V01_B01,1,575.0,guarda
BYPASS_20260928_V01_F00576,frame_00576.jpg,BYPASS_20260928_V01,BYPASS_20260928_V01_B01,1,576.0,guarda
BYPASS_20260928_V01_F00577,frame_00577.jpg,BYPASS_20260928_V01,BYPASS_20260928_V01_B01,1,577.0,guarda
BYPASS_20260928_V01_F00578,frame_00578.jpg,BYPASS_20260928_V01,BYPASS_20260928_V01_B01,1,578.0,guarda
BYPASS_20260928_V01_F00579,frame_00579.jpg,BYPASS_20260928_V01,BYPASS_20260928_V01_B01,1,579.0,guarda
BYPASS_20260928_V01_F00580,frame_00580.jpg,BYPASS_20260928_V01,BYPASS_20260928_V01_B01,1,580.0,guarda
BYPASS_20260928_V01_F00581,frame_00581.jpg,BYPASS_20260928_V01,BYPASS_20260928_V01_B01,1,581.0,guarda
BYPASS_20260928_V01_F00582,frame_00582.jpg,BYPASS_20260928_V01,BYPASS_20260928_V01_B01,1,582.0,guarda
BYPASS_20260928_V01_F00583,frame_00583.jpg,BYPASS_20260928_V01,BYPASS_20260928_V01_B01,1,583.0,guarda
BYPASS_20260928_V01_F00584,frame_00584.jpg,BYPASS_20260928_V01,BYPASS_20260928_V01_B01,1,584.0,guarda
BYPASS_20260928_V01_F00585,frame_00585.jpg,BYPASS_20260928_V01,BYPASS_20260928_V01_B01,1,585.0,guarda
BYPASS_20260928_V01_F00586,frame_00586.jpg,BYPASS_20260928_V01,BYPASS_20260928_V01_B01,1,586.0,guarda
BYPASS_20260928_V01_F00587,frame_00587.jpg,BYPASS_20260928_V01,BYPASS_20260928_V01_B01,1,587.0,guarda
BYPASS_20260928_V01_F00588,frame_00588.jpg,BYPASS_20260928_V01,BYPASS_20260928_V01_B01,1,588.0,guarda
BYPASS_20260928_V01_F00589,frame_00589.jpg,BYPASS_20260928_V01,BYPASS_20260928_V01_B01,1,589.0,guarda
BYPASS_20260928_V01_F00590,frame_00590.jpg,BYPASS_20260928_V01,BYPASS_20260928_V01_B01,1,590.0,guarda
BYPASS_20260928_V01_F00591,frame_00591.jpg,BYPASS_20260928_V01,BYPASS_20260928_V01_B01,1,591.0,guarda
BYPASS_20260928_V01_F00592,frame_00592.jpg,BYPASS_20260928_V01,BYPASS_20260928_V01_B01,1,592.0,guarda
BYPASS_20260928_V01_F00593,frame_00593.jpg,BYPASS_20260928_V01,BYPASS_20260928_V01_B01,1,593.0,guarda
BYPASS_20260928_V01_F00594,frame_00594.jpg,BYPASS_20260928_V01,BYPASS_20260928_V01_B01,1,594.0,guarda
BYPASS_20260928_V01_F00595,frame_00595.jpg,BYPASS_20260928_V01,BYPASS_20260928_V01_B01,1,595.0,guarda
BYPASS_20260928_V01_F00596,frame_00596.jpg,BYPASS_20260928_V01,BYPASS_20260928_V01_B01,1,596.0,guarda
BYPASS_20260928_V01_F00597,frame_00597.jpg,BYPASS_20260928_V01,BYPASS_20260928_V01_B01,1,597.0,guarda
BYPASS_20260928_V01_F00598,frame_00598.jpg,BYPASS_20260928_V01,BYPASS_20260928_V01_B01,1,598.0,guarda
BYPASS_20260928_V01_F00599,frame_00599.jpg,BYPASS_20260928_V01,BYPASS_20260928_V01_B01,1,599.0,guarda
BYPASS_20260928_V01_F00600,frame_00600.jpg,BYPASS_20260928_V01,BYPASS_20260928_V01_B02,2,600.0,guarda
BYPASS_20260928_V01_F00601,frame_00601.jpg,BYPASS_20260928_V01,BYPASS_20260928_V01_B02,2,601.0,guarda
BYPASS_20260928_V01_F00602,frame_00602.jpg,BYPASS_20260928_V01,BYPASS_20260928_V01_B02,2,602.0,guarda
BYPASS_20260928_V01_F00603,frame_00603.jpg,BYPASS_20260928_V01,BYPASS_20260928_V01_B02,2,603.0,guarda
BYPASS_20260928_V01_F00604,frame_00604.jpg,BYPASS_20260928_V01,BYPASS_20260928_V01_B02,2,604.0,guarda
BYPASS_20260928_V01_F00605,frame_00605.jpg,BYPASS_20260928_V01,BYPASS_20260928_V01_B02,2,605.0,guarda
BYPASS_20260928_V01_F00606,frame_00606.jpg,BYPASS_20260928_V01,BYPASS_20260928_V01_B02,2,606.0,guarda
BYPASS_20260928_V01_F00607,frame_00607.jpg,BYPASS_20260928_V01,BYPASS_20260928_V01_B02,2,607.0,guarda
BYPASS_20260928_V01_F00608,frame_00608.jpg,BYPASS_20260928_V01,BYPASS_20260928_V01_B02,2,608.0,guarda
BYPASS_20260928_V01_F00609,frame_00609.jpg,BYPASS_20260928_V01,BYPASS_20260928_V01_B02,2,609.0,guarda
BYPASS_20260928_V01_F00610,frame_00610.jpg,BYPASS_20260928_V01,BYPASS_20260928_V01_B02,2,610.0,guarda
BYPASS_20260928_V01_F00611,frame_00611.jpg,BYPASS_20260928_V01,BYPASS_20260928_V01_B02,2,611.0,guarda
BYPASS_20260928_V01_F00612,frame_00612.jpg,BYPASS_20260928_V01,BYPASS_20260928_V01_B02,2,612.0,guarda
BYPASS_20260928_V01_F00613,frame_00613.jpg,BYPASS_20260928_V01,BYPASS_20260928_V01_B02,2,613.0,guarda
BYPASS_20260928_V01_F00614,frame_00614.jpg,BYPASS_20260928_V01,BYPASS_20260928_V01_B02,2,614.0,guarda
BYPASS_20260928_V01_F00615,frame_00615.jpg,BYPASS_20260928_V01,BYPASS_20260928_V01_B02,2,615.0,guarda
BYPASS_20260928_V01_F00616,frame_00616.jpg,BYPASS_20260928_V01,BYPASS_20260928_V01_B02,2,616.0,guarda
BYPASS_20260928_V01_F00617,frame_00617.jpg,BYPASS_20260928_V01,BYPASS_20260928_V01_B02,2,617.0,guarda
BYPASS_20260928_V01_F00618,frame_00618.jpg,BYPASS_20260928_V01,BYPASS_20260928_V01_B02,2,618.0,guarda
BYPASS_20260928_V01_F00619,frame_00619.jpg,BYPASS_20260928_V01,BYPASS_20260928_V01_B02,2,619.0,guarda
BYPASS_20260928_V01_F00620,frame_00620.jpg,BYPASS_20260928_V01,BYPASS_20260928_V01_B02,2,620.0,guarda
BYPASS_20260928_V01_F00621,frame_00621.jpg,BYPASS_20260928_V01,BYPASS_20260928_V01_B02,2,621.0,guarda
BYPASS_20260928_V01_F00622,frame_00622.jpg,BYPASS_20260928_V01,BYPASS_20260928_V01_B02,2,622.0,guarda
BYPASS_20260928_V01_F00623,frame_00623.jpg,BYPASS_20260928_V01,BYPASS_20260928_V01_B02,2,623.0,guarda
BYPASS_20260928_V01_F00624,frame_00624.jpg,BYPASS_20260928_V01,BYPASS_20260928_V01_B02,2,624.0,guarda
BYPASS_20260928_V01_F00625,frame_00625.jpg,BYPASS_20260928_V01,BYPASS_20260928_V01_B02,2,625.0,guarda
BYPASS_20260928_V01_F00626,frame_00626.jpg,BYPASS_20260928_V01,BYPASS_20260928_V01_B02,2,626.0,guarda
BYPASS_20260928_V01_F00627,frame_00627.jpg,BYPASS_20260928_V01,BYPASS_20260928_V01_B02,2,627.0,guarda
BYPASS_20260928_V01_F00628,frame_00628.jpg,BYPASS_20260928_V01,BYPASS_20260928_V01_B02,2,628.0,guarda
BYPASS_20260928_V01_F00629,frame_00629.jpg,BYPASS_20260928_V01,BYPASS_20260928_V01_B02,2,629.0,guarda
BYPASS_20260928_V01_F00630,frame_00630.jpg,BYPASS_20260928_V01,BYPASS_20260928_V01_B02,2,630.0,train
BYPASS_20260928_V01_F00631,frame_00631.jpg,BYPASS_20260928_V01,BYPASS_20260928_V01_B02,2,631.0,train
BYPASS_20260928_V01_F00632,frame_00632.jpg,BYPASS_20260928_V01,BYPASS_20260928_V01_B02,2,632.0,train
BYPASS_20260928_V01_F00633,frame_00633.jpg,BYPASS_20260928_V01,BYPASS_20260928_V01_B02,2,633.0,train
BYPASS_20260928_V01_F00634,frame_00634.jpg,BYPASS_20260928_V01,BYPASS_20260928_V01_B02,2,634.0,train
BYPASS_20260928_V01_F00635,frame_00635.jpg,BYPASS_20260928_V01,BYPASS_20260928_V01_B02,2,635.0,train
BYPASS_20260928_V01_F00636,frame_00636.jpg,BYPASS_20260928_V01,BYPASS_20260928_V01_B02,2,636.0,train
BYPASS_20260928_V01_F00637,frame_00637.jpg,BYPASS_20260928_V01,BYPASS_20260928_V01_B02,2,637.0,train
BYPASS_20260928_V01_F00638,frame_00638.jpg,BYPASS_20260928_V01,BYPASS_20260928_V01_B02,2,638.0,train
BYPASS_20260928_V01_F00639,frame_00639.jpg,BYPASS_20260928_V01,BYPASS_20260928_V01_B02,2,639.0,train
BYPASS_20260928_V01_F00640,frame_00640.jpg,BYPASS_20260928_V01,BYPASS_20260928_V01_B02,2,640.0,train
BYPASS_20260928_V01_F00641,frame_00641.jpg,BYPASS_20260928_V01,BYPASS_20260928_V01_B02,2,641.0,train
BYPASS_20260928_V01_F00642,frame_00642.jpg,BYPASS_20260928_V01,BYPASS_20260928_V01_B02,2,642.0,train
BYPASS_20260928_V01_F00643,frame_00643.jpg,BYPASS_20260928_V01,BYPASS_20260928_V01_B02,2,643.0,train
BYPASS_20260928_V01_F00644,frame_00644.jpg,BYPASS_20260928_V01,BYPASS_20260928_V01_B02,2,644.0,train
BYPASS_20260928_V01_F00645,frame_00645.jpg,BYPASS_20260928_V01,BYPASS_20260928_V01_B02,2,645.0,train
BYPASS_20260928_V01_F00646,frame_00646.jpg,BYPASS_20260928_V01,BYPASS_20260928_V01_B02,2,646.0,train
BYPASS_20260928_V01_F00647,frame_00647.jpg,BYPASS_20260928_V01,BYPASS_20260928_V01_B02,2,647.0,train
BYPASS_20260928_V01_F00648,frame_00648.jpg,BYPASS_20260928_V01,BYPASS_20260928_V01_B02,2,648.0,train
BYPASS_20260928_V01_F00649,frame_00649.jpg,BYPASS_20260928_V01,BYPASS_20260928_V01_B02,2,649.0,train
BYPASS_20260928_V01_F00650,frame_00650.jpg,BYPASS_20260928_V01,BYPASS_20260928_V01_B02,2,650.0,train
BYPASS_20260928_V01_F00651,frame_00651.jpg,BYPASS_20260928_V01,BYPASS_20260928_V01_B02,2,651.0,train
BYPASS_20260928_V01_F00652,frame_00652.jpg,BYPASS_20260928_V01,BYPASS_20260928_V01_B02,2,652.0,train
BYPASS_20260928_V01_F00653,frame_00653.jpg,BYPASS_20260928_V01,BYPASS_20260928_V01_B02,2,653.0,train
BYPASS_20260928_V01_F00654,frame_00654.jpg,BYPASS_20260928_V01,BYPASS_20260928_V01_B02,2,654.0,train
BYPASS_20260928_V01_F00655,frame_00655.jpg,BYPASS_20260928_V01,BYPASS_20260928_V01_B02,2,655.0,train
BYPASS_20260928_V01_F00656,frame_00656.jpg,BYPASS_20260928_V01,BYPASS_20260928_V01_B02,2,656.0,train
BYPASS_20260928_V01_F00657,frame_00657.jpg,BYPASS_20260928_V01,BYPASS_20260928_V01_B02,2,657.0,train
BYPASS_20260928_V01_F00658,frame_00658.jpg,BYPASS_20260928_V01,BYPASS_20260928_V01_B02,2,658.0,train
BYPASS_20260928_V01_F00659,frame_00659.jpg,BYPASS_20260928_V01,BYPASS_20260928_V01_B02,2,659.0,train
BYPASS_20260928_V01_F00660,frame_00660.jpg,BYPASS_20260928_V01,BYPASS_20260928_V01_B02,2,660.0,train
BYPASS_20260928_V01_F00661,frame_00661.jpg,BYPASS_20260928_V01,BYPASS_20260928_V01_B02,2,661.0,train
BYPASS_20260928_V01_F00662,frame_00662.jpg,BYPASS_20260928_V01,BYPASS_20260928_V01_B02,2,662.0,train
BYPASS_20260928_V01_F00663,frame_00663.jpg,BYPASS_20260928_V01,BYPASS_20260928_V01_B02,2,663.0,train
BYPASS_20260928_V01_F00664,frame_00664.jpg,BYPASS_20260928_V01,BYPASS_20260928_V01_B02,2,664.0,train
BYPASS_20260928_V01_F00665,frame_00665.jpg,BYPASS_20260928_V01,BYPASS_20260928_V01_B02,2,665.0,train
BYPASS_20260928_V01_F00666,frame_00666.jpg,BYPASS_20260928_V01,BYPASS_20260928_V01_B02,2,666.0,train
BYPASS_20260928_V01_F00667,frame_00667.jpg,BYPASS_20260928_V01,BYPASS_20260928_V01_B02,2,667.0,train
BYPASS_20260928_V01_F00668,frame_00668.jpg,BYPASS_20260928_V01,BYPASS_20260928_V01_B02,2,668.0,train
BYPASS_20260928_V01_F00669,frame_00669.jpg,BYPASS_20260928_V01,BYPASS_20260928_V01_B02,2,669.0,train
BYPASS_20260928_V01_F00670,frame_00670.jpg,BYPASS_20260928_V01,BYPASS_20260928_V01_B02,2,670.0,train
BYPASS_20260928_V01_F00671,frame_00671.jpg,BYPASS_20260928_V01,BYPASS_20260928_V01_B02,2,671.0,train
BYPASS_20260928_V01_F00672,frame_00672.jpg,BYPASS_20260928_V01,BYPASS_20260928_V01_B02,2,672.0,train
BYPASS_20260928_V01_F00673,frame_00673.jpg,BYPASS_20260928_V01,BYPASS_20260928_V01_B02,2,673.0,train
BYPASS_20260928_V01_F00674,frame_00674.jpg,BYPASS_20260928_V01,BYPASS_20260928_V01_B02,2,674.0,train
BYPASS_20260928_V01_F00675,frame_00675.jpg,BYPASS_20260928_V01,BYPASS_20260928_V01_B02,2,675.0,train
BYPASS_20260928_V01_F00676,frame_00676.jpg,BYPASS_20260928_V01,BYPASS_20260928_V01_B02,2,676.0,train
BYPASS_20260928_V01_F00677,frame_00677.jpg,BYPASS_20260928_V01,BYPASS_20260928_V01_B02,2,677.0,train
BYPASS_20260928_V01_F00678,frame_00678.jpg,BYPASS_20260928_V01,BYPASS_20260928_V01_B02,2,678.0,train
BYPASS_20260928_V01_F00679,frame_00679.jpg,BYPASS_20260928_V01,BYPASS_20260928_V01_B02,2,679.0,train
BYPASS_20260928_V01_F00680,frame_00680.jpg,BYPASS_20260928_V01,BYPASS_20260928_V01_B02,2,680.0,train
BYPASS_20260928_V01_F00681,frame_00681.jpg,BYPASS_20260928_V01,BYPASS_20260928_V01_B02,2,681.0,train
BYPASS_20260928_V01_F00682,frame_00682.jpg,BYPASS_20260928_V01,BYPASS_20260928_V01_B02,2,682.0,train
BYPASS_20260928_V01_F00683,frame_00683.jpg,BYPASS_20260928_V01,BYPASS_20260928_V01_B02,2,683.0,train
BYPASS_20260928_V01_F00684,frame_00684.jpg,BYPASS_20260928_V01,BYPASS_20260928_V01_B02,2,684.0,train
BYPASS_20260928_V01_F00685,frame_00685.jpg,BYPASS_20260928_V01,BYPASS_20260928_V01_B02,2,685.0,train
BYPASS_20260928_V01_F00686,frame_00686.jpg,BYPASS_20260928_V01,BYPASS_20260928_V01_B02,2,686.0,train
BYPASS_20260928_V01_F00687,frame_00687.jpg,BYPASS_20260928_V01,BYPASS_20260928_V01_B02,2,687.0,train
BYPASS_20260928_V01_F00688,frame_00688.jpg,BYPASS_20260928_V01,BYPASS_20260928_V01_B02,2,688.0,train
BYPASS_20260928_V01_F00689,frame_00689.jpg,BYPASS_20260928_V01,BYPASS_20260928_V01_B02,2,689.0,train
BYPASS_20260928_V01_F00690,frame_00690.jpg,BYPASS_20260928_V01,BYPASS_20260928_V01_B02,2,690.0,train
BYPASS_20260928_V01_F00691,frame_00691.jpg,BYPASS_20260928_V01,BYPASS_20260928_V01_B02,2,691.0,train
BYPASS_20260928_V01_F00692,frame_00692.jpg,BYPASS_20260928_V01,BYPASS_20260928_V01_B02,2,692.0,train
BYPASS_20260928_V01_F00693,frame_00693.jpg,BYPASS_20260928_V01,BYPASS_20260928_V01_B02,2,693.0,train
BYPASS_20260928_V01_F00694,frame_00694.jpg,BYPASS_20260928_V01,BYPASS_20260928_V01_B02,2,694.0,train
BYPASS_20260928_V01_F00695,frame_00695.jpg,BYPASS_20260928_V01,BYPASS_20260928_V01_B02,2,695.0,train
BYPASS_20260928_V01_F00696,frame_00696.jpg,BYPASS_20260928_V01,BYPASS_20260928_V01_B02,2,696.0,train
BYPASS_20260928_V01_F00697,frame_00697.jpg,BYPASS_20260928_V01,BYPASS_20260928_V01_B02,2,697.0,train
BYPASS_20260928_V01_F00698,frame_00698.jpg,BYPASS_20260928_V01,BYPASS_20260928_V01_B02,2,698.0,train
BYPASS_20260928_V01_F00699,frame_00699.jpg,BYPASS_20260928_V01,BYPASS_20260928_V01_B02,2,699.0,train
BYPASS_20260928_V01_F00700,frame_00700.jpg,BYPASS_20260928_V01,BYPASS_20260928_V01_B02,2,700.0,train
BYPASS_20260928_V01_F00701,frame_00701.jpg,BYPASS_20260928_V01,BYPASS_20260928_V01_B02,2,701.0,train
BYPASS_20260928_V01_F00702,frame_00702.jpg,BYPASS_20260928_V01,BYPASS_20260928_V01_B02,2,702.0,train
BYPASS_20260928_V01_F00703,frame_00703.jpg,BYPASS_20260928_V01,BYPASS_20260928_V01_B02,2,703.0,train
BYPASS_20260928_V01_F00704,frame_00704.jpg,BYPASS_20260928_V01,BYPASS_20260928_V01_B02,2,704.0,train
BYPASS_20260928_V01_F00705,frame_00705.jpg,BYPASS_20260928_V01,BYPASS_20260928_V01_B02,2,705.0,train
BYPASS_20260928_V01_F00706,frame_00706.jpg,BYPASS_20260928_V01,BYPASS_20260928_V01_B02,2,706.0,train
BYPASS_20260928_V01_F00707,frame_00707.jpg,BYPASS_20260928_V01,BYPASS_20260928_V01_B02,2,707.0,train
BYPASS_20260928_V01_F00708,frame_00708.jpg,BYPASS_20260928_V01,BYPASS_20260928_V01_B02,2,708.0,train
BYPASS_20260928_V01_F00709,frame_00709.jpg,BYPASS_20260928_V01,BYPASS_20260928_V01_B02,2,709.0,train
BYPASS_20260928_V01_F00710,frame_00710.jpg,BYPASS_20260928_V01,BYPASS_20260928_V01_B02,2,710.0,train
BYPASS_20260928_V01_F00711,frame_00711.jpg,BYPASS_20260928_V01,BYPASS_20260928_V01_B02,2,711.0,train
BYPASS_20260928_V01_F00712,frame_00712.jpg,BYPASS_20260928_V01,BYPASS_20260928_V01_B02,2,712.0,train
BYPASS_20260928_V01_F00713,frame_00713.jpg,BYPASS_20260928_V01,BYPASS_20260928_V01_B02,2,713.0,train
BYPASS_20260928_V01_F00714,frame_00714.jpg,BYPASS_20260928_V01,BYPASS_20260928_V01_B02,2,714.0,train
BYPASS_20260928_V01_F00715,frame_00715.jpg,BYPASS_20260928_V01,BYPASS_20260928_V01_B02,2,715.0,train
BYPASS_20260928_V01_F00716,frame_00716.jpg,BYPASS_20260928_V01,BYPASS_20260928_V01_B02,2,716.0,train
BYPASS_20260928_V01_F00717,frame_00717.jpg,BYPASS_20260928_V01,BYPASS_20260928_V01_B02,2,717.0,train
BYPASS_20260928_V01_F00718,frame_00718.jpg,BYPASS_20260928_V01,BYPASS_20260928_V01_B02,2,718.0,train
BYPASS_20260928_V01_F00719,frame_00719.jpg,BYPASS_20260928_V01,BYPASS_20260928_V01_B02,2,719.0,train
BYPASS_20260928_V01_F00720,frame_00720.jpg,BYPASS_20260928_V01,BYPASS_20260928_V01_B02,2,720.0,train
BYPASS_20260928_V01_F00721,frame_00721.jpg,BYPASS_20260928_V01,BYPASS_20260928_V01_B02,2,721.0,train
BYPASS_20260928_V01_F00722,frame_00722.jpg,BYPASS_20260928_V01,BYPASS_20260928_V01_B02,2,722.0,train
BYPASS_20260928_V01_F00723,frame_00723.jpg,BYPASS_20260928_V01,BYPASS_20260928_V01_B02,2,723.0,train
BYPASS_20260928_V01_F00724,frame_00724.jpg,BYPASS_20260928_V01,BYPASS_20260928_V01_B02,2,724.0,train
BYPASS_20260928_V01_F00725,frame_00725.jpg,BYPASS_20260928_V01,BYPASS_20260928_V01_B02,2,725.0,train
BYPASS_20260928_V01_F00726,frame_00726.jpg,BYPASS_20260928_V01,BYPASS_20260928_V01_B02,2,726.0,train
BYPASS_20260928_V01_F00727,frame_00727.jpg,BYPASS_20260928_V01,BYPASS_20260928_V01_B02,2,727.0,train
BYPASS_20260928_V01_F00728,frame_00728.jpg,BYPASS_20260928_V01,BYPASS_20260928_V01_B02,2,728.0,train
BYPASS_20260928_V01_F00729,frame_00729.jpg,BYPASS_20260928_V01,BYPASS_20260928_V01_B02,2,729.0,train
BYPASS_20260928_V01_F00730,frame_00730.jpg,BYPASS_20260928_V01,BYPASS_20260928_V01_B02,2,730.0,train
BYPASS_20260928_V01_F00731,frame_00731.jpg,BYPASS_20260928_V01,BYPASS_20260928_V01_B02,2,731.0,train
BYPASS_20260928_V01_F00732,frame_00732.jpg,BYPASS_20260928_V01,BYPASS_20260928_V01_B02,2,732.0,train
BYPASS_20260928_V01_F00733,frame_00733.jpg,BYPASS_20260928_V01,BYPASS_20260928_V01_B02,2,733.0,train
BYPASS_20260928_V01_F00734,frame_00734.jpg,BYPASS_20260928_V01,BYPASS_20260928_V01_B02,2,734.0,train
BYPASS_20260928_V01_F00735,frame_00735.jpg,BYPASS_20260928_V01,BYPASS_20260928_V01_B02,2,735.0,train
BYPASS_20260928_V01_F00736,frame_00736.jpg,BYPASS_20260928_V01,BYPASS_20260928_V01_B02,2,736.0,train
BYPASS_20260928_V01_F00737,frame_00737.jpg,BYPASS_20260928_V01,BYPASS_20260928_V01_B02,2,737.0,train
BYPASS_20260928_V01_F00738,frame_00738.jpg,BYPASS_20260928_V01,BYPASS_20260928_V01_B02,2,738.0,train
BYPASS_20260928_V01_F00739,frame_00739.jpg,BYPASS_20260928_V01,BYPASS_20260928_V01_B02,2,739.0,train
BYPASS_20260928_V01_F00740,frame_00740.jpg,BYPASS_20260928_V01,BYPASS_20260928_V01_B02,2,740.0,train
BYPASS_20260928_V01_F00741,frame_00741.jpg,BYPASS_20260928_V01,BYPASS_20260928_V01_B02,2,741.0,train
BYPASS_20260928_V01_F00742,frame_00742.jpg,BYPASS_20260928_V01,BYPASS_20260928_V01_B02,2,742.0,train
BYPASS_20260928_V01_F00743,frame_00743.jpg,BYPASS_20260928_V01,BYPASS_20260928_V01_B02,2,743.0,train
BYPASS_20260928_V01_F00744,frame_00744.jpg,BYPASS_20260928_V01,BYPASS_20260928_V01_B02,2,744.0,train
BYPASS_20260928_V01_F00745,frame_00745.jpg,BYPASS_20260928_V01,BYPASS_20260928_V01_B02,2,745.0,train
BYPASS_20260928_V01_F00746,frame_00746.jpg,BYPASS_20260928_V01,BYPASS_20260928_V01_B02,2,746.0,train
BYPASS_20260928_V01_F00747,frame_00747.jpg,BYPASS_20260928_V01,BYPASS_20260928_V01_B02,2,747.0,train
BYPASS_20260928_V01_F00748,frame_00748.jpg,BYPASS_20260928_V01,BYPASS_20260928_V01_B02,2,748.0,train
BYPASS_20260928_V01_F00749,frame_00749.jpg,BYPASS_20260928_V01,BYPASS_20260928_V01_B02,2,749.0,train
BYPASS_20260928_V01_F00750,frame_00750.jpg,BYPASS_20260928_V01,BYPASS_20260928_V01_B02,2,750.0,train
BYPASS_20260928_V01_F00751,frame_00751.jpg,BYPASS_20260928_V01,BYPASS_20260928_V01_B02,2,751.0,train
BYPASS_20260928_V01_F00752,frame_00752.jpg,BYPASS_20260928_V01,BYPASS_20260928_V01_B02,2,752.0,train
BYPASS_20260928_V01_F00753,frame_00753.jpg,BYPASS_20260928_V01,BYPASS_20260928_V01_B02,2,753.0,train
BYPASS_20260928_V01_F00754,frame_00754.jpg,BYPASS_20260928_V01,BYPASS_20260928_V01_B02,2,754.0,train
BYPASS_20260928_V01_F00755,frame_00755.jpg,BYPASS_20260928_V01,BYPASS_20260928_V01_B02,2,755.0,train
BYPASS_20260928_V01_F00756,frame_00756.jpg,BYPASS_20260928_V01,BYPASS_20260928_V01_B02,2,756.0,train
BYPASS_20260928_V01_F00757,frame_00757.jpg,BYPASS_20260928_V01,BYPASS_20260928_V01_B02,2,757.0,train
BYPASS_20260928_V01_F00758,frame_00758.jpg,BYPASS_20260928_V01,BYPASS_20260928_V01_B02,2,758.0,train
BYPASS_20260928_V01_F00759,frame_00759.jpg,BYPASS_20260928_V01,BYPASS_20260928_V01_B02,2,759.0,train
BYPASS_20260928_V01_F00760,frame_00760.jpg,BYPASS_20260928_V01,BYPASS_20260928_V01_B02,2,760.0,train
BYPASS_20260928_V01_F00761,frame_00761.jpg,BYPASS_20260928_V01,BYPASS_20260928_V01_B02,2,761.0,train
BYPASS_20260928_V01_F00762,frame_00762.jpg,BYPASS_20260928_V01,BYPASS_20260928_V01_B02,2,762.0,train
BYPASS_20260928_V01_F00763,frame_00763.jpg,BYPASS_20260928_V01,BYPASS_20260928_V01_B02,2,763.0,train
BYPASS_20260928_V01_F00764,frame_00764.jpg,BYPASS_20260928_V01,BYPASS_20260928_V01_B02,2,764.0,train
BYPASS_20260928_V01_F00765,frame_00765.jpg,BYPASS_20260928_V01,BYPASS_20260928_V01_B02,2,765.0,train
BYPASS_20260928_V01_F00766,frame_00766.jpg,BYPASS_20260928_V01,BYPASS_20260928_V01_B02,2,766.0,train
BYPASS_20260928_V01_F00767,frame_00767.jpg,BYPASS_20260928_V01,BYPASS_20260928_V01_B02,2,767.0,train
BYPASS_20260928_V01_F00768,frame_00768.jpg,BYPASS_20260928_V01,BYPASS_20260928_V01_B02,2,768.0,train
BYPASS_20260928_V01_F00769,frame_00769.jpg,BYPASS_20260928_V01,BYPASS_20260928_V01_B02,2,769.0,train
BYPASS_20260928_V01_F00770,frame_00770.jpg,BYPASS_20260928_V01,BYPASS_20260928_V01_B02,2,770.0,train
BYPASS_20260928_V01_F00771,frame_00771.jpg,BYPASS_20260928_V01,BYPASS_20260928_V01_B02,2,771.0,train
BYPASS_20260928_V01_F00772,frame_00772.jpg,BYPASS_20260928_V01,BYPASS_20260928_V01_B02,2,772.0,train
BYPASS_20260928_V01_F00773,frame_00773.jpg,BYPASS_20260928_V01,BYPASS_20260928_V01_B02,2,773.0,train
BYPASS_20260928_V01_F00774,frame_00774.jpg,BYPASS_20260928_V01,BYPASS_20260928_V01_B02,2,774.0,train
BYPASS_20260928_V01_F00775,frame_00775.jpg,BYPASS_20260928_V01,BYPASS_20260928_V01_B02,2,775.0,train
BYPASS_20260928_V01_F00776,frame_00776.jpg,BYPASS_20260928_V01,BYPASS_20260928_V01_B02,2,776.0,train
BYPASS_20260928_V01_F00777,frame_00777.jpg,BYPASS_20260928_V01,BYPASS_20260928_V01_B02,2,777.0,train
BYPASS_20260928_V01_F00778,frame_00778.jpg,BYPASS_20260928_V01,BYPASS_20260928_V01_B02,2,778.0,train
BYPASS_20260928_V01_F00779,frame_00779.jpg,BYPASS_20260928_V01,BYPASS_20260928_V01_B02,2,779.0,train
BYPASS_20260928_V01_F00780,frame_00780.jpg,BYPASS_20260928_V01,BYPASS_20260928_V01_B02,2,780.0,train
BYPASS_20260928_V01_F00781,frame_00781.jpg,BYPASS_20260928_V01,BYPASS_20260928_V01_B02,2,781.0,train
BYPASS_20260928_V01_F00782,frame_00782.jpg,BYPASS_20260928_V01,BYPASS_20260928_V01_B02,2,782.0,train
BYPASS_20260928_V01_F00783,frame_00783.jpg,BYPASS_20260928_V01,BYPASS_20260928_V01_B02,2,783.0,train
BYPASS_20260928_V01_F00784,frame_00784.jpg,BYPASS_20260928_V01,BYPASS_20260928_V01_B02,2,784.0,train
BYPASS_20260928_V01_F00785,frame_00785.jpg,BYPASS_20260928_V01,BYPASS_20260928_V01_B02,2,785.0,train
BYPASS_20260928_V01_F00786,frame_00786.jpg,BYPASS_20260928_V01,BYPASS_20260928_V01_B02,2,786.0,train
BYPASS_20260928_V01_F00787,frame_00787.jpg,BYPASS_20260928_V01,BYPASS_20260928_V01_B02,2,787.0,train
BYPASS_20260928_V01_F00788,frame_00788.jpg,BYPASS_20260928_V01,BYPASS_20260928_V01_B02,2,788.0,train
BYPASS_20260928_V01_F00789,frame_00789.jpg,BYPASS_20260928_V01,BYPASS_20260928_V01_B02,2,789.0,train
BYPASS_20260928_V01_F00790,frame_00790.jpg,BYPASS_20260928_V01,BYPASS_20260928_V01_B02,2,790.0,train
BYPASS_20260928_V01_F00791,frame_00791.jpg,BYPASS_20260928_V01,BYPASS_20260928_V01_B02,2,791.0,train
BYPASS_20260928_V01_F00792,frame_00792.jpg,BYPASS_20260928_V01,BYPASS_20260928_V01_B02,2,792.0,train
BYPASS_20260928_V01_F00793,frame_00793.jpg,BYPASS_20260928_V01,BYPASS_20260928_V01_B02,2,793.0,train
BYPASS_20260928_V01_F00794,frame_00794.jpg,BYPASS_20260928_V01,BYPASS_20260928_V01_B02,2,794.0,train
BYPASS_20260928_V01_F00795,frame_00795.jpg,BYPASS_20260928_V01,BYPASS_20260928_V01_B02,2,795.0,train
BYPASS_20260928_V01_F00796,frame_00796.jpg,BYPASS_20260928_V01,BYPASS_20260928_V01_B02,2,796.0,train
BYPASS_20260928_V01_F00797,frame_00797.jpg,BYPASS_20260928_V01,BYPASS_20260928_V01_B02,2,797.0,train
BYPASS_20260928_V01_F00798,frame_00798.jpg,BYPASS_20260928_V01,BYPASS_20260928_V01_B02,2,798.0,train
BYPASS_20260928_V01_F00799,frame_00799.jpg,BYPASS_20260928_V01,BYPASS_20260928_V01_B02,2,799.0,train
BYPASS_20260928_V01_F00800,frame_00800.jpg,BYPASS_20260928_V01,BYPASS_20260928_V01_B02,2,800.0,train
BYPASS_20260928_V01_F00801,frame_00801.jpg,BYPASS_20260928_V01,BYPASS_20260928_V01_B02,2,801.0,train
BYPASS_20260928_V01_F00802,frame_00802.jpg,BYPASS_20260928_V01,BYPASS_20260928_V01_B02,2,802.0,train
BYPASS_20260928_V01_F00803,frame_00803.jpg,BYPASS_20260928_V01,BYPASS_20260928_V01_B02,2,803.0,train
BYPASS_20260928_V01_F00804,frame_00804.jpg,BYPASS_20260928_V01,BYPASS_20260928_V01_B02,2,804.0,train
BYPASS_20260928_V01_F00805,frame_00805.jpg,BYPASS_20260928_V01,BYPASS_20260928_V01_B02,2,805.0,train
BYPASS_20260928_V01_F00806,frame_00806.jpg,BYPASS_20260928_V01,BYPASS_20260928_V01_B02,2,806.0,train
BYPASS_20260928_V01_F00807,frame_00807.jpg,BYPASS_20260928_V01,BYPASS_20260928_V01_B02,2,807.0,train
BYPASS_20260928_V01_F00808,frame_00808.jpg,BYPASS_20260928_V01,BYPASS_20260928_V01_B02,2,808.0,train
BYPASS_20260928_V01_F00809,frame_00809.jpg,BYPASS_20260928_V01,BYPASS_20260928_V01_B02,2,809.0,train
BYPASS_20260928_V01_F00810,frame_00810.jpg,BYPASS_20260928_V01,BYPASS_20260928_V01_B02,2,810.0,train
BYPASS_20260928_V01_F00811,frame_00811.jpg,BYPASS_20260928_V01,BYPASS_20260928_V01_B02,2,811.0,train
BYPASS_20260928_V01_F00812,frame_00812.jpg,BYPASS_20260928_V01,BYPASS_20260928_V01_B02,2,812.0,train
BYPASS_20260928_V01_F00813,frame_00813.jpg,BYPASS_20260928_V01,BYPASS_20260928_V01_B02,2,813.0,train
BYPASS_20260928_V01_F00814,frame_00814.jpg,BYPASS_20260928_V01,BYPASS_20260928_V01_B02,2,814.0,train
BYPASS_20260928_V01_F00815,frame_00815.jpg,BYPASS_20260928_V01,BYPASS_20260928_V01_B02,2,815.0,train
BYPASS_20260928_V01_F00816,frame_00816.jpg,BYPASS_20260928_V01,BYPASS_20260928_V01_B02,2,816.0,train
BYPASS_20260928_V01_F00817,frame_00817.jpg,BYPASS_20260928_V01,BYPASS_20260928_V01_B02,2,817.0,train
BYPASS_20260928_V01_F00818,frame_00818.jpg,BYPASS_20260928_V01,BYPASS_20260928_V01_B02,2,818.0,train
BYPASS_20260928_V01_F00819,frame_00819.jpg,BYPASS_20260928_V01,BYPASS_20260928_V01_B02,2,819.0,train
BYPASS_20260928_V01_F00820,frame_00820.jpg,BYPASS_20260928_V01,BYPASS_20260928_V01_B02,2,820.0,train
BYPASS_20260928_V01_F00821,frame_00821.jpg,BYPASS_20260928_V01,BYPASS_20260928_V01_B02,2,821.0,train
BYPASS_20260928_V01_F00822,frame_00822.jpg,BYPASS_20260928_V01,BYPASS_20260928_V01_B02,2,822.0,train
BYPASS_20260928_V01_F00823,frame_00823.jpg,BYPASS_20260928_V01,BYPASS_20260928_V01_B02,2,823.0,train
BYPASS_20260928_V01_F00824,frame_00824.jpg,BYPASS_20260928_V01,BYPASS_20260928_V01_B02,2,824.0,train
BYPASS_20260928_V01_F00825,frame_00825.jpg,BYPASS_20260928_V01,BYPASS_20260928_V01_B02,2,825.0,train
BYPASS_20260928_V01_F00826,frame_00826.jpg,BYPASS_20260928_V01,BYPASS_20260928_V01_B02,2,826.0,train
BYPASS_20260928_V01_F00827,frame_00827.jpg,BYPASS_20260928_V01,BYPASS_20260928_V01_B02,2,827.0,train
BYPASS_20260928_V01_F00828,frame_00828.jpg,BYPASS_20260928_V01,BYPASS_20260928_V01_B02,2,828.0,train
BYPASS_20260928_V01_F00829,frame_00829.jpg,BYPASS_20260928_V01,BYPASS_20260928_V01_B02,2,829.0,train
BYPASS_20260928_V01_F00830,frame_00830.jpg,BYPASS_20260928_V01,BYPASS_20260928_V01_B02,2,830.0,train
BYPASS_20260928_V01_F00831,frame_00831.jpg,BYPASS_20260928_V01,BYPASS_20260928_V01_B02,2,831.0,train
BYPASS_20260928_V01_F00832,frame_00832.jpg,BYPASS_20260928_V01,BYPASS_20260928_V01_B02,2,832.0,train
BYPASS_20260928_V01_F00833,frame_00833.jpg,BYPASS_20260928_V01,BYPASS_20260928_V01_B02,2,833.0,train
BYPASS_20260928_V01_F00834,frame_00834.jpg,BYPASS_20260928_V01,BYPASS_20260928_V01_B02,2,834.0,train
BYPASS_20260928_V01_F00835,frame_00835.jpg,BYPASS_20260928_V01,BYPASS_20260928_V01_B02,2,835.0,train
BYPASS_20260928_V01_F00836,frame_00836.jpg,BYPASS_20260928_V01,BYPASS_20260928_V01_B02,2,836.0,train
BYPASS_20260928_V01_F00837,frame_00837.jpg,BYPASS_20260928_V01,BYPASS_20260928_V01_B02,2,837.0,train
BYPASS_20260928_V01_F00838,frame_00838.jpg,BYPASS_20260928_V01,BYPASS_20260928_V01_B02,2,838.0,train
BYPASS_20260928_V01_F00839,frame_00839.jpg,BYPASS_20260928_V01,BYPASS_20260928_V01_B02,2,839.0,train
BYPASS_20260928_V01_F00840,frame_00840.jpg,BYPASS_20260928_V01,BYPASS_20260928_V01_B02,2,840.0,train
BYPASS_20260928_V01_F00841,frame_00841.jpg,BYPASS_20260928_V01,BYPASS_20260928_V01_B02,2,841.0,train
BYPASS_20260928_V01_F00842,frame_00842.jpg,BYPASS_20260928_V01,BYPASS_20260928_V01_B02,2,842.0,train
BYPASS_20260928_V01_F00843,frame_00843.jpg,BYPASS_20260928_V01,BYPASS_20260928_V01_B02,2,843.0,train
BYPASS_20260928_V01_F00844,frame_00844.jpg,BYPASS_20260928_V01,BYPASS_20260928_V01_B02,2,844.0,train
BYPASS_20260928_V01_F00845,frame_00845.jpg,BYPASS_20260928_V01,BYPASS_20260928_V01_B02,2,845.0,train
BYPASS_20260928_V01_F00846,frame_00846.jpg,BYPASS_20260928_V01,BYPASS_20260928_V01_B02,2,846.0,train
BYPASS_20260928_V01_F00847,frame_00847.jpg,BYPASS_20260928_V01,BYPASS_20260928_V01_B02,2,847.0,train
BYPASS_20260928_V01_F00848,frame_00848.jpg,BYPASS_20260928_V01,BYPASS_20260928_V01_B02,2,848.0,train
BYPASS_20260928_V01_F00849,frame_00849.jpg,BYPASS_20260928_V01,BYPASS_20260928_V01_B02,2,849.0,train
BYPASS_20260928_V01_F00850,frame_00850.jpg,BYPASS_20260928_V01,BYPASS_20260928_V01_B02,2,850.0,train
BYPASS_20260928_V01_F00851,frame_00851.jpg,BYPASS_20260928_V01,BYPASS_20260928_V01_B02,2,851.0,train
BYPASS_20260928_V01_F00852,frame_00852.jpg,BYPASS_20260928_V01,BYPASS_20260928_V01_B02,2,852.0,train
BYPASS_20260928_V01_F00853,frame_00853.jpg,BYPASS_20260928_V01,BYPASS_20260928_V01_B02,2,853.0,train
BYPASS_20260928_V01_F00854,frame_00854.jpg,BYPASS_20260928_V01,BYPASS_20260928_V01_B02,2,854.0,train
BYPASS_20260928_V01_F00855,frame_00855.jpg,BYPASS_20260928_V01,BYPASS_20260928_V01_B02,2,855.0,train
BYPASS_20260928_V01_F00856,frame_00856.jpg,BYPASS_20260928_V01,BYPASS_20260928_V01_B02,2,856.0,train
BYPASS_20260928_V01_F00857,frame_00857.jpg,BYPASS_20260928_V01,BYPASS_20260928_V01_B02,2,857.0,train
BYPASS_20260928_V01_F00858,frame_00858.jpg,BYPASS_20260928_V01,BYPASS_20260928_V01_B02,2,858.0,train
BYPASS_20260928_V01_F00859,frame_00859.jpg,BYPASS_20260928_V01,BYPASS_20260928_V01_B02,2,859.0,train
BYPASS_20260928_V01_F00860,frame_00860.jpg,BYPASS_20260928_V01,BYPASS_20260928_V01_B02,2,860.0,train
BYPASS_20260928_V01_F00861,frame_00861.jpg,BYPASS_20260928_V01,BYPASS_20260928_V01_B02,2,861.0,train
BYPASS_20260928_V01_F00862,frame_00862.jpg,BYPASS_20260928_V01,BYPASS_20260928_V01_B02,2,862.0,train
BYPASS_20260928_V01_F00863,frame_00863.jpg,BYPASS_20260928_V01,BYPASS_20260928_V01_B02,2,863.0,train
BYPASS_20260928_V01_F00864,frame_00864.jpg,BYPASS_20260928_V01,BYPASS_20260928_V01_B02,2,864.0,train
BYPASS_20260928_V01_F00865,frame_00865.jpg,BYPASS_20260928_V01,BYPASS_20260928_V01_B02,2,865.0,train
BYPASS_20260928_V01_F00866,frame_00866.jpg,BYPASS_20260928_V01,BYPASS_20260928_V01_B02,2,866.0,train
BYPASS_20260928_V01_F00867,frame_00867.jpg,BYPASS_20260928_V01,BYPASS_20260928_V01_B02,2,867.0,train
BYPASS_20260928_V01_F00868,frame_00868.jpg,BYPASS_20260928_V01,BYPASS_20260928_V01_B02,2,868.0,train
BYPASS_20260928_V01_F00869,frame_00869.jpg,BYPASS_20260928_V01,BYPASS_20260928_V01_B02,2,869.0,train
BYPASS_20260928_V01_F00870,frame_00870.jpg,BYPASS_20260928_V01,BYPASS_20260928_V01_B02,2,870.0,train
BYPASS_20260928_V01_F00871,frame_00871.jpg,BYPASS_20260928_V01,BYPASS_20260928_V01_B02,2,871.0,train
BYPASS_20260928_V01_F00872,frame_00872.jpg,BYPASS_20260928_V01,BYPASS_20260928_V01_B02,2,872.0,train
BYPASS_20260928_V01_F00873,frame_00873.jpg,BYPASS_20260928_V01,BYPASS_20260928_V01_B02,2,873.0,train
BYPASS_20260928_V01_F00874,frame_00874.jpg,BYPASS_20260928_V01,BYPASS_20260928_V01_B02,2,874.0,train
BYPASS_20260928_V01_F00875,frame_00875.jpg,BYPASS_20260928_V01,BYPASS_20260928_V01_B02,2,875.0,train
BYPASS_20260928_V01_F00876,frame_00876.jpg,BYPASS_20260928_V01,BYPASS_20260928_V01_B02,2,876.0,train
BYPASS_20260928_V01_F00877,frame_00877.jpg,BYPASS_20260928_V01,BYPASS_20260928_V01_B02,2,877.0,train
BYPASS_20260928_V01_F00878,frame_00878.jpg,BYPASS_20260928_V01,BYPASS_20260928_V01_B02,2,878.0,train
BYPASS_20260928_V01_F00879,frame_00879.jpg,BYPASS_20260928_V01,BYPASS_20260928_V01_B02,2,879.0,train
BYPASS_20260928_V01_F00880,frame_00880.jpg,BYPASS_20260928_V01,BYPASS_20260928_V01_B02,2,880.0,train
BYPASS_20260928_V01_F00881,frame_00881.jpg,BYPASS_20260928_V01,BYPASS_20260928_V01_B02,2,881.0,train
BYPASS_20260928_V01_F00882,frame_00882.jpg,BYPASS_20260928_V01,BYPASS_20260928_V01_B02,2,882.0,train
BYPASS_20260928_V01_F00883,frame_00883.jpg,BYPASS_20260928_V01,BYPASS_20260928_V01_B02,2,883.0,train
BYPASS_20260928_V01_F00884,frame_00884.jpg,BYPASS_20260928_V01,BYPASS_20260928_V01_B02,2,884.0,train
BYPASS_20260928_V01_F00885,frame_00885.jpg,BYPASS_20260928_V01,BYPASS_20260928_V01_B02,2,885.0,train
BYPASS_20260928_V01_F00886,frame_00886.jpg,BYPASS_20260928_V01,BYPASS_20260928_V01_B02,2,886.0,train
BYPASS_20260928_V01_F00887,frame_00887.jpg,BYPASS_20260928_V01,BYPASS_20260928_V01_B02,2,887.0,train
BYPASS_20260928_V01_F00888,frame_00888.jpg,BYPASS_20260928_V01,BYPASS_20260928_V01_B02,2,888.0,train
BYPASS_20260928_V01_F00889,frame_00889.jpg,BYPASS_20260928_V01,BYPASS_20260928_V01_B02,2,889.0,train
BYPASS_20260928_V01_F00890,frame_00890.jpg,BYPASS_20260928_V01,BYPASS_20260928_V01_B02,2,890.0,train
BYPASS_20260928_V01_F00891,frame_00891.jpg,BYPASS_20260928_V01,BYPASS_20260928_V01_B02,2,891.0,train
BYPASS_20260928_V01_F00892,frame_00892.jpg,BYPASS_20260928_V01,BYPASS_20260928_V01_B02,2,892.0,train
BYPASS_20260928_V01_F00893,frame_00893.jpg,BYPASS_20260928_V01,BYPASS_20260928_V01_B02,2,893.0,train
BYPASS_20260928_V01_F00894,frame_00894.jpg,BYPASS_20260928_V01,BYPASS_20260928_V01_B02,2,894.0,train
BYPASS_20260928_V01_F00895,frame_00895.jpg,BYPASS_20260928_V01,BYPASS_20260928_V01_B02,2,895.0,train
BYPASS_20260928_V01_F00896,frame_00896.jpg,BYPASS_20260928_V01,BYPASS_20260928_V01_B02,2,896.0,train
BYPASS_20260928_V01_F00897,frame_00897.jpg,BYPASS_20260928_V01,BYPASS_20260928_V01_B02,2,897.0,train
BYPASS_20260928_V01_F00898,frame_00898.jpg,BYPASS_20260928_V01,BYPASS_20260928_V01_B02,2,898.0,train
BYPASS_20260928_V01_F00899,frame_00899.jpg,BYPASS_20260928_V01,BYPASS_20260928_V01_B02,2,899.0,train
BYPASS_20260928_V01_F00900,frame_00900.jpg,BYPASS_20260928_V01,BYPASS_20260928_V01_B02,2,900.0,train
BYPASS_20260928_V01_F00901,frame_00901.jpg,BYPASS_20260928_V01,BYPASS_20260928_V01_B02,2,901.0,train
BYPASS_20260928_V01_F00902,frame_00902.jpg,BYPASS_20260928_V01,BYPASS_20260928_V01_B02,2,902.0,train
BYPASS_20260928_V01_F00903,frame_00903.jpg,BYPASS_20260928_V01,BYPASS_20260928_V01_B02,2,903.0,train
BYPASS_20260928_V01_F00904,frame_00904.jpg,BYPASS_20260928_V01,BYPASS_20260928_V01_B02,2,904.0,train
BYPASS_20260928_V01_F00905,frame_00905.jpg,BYPASS_20260928_V01,BYPASS_20260928_V01_B02,2,905.0,train
BYPASS_20260928_V01_F00906,frame_00906.jpg,BYPASS_20260928_V01,BYPASS_20260928_V01_B02,2,906.0,train
BYPASS_20260928_V01_F00907,frame_00907.jpg,BYPASS_20260928_V01,BYPASS_20260928_V01_B02,2,907.0,train
BYPASS_20260928_V01_F00908,frame_00908.jpg,BYPASS_20260928_V01,BYPASS_20260928_V01_B02,2,908.0,train
BYPASS_20260928_V01_F00909,frame_00909.jpg,BYPASS_20260928_V01,BYPASS_20260928_V01_B02,2,909.0,train
BYPASS_20260928_V01_F00910,frame_00910.jpg,BYPASS_20260928_V01,BYPASS_20260928_V01_B02,2,910.0,train
BYPASS_20260928_V01_F00911,frame_00911.jpg,BYPASS_20260928_V01,BYPASS_20260928_V01_B02,2,911.0,train
BYPASS_20260928_V01_F00912,frame_00912.jpg,BYPASS_20260928_V01,BYPASS_20260928_V01_B02,2,912.0,train
BYPASS_20260928_V01_F00913,frame_00913.jpg,BYPASS_20260928_V01,BYPASS_20260928_V01_B02,2,913.0,train
BYPASS_20260928_V01_F00914,frame_00914.jpg,BYPASS_20260928_V01,BYPASS_20260928_V01_B02,2,914.0,train
BYPASS_20260928_V01_F00915,frame_00915.jpg,BYPASS_20260928_V01,BYPASS_20260928_V01_B02,2,915.0,train
BYPASS_20260928_V01_F00916,frame_00916.jpg,BYPASS_20260928_V01,BYPASS_20260928_V01_B02,2,916.0,train
BYPASS_20260928_V01_F00917,frame_00917.jpg,BYPASS_20260928_V01,BYPASS_20260928_V01_B02,2,917.0,train
BYPASS_20260928_V01_F00918,frame_00918.jpg,BYPASS_20260928_V01,BYPASS_20260928_V01_B02,2,918.0,train
BYPASS_20260928_V01_F00919,frame_00919.jpg,BYPASS_20260928_V01,BYPASS_20260928_V01_B02,2,919.0,train
BYPASS_20260928_V01_F00920,frame_00920.jpg,BYPASS_20260928_V01,BYPASS_20260928_V01_B02,2,920.0,train
BYPASS_20260928_V01_F00921,frame_00921.jpg,BYPASS_20260928_V01,BYPASS_20260928_V01_B02,2,921.0,train
BYPASS_20260928_V01_F00922,frame_00922.jpg,BYPASS_20260928_V01,BYPASS_20260928_V01_B02,2,922.0,train
BYPASS_20260928_V01_F00923,frame_00923.jpg,BYPASS_20260928_V01,BYPASS_20260928_V01_B02,2,923.0,train
BYPASS_20260928_V01_F00924,frame_00924.jpg,BYPASS_20260928_V01,BYPASS_20260928_V01_B02,2,924.0,train
BYPASS_20260928_V01_F00925,frame_00925.jpg,BYPASS_20260928_V01,BYPASS_20260928_V01_B02,2,925.0,train
BYPASS_20260928_V01_F00926,frame_00926.jpg,BYPASS_20260928_V01,BYPASS_20260928_V01_B02,2,926.0,train
BYPASS_20260928_V01_F00927,frame_00927.jpg,BYPASS_20260928_V01,BYPASS_20260928_V01_B02,2,927.0,train
BYPASS_20260928_V01_F00928,frame_00928.jpg,BYPASS_20260928_V01,BYPASS_20260928_V01_B02,2,928.0,train
BYPASS_20260928_V01_F00929,frame_00929.jpg,BYPASS_20260928_V01,BYPASS_20260928_V01_B02,2,929.0,train
BYPASS_20260928_V01_F00930,frame_00930.jpg,BYPASS_20260928_V01,BYPASS_20260928_V01_B02,2,930.0,train
BYPASS_20260928_V01_F00931,frame_00931.jpg,BYPASS_20260928_V01,BYPASS_20260928_V01_B02,2,931.0,train
BYPASS_20260928_V01_F00932,frame_00932.jpg,BYPASS_20260928_V01,BYPASS_20260928_V01_B02,2,932.0,train
BYPASS_20260928_V01_F00933,frame_00933.jpg,BYPASS_20260928_V01,BYPASS_20260928_V01_B02,2,933.0,train
BYPASS_20260928_V01_F00934,frame_00934.jpg,BYPASS_20260928_V01,BYPASS_20260928_V01_B02,2,934.0,train
BYPASS_20260928_V01_F00935,frame_00935.jpg,BYPASS_20260928_V01,BYPASS_20260928_V01_B02,2,935.0,train
BYPASS_20260928_V01_F00936,frame_00936.jpg,BYPASS_20260928_V01,BYPASS_20260928_V01_B02,2,936.0,train
BYPASS_20260928_V01_F00937,frame_00937.jpg,BYPASS_20260928_V01,BYPASS_20260928_V01_B02,2,937.0,train
BYPASS_20260928_V01_F00938,frame_00938.jpg,BYPASS_20260928_V01,BYPASS_20260928_V01_B02,2,938.0,train
BYPASS_20260928_V01_F00939,frame_00939.jpg,BYPASS_20260928_V01,BYPASS_20260928_V01_B02,2,939.0,train
BYPASS_20260928_V01_F00940,frame_00940.jpg,BYPASS_20260928_V01,BYPASS_20260928_V01_B02,2,940.0,train
BYPASS_20260928_V01_F00941,frame_00941.jpg,BYPASS_20260928_V01,BYPASS_20260928_V01_B02,2,941.0,train
BYPASS_20260928_V01_F00942,frame_00942.jpg,BYPASS_20260928_V01,BYPASS_20260928_V01_B02,2,942.0,train
BYPASS_20260928_V01_F00943,frame_00943.jpg,BYPASS_20260928_V01,BYPASS_20260928_V01_B02,2,943.0,train
BYPASS_20260928_V01_F00944,frame_00944.jpg,BYPASS_20260928_V01,BYPASS_20260928_V01_B02,2,944.0,train
BYPASS_20260928_V01_F00945,frame_00945.jpg,BYPASS_20260928_V01,BYPASS_20260928_V01_B02,2,945.0,train
BYPASS_20260928_V01_F00946,frame_00946.jpg,BYPASS_20260928_V01,BYPASS_20260928_V01_B02,2,946.0,train
BYPASS_20260928_V01_F00947,frame_00947.jpg,BYPASS_20260928_V01,BYPASS_20260928_V01_B02,2,947.0,train
BYPASS_20260928_V01_F00948,frame_00948.jpg,BYPASS_20260928_V01,BYPASS_20260928_V01_B02,2,948.0,train
BYPASS_20260928_V01_F00949,frame_00949.jpg,BYPASS_20260928_V01,BYPASS_20260928_V01_B02,2,949.0,train
BYPASS_20260928_V01_F00950,frame_00950.jpg,BYPASS_20260928_V01,BYPASS_20260928_V01_B02,2,950.0,train
BYPASS_20260928_V01_F00951,frame_00951.jpg,BYPASS_20260928_V01,BYPASS_20260928_V01_B02,2,951.0,train
BYPASS_20260928_V01_F00952,frame_00952.jpg,BYPASS_20260928_V01,BYPASS_20260928_V01_B02,2,952.0,train
BYPASS_20260928_V01_F00953,frame_00953.jpg,BYPASS_20260928_V01,BYPASS_20260928_V01_B02,2,953.0,train
BYPASS_20260928_V01_F00954,frame_00954.jpg,BYPASS_20260928_V01,BYPASS_20260928_V01_B02,2,954.0,train
BYPASS_20260928_V01_F00955,frame_00955.jpg,BYPASS_20260928_V01,BYPASS_20260928_V01_B02,2,955.0,train
BYPASS_20260928_V01_F00956,frame_00956.jpg,BYPASS_20260928_V01,BYPASS_20260928_V01_B02,2,956.0,train
BYPASS_20260928_V01_F00957,frame_00957.jpg,BYPASS_20260928_V01,BYPASS_20260928_V01_B02,2,957.0,train
BYPASS_20260928_V01_F00958,frame_00958.jpg,BYPASS_20260928_V01,BYPASS_20260928_V01_B02,2,958.0,train
BYPASS_20260928_V01_F00959,frame_00959.jpg,BYPASS_20260928_V01,BYPASS_20260928_V01_B02,2,959.0,train
BYPASS_20260928_V01_F00960,frame_00960.jpg,BYPASS_20260928_V01,BYPASS_20260928_V01_B02,2,960.0,train
BYPASS_20260928_V01_F00961,frame_00961.jpg,BYPASS_20260928_V01,BYPASS_20260928_V01_B02,2,961.0,train
BYPASS_20260928_V01_F00962,frame_00962.jpg,BYPASS_20260928_V01,BYPASS_20260928_V01_B02,2,962.0,train
BYPASS_20260928_V01_F00963,frame_00963.jpg,BYPASS_20260928_V01,BYPASS_20260928_V01_B02,2,963.0,train
BYPASS_20260928_V01_F00964,frame_00964.jpg,BYPASS_20260928_V01,BYPASS_20260928_V01_B02,2,964.0,train
BYPASS_20260928_V01_F00965,frame_00965.jpg,BYPASS_20260928_V01,BYPASS_20260928_V01_B02,2,965.0,train
BYPASS_20260928_V01_F00966,frame_00966.jpg,BYPASS_20260928_V01,BYPASS_20260928_V01_B02,2,966.0,train
BYPASS_20260928_V01_F00967,frame_00967.jpg,BYPASS_20260928_V01,BYPASS_20260928_V01_B02,2,967.0,train
BYPASS_20260928_V01_F00968,frame_00968.jpg,BYPASS_20260928_V01,BYPASS_20260928_V01_B02,2,968.0,train
BYPASS_20260928_V01_F00969,frame_00969.jpg,BYPASS_20260928_V01,BYPASS_20260928_V01_B02,2,969.0,train
BYPASS_20260928_V01_F00970,frame_00970.jpg,BYPASS_20260928_V01,BYPASS_20260928_V01_B02,2,970.0,train
BYPASS_20260928_V01_F00971,frame_00971.jpg,BYPASS_20260928_V01,BYPASS_20260928_V01_B02,2,971.0,train
BYPASS_20260928_V01_F00972,frame_00972.jpg,BYPASS_20260928_V01,BYPASS_20260928_V01_B02,2,972.0,train
BYPASS_20260928_V01_F00973,frame_00973.jpg,BYPASS_20260928_V01,BYPASS_20260928_V01_B02,2,973.0,train
BYPASS_20260928_V01_F00974,frame_00974.jpg,BYPASS_20260928_V01,BYPASS_20260928_V01_B02,2,974.0,train
BYPASS_20260928_V01_F00975,frame_00975.jpg,BYPASS_20260928_V01,BYPASS_20260928_V01_B02,2,975.0,train
BYPASS_20260928_V01_F00976,frame_00976.jpg,BYPASS_20260928_V01,BYPASS_20260928_V01_B02,2,976.0,train
BYPASS_20260928_V01_F00977,frame_00977.jpg,BYPASS_20260928_V01,BYPASS_20260928_V01_B02,2,977.0,train
BYPASS_20260928_V01_F00978,frame_00978.jpg,BYPASS_20260928_V01,BYPASS_20260928_V01_B02,2,978.0,train
BYPASS_20260928_V01_F00979,frame_00979.jpg,BYPASS_20260928_V01,BYPASS_20260928_V01_B02,2,979.0,train
BYPASS_20260928_V01_F00980,frame_00980.jpg,BYPASS_20260928_V01,BYPASS_20260928_V01_B02,2,980.0,train
BYPASS_20260928_V01_F00981,frame_00981.jpg,BYPASS_20260928_V01,BYPASS_20260928_V01_B02,2,981.0,train
BYPASS_20260928_V01_F00982,frame_00982.jpg,BYPASS_20260928_V01,BYPASS_20260928_V01_B02,2,982.0,train
BYPASS_20260928_V01_F00983,frame_00983.jpg,BYPASS_20260928_V01,BYPASS_20260928_V01_B02,2,983.0,train
BYPASS_20260928_V01_F00984,frame_00984.jpg,BYPASS_20260928_V01,BYPASS_20260928_V01_B02,2,984.0,train
BYPASS_20260928_V01_F00985,frame_00985.jpg,BYPASS_20260928_V01,BYPASS_20260928_V01_B02,2,985.0,train
BYPASS_20260928_V01_F00986,frame_00986.jpg,BYPASS_20260928_V01,BYPASS_20260928_V01_B02,2,986.0,train
BYPASS_20260928_V01_F00987,frame_00987.jpg,BYPASS_20260928_V01,BYPASS_20260928_V01_B02,2,987.0,train
BYPASS_20260928_V01_F00988,frame_00988.jpg,BYPASS_20260928_V01,BYPASS_20260928_V01_B02,2,988.0,train
BYPASS_20260928_V01_F00989,frame_00989.jpg,BYPASS_20260928_V01,BYPASS_20260928_V01_B02,2,989.0,train
BYPASS_20260928_V01_F00990,frame_00990.jpg,BYPASS_20260928_V01,BYPASS_20260928_V01_B02,2,990.0,train
BYPASS_20260928_V01_F00991,frame_00991.jpg,BYPASS_20260928_V01,BYPASS_20260928_V01_B02,2,991.0,train
BYPASS_20260928_V01_F00992,frame_00992.jpg,BYPASS_20260928_V01,BYPASS_20260928_V01_B02,2,992.0,train
BYPASS_20260928_V01_F00993,frame_00993.jpg,BYPASS_20260928_V01,BYPASS_20260928_V01_B02,2,993.0,train
BYPASS_20260928_V01_F00994,frame_00994.jpg,BYPASS_20260928_V01,BYPASS_20260928_V01_B02,2,994.0,train
BYPASS_20260928_V01_F00995,frame_00995.jpg,BYPASS_20260928_V01,BYPASS_20260928_V01_B02,2,995.0,train
BYPASS_20260928_V01_F00996,frame_00996.jpg,BYPASS_20260928_V01,BYPASS_20260928_V01_B02,2,996.0,train
BYPASS_20260928_V01_F00997,frame_00997.jpg,BYPASS_20260928_V01,BYPASS_20260928_V01_B02,2,997.0,train
BYPASS_20260928_V01_F00998,frame_00998.jpg,BYPASS_20260928_V01,BYPASS_20260928_V01_B02,2,998.0,train
BYPASS_20260928_V01_F00999,frame_00999.jpg,BYPASS_20260928_V01,BYPASS_20260928_V01_B02,2,999.0,train
BYPASS_20260928_V01_F01000,frame_01000.jpg,BYPASS_20260928_V01,BYPASS_20260928_V01_B02,2,1000.0,train
BYPASS_20260928_V01_F01001,frame_01001.jpg,BYPASS_20260928_V01,BYPASS_20260928_V01_B02,2,1001.0,train
BYPASS_20260928_V01_F01002,frame_01002.jpg,BYPASS_20260928_V01,BYPASS_20260928_V01_B02,2,1002.0,train
BYPASS_20260928_V01_F01003,frame_01003.jpg,BYPASS_20260928_V01,BYPASS_20260928_V01_B02,2,1003.0,train
BYPASS_20260928_V01_F01004,frame_01004.jpg,BYPASS_20260928_V01,BYPASS_20260928_V01_B02,2,1004.0,train
BYPASS_20260928_V01_F01005,frame_01005.jpg,BYPASS_20260928_V01,BYPASS_20260928_V01_B02,2,1005.0,train
BYPASS_20260928_V01_F01006,frame_01006.jpg,BYPASS_20260928_V01,BYPASS_20260928_V01_B02,2,1006.0,train
BYPASS_20260928_V01_F01007,frame_01007.jpg,BYPASS_20260928_V01,BYPASS_20260928_V01_B02,2,1007.0,train
BYPASS_20260928_V01_F01008,frame_01008.jpg,BYPASS_20260928_V01,BYPASS_20260928_V01_B02,2,1008.0,train
BYPASS_20260928_V01_F01009,frame_01009.jpg,BYPASS_20260928_V01,BYPASS_20260928_V01_B02,2,1009.0,train
BYPASS_20260928_V01_F01010,frame_01010.jpg,BYPASS_20260928_V01,BYPASS_20260928_V01_B02,2,1010.0,train
BYPASS_20260928_V01_F01011,frame_01011.jpg,BYPASS_20260928_V01,BYPASS_20260928_V01_B02,2,1011.0,train
BYPASS_20260928_V01_F01012,frame_01012.jpg,BYPASS_20260928_V01,BYPASS_20260928_V01_B02,2,1012.0,train
BYPASS_20260928_V01_F01013,frame_01013.jpg,BYPASS_20260928_V01,BYPASS_20260928_V01_B02,2,1013.0,train
BYPASS_20260928_V01_F01014,frame_01014.jpg,BYPASS_20260928_V01,BYPASS_20260928_V01_B02,2,1014.0,train
BYPASS_20260928_V01_F01015,frame_01015.jpg,BYPASS_20260928_V01,BYPASS_20260928_V01_B02,2,1015.0,train
BYPASS_20260928_V01_F01016,frame_01016.jpg,BYPASS_20260928_V01,BYPASS_20260928_V01_B02,2,1016.0,train
BYPASS_20260928_V01_F01017,frame_01017.jpg,BYPASS_20260928_V01,BYPASS_20260928_V01_B02,2,1017.0,train
BYPASS_20260928_V01_F01018,frame_01018.jpg,BYPASS_20260928_V01,BYPASS_20260928_V01_B02,2,1018.0,train
BYPASS_20260928_V01_F01019,frame_01019.jpg,BYPASS_20260928_V01,BYPASS_20260928_V01_B02,2,1019.0,train
BYPASS_20260928_V01_F01020,frame_01020.jpg,BYPASS_20260928_V01,BYPASS_20260928_V01_B02,2,1020.0,train
BYPASS_20260928_V01_F01021,frame_01021.jpg,BYPASS_20260928_V01,BYPASS_20260928_V01_B02,2,1021.0,train
BYPASS_20260928_V01_F01022,frame_01022.jpg,BYPASS_20260928_V01,BYPASS_20260928_V01_B02,2,1022.0,train
BYPASS_20260928_V01_F01023,frame_01023.jpg,BYPASS_20260928_V01,BYPASS_20260928_V01_B02,2,1023.0,train
BYPASS_20260928_V01_F01024,frame_01024.jpg,BYPASS_20260928_V01,BYPASS_20260928_V01_B02,2,1024.0,train
BYPASS_20260928_V01_F01025,frame_01025.jpg,BYPASS_20260928_V01,BYPASS_20260928_V01_B02,2,1025.0,train
BYPASS_20260928_V01_F01026,frame_01026.jpg,BYPASS_20260928_V01,BYPASS_20260928_V01_B02,2,1026.0,train
BYPASS_20260928_V01_F01027,frame_01027.jpg,BYPASS_20260928_V01,BYPASS_20260928_V01_B02,2,1027.0,train
BYPASS_20260928_V01_F01028,frame_01028.jpg,BYPASS_20260928_V01,BYPASS_20260928_V01_B02,2,1028.0,train
BYPASS_20260928_V01_F01029,frame_01029.jpg,BYPASS_20260928_V01,BYPASS_20260928_V01_B02,2,1029.0,train
BYPASS_20260928_V01_F01030,frame_01030.jpg,BYPASS_20260928_V01,BYPASS_20260928_V01_B02,2,1030.0,train
BYPASS_20260928_V01_F01031,frame_01031.jpg,BYPASS_20260928_V01,BYPASS_20260928_V01_B02,2,1031.0,train
BYPASS_20260928_V01_F01032,frame_01032.jpg,BYPASS_20260928_V01,BYPASS_20260928_V01_B02,2,1032.0,train
BYPASS_20260928_V01_F01033,frame_01033.jpg,BYPASS_20260928_V01,BYPASS_20260928_V01_B02,2,1033.0,train
BYPASS_20260928_V01_F01034,frame_01034.jpg,BYPASS_20260928_V01,BYPASS_20260928_V01_B02,2,1034.0,train
BYPASS_20260928_V01_F01035,frame_01035.jpg,BYPASS_20260928_V01,BYPASS_20260928_V01_B02,2,1035.0,train
BYPASS_20260928_V01_F01036,frame_01036.jpg,BYPASS_20260928_V01,BYPASS_20260928_V01_B02,2,1036.0,train
BYPASS_20260928_V01_F01037,frame_01037.jpg,BYPASS_20260928_V01,BYPASS_20260928_V01_B02,2,1037.0,train
BYPASS_20260928_V01_F01038,frame_01038.jpg,BYPASS_20260928_V01,BYPASS_20260928_V01_B02,2,1038.0,train
BYPASS_20260928_V01_F01039,frame_01039.jpg,BYPASS_20260928_V01,BYPASS_20260928_V01_B02,2,1039.0,train
BYPASS_20260928_V01_F01040,frame_01040.jpg,BYPASS_20260928_V01,BYPASS_20260928_V01_B02,2,1040.0,train
BYPASS_20260928_V01_F01041,frame_01041.jpg,BYPASS_20260928_V01,BYPASS_20260928_V01_B02,2,1041.0,train
BYPASS_20260928_V01_F01042,frame_01042.jpg,BYPASS_20260928_V01,BYPASS_20260928_V01_B02,2,1042.0,train
BYPASS_20260928_V01_F01043,frame_01043.jpg,BYPASS_20260928_V01,BYPASS_20260928_V01_B02,2,1043.0,train
BYPASS_20260928_V01_F01044,frame_01044.jpg,BYPASS_20260928_V01,BYPASS_20260928_V01_B02,2,1044.0,train
BYPASS_20260928_V01_F01045,frame_01045.jpg,BYPASS_20260928_V01,BYPASS_20260928_V01_B02,2,1045.0,train
BYPASS_20260928_V01_F01046,frame_01046.jpg,BYPASS_20260928_V01,BYPASS_20260928_V01_B02,2,1046.0,train
BYPASS_20260928_V01_F01047,frame_01047.jpg,BYPASS_20260928_V01,BYPASS_20260928_V01_B02,2,1047.0,train
BYPASS_20260928_V01_F01048,frame_01048.jpg,BYPASS_20260928_V01,BYPASS_20260928_V01_B02,2,1048.0,train
BYPASS_20260928_V01_F01049,frame_01049.jpg,BYPASS_20260928_V01,BYPASS_20260928_V01_B02,2,1049.0,train
BYPASS_20260928_V01_F01050,frame_01050.jpg,BYPASS_20260928_V01,BYPASS_20260928_V01_B02,2,1050.0,train
BYPASS_20260928_V01_F01051,frame_01051.jpg,BYPASS_20260928_V01,BYPASS_20260928_V01_B02,2,1051.0,train
BYPASS_20260928_V01_F01052,frame_01052.jpg,BYPASS_20260928_V01,BYPASS_20260928_V01_B02,2,1052.0,train
BYPASS_20260928_V01_F01053,frame_01053.jpg,BYPASS_20260928_V01,BYPASS_20260928_V01_B02,2,1053.0,train
BYPASS_20260928_V01_F01054,frame_01054.jpg,BYPASS_20260928_V01,BYPASS_20260928_V01_B02,2,1054.0,train
BYPASS_20260928_V01_F01055,frame_01055.jpg,BYPASS_20260928_V01,BYPASS_20260928_V01_B02,2,1055.0,train
BYPASS_20260928_V01_F01056,frame_01056.jpg,BYPASS_20260928_V01,BYPASS_20260928_V01_B02,2,1056.0,train
BYPASS_20260928_V01_F01057,frame_01057.jpg,BYPASS_20260928_V01,BYPASS_20260928_V01_B02,2,1057.0,train
BYPASS_20260928_V01_F01058,frame_01058.jpg,BYPASS_20260928_V01,BYPASS_20260928_V01_B02,2,1058.0,train
BYPASS_20260928_V01_F01059,frame_01059.jpg,BYPASS_20260928_V01,BYPASS_20260928_V01_B02,2,1059.0,train
BYPASS_20260928_V01_F01060,frame_01060.jpg,BYPASS_20260928_V01,BYPASS_20260928_V01_B02,2,1060.0,train
BYPASS_20260928_V01_F01061,frame_01061.jpg,BYPASS_20260928_V01,BYPASS_20260928_V01_B02,2,1061.0,train
BYPASS_20260928_V01_F01062,frame_01062.jpg,BYPASS_20260928_V01,BYPASS_20260928_V01_B02,2,1062.0,train
BYPASS_20260928_V01_F01063,frame_01063.jpg,BYPASS_20260928_V01,BYPASS_20260928_V01_B02,2,1063.0,train
BYPASS_20260928_V01_F01064,frame_01064.jpg,BYPASS_20260928_V01,BYPASS_20260928_V01_B02,2,1064.0,train
BYPASS_20260928_V01_F01065,frame_01065.jpg,BYPASS_20260928_V01,BYPASS_20260928_V01_B02,2,1065.0,train
BYPASS_20260928_V01_F01066,frame_01066.jpg,BYPASS_20260928_V01,BYPASS_20260928_V01_B02,2,1066.0,train
BYPASS_20260928_V01_F01067,frame_01067.jpg,BYPASS_20260928_V01,BYPASS_20260928_V01_B02,2,1067.0,train
BYPASS_20260928_V01_F01068,frame_01068.jpg,BYPASS_20260928_V01,BYPASS_20260928_V01_B02,2,1068.0,train
BYPASS_20260928_V01_F01069,frame_01069.jpg,BYPASS_20260928_V01,BYPASS_20260928_V01_B02,2,1069.0,train
BYPASS_20260928_V01_F01070,frame_01070.jpg,BYPASS_20260928_V01,BYPASS_20260928_V01_B02,2,1070.0,train
BYPASS_20260928_V01_F01071,frame_01071.jpg,BYPASS_20260928_V01,BYPASS_20260928_V01_B02,2,1071.0,train
BYPASS_20260928_V01_F01072,frame_01072.jpg,BYPASS_20260928_V01,BYPASS_20260928_V01_B02,2,1072.0,train
BYPASS_20260928_V01_F01073,frame_01073.jpg,BYPASS_20260928_V01,BYPASS_20260928_V01_B02,2,1073.0,train
BYPASS_20260928_V01_F01074,frame_01074.jpg,BYPASS_20260928_V01,BYPASS_20260928_V01_B02,2,1074.0,train
BYPASS_20260928_V01_F01075,frame_01075.jpg,BYPASS_20260928_V01,BYPASS_20260928_V01_B02,2,1075.0,train
BYPASS_20260928_V01_F01076,frame_01076.jpg,BYPASS_20260928_V01,BYPASS_20260928_V01_B02,2,1076.0,train
BYPASS_20260928_V01_F01077,frame_01077.jpg,BYPASS_20260928_V01,BYPASS_20260928_V01_B02,2,1077.0,train
BYPASS_20260928_V01_F01078,frame_01078.jpg,BYPASS_20260928_V01,BYPASS_20260928_V01_B02,2,1078.0,train
BYPASS_20260928_V01_F01079,frame_01079.jpg,BYPASS_20260928_V01,BYPASS_20260928_V01_B02,2,1079.0,train
BYPASS_20260928_V01_F01080,frame_01080.jpg,BYPASS_20260928_V01,BYPASS_20260928_V01_B02,2,1080.0,train
BYPASS_20260928_V01_F01081,frame_01081.jpg,BYPASS_20260928_V01,BYPASS_20260928_V01_B02,2,1081.0,train
BYPASS_20260928_V01_F01082,frame_01082.jpg,BYPASS_20260928_V01,BYPASS_20260928_V01_B02,2,1082.0,train
BYPASS_20260928_V01_F01083,frame_01083.jpg,BYPASS_20260928_V01,BYPASS_20260928_V01_B02,2,1083.0,train
BYPASS_20260928_V01_F01084,frame_01084.jpg,BYPASS_20260928_V01,BYPASS_20260928_V01_B02,2,1084.0,train
BYPASS_20260928_V01_F01085,frame_01085.jpg,BYPASS_20260928_V01,BYPASS_20260928_V01_B02,2,1085.0,train
BYPASS_20260928_V01_F01086,frame_01086.jpg,BYPASS_20260928_V01,BYPASS_20260928_V01_B02,2,1086.0,train
BYPASS_20260928_V01_F01087,frame_01087.jpg,BYPASS_20260928_V01,BYPASS_20260928_V01_B02,2,1087.0,train
BYPASS_20260928_V01_F01088,frame_01088.jpg,BYPASS_20260928_V01,BYPASS_20260928_V01_B02,2,1088.0,train
BYPASS_20260928_V01_F01089,frame_01089.jpg,BYPASS_20260928_V01,BYPASS_20260928_V01_B02,2,1089.0,train
BYPASS_20260928_V01_F01090,frame_01090.jpg,BYPASS_20260928_V01,BYPASS_20260928_V01_B02,2,1090.0,train
BYPASS_20260928_V01_F01091,frame_01091.jpg,BYPASS_20260928_V01,BYPASS_20260928_V01_B02,2,1091.0,train
BYPASS_20260928_V01_F01092,frame_01092.jpg,BYPASS_20260928_V01,BYPASS_20260928_V01_B02,2,1092.0,train
BYPASS_20260928_V01_F01093,frame_01093.jpg,BYPASS_20260928_V01,BYPASS_20260928_V01_B02,2,1093.0,train
BYPASS_20260928_V01_F01094,frame_01094.jpg,BYPASS_20260928_V01,BYPASS_20260928_V01_B02,2,1094.0,train
BYPASS_20260928_V01_F01095,frame_01095.jpg,BYPASS_20260928_V01,BYPASS_20260928_V01_B02,2,1095.0,train
BYPASS_20260928_V01_F01096,frame_01096.jpg,BYPASS_20260928_V01,BYPASS_20260928_V01_B02,2,1096.0,train
BYPASS_20260928_V01_F01097,frame_01097.jpg,BYPASS_20260928_V01,BYPASS_20260928_V01_B02,2,1097.0,train
BYPASS_20260928_V01_F01098,frame_01098.jpg,BYPASS_20260928_V01,BYPASS_20260928_V01_B02,2,1098.0,train
BYPASS_20260928_V01_F01099,frame_01099.jpg,BYPASS_20260928_V01,BYPASS_20260928_V01_B02,2,1099.0,train
BYPASS_20260928_V01_F01100,frame_01100.jpg,BYPASS_20260928_V01,BYPASS_20260928_V01_B02,2,1100.0,train
BYPASS_20260928_V01_F01101,frame_01101.jpg,BYPASS_20260928_V01,BYPASS_20260928_V01_B02,2,1101.0,train
BYPASS_20260928_V01_F01102,frame_01102.jpg,BYPASS_20260928_V01,BYPASS_20260928_V01_B02,2,1102.0,train
BYPASS_20260928_V01_F01103,frame_01103.jpg,BYPASS_20260928_V01,BYPASS_20260928_V01_B02,2,1103.0,train
BYPASS_20260928_V01_F01104,frame_01104.jpg,BYPASS_20260928_V01,BYPASS_20260928_V01_B02,2,1104.0,train
BYPASS_20260928_V01_F01105,frame_01105.jpg,BYPASS_20260928_V01,BYPASS_20260928_V01_B02,2,1105.0,train
BYPASS_20260928_V01_F01106,frame_01106.jpg,BYPASS_20260928_V01,BYPASS_20260928_V01_B02,2,1106.0,train
BYPASS_20260928_V01_F01107,frame_01107.jpg,BYPASS_20260928_V01,BYPASS_20260928_V01_B02,2,1107.0,train
BYPASS_20260928_V01_F01108,frame_01108.jpg,BYPASS_20260928_V01,BYPASS_20260928_V01_B02,2,1108.0,train
BYPASS_20260928_V01_F01109,frame_01109.jpg,BYPASS_20260928_V01,BYPASS_20260928_V01_B02,2,1109.0,train
BYPASS_20260928_V01_F01110,frame_01110.jpg,BYPASS_20260928_V01,BYPASS_20260928_V01_B02,2,1110.0,train
BYPASS_20260928_V01_F01111,frame_01111.jpg,BYPASS_20260928_V01,BYPASS_20260928_V01_B02,2,1111.0,train
BYPASS_20260928_V01_F01112,frame_01112.jpg,BYPASS_20260928_V01,BYPASS_20260928_V01_B02,2,1112.0,train
BYPASS_20260928_V01_F01113,frame_01113.jpg,BYPASS_20260928_V01,BYPASS_20260928_V01_B02,2,1113.0,train
BYPASS_20260928_V01_F01114,frame_01114.jpg,BYPASS_20260928_V01,BYPASS_20260928_V01_B02,2,1114.0,train
BYPASS_20260928_V01_F01115,frame_01115.jpg,BYPASS_20260928_V01,BYPASS_20260928_V01_B02,2,1115.0,train
BYPASS_20260928_V01_F01116,frame_01116.jpg,BYPASS_20260928_V01,BYPASS_20260928_V01_B02,2,1116.0,train
BYPASS_20260928_V01_F01117,frame_01117.jpg,BYPASS_20260928_V01,BYPASS_20260928_V01_B02,2,1117.0,train
BYPASS_20260928_V01_F01118,frame_01118.jpg,BYPASS_20260928_V01,BYPASS_20260928_V01_B02,2,1118.0,train
BYPASS_20260928_V01_F01119,frame_01119.jpg,BYPASS_20260928_V01,BYPASS_20260928_V01_B02,2,1119.0,train
BYPASS_20260928_V01_F01120,frame_01120.jpg,BYPASS_20260928_V01,BYPASS_20260928_V01_B02,2,1120.0,train
BYPASS_20260928_V01_F01121,frame_01121.jpg,BYPASS_20260928_V01,BYPASS_20260928_V01_B02,2,1121.0,train
BYPASS_20260928_V01_F01122,frame_01122.jpg,BYPASS_20260928_V01,BYPASS_20260928_V01_B02,2,1122.0,train
BYPASS_20260928_V01_F01123,frame_01123.jpg,BYPASS_20260928_V01,BYPASS_20260928_V01_B02,2,1123.0,train
BYPASS_20260928_V01_F01124,frame_01124.jpg,BYPASS_20260928_V01,BYPASS_20260928_V01_B02,2,1124.0,train
BYPASS_20260928_V01_F01125,frame_01125.jpg,BYPASS_20260928_V01,BYPASS_20260928_V01_B02,2,1125.0,train
BYPASS_20260928_V01_F01126,frame_01126.jpg,BYPASS_20260928_V01,BYPASS_20260928_V01_B02,2,1126.0,train
BYPASS_20260928_V01_F01127,frame_01127.jpg,BYPASS_20260928_V01,BYPASS_20260928_V01_B02,2,1127.0,train
BYPASS_20260928_V01_F01128,frame_01128.jpg,BYPASS_20260928_V01,BYPASS_20260928_V01_B02,2,1128.0,train
BYPASS_20260928_V01_F01129,frame_01129.jpg,BYPASS_20260928_V01,BYPASS_20260928_V01_B02,2,1129.0,train
BYPASS_20260928_V01_F01130,frame_01130.jpg,BYPASS_20260928_V01,BYPASS_20260928_V01_B02,2,1130.0,train
BYPASS_20260928_V01_F01131,frame_01131.jpg,BYPASS_20260928_V01,BYPASS_20260928_V01_B02,2,1131.0,train
BYPASS_20260928_V01_F01132,frame_01132.jpg,BYPASS_20260928_V01,BYPASS_20260928_V01_B02,2,1132.0,train
BYPASS_20260928_V01_F01133,frame_01133.jpg,BYPASS_20260928_V01,BYPASS_20260928_V01_B02,2,1133.0,train
BYPASS_20260928_V01_F01134,frame_01134.jpg,BYPASS_20260928_V01,BYPASS_20260928_V01_B02,2,1134.0,train
BYPASS_20260928_V01_F01135,frame_01135.jpg,BYPASS_20260928_V01,BYPASS_20260928_V01_B02,2,1135.0,train
BYPASS_20260928_V01_F01136,frame_01136.jpg,BYPASS_20260928_V01,BYPASS_20260928_V01_B02,2,1136.0,train
BYPASS_20260928_V01_F01137,frame_01137.jpg,BYPASS_20260928_V01,BYPASS_20260928_V01_B02,2,1137.0,train
BYPASS_20260928_V01_F01138,frame_01138.jpg,BYPASS_20260928_V01,BYPASS_20260928_V01_B02,2,1138.0,train
BYPASS_20260928_V01_F01139,frame_01139.jpg,BYPASS_20260928_V01,BYPASS_20260928_V01_B02,2,1139.0,train
BYPASS_20260928_V01_F01140,frame_01140.jpg,BYPASS_20260928_V01,BYPASS_20260928_V01_B02,2,1140.0,train
BYPASS_20260928_V01_F01141,frame_01141.jpg,BYPASS_20260928_V01,BYPASS_20260928_V01_B02,2,1141.0,train
BYPASS_20260928_V01_F01142,frame_01142.jpg,BYPASS_20260928_V01,BYPASS_20260928_V01_B02,2,1142.0,train
BYPASS_20260928_V01_F01143,frame_01143.jpg,BYPASS_20260928_V01,BYPASS_20260928_V01_B02,2,1143.0,train
BYPASS_20260928_V01_F01144,frame_01144.jpg,BYPASS_20260928_V01,BYPASS_20260928_V01_B02,2,1144.0,train
BYPASS_20260928_V01_F01145,frame_01145.jpg,BYPASS_20260928_V01,BYPASS_20260928_V01_B02,2,1145.0,train
BYPASS_20260928_V01_F01146,frame_01146.jpg,BYPASS_20260928_V01,BYPASS_20260928_V01_B02,2,1146.0,train
BYPASS_20260928_V01_F01147,frame_01147.jpg,BYPASS_20260928_V01,BYPASS_20260928_V01_B02,2,1147.0,train
BYPASS_20260928_V01_F01148,frame_01148.jpg,BYPASS_20260928_V01,BYPASS_20260928_V01_B02,2,1148.0,train
BYPASS_20260928_V01_F01149,frame_01149.jpg,BYPASS_20260928_V01,BYPASS_20260928_V01_B02,2,1149.0,train
BYPASS_20260928_V01_F01150,frame_01150.jpg,BYPASS_20260928_V01,BYPASS_20260928_V01_B02,2,1150.0,train
BYPASS_20260928_V01_F01151,frame_01151.jpg,BYPASS_20260928_V01,BYPASS_20260928_V01_B02,2,1151.0,train
BYPASS_20260928_V01_F01152,frame_01152.jpg,BYPASS_20260928_V01,BYPASS_20260928_V01_B02,2,1152.0,train
BYPASS_20260928_V01_F01153,frame_01153.jpg,BYPASS_20260928_V01,BYPASS_20260928_V01_B02,2,1153.0,train
BYPASS_20260928_V01_F01154,frame_01154.jpg,BYPASS_20260928_V01,BYPASS_20260928_V01_B02,2,1154.0,train
BYPASS_20260928_V01_F01155,frame_01155.jpg,BYPASS_20260928_V01,BYPASS_20260928_V01_B02,2,1155.0,train
BYPASS_20260928_V01_F01156,frame_01156.jpg,BYPASS_20260928_V01,BYPASS_20260928_V01_B02,2,1156.0,train
BYPASS_20260928_V01_F01157,frame_01157.jpg,BYPASS_20260928_V01,BYPASS_20260928_V01_B02,2,1157.0,train
BYPASS_20260928_V01_F01158,frame_01158.jpg,BYPASS_20260928_V01,BYPASS_20260928_V01_B02,2,1158.0,train
BYPASS_20260928_V01_F01159,frame_01159.jpg,BYPASS_20260928_V01,BYPASS_20260928_V01_B02,2,1159.0,train
BYPASS_20260928_V01_F01160,frame_01160.jpg,BYPASS_20260928_V01,BYPASS_20260928_V01_B02,2,1160.0,train
BYPASS_20260928_V01_F01161,frame_01161.jpg,BYPASS_20260928_V01,BYPASS_20260928_V01_B02,2,1161.0,train
BYPASS_20260928_V01_F01162,frame_01162.jpg,BYPASS_20260928_V01,BYPASS_20260928_V01_B02,2,1162.0,train
BYPASS_20260928_V01_F01163,frame_01163.jpg,BYPASS_20260928_V01,BYPASS_20260928_V01_B02,2,1163.0,train
BYPASS_20260928_V01_F01164,frame_01164.jpg,BYPASS_20260928_V01,BYPASS_20260928_V01_B02,2,1164.0,train
BYPASS_20260928_V01_F01165,frame_01165.jpg,BYPASS_20260928_V01,BYPASS_20260928_V01_B02,2,1165.0,train
BYPASS_20260928_V01_F01166,frame_01166.jpg,BYPASS_20260928_V01,BYPASS_20260928_V01_B02,2,1166.0,train
BYPASS_20260928_V01_F01167,frame_01167.jpg,BYPASS_20260928_V01,BYPASS_20260928_V01_B02,2,1167.0,train
BYPASS_20260928_V01_F01168,frame_01168.jpg,BYPASS_20260928_V01,BYPASS_20260928_V01_B02,2,1168.0,train
BYPASS_20260928_V01_F01169,frame_01169.jpg,BYPASS_20260928_V01,BYPASS_20260928_V01_B02,2,1169.0,train
BYPASS_20260928_V01_F01170,frame_01170.jpg,BYPASS_20260928_V01,BYPASS_20260928_V01_B02,2,1170.0,train
BYPASS_20260928_V01_F01171,frame_01171.jpg,BYPASS_20260928_V01,BYPASS_20260928_V01_B02,2,1171.0,guarda
BYPASS_20260928_V01_F01172,frame_01172.jpg,BYPASS_20260928_V01,BYPASS_20260928_V01_B02,2,1172.0,guarda
BYPASS_20260928_V01_F01173,frame_01173.jpg,BYPASS_20260928_V01,BYPASS_20260928_V01_B02,2,1173.0,guarda
BYPASS_20260928_V01_F01174,frame_01174.jpg,BYPASS_20260928_V01,BYPASS_20260928_V01_B02,2,1174.0,guarda
BYPASS_20260928_V01_F01175,frame_01175.jpg,BYPASS_20260928_V01,BYPASS_20260928_V01_B02,2,1175.0,guarda
BYPASS_20260928_V01_F01176,frame_01176.jpg,BYPASS_20260928_V01,BYPASS_20260928_V01_B02,2,1176.0,guarda
BYPASS_20260928_V01_F01177,frame_01177.jpg,BYPASS_20260928_V01,BYPASS_20260928_V01_B02,2,1177.0,guarda
BYPASS_20260928_V01_F01178,frame_01178.jpg,BYPASS_20260928_V01,BYPASS_20260928_V01_B02,2,1178.0,guarda
BYPASS_20260928_V01_F01179,frame_01179.jpg,BYPASS_20260928_V01,BYPASS_20260928_V01_B02,2,1179.0,guarda
BYPASS_20260928_V01_F01180,frame_01180.jpg,BYPASS_20260928_V01,BYPASS_20260928_V01_B02,2,1180.0,guarda
BYPASS_20260928_V01_F01181,frame_01181.jpg,BYPASS_20260928_V01,BYPASS_20260928_V01_B02,2,1181.0,guarda
BYPASS_20260928_V01_F01182,frame_01182.jpg,BYPASS_20260928_V01,BYPASS_20260928_V01_B02,2,1182.0,guarda
BYPASS_20260928_V01_F01183,frame_01183.jpg,BYPASS_20260928_V01,BYPASS_20260928_V01_B02,2,1183.0,guarda
BYPASS_20260928_V01_F01184,frame_01184.jpg,BYPASS_20260928_V01,BYPASS_20260928_V01_B02,2,1184.0,guarda
BYPASS_20260928_V01_F01185,frame_01185.jpg,BYPASS_20260928_V01,BYPASS_20260928_V01_B02,2,1185.0,guarda
BYPASS_20260928_V01_F01186,frame_01186.jpg,BYPASS_20260928_V01,BYPASS_20260928_V01_B02,2,1186.0,guarda
BYPASS_20260928_V01_F01187,frame_01187.jpg,BYPASS_20260928_V01,BYPASS_20260928_V01_B02,2,1187.0,guarda
BYPASS_20260928_V01_F01188,frame_01188.jpg,BYPASS_20260928_V01,BYPASS_20260928_V01_B02,2,1188.0,guarda
BYPASS_20260928_V01_F01189,frame_01189.jpg,BYPASS_20260928_V01,BYPASS_20260928_V01_B02,2,1189.0,guarda
BYPASS_20260928_V01_F01190,frame_01190.jpg,BYPASS_20260928_V01,BYPASS_20260928_V01_B02,2,1190.0,guarda
BYPASS_20260928_V01_F01191,frame_01191.jpg,BYPASS_20260928_V01,BYPASS_20260928_V01_B02,2,1191.0,guarda
BYPASS_20260928_V01_F01192,frame_01192.jpg,BYPASS_20260928_V01,BYPASS_20260928_V01_B02,2,1192.0,guarda
BYPASS_20260928_V01_F01193,frame_01193.jpg,BYPASS_20260928_V01,BYPASS_20260928_V01_B02,2,1193.0,guarda
BYPASS_20260928_V01_F01194,frame_01194.jpg,BYPASS_20260928_V01,BYPASS_20260928_V01_B02,2,1194.0,guarda
BYPASS_20260928_V01_F01195,frame_01195.jpg,BYPASS_20260928_V01,BYPASS_20260928_V01_B02,2,1195.0,guarda
BYPASS_20260928_V01_F01196,frame_01196.jpg,BYPASS_20260928_V01,BYPASS_20260928_V01_B02,2,1196.0,guarda
BYPASS_20260928_V01_F01197,frame_01197.jpg,BYPASS_20260928_V01,BYPASS_20260928_V01_B02,2,1197.0,guarda
BYPASS_20260928_V01_F01198,frame_01198.jpg,BYPASS_20260928_V01,BYPASS_20260928_V01_B02,2,1198.0,guarda
BYPASS_20260928_V01_F01199,frame_01199.jpg,BYPASS_20260928_V01,BYPASS_20260928_V01_B02,2,1199.0,guarda
BYPASS_20260928_V01_F01200,frame_01200.jpg,BYPASS_20260928_V01,BYPASS_20260928_V01_B03,3,1200.0,guarda
BYPASS_20260928_V01_F01201,frame_01201.jpg,BYPASS_20260928_V01,BYPASS_20260928_V01_B03,3,1201.0,guarda
BYPASS_20260928_V01_F01202,frame_01202.jpg,BYPASS_20260928_V01,BYPASS_20260928_V01_B03,3,1202.0,guarda
BYPASS_20260928_V01_F01203,frame_01203.jpg,BYPASS_20260928_V01,BYPASS_20260928_V01_B03,3,1203.0,guarda
BYPASS_20260928_V01_F01204,frame_01204.jpg,BYPASS_20260928_V01,BYPASS_20260928_V01_B03,3,1204.0,guarda
BYPASS_20260928_V01_F01205,frame_01205.jpg,BYPASS_20260928_V01,BYPASS_20260928_V01_B03,3,1205.0,guarda
BYPASS_20260928_V01_F01206,frame_01206.jpg,BYPASS_20260928_V01,BYPASS_20260928_V01_B03,3,1206.0,guarda
BYPASS_20260928_V01_F01207,frame_01207.jpg,BYPASS_20260928_V01,BYPASS_20260928_V01_B03,3,1207.0,guarda
BYPASS_20260928_V01_F01208,frame_01208.jpg,BYPASS_20260928_V01,BYPASS_20260928_V01_B03,3,1208.0,guarda
BYPASS_20260928_V01_F01209,frame_01209.jpg,BYPASS_20260928_V01,BYPASS_20260928_V01_B03,3,1209.0,guarda
BYPASS_20260928_V01_F01210,frame_01210.jpg,BYPASS_20260928_V01,BYPASS_20260928_V01_B03,3,1210.0,guarda
BYPASS_20260928_V01_F01211,frame_01211.jpg,BYPASS_20260928_V01,BYPASS_20260928_V01_B03,3,1211.0,guarda
BYPASS_20260928_V01_F01212,frame_01212.jpg,BYPASS_20260928_V01,BYPASS_20260928_V01_B03,3,1212.0,guarda
BYPASS_20260928_V01_F01213,frame_01213.jpg,BYPASS_20260928_V01,BYPASS_20260928_V01_B03,3,1213.0,guarda
BYPASS_20260928_V01_F01214,frame_01214.jpg,BYPASS_20260928_V01,BYPASS_20260928_V01_B03,3,1214.0,guarda
BYPASS_20260928_V01_F01215,frame_01215.jpg,BYPASS_20260928_V01,BYPASS_20260928_V01_B03,3,1215.0,guarda
BYPASS_20260928_V01_F01216,frame_01216.jpg,BYPASS_20260928_V01,BYPASS_20260928_V01_B03,3,1216.0,guarda
BYPASS_20260928_V01_F01217,frame_01217.jpg,BYPASS_20260928_V01,BYPASS_20260928_V01_B03,3,1217.0,guarda
BYPASS_20260928_V01_F01218,frame_01218.jpg,BYPASS_20260928_V01,BYPASS_20260928_V01_B03,3,1218.0,guarda
BYPASS_20260928_V01_F01219,frame_01219.jpg,BYPASS_20260928_V01,BYPASS_20260928_V01_B03,3,1219.0,guarda
BYPASS_20260928_V01_F01220,frame_01220.jpg,BYPASS_20260928_V01,BYPASS_20260928_V01_B03,3,1220.0,guarda
BYPASS_20260928_V01_F01221,frame_01221.jpg,BYPASS_20260928_V01,BYPASS_20260928_V01_B03,3,1221.0,guarda
BYPASS_20260928_V01_F01222,frame_01222.jpg,BYPASS_20260928_V01,BYPASS_20260928_V01_B03,3,1222.0,guarda
BYPASS_20260928_V01_F01223,frame_01223.jpg,BYPASS_20260928_V01,BYPASS_20260928_V01_B03,3,1223.0,guarda
BYPASS_20260928_V01_F01224,frame_01224.jpg,BYPASS_20260928_V01,BYPASS_20260928_V01_B03,3,1224.0,guarda
BYPASS_20260928_V01_F01225,frame_01225.jpg,BYPASS_20260928_V01,BYPASS_20260928_V01_B03,3,1225.0,guarda
BYPASS_20260928_V01_F01226,frame_01226.jpg,BYPASS_20260928_V01,BYPASS_20260928_V01_B03,3,1226.0,guarda
BYPASS_20260928_V01_F01227,frame_01227.jpg,BYPASS_20260928_V01,BYPASS_20260928_V01_B03,3,1227.0,guarda
BYPASS_20260928_V01_F01228,frame_01228.jpg,BYPASS_20260928_V01,BYPASS_20260928_V01_B03,3,1228.0,guarda
BYPASS_20260928_V01_F01229,frame_01229.jpg,BYPASS_20260928_V01,BYPASS_20260928_V01_B03,3,1229.0,guarda
BYPASS_20260928_V01_F01230,frame_01230.jpg,BYPASS_20260928_V01,BYPASS_20260928_V01_B03,3,1230.0,val
BYPASS_20260928_V01_F01231,frame_01231.jpg,BYPASS_20260928_V01,BYPASS_20260928_V01_B03,3,1231.0,val
BYPASS_20260928_V01_F01232,frame_01232.jpg,BYPASS_20260928_V01,BYPASS_20260928_V01_B03,3,1232.0,val
BYPASS_20260928_V01_F01233,frame_01233.jpg,BYPASS_20260928_V01,BYPASS_20260928_V01_B03,3,1233.0,val
BYPASS_20260928_V01_F01234,frame_01234.jpg,BYPASS_20260928_V01,BYPASS_20260928_V01_B03,3,1234.0,val
BYPASS_20260928_V01_F01235,frame_01235.jpg,BYPASS_20260928_V01,BYPASS_20260928_V01_B03,3,1235.0,val
BYPASS_20260928_V01_F01236,frame_01236.jpg,BYPASS_20260928_V01,BYPASS_20260928_V01_B03,3,1236.0,val
BYPASS_20260928_V01_F01237,frame_01237.jpg,BYPASS_20260928_V01,BYPASS_20260928_V01_B03,3,1237.0,val
BYPASS_20260928_V01_F01238,frame_01238.jpg,BYPASS_20260928_V01,BYPASS_20260928_V01_B03,3,1238.0,val
BYPASS_20260928_V01_F01239,frame_01239.jpg,BYPASS_20260928_V01,BYPASS_20260928_V01_B03,3,1239.0,val
BYPASS_20260928_V01_F01240,frame_01240.jpg,BYPASS_20260928_V01,BYPASS_20260928_V01_B03,3,1240.0,val
BYPASS_20260928_V01_F01241,frame_01241.jpg,BYPASS_20260928_V01,BYPASS_20260928_V01_B03,3,1241.0,val
BYPASS_20260928_V01_F01242,frame_01242.jpg,BYPASS_20260928_V01,BYPASS_20260928_V01_B03,3,1242.0,val
BYPASS_20260928_V01_F01243,frame_01243.jpg,BYPASS_20260928_V01,BYPASS_20260928_V01_B03,3,1243.0,val
BYPASS_20260928_V01_F01244,frame_01244.jpg,BYPASS_20260928_V01,BYPASS_20260928_V01_B03,3,1244.0,val
BYPASS_20260928_V01_F01245,frame_01245.jpg,BYPASS_20260928_V01,BYPASS_20260928_V01_B03,3,1245.0,val
BYPASS_20260928_V01_F01246,frame_01246.jpg,BYPASS_20260928_V01,BYPASS_20260928_V01_B03,3,1246.0,val
BYPASS_20260928_V01_F01247,frame_01247.jpg,BYPASS_20260928_V01,BYPASS_20260928_V01_B03,3,1247.0,val
BYPASS_20260928_V01_F01248,frame_01248.jpg,BYPASS_20260928_V01,BYPASS_20260928_V01_B03,3,1248.0,val
BYPASS_20260928_V01_F01249,frame_01249.jpg,BYPASS_20260928_V01,BYPASS_20260928_V01_B03,3,1249.0,val
BYPASS_20260928_V01_F01250,frame_01250.jpg,BYPASS_20260928_V01,BYPASS_20260928_V01_B03,3,1250.0,val
BYPASS_20260928_V01_F01251,frame_01251.jpg,BYPASS_20260928_V01,BYPASS_20260928_V01_B03,3,1251.0,val
BYPASS_20260928_V01_F01252,frame_01252.jpg,BYPASS_20260928_V01,BYPASS_20260928_V01_B03,3,1252.0,val
BYPASS_20260928_V01_F01253,frame_01253.jpg,BYPASS_20260928_V01,BYPASS_20260928_V01_B03,3,1253.0,val
BYPASS_20260928_V01_F01254,frame_01254.jpg,BYPASS_20260928_V01,BYPASS_20260928_V01_B03,3,1254.0,val
BYPASS_20260928_V01_F01255,frame_01255.jpg,BYPASS_20260928_V01,BYPASS_20260928_V01_B03,3,1255.0,val
BYPASS_20260928_V01_F01256,frame_01256.jpg,BYPASS_20260928_V01,BYPASS_20260928_V01_B03,3,1256.0,val
BYPASS_20260928_V01_F01257,frame_01257.jpg,BYPASS_20260928_V01,BYPASS_20260928_V01_B03,3,1257.0,val
BYPASS_20260928_V01_F01258,frame_01258.jpg,BYPASS_20260928_V01,BYPASS_20260928_V01_B03,3,1258.0,val
BYPASS_20260928_V01_F01259,frame_01259.jpg,BYPASS_20260928_V01,BYPASS_20260928_V01_B03,3,1259.0,val
BYPASS_20260928_V01_F01260,frame_01260.jpg,BYPASS_20260928_V01,BYPASS_20260928_V01_B03,3,1260.0,val
BYPASS_20260928_V01_F01261,frame_01261.jpg,BYPASS_20260928_V01,BYPASS_20260928_V01_B03,3,1261.0,val
BYPASS_20260928_V01_F01262,frame_01262.jpg,BYPASS_20260928_V01,BYPASS_20260928_V01_B03,3,1262.0,val
BYPASS_20260928_V01_F01263,frame_01263.jpg,BYPASS_20260928_V01,BYPASS_20260928_V01_B03,3,1263.0,val
BYPASS_20260928_V01_F01264,frame_01264.jpg,BYPASS_20260928_V01,BYPASS_20260928_V01_B03,3,1264.0,val
BYPASS_20260928_V01_F01265,frame_01265.jpg,BYPASS_20260928_V01,BYPASS_20260928_V01_B03,3,1265.0,val
BYPASS_20260928_V01_F01266,frame_01266.jpg,BYPASS_20260928_V01,BYPASS_20260928_V01_B03,3,1266.0,val
BYPASS_20260928_V01_F01267,frame_01267.jpg,BYPASS_20260928_V01,BYPASS_20260928_V01_B03,3,1267.0,val
BYPASS_20260928_V01_F01268,frame_01268.jpg,BYPASS_20260928_V01,BYPASS_20260928_V01_B03,3,1268.0,val
BYPASS_20260928_V01_F01269,frame_01269.jpg,BYPASS_20260928_V01,BYPASS_20260928_V01_B03,3,1269.0,val
BYPASS_20260928_V01_F01270,frame_01270.jpg,BYPASS_20260928_V01,BYPASS_20260928_V01_B03,3,1270.0,val
BYPASS_20260928_V01_F01271,frame_01271.jpg,BYPASS_20260928_V01,BYPASS_20260928_V01_B03,3,1271.0,val
BYPASS_20260928_V01_F01272,frame_01272.jpg,BYPASS_20260928_V01,BYPASS_20260928_V01_B03,3,1272.0,val
BYPASS_20260928_V01_F01273,frame_01273.jpg,BYPASS_20260928_V01,BYPASS_20260928_V01_B03,3,1273.0,val
BYPASS_20260928_V01_F01274,frame_01274.jpg,BYPASS_20260928_V01,BYPASS_20260928_V01_B03,3,1274.0,val
BYPASS_20260928_V01_F01275,frame_01275.jpg,BYPASS_20260928_V01,BYPASS_20260928_V01_B03,3,1275.0,val
BYPASS_20260928_V01_F01276,frame_01276.jpg,BYPASS_20260928_V01,BYPASS_20260928_V01_B03,3,1276.0,val
BYPASS_20260928_V01_F01277,frame_01277.jpg,BYPASS_20260928_V01,BYPASS_20260928_V01_B03,3,1277.0,val
BYPASS_20260928_V01_F01278,frame_01278.jpg,BYPASS_20260928_V01,BYPASS_20260928_V01_B03,3,1278.0,val
BYPASS_20260928_V01_F01279,frame_01279.jpg,BYPASS_20260928_V01,BYPASS_20260928_V01_B03,3,1279.0,val
BYPASS_20260928_V01_F01280,frame_01280.jpg,BYPASS_20260928_V01,BYPASS_20260928_V01_B03,3,1280.0,val
BYPASS_20260928_V01_F01281,frame_01281.jpg,BYPASS_20260928_V01,BYPASS_20260928_V01_B03,3,1281.0,val
BYPASS_20260928_V01_F01282,frame_01282.jpg,BYPASS_20260928_V01,BYPASS_20260928_V01_B03,3,1282.0,val
BYPASS_20260928_V01_F01283,frame_01283.jpg,BYPASS_20260928_V01,BYPASS_20260928_V01_B03,3,1283.0,val
BYPASS_20260928_V01_F01284,frame_01284.jpg,BYPASS_20260928_V01,BYPASS_20260928_V01_B03,3,1284.0,val
BYPASS_20260928_V01_F01285,frame_01285.jpg,BYPASS_20260928_V01,BYPASS_20260928_V01_B03,3,1285.0,val
BYPASS_20260928_V01_F01286,frame_01286.jpg,BYPASS_20260928_V01,BYPASS_20260928_V01_B03,3,1286.0,val
BYPASS_20260928_V01_F01287,frame_01287.jpg,BYPASS_20260928_V01,BYPASS_20260928_V01_B03,3,1287.0,val
BYPASS_20260928_V01_F01288,frame_01288.jpg,BYPASS_20260928_V01,BYPASS_20260928_V01_B03,3,1288.0,val
BYPASS_20260928_V01_F01289,frame_01289.jpg,BYPASS_20260928_V01,BYPASS_20260928_V01_B03,3,1289.0,val
BYPASS_20260928_V01_F01290,frame_01290.jpg,BYPASS_20260928_V01,BYPASS_20260928_V01_B03,3,1290.0,val
BYPASS_20260928_V01_F01291,frame_01291.jpg,BYPASS_20260928_V01,BYPASS_20260928_V01_B03,3,1291.0,val
BYPASS_20260928_V01_F01292,frame_01292.jpg,BYPASS_20260928_V01,BYPASS_20260928_V01_B03,3,1292.0,val
BYPASS_20260928_V01_F01293,frame_01293.jpg,BYPASS_20260928_V01,BYPASS_20260928_V01_B03,3,1293.0,val
BYPASS_20260928_V01_F01294,frame_01294.jpg,BYPASS_20260928_V01,BYPASS_20260928_V01_B03,3,1294.0,val
BYPASS_20260928_V01_F01295,frame_01295.jpg,BYPASS_20260928_V01,BYPASS_20260928_V01_B03,3,1295.0,val
BYPASS_20260928_V01_F01296,frame_01296.jpg,BYPASS_20260928_V01,BYPASS_20260928_V01_B03,3,1296.0,val
BYPASS_20260928_V01_F01297,frame_01297.jpg,BYPASS_20260928_V01,BYPASS_20260928_V01_B03,3,1297.0,val
BYPASS_20260928_V01_F01298,frame_01298.jpg,BYPASS_20260928_V01,BYPASS_20260928_V01_B03,3,1298.0,val
BYPASS_20260928_V01_F01299,frame_01299.jpg,BYPASS_20260928_V01,BYPASS_20260928_V01_B03,3,1299.0,val
BYPASS_20260928_V01_F01300,frame_01300.jpg,BYPASS_20260928_V01,BYPASS_20260928_V01_B03,3,1300.0,val
BYPASS_20260928_V01_F01301,frame_01301.jpg,BYPASS_20260928_V01,BYPASS_20260928_V01_B03,3,1301.0,val
BYPASS_20260928_V01_F01302,frame_01302.jpg,BYPASS_20260928_V01,BYPASS_20260928_V01_B03,3,1302.0,val
BYPASS_20260928_V01_F01303,frame_01303.jpg,BYPASS_20260928_V01,BYPASS_20260928_V01_B03,3,1303.0,val
BYPASS_20260928_V01_F01304,frame_01304.jpg,BYPASS_20260928_V01,BYPASS_20260928_V01_B03,3,1304.0,val
BYPASS_20260928_V01_F01305,frame_01305.jpg,BYPASS_20260928_V01,BYPASS_20260928_V01_B03,3,1305.0,val
BYPASS_20260928_V01_F01306,frame_01306.jpg,BYPASS_20260928_V01,BYPASS_20260928_V01_B03,3,1306.0,val
BYPASS_20260928_V01_F01307,frame_01307.jpg,BYPASS_20260928_V01,BYPASS_20260928_V01_B03,3,1307.0,val
BYPASS_20260928_V01_F01308,frame_01308.jpg,BYPASS_20260928_V01,BYPASS_20260928_V01_B03,3,1308.0,val
BYPASS_20260928_V01_F01309,frame_01309.jpg,BYPASS_20260928_V01,BYPASS_20260928_V01_B03,3,1309.0,val
BYPASS_20260928_V01_F01310,frame_01310.jpg,BYPASS_20260928_V01,BYPASS_20260928_V01_B03,3,1310.0,val
BYPASS_20260928_V01_F01311,frame_01311.jpg,BYPASS_20260928_V01,BYPASS_20260928_V01_B03,3,1311.0,val
BYPASS_20260928_V01_F01312,frame_01312.jpg,BYPASS_20260928_V01,BYPASS_20260928_V01_B03,3,1312.0,val
BYPASS_20260928_V01_F01313,frame_01313.jpg,BYPASS_20260928_V01,BYPASS_20260928_V01_B03,3,1313.0,val
BYPASS_20260928_V01_F01314,frame_01314.jpg,BYPASS_20260928_V01,BYPASS_20260928_V01_B03,3,1314.0,val
BYPASS_20260928_V01_F01315,frame_01315.jpg,BYPASS_20260928_V01,BYPASS_20260928_V01_B03,3,1315.0,val
BYPASS_20260928_V01_F01316,frame_01316.jpg,BYPASS_20260928_V01,BYPASS_20260928_V01_B03,3,1316.0,val
BYPASS_20260928_V01_F01317,frame_01317.jpg,BYPASS_20260928_V01,BYPASS_20260928_V01_B03,3,1317.0,val
BYPASS_20260928_V01_F01318,frame_01318.jpg,BYPASS_20260928_V01,BYPASS_20260928_V01_B03,3,1318.0,val
BYPASS_20260928_V01_F01319,frame_01319.jpg,BYPASS_20260928_V01,BYPASS_20260928_V01_B03,3,1319.0,val
BYPASS_20260928_V01_F01320,frame_01320.jpg,BYPASS_20260928_V01,BYPASS_20260928_V01_B03,3,1320.0,val
BYPASS_20260928_V01_F01321,frame_01321.jpg,BYPASS_20260928_V01,BYPASS_20260928_V01_B03,3,1321.0,val
BYPASS_20260928_V01_F01322,frame_01322.jpg,BYPASS_20260928_V01,BYPASS_20260928_V01_B03,3,1322.0,val
BYPASS_20260928_V01_F01323,frame_01323.jpg,BYPASS_20260928_V01,BYPASS_20260928_V01_B03,3,1323.0,val
BYPASS_20260928_V01_F01324,frame_01324.jpg,BYPASS_20260928_V01,BYPASS_20260928_V01_B03,3,1324.0,val
BYPASS_20260928_V01_F01325,frame_01325.jpg,BYPASS_20260928_V01,BYPASS_20260928_V01_B03,3,1325.0,val
BYPASS_20260928_V01_F01326,frame_01326.jpg,BYPASS_20260928_V01,BYPASS_20260928_V01_B03,3,1326.0,val
BYPASS_20260928_V01_F01327,frame_01327.jpg,BYPASS_20260928_V01,BYPASS_20260928_V01_B03,3,1327.0,val
BYPASS_20260928_V01_F01328,frame_01328.jpg,BYPASS_20260928_V01,BYPASS_20260928_V01_B03,3,1328.0,val
BYPASS_20260928_V01_F01329,frame_01329.jpg,BYPASS_20260928_V01,BYPASS_20260928_V01_B03,3,1329.0,val
BYPASS_20260928_V01_F01330,frame_01330.jpg,BYPASS_20260928_V01,BYPASS_20260928_V01_B03,3,1330.0,val
BYPASS_20260928_V01_F01331,frame_01331.jpg,BYPASS_20260928_V01,BYPASS_20260928_V01_B03,3,1331.0,val
BYPASS_20260928_V01_F01332,frame_01332.jpg,BYPASS_20260928_V01,BYPASS_20260928_V01_B03,3,1332.0,val
BYPASS_20260928_V01_F01333,frame_01333.jpg,BYPASS_20260928_V01,BYPASS_20260928_V01_B03,3,1333.0,val
BYPASS_20260928_V01_F01334,frame_01334.jpg,BYPASS_20260928_V01,BYPASS_20260928_V01_B03,3,1334.0,val
BYPASS_20260928_V01_F01335,frame_01335.jpg,BYPASS_20260928_V01,BYPASS_20260928_V01_B03,3,1335.0,val
BYPASS_20260928_V01_F01336,frame_01336.jpg,BYPASS_20260928_V01,BYPASS_20260928_V01_B03,3,1336.0,val
BYPASS_20260928_V01_F01337,frame_01337.jpg,BYPASS_20260928_V01,BYPASS_20260928_V01_B03,3,1337.0,val
BYPASS_20260928_V01_F01338,frame_01338.jpg,BYPASS_20260928_V01,BYPASS_20260928_V01_B03,3,1338.0,val
BYPASS_20260928_V01_F01339,frame_01339.jpg,BYPASS_20260928_V01,BYPASS_20260928_V01_B03,3,1339.0,val
BYPASS_20260928_V01_F01340,frame_01340.jpg,BYPASS_20260928_V01,BYPASS_20260928_V01_B03,3,1340.0,val
BYPASS_20260928_V01_F01341,frame_01341.jpg,BYPASS_20260928_V01,BYPASS_20260928_V01_B03,3,1341.0,val
BYPASS_20260928_V01_F01342,frame_01342.jpg,BYPASS_20260928_V01,BYPASS_20260928_V01_B03,3,1342.0,val
BYPASS_20260928_V01_F01343,frame_01343.jpg,BYPASS_20260928_V01,BYPASS_20260928_V01_B03,3,1343.0,val
BYPASS_20260928_V01_F01344,frame_01344.jpg,BYPASS_20260928_V01,BYPASS_20260928_V01_B03,3,1344.0,val
BYPASS_20260928_V01_F01345,frame_01345.jpg,BYPASS_20260928_V01,BYPASS_20260928_V01_B03,3,1345.0,val
BYPASS_20260928_V01_F01346,frame_01346.jpg,BYPASS_20260928_V01,BYPASS_20260928_V01_B03,3,1346.0,val
BYPASS_20260928_V01_F01347,frame_01347.jpg,BYPASS_20260928_V01,BYPASS_20260928_V01_B03,3,1347.0,val
BYPASS_20260928_V01_F01348,frame_01348.jpg,BYPASS_20260928_V01,BYPASS_20260928_V01_B03,3,1348.0,val
BYPASS_20260928_V01_F01349,frame_01349.jpg,BYPASS_20260928_V01,BYPASS_20260928_V01_B03,3,1349.0,val
BYPASS_20260928_V01_F01350,frame_01350.jpg,BYPASS_20260928_V01,BYPASS_20260928_V01_B03,3,1350.0,val
BYPASS_20260928_V01_F01351,frame_01351.jpg,BYPASS_20260928_V01,BYPASS_20260928_V01_B03,3,1351.0,val
BYPASS_20260928_V01_F01352,frame_01352.jpg,BYPASS_20260928_V01,BYPASS_20260928_V01_B03,3,1352.0,val
BYPASS_20260928_V01_F01353,frame_01353.jpg,BYPASS_20260928_V01,BYPASS_20260928_V01_B03,3,1353.0,val
BYPASS_20260928_V01_F01354,frame_01354.jpg,BYPASS_20260928_V01,BYPASS_20260928_V01_B03,3,1354.0,val
BYPASS_20260928_V01_F01355,frame_01355.jpg,BYPASS_20260928_V01,BYPASS_20260928_V01_B03,3,1355.0,val
BYPASS_20260928_V01_F01356,frame_01356.jpg,BYPASS_20260928_V01,BYPASS_20260928_V01_B03,3,1356.0,val
BYPASS_20260928_V01_F01357,frame_01357.jpg,BYPASS_20260928_V01,BYPASS_20260928_V01_B03,3,1357.0,val
BYPASS_20260928_V01_F01358,frame_01358.jpg,BYPASS_20260928_V01,BYPASS_20260928_V01_B03,3,1358.0,val
BYPASS_20260928_V01_F01359,frame_01359.jpg,BYPASS_20260928_V01,BYPASS_20260928_V01_B03,3,1359.0,val
BYPASS_20260928_V01_F01360,frame_01360.jpg,BYPASS_20260928_V01,BYPASS_20260928_V01_B03,3,1360.0,val
BYPASS_20260928_V01_F01361,frame_01361.jpg,BYPASS_20260928_V01,BYPASS_20260928_V01_B03,3,1361.0,val
BYPASS_20260928_V01_F01362,frame_01362.jpg,BYPASS_20260928_V01,BYPASS_20260928_V01_B03,3,1362.0,val
BYPASS_20260928_V01_F01363,frame_01363.jpg,BYPASS_20260928_V01,BYPASS_20260928_V01_B03,3,1363.0,val
BYPASS_20260928_V01_F01364,frame_01364.jpg,BYPASS_20260928_V01,BYPASS_20260928_V01_B03,3,1364.0,val
BYPASS_20260928_V01_F01365,frame_01365.jpg,BYPASS_20260928_V01,BYPASS_20260928_V01_B03,3,1365.0,val
BYPASS_20260928_V01_F01366,frame_01366.jpg,BYPASS_20260928_V01,BYPASS_20260928_V01_B03,3,1366.0,val
BYPASS_20260928_V01_F01367,frame_01367.jpg,BYPASS_20260928_V01,BYPASS_20260928_V01_B03,3,1367.0,val
BYPASS_20260928_V01_F01368,frame_01368.jpg,BYPASS_20260928_V01,BYPASS_20260928_V01_B03,3,1368.0,val
BYPASS_20260928_V01_F01369,frame_01369.jpg,BYPASS_20260928_V01,BYPASS_20260928_V01_B03,3,1369.0,val
BYPASS_20260928_V01_F01370,frame_01370.jpg,BYPASS_20260928_V01,BYPASS_20260928_V01_B03,3,1370.0,val
BYPASS_20260928_V01_F01371,frame_01371.jpg,BYPASS_20260928_V01,BYPASS_20260928_V01_B03,3,1371.0,val
BYPASS_20260928_V01_F01372,frame_01372.jpg,BYPASS_20260928_V01,BYPASS_20260928_V01_B03,3,1372.0,val
BYPASS_20260928_V01_F01373,frame_01373.jpg,BYPASS_20260928_V01,BYPASS_20260928_V01_B03,3,1373.0,val
BYPASS_20260928_V01_F01374,frame_01374.jpg,BYPASS_20260928_V01,BYPASS_20260928_V01_B03,3,1374.0,val
BYPASS_20260928_V01_F01375,frame_01375.jpg,BYPASS_20260928_V01,BYPASS_20260928_V01_B03,3,1375.0,val
BYPASS_20260928_V01_F01376,frame_01376.jpg,BYPASS_20260928_V01,BYPASS_20260928_V01_B03,3,1376.0,val
BYPASS_20260928_V01_F01377,frame_01377.jpg,BYPASS_20260928_V01,BYPASS_20260928_V01_B03,3,1377.0,val
BYPASS_20260928_V01_F01378,frame_01378.jpg,BYPASS_20260928_V01,BYPASS_20260928_V01_B03,3,1378.0,val
BYPASS_20260928_V01_F01379,frame_01379.jpg,BYPASS_20260928_V01,BYPASS_20260928_V01_B03,3,1379.0,val
BYPASS_20260928_V01_F01380,frame_01380.jpg,BYPASS_20260928_V01,BYPASS_20260928_V01_B03,3,1380.0,val
BYPASS_20260928_V01_F01381,frame_01381.jpg,BYPASS_20260928_V01,BYPASS_20260928_V01_B03,3,1381.0,val
BYPASS_20260928_V01_F01382,frame_01382.jpg,BYPASS_20260928_V01,BYPASS_20260928_V01_B03,3,1382.0,val
BYPASS_20260928_V01_F01383,frame_01383.jpg,BYPASS_20260928_V01,BYPASS_20260928_V01_B03,3,1383.0,val
BYPASS_20260928_V01_F01384,frame_01384.jpg,BYPASS_20260928_V01,BYPASS_20260928_V01_B03,3,1384.0,val
BYPASS_20260928_V01_F01385,frame_01385.jpg,BYPASS_20260928_V01,BYPASS_20260928_V01_B03,3,1385.0,val
BYPASS_20260928_V01_F01386,frame_01386.jpg,BYPASS_20260928_V01,BYPASS_20260928_V01_B03,3,1386.0,val
BYPASS_20260928_V01_F01387,frame_01387.jpg,BYPASS_20260928_V01,BYPASS_20260928_V01_B03,3,1387.0,val
BYPASS_20260928_V01_F01388,frame_01388.jpg,BYPASS_20260928_V01,BYPASS_20260928_V01_B03,3,1388.0,val
BYPASS_20260928_V01_F01389,frame_01389.jpg,BYPASS_20260928_V01,BYPASS_20260928_V01_B03,3,1389.0,val
BYPASS_20260928_V01_F01390,frame_01390.jpg,BYPASS_20260928_V01,BYPASS_20260928_V01_B03,3,1390.0,val
BYPASS_20260928_V01_F01391,frame_01391.jpg,BYPASS_20260928_V01,BYPASS_20260928_V01_B03,3,1391.0,val
BYPASS_20260928_V01_F01392,frame_01392.jpg,BYPASS_20260928_V01,BYPASS_20260928_V01_B03,3,1392.0,val
BYPASS_20260928_V01_F01393,frame_01393.jpg,BYPASS_20260928_V01,BYPASS_20260928_V01_B03,3,1393.0,val
BYPASS_20260928_V01_F01394,frame_01394.jpg,BYPASS_20260928_V01,BYPASS_20260928_V01_B03,3,1394.0,val
BYPASS_20260928_V01_F01395,frame_01395.jpg,BYPASS_20260928_V01,BYPASS_20260928_V01_B03,3,1395.0,val
BYPASS_20260928_V01_F01396,frame_01396.jpg,BYPASS_20260928_V01,BYPASS_20260928_V01_B03,3,1396.0,val
BYPASS_20260928_V01_F01397,frame_01397.jpg,BYPASS_20260928_V01,BYPASS_20260928_V01_B03,3,1397.0,val
BYPASS_20260928_V01_F01398,frame_01398.jpg,BYPASS_20260928_V01,BYPASS_20260928_V01_B03,3,1398.0,val
BYPASS_20260928_V01_F01399,frame_01399.jpg,BYPASS_20260928_V01,BYPASS_20260928_V01_B03,3,1399.0,val
BYPASS_20260928_V01_F01400,frame_01400.jpg,BYPASS_20260928_V01,BYPASS_20260928_V01_B03,3,1400.0,val
BYPASS_20260928_V01_F01401,frame_01401.jpg,BYPASS_20260928_V01,BYPASS_20260928_V01_B03,3,1401.0,val
BYPASS_20260928_V01_F01402,frame_01402.jpg,BYPASS_20260928_V01,BYPASS_20260928_V01_B03,3,1402.0,val
BYPASS_20260928_V01_F01403,frame_01403.jpg,BYPASS_20260928_V01,BYPASS_20260928_V01_B03,3,1403.0,val
BYPASS_20260928_V01_F01404,frame_01404.jpg,BYPASS_20260928_V01,BYPASS_20260928_V01_B03,3,1404.0,val
BYPASS_20260928_V01_F01405,frame_01405.jpg,BYPASS_20260928_V01,BYPASS_20260928_V01_B03,3,1405.0,val
BYPASS_20260928_V01_F01406,frame_01406.jpg,BYPASS_20260928_V01,BYPASS_20260928_V01_B03,3,1406.0,val
BYPASS_20260928_V01_F01407,frame_01407.jpg,BYPASS_20260928_V01,BYPASS_20260928_V01_B03,3,1407.0,val
BYPASS_20260928_V01_F01408,frame_01408.jpg,BYPASS_20260928_V01,BYPASS_20260928_V01_B03,3,1408.0,val
BYPASS_20260928_V01_F01409,frame_01409.jpg,BYPASS_20260928_V01,BYPASS_20260928_V01_B03,3,1409.0,val
BYPASS_20260928_V01_F01410,frame_01410.jpg,BYPASS_20260928_V01,BYPASS_20260928_V01_B03,3,1410.0,val
BYPASS_20260928_V01_F01411,frame_01411.jpg,BYPASS_20260928_V01,BYPASS_20260928_V01_B03,3,1411.0,val
BYPASS_20260928_V01_F01412,frame_01412.jpg,BYPASS_20260928_V01,BYPASS_20260928_V01_B03,3,1412.0,val
BYPASS_20260928_V01_F01413,frame_01413.jpg,BYPASS_20260928_V01,BYPASS_20260928_V01_B03,3,1413.0,val
BYPASS_20260928_V01_F01414,frame_01414.jpg,BYPASS_20260928_V01,BYPASS_20260928_V01_B03,3,1414.0,val
BYPASS_20260928_V01_F01415,frame_01415.jpg,BYPASS_20260928_V01,BYPASS_20260928_V01_B03,3,1415.0,val
BYPASS_20260928_V01_F01416,frame_01416.jpg,BYPASS_20260928_V01,BYPASS_20260928_V01_B03,3,1416.0,val
BYPASS_20260928_V01_F01417,frame_01417.jpg,BYPASS_20260928_V01,BYPASS_20260928_V01_B03,3,1417.0,val
BYPASS_20260928_V01_F01418,frame_01418.jpg,BYPASS_20260928_V01,BYPASS_20260928_V01_B03,3,1418.0,val
BYPASS_20260928_V01_F01419,frame_01419.jpg,BYPASS_20260928_V01,BYPASS_20260928_V01_B03,3,1419.0,val
BYPASS_20260928_V01_F01420,frame_01420.jpg,BYPASS_20260928_V01,BYPASS_20260928_V01_B03,3,1420.0,val
BYPASS_20260928_V01_F01421,frame_01421.jpg,BYPASS_20260928_V01,BYPASS_20260928_V01_B03,3,1421.0,val
BYPASS_20260928_V01_F01422,frame_01422.jpg,BYPASS_20260928_V01,BYPASS_20260928_V01_B03,3,1422.0,val
BYPASS_20260928_V01_F01423,frame_01423.jpg,BYPASS_20260928_V01,BYPASS_20260928_V01_B03,3,1423.0,val
BYPASS_20260928_V01_F01424,frame_01424.jpg,BYPASS_20260928_V01,BYPASS_20260928_V01_B03,3,1424.0,val
BYPASS_20260928_V01_F01425,frame_01425.jpg,BYPASS_20260928_V01,BYPASS_20260928_V01_B03,3,1425.0,val
BYPASS_20260928_V01_F01426,frame_01426.jpg,BYPASS_20260928_V01,BYPASS_20260928_V01_B03,3,1426.0,val
BYPASS_20260928_V01_F01427,frame_01427.jpg,BYPASS_20260928_V01,BYPASS_20260928_V01_B03,3,1427.0,val
BYPASS_20260928_V01_F01428,frame_01428.jpg,BYPASS_20260928_V01,BYPASS_20260928_V01_B03,3,1428.0,val
BYPASS_20260928_V01_F01429,frame_01429.jpg,BYPASS_20260928_V01,BYPASS_20260928_V01_B03,3,1429.0,val
BYPASS_20260928_V01_F01430,frame_01430.jpg,BYPASS_20260928_V01,BYPASS_20260928_V01_B03,3,1430.0,val
BYPASS_20260928_V01_F01431,frame_01431.jpg,BYPASS_20260928_V01,BYPASS_20260928_V01_B03,3,1431.0,val
BYPASS_20260928_V01_F01432,frame_01432.jpg,BYPASS_20260928_V01,BYPASS_20260928_V01_B03,3,1432.0,val
BYPASS_20260928_V01_F01433,frame_01433.jpg,BYPASS_20260928_V01,BYPASS_20260928_V01_B03,3,1433.0,val
BYPASS_20260928_V01_F01434,frame_01434.jpg,BYPASS_20260928_V01,BYPASS_20260928_V01_B03,3,1434.0,val
BYPASS_20260928_V01_F01435,frame_01435.jpg,BYPASS_20260928_V01,BYPASS_20260928_V01_B03,3,1435.0,val
BYPASS_20260928_V01_F01436,frame_01436.jpg,BYPASS_20260928_V01,BYPASS_20260928_V01_B03,3,1436.0,val
BYPASS_20260928_V01_F01437,frame_01437.jpg,BYPASS_20260928_V01,BYPASS_20260928_V01_B03,3,1437.0,val
BYPASS_20260928_V01_F01438,frame_01438.jpg,BYPASS_20260928_V01,BYPASS_20260928_V01_B03,3,1438.0,val
BYPASS_20260928_V01_F01439,frame_01439.jpg,BYPASS_20260928_V01,BYPASS_20260928_V01_B03,3,1439.0,val
BYPASS_20260928_V01_F01440,frame_01440.jpg,BYPASS_20260928_V01,BYPASS_20260928_V01_B03,3,1440.0,val
BYPASS_20260928_V01_F01441,frame_01441.jpg,BYPASS_20260928_V01,BYPASS_20260928_V01_B03,3,1441.0,val
BYPASS_20260928_V01_F01442,frame_01442.jpg,BYPASS_20260928_V01,BYPASS_20260928_V01_B03,3,1442.0,val
BYPASS_20260928_V01_F01443,frame_01443.jpg,BYPASS_20260928_V01,BYPASS_20260928_V01_B03,3,1443.0,val
BYPASS_20260928_V01_F01444,frame_01444.jpg,BYPASS_20260928_V01,BYPASS_20260928_V01_B03,3,1444.0,val
BYPASS_20260928_V01_F01445,frame_01445.jpg,BYPASS_20260928_V01,BYPASS_20260928_V01_B03,3,1445.0,val
BYPASS_20260928_V01_F01446,frame_01446.jpg,BYPASS_20260928_V01,BYPASS_20260928_V01_B03,3,1446.0,val
BYPASS_20260928_V01_F01447,frame_01447.jpg,BYPASS_20260928_V01,BYPASS_20260928_V01_B03,3,1447.0,val
BYPASS_20260928_V01_F01448,frame_01448.jpg,BYPASS_20260928_V01,BYPASS_20260928_V01_B03,3,1448.0,val
BYPASS_20260928_V01_F01449,frame_01449.jpg,BYPASS_20260928_V01,BYPASS_20260928_V01_B03,3,1449.0,val
BYPASS_20260928_V01_F01450,frame_01450.jpg,BYPASS_20260928_V01,BYPASS_20260928_V01_B03,3,1450.0,val
BYPASS_20260928_V01_F01451,frame_01451.jpg,BYPASS_20260928_V01,BYPASS_20260928_V01_B03,3,1451.0,val
BYPASS_20260928_V01_F01452,frame_01452.jpg,BYPASS_20260928_V01,BYPASS_20260928_V01_B03,3,1452.0,val
BYPASS_20260928_V01_F01453,frame_01453.jpg,BYPASS_20260928_V01,BYPASS_20260928_V01_B03,3,1453.0,val
BYPASS_20260928_V01_F01454,frame_01454.jpg,BYPASS_20260928_V01,BYPASS_20260928_V01_B03,3,1454.0,val
BYPASS_20260928_V01_F01455,frame_01455.jpg,BYPASS_20260928_V01,BYPASS_20260928_V01_B03,3,1455.0,val
BYPASS_20260928_V01_F01456,frame_01456.jpg,BYPASS_20260928_V01,BYPASS_20260928_V01_B03,3,1456.0,val
BYPASS_20260928_V01_F01457,frame_01457.jpg,BYPASS_20260928_V01,BYPASS_20260928_V01_B03,3,1457.0,val
BYPASS_20260928_V01_F01458,frame_01458.jpg,BYPASS_20260928_V01,BYPASS_20260928_V01_B03,3,1458.0,val
BYPASS_20260928_V01_F01459,frame_01459.jpg,BYPASS_20260928_V01,BYPASS_20260928_V01_B03,3,1459.0,val
BYPASS_20260928_V01_F01460,frame_01460.jpg,BYPASS_20260928_V01,BYPASS_20260928_V01_B03,3,1460.0,val
BYPASS_20260928_V01_F01461,frame_01461.jpg,BYPASS_20260928_V01,BYPASS_20260928_V01_B03,3,1461.0,val
BYPASS_20260928_V01_F01462,frame_01462.jpg,BYPASS_20260928_V01,BYPASS_20260928_V01_B03,3,1462.0,val
BYPASS_20260928_V01_F01463,frame_01463.jpg,BYPASS_20260928_V01,BYPASS_20260928_V01_B03,3,1463.0,val
BYPASS_20260928_V01_F01464,frame_01464.jpg,BYPASS_20260928_V01,BYPASS_20260928_V01_B03,3,1464.0,val
BYPASS_20260928_V01_F01465,frame_01465.jpg,BYPASS_20260928_V01,BYPASS_20260928_V01_B03,3,1465.0,val
BYPASS_20260928_V01_F01466,frame_01466.jpg,BYPASS_20260928_V01,BYPASS_20260928_V01_B03,3,1466.0,val
BYPASS_20260928_V01_F01467,frame_01467.jpg,BYPASS_20260928_V01,BYPASS_20260928_V01_B03,3,1467.0,val
BYPASS_20260928_V01_F01468,frame_01468.jpg,BYPASS_20260928_V01,BYPASS_20260928_V01_B03,3,1468.0,val
BYPASS_20260928_V01_F01469,frame_01469.jpg,BYPASS_20260928_V01,BYPASS_20260928_V01_B03,3,1469.0,val
BYPASS_20260928_V01_F01470,frame_01470.jpg,BYPASS_20260928_V01,BYPASS_20260928_V01_B03,3,1470.0,val
BYPASS_20260928_V01_F01471,frame_01471.jpg,BYPASS_20260928_V01,BYPASS_20260928_V01_B03,3,1471.0,val
BYPASS_20260928_V01_F01472,frame_01472.jpg,BYPASS_20260928_V01,BYPASS_20260928_V01_B03,3,1472.0,val
BYPASS_20260928_V01_F01473,frame_01473.jpg,BYPASS_20260928_V01,BYPASS_20260928_V01_B03,3,1473.0,val
BYPASS_20260928_V01_F01474,frame_01474.jpg,BYPASS_20260928_V01,BYPASS_20260928_V01_B03,3,1474.0,val
BYPASS_20260928_V01_F01475,frame_01475.jpg,BYPASS_20260928_V01,BYPASS_20260928_V01_B03,3,1475.0,val
BYPASS_20260928_V01_F01476,frame_01476.jpg,BYPASS_20260928_V01,BYPASS_20260928_V01_B03,3,1476.0,val
BYPASS_20260928_V01_F01477,frame_01477.jpg,BYPASS_20260928_V01,BYPASS_20260928_V01_B03,3,1477.0,val
BYPASS_20260928_V01_F01478,frame_01478.jpg,BYPASS_20260928_V01,BYPASS_20260928_V01_B03,3,1478.0,val
BYPASS_20260928_V01_F01479,frame_01479.jpg,BYPASS_20260928_V01,BYPASS_20260928_V01_B03,3,1479.0,val
BYPASS_20260928_V01_F01480,frame_01480.jpg,BYPASS_20260928_V01,BYPASS_20260928_V01_B03,3,1480.0,val
BYPASS_20260928_V01_F01481,frame_01481.jpg,BYPASS_20260928_V01,BYPASS_20260928_V01_B03,3,1481.0,val
BYPASS_20260928_V01_F01482,frame_01482.jpg,BYPASS_20260928_V01,BYPASS_20260928_V01_B03,3,1482.0,val
BYPASS_20260928_V01_F01483,frame_01483.jpg,BYPASS_20260928_V01,BYPASS_20260928_V01_B03,3,1483.0,val
BYPASS_20260928_V01_F01484,frame_01484.jpg,BYPASS_20260928_V01,BYPASS_20260928_V01_B03,3,1484.0,val
BYPASS_20260928_V01_F01485,frame_01485.jpg,BYPASS_20260928_V01,BYPASS_20260928_V01_B03,3,1485.0,val
BYPASS_20260928_V01_F01486,frame_01486.jpg,BYPASS_20260928_V01,BYPASS_20260928_V01_B03,3,1486.0,val
BYPASS_20260928_V01_F01487,frame_01487.jpg,BYPASS_20260928_V01,BYPASS_20260928_V01_B03,3,1487.0,val
BYPASS_20260928_V01_F01488,frame_01488.jpg,BYPASS_20260928_V01,BYPASS_20260928_V01_B03,3,1488.0,val
BYPASS_20260928_V01_F01489,frame_01489.jpg,BYPASS_20260928_V01,BYPASS_20260928_V01_B03,3,1489.0,val
BYPASS_20260928_V01_F01490,frame_01490.jpg,BYPASS_20260928_V01,BYPASS_20260928_V01_B03,3,1490.0,val
BYPASS_20260928_V01_F01491,frame_01491.jpg,BYPASS_20260928_V01,BYPASS_20260928_V01_B03,3,1491.0,val
BYPASS_20260928_V01_F01492,frame_01492.jpg,BYPASS_20260928_V01,BYPASS_20260928_V01_B03,3,1492.0,val
BYPASS_20260928_V01_F01493,frame_01493.jpg,BYPASS_20260928_V01,BYPASS_20260928_V01_B03,3,1493.0,val
BYPASS_20260928_V01_F01494,frame_01494.jpg,BYPASS_20260928_V01,BYPASS_20260928_V01_B03,3,1494.0,val
BYPASS_20260928_V01_F01495,frame_01495.jpg,BYPASS_20260928_V01,BYPASS_20260928_V01_B03,3,1495.0,val
BYPASS_20260928_V01_F01496,frame_01496.jpg,BYPASS_20260928_V01,BYPASS_20260928_V01_B03,3,1496.0,val
BYPASS_20260928_V01_F01497,frame_01497.jpg,BYPASS_20260928_V01,BYPASS_20260928_V01_B03,3,1497.0,val
BYPASS_20260928_V01_F01498,frame_01498.jpg,BYPASS_20260928_V01,BYPASS_20260928_V01_B03,3,1498.0,val
BYPASS_20260928_V01_F01499,frame_01499.jpg,BYPASS_20260928_V01,BYPASS_20260928_V01_B03,3,1499.0,val
BYPASS_20260928_V01_F01500,frame_01500.jpg,BYPASS_20260928_V01,BYPASS_20260928_V01_B03,3,1500.0,val
BYPASS_20260928_V01_F01501,frame_01501.jpg,BYPASS_20260928_V01,BYPASS_20260928_V01_B03,3,1501.0,val
BYPASS_20260928_V01_F01502,frame_01502.jpg,BYPASS_20260928_V01,BYPASS_20260928_V01_B03,3,1502.0,val
BYPASS_20260928_V01_F01503,frame_01503.jpg,BYPASS_20260928_V01,BYPASS_20260928_V01_B03,3,1503.0,val
BYPASS_20260928_V01_F01504,frame_01504.jpg,BYPASS_20260928_V01,BYPASS_20260928_V01_B03,3,1504.0,val
BYPASS_20260928_V01_F01505,frame_01505.jpg,BYPASS_20260928_V01,BYPASS_20260928_V01_B03,3,1505.0,val
BYPASS_20260928_V01_F01506,frame_01506.jpg,BYPASS_20260928_V01,BYPASS_20260928_V01_B03,3,1506.0,val
BYPASS_20260928_V01_F01507,frame_01507.jpg,BYPASS_20260928_V01,BYPASS_20260928_V01_B03,3,1507.0,val
BYPASS_20260928_V01_F01508,frame_01508.jpg,BYPASS_20260928_V01,BYPASS_20260928_V01_B03,3,1508.0,val
BYPASS_20260928_V01_F01509,frame_01509.jpg,BYPASS_20260928_V01,BYPASS_20260928_V01_B03,3,1509.0,val
BYPASS_20260928_V01_F01510,frame_01510.jpg,BYPASS_20260928_V01,BYPASS_20260928_V01_B03,3,1510.0,val
BYPASS_20260928_V01_F01511,frame_01511.jpg,BYPASS_20260928_V01,BYPASS_20260928_V01_B03,3,1511.0,val
BYPASS_20260928_V01_F01512,frame_01512.jpg,BYPASS_20260928_V01,BYPASS_20260928_V01_B03,3,1512.0,val
BYPASS_20260928_V01_F01513,frame_01513.jpg,BYPASS_20260928_V01,BYPASS_20260928_V01_B03,3,1513.0,val
BYPASS_20260928_V01_F01514,frame_01514.jpg,BYPASS_20260928_V01,BYPASS_20260928_V01_B03,3,1514.0,val
BYPASS_20260928_V01_F01515,frame_01515.jpg,BYPASS_20260928_V01,BYPASS_20260928_V01_B03,3,1515.0,val
BYPASS_20260928_V01_F01516,frame_01516.jpg,BYPASS_20260928_V01,BYPASS_20260928_V01_B03,3,1516.0,val
BYPASS_20260928_V01_F01517,frame_01517.jpg,BYPASS_20260928_V01,BYPASS_20260928_V01_B03,3,1517.0,val
BYPASS_20260928_V01_F01518,frame_01518.jpg,BYPASS_20260928_V01,BYPASS_20260928_V01_B03,3,1518.0,val
BYPASS_20260928_V01_F01519,frame_01519.jpg,BYPASS_20260928_V01,BYPASS_20260928_V01_B03,3,1519.0,val
BYPASS_20260928_V01_F01520,frame_01520.jpg,BYPASS_20260928_V01,BYPASS_20260928_V01_B03,3,1520.0,val
BYPASS_20260928_V01_F01521,frame_01521.jpg,BYPASS_20260928_V01,BYPASS_20260928_V01_B03,3,1521.0,val
BYPASS_20260928_V01_F01522,frame_01522.jpg,BYPASS_20260928_V01,BYPASS_20260928_V01_B03,3,1522.0,val
BYPASS_20260928_V01_F01523,frame_01523.jpg,BYPASS_20260928_V01,BYPASS_20260928_V01_B03,3,1523.0,val
BYPASS_20260928_V01_F01524,frame_01524.jpg,BYPASS_20260928_V01,BYPASS_20260928_V01_B03,3,1524.0,val
BYPASS_20260928_V01_F01525,frame_01525.jpg,BYPASS_20260928_V01,BYPASS_20260928_V01_B03,3,1525.0,val
BYPASS_20260928_V01_F01526,frame_01526.jpg,BYPASS_20260928_V01,BYPASS_20260928_V01_B03,3,1526.0,val
BYPASS_20260928_V01_F01527,frame_01527.jpg,BYPASS_20260928_V01,BYPASS_20260928_V01_B03,3,1527.0,val
BYPASS_20260928_V01_F01528,frame_01528.jpg,BYPASS_20260928_V01,BYPASS_20260928_V01_B03,3,1528.0,val
BYPASS_20260928_V01_F01529,frame_01529.jpg,BYPASS_20260928_V01,BYPASS_20260928_V01_B03,3,1529.0,val
BYPASS_20260928_V01_F01530,frame_01530.jpg,BYPASS_20260928_V01,BYPASS_20260928_V01_B03,3,1530.0,val
BYPASS_20260928_V01_F01531,frame_01531.jpg,BYPASS_20260928_V01,BYPASS_20260928_V01_B03,3,1531.0,val
BYPASS_20260928_V01_F01532,frame_01532.jpg,BYPASS_20260928_V01,BYPASS_20260928_V01_B03,3,1532.0,val
BYPASS_20260928_V01_F01533,frame_01533.jpg,BYPASS_20260928_V01,BYPASS_20260928_V01_B03,3,1533.0,val
BYPASS_20260928_V01_F01534,frame_01534.jpg,BYPASS_20260928_V01,BYPASS_20260928_V01_B03,3,1534.0,val
BYPASS_20260928_V01_F01535,frame_01535.jpg,BYPASS_20260928_V01,BYPASS_20260928_V01_B03,3,1535.0,val
BYPASS_20260928_V01_F01536,frame_01536.jpg,BYPASS_20260928_V01,BYPASS_20260928_V01_B03,3,1536.0,val
BYPASS_20260928_V01_F01537,frame_01537.jpg,BYPASS_20260928_V01,BYPASS_20260928_V01_B03,3,1537.0,val
BYPASS_20260928_V01_F01538,frame_01538.jpg,BYPASS_20260928_V01,BYPASS_20260928_V01_B03,3,1538.0,val
BYPASS_20260928_V01_F01539,frame_01539.jpg,BYPASS_20260928_V01,BYPASS_20260928_V01_B03,3,1539.0,val
BYPASS_20260928_V01_F01540,frame_01540.jpg,BYPASS_20260928_V01,BYPASS_20260928_V01_B03,3,1540.0,val
BYPASS_20260928_V01_F01541,frame_01541.jpg,BYPASS_20260928_V01,BYPASS_20260928_V01_B03,3,1541.0,val
BYPASS_20260928_V01_F01542,frame_01542.jpg,BYPASS_20260928_V01,BYPASS_20260928_V01_B03,3,1542.0,val
BYPASS_20260928_V01_F01543,frame_01543.jpg,BYPASS_20260928_V01,BYPASS_20260928_V01_B03,3,1543.0,val
BYPASS_20260928_V01_F01544,frame_01544.jpg,BYPASS_20260928_V01,BYPASS_20260928_V01_B03,3,1544.0,val
BYPASS_20260928_V01_F01545,frame_01545.jpg,BYPASS_20260928_V01,BYPASS_20260928_V01_B03,3,1545.0,val
BYPASS_20260928_V01_F01546,frame_01546.jpg,BYPASS_20260928_V01,BYPASS_20260928_V01_B03,3,1546.0,val
BYPASS_20260928_V01_F01547,frame_01547.jpg,BYPASS_20260928_V01,BYPASS_20260928_V01_B03,3,1547.0,val
BYPASS_20260928_V01_F01548,frame_01548.jpg,BYPASS_20260928_V01,BYPASS_20260928_V01_B03,3,1548.0,val
BYPASS_20260928_V01_F01549,frame_01549.jpg,BYPASS_20260928_V01,BYPASS_20260928_V01_B03,3,1549.0,val
BYPASS_20260928_V01_F01550,frame_01550.jpg,BYPASS_20260928_V01,BYPASS_20260928_V01_B03,3,1550.0,val
BYPASS_20260928_V01_F01551,frame_01551.jpg,BYPASS_20260928_V01,BYPASS_20260928_V01_B03,3,1551.0,val
BYPASS_20260928_V01_F01552,frame_01552.jpg,BYPASS_20260928_V01,BYPASS_20260928_V01_B03,3,1552.0,val
BYPASS_20260928_V01_F01553,frame_01553.jpg,BYPASS_20260928_V01,BYPASS_20260928_V01_B03,3,1553.0,val
BYPASS_20260928_V01_F01554,frame_01554.jpg,BYPASS_20260928_V01,BYPASS_20260928_V01_B03,3,1554.0,val
BYPASS_20260928_V01_F01555,frame_01555.jpg,BYPASS_20260928_V01,BYPASS_20260928_V01_B03,3,1555.0,val
BYPASS_20260928_V01_F01556,frame_01556.jpg,BYPASS_20260928_V01,BYPASS_20260928_V01_B03,3,1556.0,val
BYPASS_20260928_V01_F01557,frame_01557.jpg,BYPASS_20260928_V01,BYPASS_20260928_V01_B03,3,1557.0,val
BYPASS_20260928_V01_F01558,frame_01558.jpg,BYPASS_20260928_V01,BYPASS_20260928_V01_B03,3,1558.0,val
BYPASS_20260928_V01_F01559,frame_01559.jpg,BYPASS_20260928_V01,BYPASS_20260928_V01_B03,3,1559.0,val
BYPASS_20260928_V01_F01560,frame_01560.jpg,BYPASS_20260928_V01,BYPASS_20260928_V01_B03,3,1560.0,val
BYPASS_20260928_V01_F01561,frame_01561.jpg,BYPASS_20260928_V01,BYPASS_20260928_V01_B03,3,1561.0,val
BYPASS_20260928_V01_F01562,frame_01562.jpg,BYPASS_20260928_V01,BYPASS_20260928_V01_B03,3,1562.0,val
BYPASS_20260928_V01_F01563,frame_01563.jpg,BYPASS_20260928_V01,BYPASS_20260928_V01_B03,3,1563.0,val
BYPASS_20260928_V01_F01564,frame_01564.jpg,BYPASS_20260928_V01,BYPASS_20260928_V01_B03,3,1564.0,val
BYPASS_20260928_V01_F01565,frame_01565.jpg,BYPASS_20260928_V01,BYPASS_20260928_V01_B03,3,1565.0,val
BYPASS_20260928_V01_F01566,frame_01566.jpg,BYPASS_20260928_V01,BYPASS_20260928_V01_B03,3,1566.0,val
BYPASS_20260928_V01_F01567,frame_01567.jpg,BYPASS_20260928_V01,BYPASS_20260928_V01_B03,3,1567.0,val
BYPASS_20260928_V01_F01568,frame_01568.jpg,BYPASS_20260928_V01,BYPASS_20260928_V01_B03,3,1568.0,val
BYPASS_20260928_V01_F01569,frame_01569.jpg,BYPASS_20260928_V01,BYPASS_20260928_V01_B03,3,1569.0,val
BYPASS_20260928_V01_F01570,frame_01570.jpg,BYPASS_20260928_V01,BYPASS_20260928_V01_B03,3,1570.0,val
BYPASS_20260928_V01_F01571,frame_01571.jpg,BYPASS_20260928_V01,BYPASS_20260928_V01_B03,3,1571.0,val
BYPASS_20260928_V01_F01572,frame_01572.jpg,BYPASS_20260928_V01,BYPASS_20260928_V01_B03,3,1572.0,val
BYPASS_20260928_V01_F01573,frame_01573.jpg,BYPASS_20260928_V01,BYPASS_20260928_V01_B03,3,1573.0,val
BYPASS_20260928_V01_F01574,frame_01574.jpg,BYPASS_20260928_V01,BYPASS_20260928_V01_B03,3,1574.0,val
BYPASS_20260928_V01_F01575,frame_01575.jpg,BYPASS_20260928_V01,BYPASS_20260928_V01_B03,3,1575.0,val
BYPASS_20260928_V01_F01576,frame_01576.jpg,BYPASS_20260928_V01,BYPASS_20260928_V01_B03,3,1576.0,val
BYPASS_20260928_V01_F01577,frame_01577.jpg,BYPASS_20260928_V01,BYPASS_20260928_V01_B03,3,1577.0,val
BYPASS_20260928_V01_F01578,frame_01578.jpg,BYPASS_20260928_V01,BYPASS_20260928_V01_B03,3,1578.0,val
BYPASS_20260928_V01_F01579,frame_01579.jpg,BYPASS_20260928_V01,BYPASS_20260928_V01_B03,3,1579.0,val
BYPASS_20260928_V01_F01580,frame_01580.jpg,BYPASS_20260928_V01,BYPASS_20260928_V01_B03,3,1580.0,val
BYPASS_20260928_V01_F01581,frame_01581.jpg,BYPASS_20260928_V01,BYPASS_20260928_V01_B03,3,1581.0,val
BYPASS_20260928_V01_F01582,frame_01582.jpg,BYPASS_20260928_V01,BYPASS_20260928_V01_B03,3,1582.0,val
BYPASS_20260928_V01_F01583,frame_01583.jpg,BYPASS_20260928_V01,BYPASS_20260928_V01_B03,3,1583.0,val
BYPASS_20260928_V01_F01584,frame_01584.jpg,BYPASS_20260928_V01,BYPASS_20260928_V01_B03,3,1584.0,val
BYPASS_20260928_V01_F01585,frame_01585.jpg,BYPASS_20260928_V01,BYPASS_20260928_V01_B03,3,1585.0,val
BYPASS_20260928_V01_F01586,frame_01586.jpg,BYPASS_20260928_V01,BYPASS_20260928_V01_B03,3,1586.0,val
BYPASS_20260928_V01_F01587,frame_01587.jpg,BYPASS_20260928_V01,BYPASS_20260928_V01_B03,3,1587.0,val
BYPASS_20260928_V01_F01588,frame_01588.jpg,BYPASS_20260928_V01,BYPASS_20260928_V01_B03,3,1588.0,val
BYPASS_20260928_V01_F01589,frame_01589.jpg,BYPASS_20260928_V01,BYPASS_20260928_V01_B03,3,1589.0,val
BYPASS_20260928_V01_F01590,frame_01590.jpg,BYPASS_20260928_V01,BYPASS_20260928_V01_B03,3,1590.0,val
BYPASS_20260928_V01_F01591,frame_01591.jpg,BYPASS_20260928_V01,BYPASS_20260928_V01_B03,3,1591.0,val
BYPASS_20260928_V01_F01592,frame_01592.jpg,BYPASS_20260928_V01,BYPASS_20260928_V01_B03,3,1592.0,val
BYPASS_20260928_V01_F01593,frame_01593.jpg,BYPASS_20260928_V01,BYPASS_20260928_V01_B03,3,1593.0,val
BYPASS_20260928_V01_F01594,frame_01594.jpg,BYPASS_20260928_V01,BYPASS_20260928_V01_B03,3,1594.0,val
BYPASS_20260928_V01_F01595,frame_01595.jpg,BYPASS_20260928_V01,BYPASS_20260928_V01_B03,3,1595.0,val
BYPASS_20260928_V01_F01596,frame_01596.jpg,BYPASS_20260928_V01,BYPASS_20260928_V01_B03,3,1596.0,val
BYPASS_20260928_V01_F01597,frame_01597.jpg,BYPASS_20260928_V01,BYPASS_20260928_V01_B03,3,1597.0,val
BYPASS_20260928_V01_F01598,frame_01598.jpg,BYPASS_20260928_V01,BYPASS_20260928_V01_B03,3,1598.0,val
BYPASS_20260928_V01_F01599,frame_01599.jpg,BYPASS_20260928_V01,BYPASS_20260928_V01_B03,3,1599.0,val
BYPASS_20260928_V01_F01600,frame_01600.jpg,BYPASS_20260928_V01,BYPASS_20260928_V01_B03,3,1600.0,val
BYPASS_20260928_V01_F01601,frame_01601.jpg,BYPASS_20260928_V01,BYPASS_20260928_V01_B03,3,1601.0,val
BYPASS_20260928_V01_F01602,frame_01602.jpg,BYPASS_20260928_V01,BYPASS_20260928_V01_B03,3,1602.0,val
BYPASS_20260928_V01_F01603,frame_01603.jpg,BYPASS_20260928_V01,BYPASS_20260928_V01_B03,3,1603.0,val
BYPASS_20260928_V01_F01604,frame_01604.jpg,BYPASS_20260928_V01,BYPASS_20260928_V01_B03,3,1604.0,val
BYPASS_20260928_V01_F01605,frame_01605.jpg,BYPASS_20260928_V01,BYPASS_20260928_V01_B03,3,1605.0,val
BYPASS_20260928_V01_F01606,frame_01606.jpg,BYPASS_20260928_V01,BYPASS_20260928_V01_B03,3,1606.0,val
BYPASS_20260928_V01_F01607,frame_01607.jpg,BYPASS_20260928_V01,BYPASS_20260928_V01_B03,3,1607.0,val
BYPASS_20260928_V01_F01608,frame_01608.jpg,BYPASS_20260928_V01,BYPASS_20260928_V01_B03,3,1608.0,val
BYPASS_20260928_V01_F01609,frame_01609.jpg,BYPASS_20260928_V01,BYPASS_20260928_V01_B03,3,1609.0,val
BYPASS_20260928_V01_F01610,frame_01610.jpg,BYPASS_20260928_V01,BYPASS_20260928_V01_B03,3,1610.0,val
BYPASS_20260928_V01_F01611,frame_01611.jpg,BYPASS_20260928_V01,BYPASS_20260928_V01_B03,3,1611.0,val
BYPASS_20260928_V01_F01612,frame_01612.jpg,BYPASS_20260928_V01,BYPASS_20260928_V01_B03,3,1612.0,val
BYPASS_20260928_V01_F01613,frame_01613.jpg,BYPASS_20260928_V01,BYPASS_20260928_V01_B03,3,1613.0,val
BYPASS_20260928_V01_F01614,frame_01614.jpg,BYPASS_20260928_V01,BYPASS_20260928_V01_B03,3,1614.0,val
BYPASS_20260928_V01_F01615,frame_01615.jpg,BYPASS_20260928_V01,BYPASS_20260928_V01_B03,3,1615.0,val
BYPASS_20260928_V01_F01616,frame_01616.jpg,BYPASS_20260928_V01,BYPASS_20260928_V01_B03,3,1616.0,val
BYPASS_20260928_V01_F01617,frame_01617.jpg,BYPASS_20260928_V01,BYPASS_20260928_V01_B03,3,1617.0,val
BYPASS_20260928_V01_F01618,frame_01618.jpg,BYPASS_20260928_V01,BYPASS_20260928_V01_B03,3,1618.0,val
BYPASS_20260928_V01_F01619,frame_01619.jpg,BYPASS_20260928_V01,BYPASS_20260928_V01_B03,3,1619.0,val
BYPASS_20260928_V01_F01620,frame_01620.jpg,BYPASS_20260928_V01,BYPASS_20260928_V01_B03,3,1620.0,val
BYPASS_20260928_V01_F01621,frame_01621.jpg,BYPASS_20260928_V01,BYPASS_20260928_V01_B03,3,1621.0,val
BYPASS_20260928_V01_F01622,frame_01622.jpg,BYPASS_20260928_V01,BYPASS_20260928_V01_B03,3,1622.0,val
BYPASS_20260928_V01_F01623,frame_01623.jpg,BYPASS_20260928_V01,BYPASS_20260928_V01_B03,3,1623.0,val
BYPASS_20260928_V01_F01624,frame_01624.jpg,BYPASS_20260928_V01,BYPASS_20260928_V01_B03,3,1624.0,val
BYPASS_20260928_V01_F01625,frame_01625.jpg,BYPASS_20260928_V01,BYPASS_20260928_V01_B03,3,1625.0,val
BYPASS_20260928_V01_F01626,frame_01626.jpg,BYPASS_20260928_V01,BYPASS_20260928_V01_B03,3,1626.0,val
BYPASS_20260928_V01_F01627,frame_01627.jpg,BYPASS_20260928_V01,BYPASS_20260928_V01_B03,3,1627.0,val
BYPASS_20260928_V01_F01628,frame_01628.jpg,BYPASS_20260928_V01,BYPASS_20260928_V01_B03,3,1628.0,val
BYPASS_20260928_V01_F01629,frame_01629.jpg,BYPASS_20260928_V01,BYPASS_20260928_V01_B03,3,1629.0,val
BYPASS_20260928_V01_F01630,frame_01630.jpg,BYPASS_20260928_V01,BYPASS_20260928_V01_B03,3,1630.0,val
BYPASS_20260928_V01_F01631,frame_01631.jpg,BYPASS_20260928_V01,BYPASS_20260928_V01_B03,3,1631.0,val
BYPASS_20260928_V01_F01632,frame_01632.jpg,BYPASS_20260928_V01,BYPASS_20260928_V01_B03,3,1632.0,val
BYPASS_20260928_V01_F01633,frame_01633.jpg,BYPASS_20260928_V01,BYPASS_20260928_V01_B03,3,1633.0,val
BYPASS_20260928_V01_F01634,frame_01634.jpg,BYPASS_20260928_V01,BYPASS_20260928_V01_B03,3,1634.0,val
BYPASS_20260928_V01_F01635,frame_01635.jpg,BYPASS_20260928_V01,BYPASS_20260928_V01_B03,3,1635.0,val
BYPASS_20260928_V01_F01636,frame_01636.jpg,BYPASS_20260928_V01,BYPASS_20260928_V01_B03,3,1636.0,val
BYPASS_20260928_V01_F01637,frame_01637.jpg,BYPASS_20260928_V01,BYPASS_20260928_V01_B03,3,1637.0,val
BYPASS_20260928_V01_F01638,frame_01638.jpg,BYPASS_20260928_V01,BYPASS_20260928_V01_B03,3,1638.0,val
BYPASS_20260928_V01_F01639,frame_01639.jpg,BYPASS_20260928_V01,BYPASS_20260928_V01_B03,3,1639.0,val
BYPASS_20260928_V01_F01640,frame_01640.jpg,BYPASS_20260928_V01,BYPASS_20260928_V01_B03,3,1640.0,val
BYPASS_20260928_V01_F01641,frame_01641.jpg,BYPASS_20260928_V01,BYPASS_20260928_V01_B03,3,1641.0,val
BYPASS_20260928_V01_F01642,frame_01642.jpg,BYPASS_20260928_V01,BYPASS_20260928_V01_B03,3,1642.0,val
BYPASS_20260928_V01_F01643,frame_01643.jpg,BYPASS_20260928_V01,BYPASS_20260928_V01_B03,3,1643.0,val
BYPASS_20260928_V01_F01644,frame_01644.jpg,BYPASS_20260928_V01,BYPASS_20260928_V01_B03,3,1644.0,val
BYPASS_20260928_V01_F01645,frame_01645.jpg,BYPASS_20260928_V01,BYPASS_20260928_V01_B03,3,1645.0,val
BYPASS_20260928_V01_F01646,frame_01646.jpg,BYPASS_20260928_V01,BYPASS_20260928_V01_B03,3,1646.0,val
BYPASS_20260928_V01_F01647,frame_01647.jpg,BYPASS_20260928_V01,BYPASS_20260928_V01_B03,3,1647.0,val
BYPASS_20260928_V01_F01648,frame_01648.jpg,BYPASS_20260928_V01,BYPASS_20260928_V01_B03,3,1648.0,val
BYPASS_20260928_V01_F01649,frame_01649.jpg,BYPASS_20260928_V01,BYPASS_20260928_V01_B03,3,1649.0,val
BYPASS_20260928_V01_F01650,frame_01650.jpg,BYPASS_20260928_V01,BYPASS_20260928_V01_B03,3,1650.0,val
BYPASS_20260928_V01_F01651,frame_01651.jpg,BYPASS_20260928_V01,BYPASS_20260928_V01_B03,3,1651.0,val
BYPASS_20260928_V01_F01652,frame_01652.jpg,BYPASS_20260928_V01,BYPASS_20260928_V01_B03,3,1652.0,val
BYPASS_20260928_V01_F01653,frame_01653.jpg,BYPASS_20260928_V01,BYPASS_20260928_V01_B03,3,1653.0,val
BYPASS_20260928_V01_F01654,frame_01654.jpg,BYPASS_20260928_V01,BYPASS_20260928_V01_B03,3,1654.0,val
BYPASS_20260928_V01_F01655,frame_01655.jpg,BYPASS_20260928_V01,BYPASS_20260928_V01_B03,3,1655.0,val
BYPASS_20260928_V01_F01656,frame_01656.jpg,BYPASS_20260928_V01,BYPASS_20260928_V01_B03,3,1656.0,val
BYPASS_20260928_V01_F01657,frame_01657.jpg,BYPASS_20260928_V01,BYPASS_20260928_V01_B03,3,1657.0,val
BYPASS_20260928_V01_F01658,frame_01658.jpg,BYPASS_20260928_V01,BYPASS_20260928_V01_B03,3,1658.0,val
BYPASS_20260928_V01_F01659,frame_01659.jpg,BYPASS_20260928_V01,BYPASS_20260928_V01_B03,3,1659.0,val
BYPASS_20260928_V01_F01660,frame_01660.jpg,BYPASS_20260928_V01,BYPASS_20260928_V01_B03,3,1660.0,val
BYPASS_20260928_V01_F01661,frame_01661.jpg,BYPASS_20260928_V01,BYPASS_20260928_V01_B03,3,1661.0,val
BYPASS_20260928_V01_F01662,frame_01662.jpg,BYPASS_20260928_V01,BYPASS_20260928_V01_B03,3,1662.0,val
BYPASS_20260928_V01_F01663,frame_01663.jpg,BYPASS_20260928_V01,BYPASS_20260928_V01_B03,3,1663.0,val
BYPASS_20260928_V01_F01664,frame_01664.jpg,BYPASS_20260928_V01,BYPASS_20260928_V01_B03,3,1664.0,val
BYPASS_20260928_V01_F01665,frame_01665.jpg,BYPASS_20260928_V01,BYPASS_20260928_V01_B03,3,1665.0,val
BYPASS_20260928_V01_F01666,frame_01666.jpg,BYPASS_20260928_V01,BYPASS_20260928_V01_B03,3,1666.0,val
BYPASS_20260928_V01_F01667,frame_01667.jpg,BYPASS_20260928_V01,BYPASS_20260928_V01_B03,3,1667.0,val
BYPASS_20260928_V01_F01668,frame_01668.jpg,BYPASS_20260928_V01,BYPASS_20260928_V01_B03,3,1668.0,val
BYPASS_20260928_V01_F01669,frame_01669.jpg,BYPASS_20260928_V01,BYPASS_20260928_V01_B03,3,1669.0,val
BYPASS_20260928_V01_F01670,frame_01670.jpg,BYPASS_20260928_V01,BYPASS_20260928_V01_B03,3,1670.0,val
BYPASS_20260928_V01_F01671,frame_01671.jpg,BYPASS_20260928_V01,BYPASS_20260928_V01_B03,3,1671.0,val
BYPASS_20260928_V01_F01672,frame_01672.jpg,BYPASS_20260928_V01,BYPASS_20260928_V01_B03,3,1672.0,val
BYPASS_20260928_V01_F01673,frame_01673.jpg,BYPASS_20260928_V01,BYPASS_20260928_V01_B03,3,1673.0,val
BYPASS_20260928_V01_F01674,frame_01674.jpg,BYPASS_20260928_V01,BYPASS_20260928_V01_B03,3,1674.0,val
BYPASS_20260928_V01_F01675,frame_01675.jpg,BYPASS_20260928_V01,BYPASS_20260928_V01_B03,3,1675.0,val
BYPASS_20260928_V01_F01676,frame_01676.jpg,BYPASS_20260928_V01,BYPASS_20260928_V01_B03,3,1676.0,val
BYPASS_20260928_V01_F01677,frame_01677.jpg,BYPASS_20260928_V01,BYPASS_20260928_V01_B03,3,1677.0,val
BYPASS_20260928_V01_F01678,frame_01678.jpg,BYPASS_20260928_V01,BYPASS_20260928_V01_B03,3,1678.0,val
BYPASS_20260928_V01_F01679,frame_01679.jpg,BYPASS_20260928_V01,BYPASS_20260928_V01_B03,3,1679.0,val
BYPASS_20260928_V01_F01680,frame_01680.jpg,BYPASS_20260928_V01,BYPASS_20260928_V01_B03,3,1680.0,val
BYPASS_20260928_V01_F01681,frame_01681.jpg,BYPASS_20260928_V01,BYPASS_20260928_V01_B03,3,1681.0,val
BYPASS_20260928_V01_F01682,frame_01682.jpg,BYPASS_20260928_V01,BYPASS_20260928_V01_B03,3,1682.0,val
BYPASS_20260928_V01_F01683,frame_01683.jpg,BYPASS_20260928_V01,BYPASS_20260928_V01_B03,3,1683.0,val
BYPASS_20260928_V01_F01684,frame_01684.jpg,BYPASS_20260928_V01,BYPASS_20260928_V01_B03,3,1684.0,val
BYPASS_20260928_V01_F01685,frame_01685.jpg,BYPASS_20260928_V01,BYPASS_20260928_V01_B03,3,1685.0,val
BYPASS_20260928_V01_F01686,frame_01686.jpg,BYPASS_20260928_V01,BYPASS_20260928_V01_B03,3,1686.0,val
BYPASS_20260928_V01_F01687,frame_01687.jpg,BYPASS_20260928_V01,BYPASS_20260928_V01_B03,3,1687.0,val
BYPASS_20260928_V01_F01688,frame_01688.jpg,BYPASS_20260928_V01,BYPASS_20260928_V01_B03,3,1688.0,val
BYPASS_20260928_V01_F01689,frame_01689.jpg,BYPASS_20260928_V01,BYPASS_20260928_V01_B03,3,1689.0,val
BYPASS_20260928_V01_F01690,frame_01690.jpg,BYPASS_20260928_V01,BYPASS_20260928_V01_B03,3,1690.0,val
BYPASS_20260928_V01_F01691,frame_01691.jpg,BYPASS_20260928_V01,BYPASS_20260928_V01_B03,3,1691.0,val
BYPASS_20260928_V01_F01692,frame_01692.jpg,BYPASS_20260928_V01,BYPASS_20260928_V01_B03,3,1692.0,val
BYPASS_20260928_V01_F01693,frame_01693.jpg,BYPASS_20260928_V01,BYPASS_20260928_V01_B03,3,1693.0,val
BYPASS_20260928_V01_F01694,frame_01694.jpg,BYPASS_20260928_V01,BYPASS_20260928_V01_B03,3,1694.0,val
BYPASS_20260928_V01_F01695,frame_01695.jpg,BYPASS_20260928_V01,BYPASS_20260928_V01_B03,3,1695.0,val
BYPASS_20260928_V01_F01696,frame_01696.jpg,BYPASS_20260928_V01,BYPASS_20260928_V01_B03,3,1696.0,val
BYPASS_20260928_V01_F01697,frame_01697.jpg,BYPASS_20260928_V01,BYPASS_20260928_V01_B03,3,1697.0,val
BYPASS_20260928_V01_F01698,frame_01698.jpg,BYPASS_20260928_V01,BYPASS_20260928_V01_B03,3,1698.0,val
BYPASS_20260928_V01_F01699,frame_01699.jpg,BYPASS_20260928_V01,BYPASS_20260928_V01_B03,3,1699.0,val
BYPASS_20260928_V01_F01700,frame_01700.jpg,BYPASS_20260928_V01,BYPASS_20260928_V01_B03,3,1700.0,val
BYPASS_20260928_V01_F01701,frame_01701.jpg,BYPASS_20260928_V01,BYPASS_20260928_V01_B03,3,1701.0,val
BYPASS_20260928_V01_F01702,frame_01702.jpg,BYPASS_20260928_V01,BYPASS_20260928_V01_B03,3,1702.0,val
BYPASS_20260928_V01_F01703,frame_01703.jpg,BYPASS_20260928_V01,BYPASS_20260928_V01_B03,3,1703.0,val
BYPASS_20260928_V01_F01704,frame_01704.jpg,BYPASS_20260928_V01,BYPASS_20260928_V01_B03,3,1704.0,val
BYPASS_20260928_V01_F01705,frame_01705.jpg,BYPASS_20260928_V01,BYPASS_20260928_V01_B03,3,1705.0,val
BYPASS_20260928_V01_F01706,frame_01706.jpg,BYPASS_20260928_V01,BYPASS_20260928_V01_B03,3,1706.0,val
BYPASS_20260928_V01_F01707,frame_01707.jpg,BYPASS_20260928_V01,BYPASS_20260928_V01_B03,3,1707.0,val
BYPASS_20260928_V01_F01708,frame_01708.jpg,BYPASS_20260928_V01,BYPASS_20260928_V01_B03,3,1708.0,val
BYPASS_20260928_V01_F01709,frame_01709.jpg,BYPASS_20260928_V01,BYPASS_20260928_V01_B03,3,1709.0,val
BYPASS_20260928_V01_F01710,frame_01710.jpg,BYPASS_20260928_V01,BYPASS_20260928_V01_B03,3,1710.0,val
BYPASS_20260928_V01_F01711,frame_01711.jpg,BYPASS_20260928_V01,BYPASS_20260928_V01_B03,3,1711.0,val
BYPASS_20260928_V01_F01712,frame_01712.jpg,BYPASS_20260928_V01,BYPASS_20260928_V01_B03,3,1712.0,val
BYPASS_20260928_V01_F01713,frame_01713.jpg,BYPASS_20260928_V01,BYPASS_20260928_V01_B03,3,1713.0,val
BYPASS_20260928_V01_F01714,frame_01714.jpg,BYPASS_20260928_V01,BYPASS_20260928_V01_B03,3,1714.0,val
BYPASS_20260928_V01_F01715,frame_01715.jpg,BYPASS_20260928_V01,BYPASS_20260928_V01_B03,3,1715.0,val
BYPASS_20260928_V01_F01716,frame_01716.jpg,BYPASS_20260928_V01,BYPASS_20260928_V01_B03,3,1716.0,val
BYPASS_20260928_V01_F01717,frame_01717.jpg,BYPASS_20260928_V01,BYPASS_20260928_V01_B03,3,1717.0,val
BYPASS_20260928_V01_F01718,frame_01718.jpg,BYPASS_20260928_V01,BYPASS_20260928_V01_B03,3,1718.0,val
BYPASS_20260928_V01_F01719,frame_01719.jpg,BYPASS_20260928_V01,BYPASS_20260928_V01_B03,3,1719.0,val
BYPASS_20260928_V01_F01720,frame_01720.jpg,BYPASS_20260928_V01,BYPASS_20260928_V01_B03,3,1720.0,val
BYPASS_20260928_V01_F01721,frame_01721.jpg,BYPASS_20260928_V01,BYPASS_20260928_V01_B03,3,1721.0,val
BYPASS_20260928_V01_F01722,frame_01722.jpg,BYPASS_20260928_V01,BYPASS_20260928_V01_B03,3,1722.0,val
BYPASS_20260928_V01_F01723,frame_01723.jpg,BYPASS_20260928_V01,BYPASS_20260928_V01_B03,3,1723.0,val
BYPASS_20260928_V01_F01724,frame_01724.jpg,BYPASS_20260928_V01,BYPASS_20260928_V01_B03,3,1724.0,val
BYPASS_20260928_V01_F01725,frame_01725.jpg,BYPASS_20260928_V01,BYPASS_20260928_V01_B03,3,1725.0,val
BYPASS_20260928_V01_F01726,frame_01726.jpg,BYPASS_20260928_V01,BYPASS_20260928_V01_B03,3,1726.0,val
BYPASS_20260928_V01_F01727,frame_01727.jpg,BYPASS_20260928_V01,BYPASS_20260928_V01_B03,3,1727.0,val
BYPASS_20260928_V01_F01728,frame_01728.jpg,BYPASS_20260928_V01,BYPASS_20260928_V01_B03,3,1728.0,val
BYPASS_20260928_V01_F01729,frame_01729.jpg,BYPASS_20260928_V01,BYPASS_20260928_V01_B03,3,1729.0,val
BYPASS_20260928_V01_F01730,frame_01730.jpg,BYPASS_20260928_V01,BYPASS_20260928_V01_B03,3,1730.0,val
BYPASS_20260928_V01_F01731,frame_01731.jpg,BYPASS_20260928_V01,BYPASS_20260928_V01_B03,3,1731.0,val
BYPASS_20260928_V01_F01732,frame_01732.jpg,BYPASS_20260928_V01,BYPASS_20260928_V01_B03,3,1732.0,val
BYPASS_20260928_V01_F01733,frame_01733.jpg,BYPASS_20260928_V01,BYPASS_20260928_V01_B03,3,1733.0,val
BYPASS_20260928_V01_F01734,frame_01734.jpg,BYPASS_20260928_V01,BYPASS_20260928_V01_B03,3,1734.0,val
BYPASS_20260928_V01_F01735,frame_01735.jpg,BYPASS_20260928_V01,BYPASS_20260928_V01_B03,3,1735.0,val
BYPASS_20260928_V01_F01736,frame_01736.jpg,BYPASS_20260928_V01,BYPASS_20260928_V01_B03,3,1736.0,val
BYPASS_20260928_V01_F01737,frame_01737.jpg,BYPASS_20260928_V01,BYPASS_20260928_V01_B03,3,1737.0,val
BYPASS_20260928_V01_F01738,frame_01738.jpg,BYPASS_20260928_V01,BYPASS_20260928_V01_B03,3,1738.0,val
BYPASS_20260928_V01_F01739,frame_01739.jpg,BYPASS_20260928_V01,BYPASS_20260928_V01_B03,3,1739.0,val
BYPASS_20260928_V01_F01740,frame_01740.jpg,BYPASS_20260928_V01,BYPASS_20260928_V01_B03,3,1740.0,val
BYPASS_20260928_V01_F01741,frame_01741.jpg,BYPASS_20260928_V01,BYPASS_20260928_V01_B03,3,1741.0,val
BYPASS_20260928_V01_F01742,frame_01742.jpg,BYPASS_20260928_V01,BYPASS_20260928_V01_B03,3,1742.0,val
BYPASS_20260928_V01_F01743,frame_01743.jpg,BYPASS_20260928_V01,BYPASS_20260928_V01_B03,3,1743.0,val
BYPASS_20260928_V01_F01744,frame_01744.jpg,BYPASS_20260928_V01,BYPASS_20260928_V01_B03,3,1744.0,val
BYPASS_20260928_V01_F01745,frame_01745.jpg,BYPASS_20260928_V01,BYPASS_20260928_V01_B03,3,1745.0,val
BYPASS_20260928_V01_F01746,frame_01746.jpg,BYPASS_20260928_V01,BYPASS_20260928_V01_B03,3,1746.0,val
BYPASS_20260928_V01_F01747,frame_01747.jpg,BYPASS_20260928_V01,BYPASS_20260928_V01_B03,3,1747.0,val
BYPASS_20260928_V01_F01748,frame_01748.jpg,BYPASS_20260928_V01,BYPASS_20260928_V01_B03,3,1748.0,val
BYPASS_20260928_V01_F01749,frame_01749.jpg,BYPASS_20260928_V01,BYPASS_20260928_V01_B03,3,1749.0,val
BYPASS_20260928_V01_F01750,frame_01750.jpg,BYPASS_20260928_V01,BYPASS_20260928_V01_B03,3,1750.0,val
BYPASS_20260928_V01_F01751,frame_01751.jpg,BYPASS_20260928_V01,BYPASS_20260928_V01_B03,3,1751.0,val
BYPASS_20260928_V01_F01752,frame_01752.jpg,BYPASS_20260928_V01,BYPASS_20260928_V01_B03,3,1752.0,val
BYPASS_20260928_V01_F01753,frame_01753.jpg,BYPASS_20260928_V01,BYPASS_20260928_V01_B03,3,1753.0,val
BYPASS_20260928_V01_F01754,frame_01754.jpg,BYPASS_20260928_V01,BYPASS_20260928_V01_B03,3,1754.0,val
BYPASS_20260928_V01_F01755,frame_01755.jpg,BYPASS_20260928_V01,BYPASS_20260928_V01_B03,3,1755.0,val
BYPASS_20260928_V01_F01756,frame_01756.jpg,BYPASS_20260928_V01,BYPASS_20260928_V01_B03,3,1756.0,val
BYPASS_20260928_V01_F01757,frame_01757.jpg,BYPASS_20260928_V01,BYPASS_20260928_V01_B03,3,1757.0,val
BYPASS_20260928_V01_F01758,frame_01758.jpg,BYPASS_20260928_V01,BYPASS_20260928_V01_B03,3,1758.0,val
BYPASS_20260928_V01_F01759,frame_01759.jpg,BYPASS_20260928_V01,BYPASS_20260928_V01_B03,3,1759.0,val
BYPASS_20260928_V01_F01760,frame_01760.jpg,BYPASS_20260928_V01,BYPASS_20260928_V01_B03,3,1760.0,val
BYPASS_20260928_V01_F01761,frame_01761.jpg,BYPASS_20260928_V01,BYPASS_20260928_V01_B03,3,1761.0,val
BYPASS_20260928_V01_F01762,frame_01762.jpg,BYPASS_20260928_V01,BYPASS_20260928_V01_B03,3,1762.0,val
BYPASS_20260928_V01_F01763,frame_01763.jpg,BYPASS_20260928_V01,BYPASS_20260928_V01_B03,3,1763.0,val
BYPASS_20260928_V01_F01764,frame_01764.jpg,BYPASS_20260928_V01,BYPASS_20260928_V01_B03,3,1764.0,val
BYPASS_20260928_V01_F01765,frame_01765.jpg,BYPASS_20260928_V01,BYPASS_20260928_V01_B03,3,1765.0,val
BYPASS_20260928_V01_F01766,frame_01766.jpg,BYPASS_20260928_V01,BYPASS_20260928_V01_B03,3,1766.0,val
BYPASS_20260928_V01_F01767,frame_01767.jpg,BYPASS_20260928_V01,BYPASS_20260928_V01_B03,3,1767.0,val
BYPASS_20260928_V01_F01768,frame_01768.jpg,BYPASS_20260928_V01,BYPASS_20260928_V01_B03,3,1768.0,val
BYPASS_20260928_V01_F01769,frame_01769.jpg,BYPASS_20260928_V01,BYPASS_20260928_V01_B03,3,1769.0,val
BYPASS_20260928_V01_F01770,frame_01770.jpg,BYPASS_20260928_V01,BYPASS_20260928_V01_B03,3,1770.0,val
BYPASS_20260928_V01_F01771,frame_01771.jpg,BYPASS_20260928_V01,BYPASS_20260928_V01_B03,3,1771.0,guarda
BYPASS_20260928_V01_F01772,frame_01772.jpg,BYPASS_20260928_V01,BYPASS_20260928_V01_B03,3,1772.0,guarda
BYPASS_20260928_V01_F01773,frame_01773.jpg,BYPASS_20260928_V01,BYPASS_20260928_V01_B03,3,1773.0,guarda
BYPASS_20260928_V01_F01774,frame_01774.jpg,BYPASS_20260928_V01,BYPASS_20260928_V01_B03,3,1774.0,guarda
BYPASS_20260928_V01_F01775,frame_01775.jpg,BYPASS_20260928_V01,BYPASS_20260928_V01_B03,3,1775.0,guarda
BYPASS_20260928_V01_F01776,frame_01776.jpg,BYPASS_20260928_V01,BYPASS_20260928_V01_B03,3,1776.0,guarda
BYPASS_20260928_V01_F01777,frame_01777.jpg,BYPASS_20260928_V01,BYPASS_20260928_V01_B03,3,1777.0,guarda
BYPASS_20260928_V01_F01778,frame_01778.jpg,BYPASS_20260928_V01,BYPASS_20260928_V01_B03,3,1778.0,guarda
BYPASS_20260928_V01_F01779,frame_01779.jpg,BYPASS_20260928_V01,BYPASS_20260928_V01_B03,3,1779.0,guarda
BYPASS_20260928_V01_F01780,frame_01780.jpg,BYPASS_20260928_V01,BYPASS_20260928_V01_B03,3,1780.0,guarda
BYPASS_20260928_V01_F01781,frame_01781.jpg,BYPASS_20260928_V01,BYPASS_20260928_V01_B03,3,1781.0,guarda
BYPASS_20260928_V01_F01782,frame_01782.jpg,BYPASS_20260928_V01,BYPASS_20260928_V01_B03,3,1782.0,guarda
BYPASS_20260928_V01_F01783,frame_01783.jpg,BYPASS_20260928_V01,BYPASS_20260928_V01_B03,3,1783.0,guarda
BYPASS_20260928_V01_F01784,frame_01784.jpg,BYPASS_20260928_V01,BYPASS_20260928_V01_B03,3,1784.0,guarda
BYPASS_20260928_V01_F01785,frame_01785.jpg,BYPASS_20260928_V01,BYPASS_20260928_V01_B03,3,1785.0,guarda
BYPASS_20260928_V01_F01786,frame_01786.jpg,BYPASS_20260928_V01,BYPASS_20260928_V01_B03,3,1786.0,guarda
BYPASS_20260928_V01_F01787,frame_01787.jpg,BYPASS_20260928_V01,BYPASS_20260928_V01_B03,3,1787.0,guarda
BYPASS_20260928_V01_F01788,frame_01788.jpg,BYPASS_20260928_V01,BYPASS_20260928_V01_B03,3,1788.0,guarda
BYPASS_20260928_V01_F01789,frame_01789.jpg,BYPASS_20260928_V01,BYPASS_20260928_V01_B03,3,1789.0,guarda
BYPASS_20260928_V01_F01790,frame_01790.jpg,BYPASS_20260928_V01,BYPASS_20260928_V01_B03,3,1790.0,guarda
BYPASS_20260928_V01_F01791,frame_01791.jpg,BYPASS_20260928_V01,BYPASS_20260928_V01_B03,3,1791.0,guarda
BYPASS_20260928_V01_F01792,frame_01792.jpg,BYPASS_20260928_V01,BYPASS_20260928_V01_B03,3,1792.0,guarda
BYPASS_20260928_V01_F01793,frame_01793.jpg,BYPASS_20260928_V01,BYPASS_20260928_V01_B03,3,1793.0,guarda
BYPASS_20260928_V01_F01794,frame_01794.jpg,BYPASS_20260928_V01,BYPASS_20260928_V01_B03,3,1794.0,guarda
BYPASS_20260928_V01_F01795,frame_01795.jpg,BYPASS_20260928_V01,BYPASS_20260928_V01_B03,3,1795.0,guarda
BYPASS_20260928_V01_F01796,frame_01796.jpg,BYPASS_20260928_V01,BYPASS_20260928_V01_B03,3,1796.0,guarda
BYPASS_20260928_V01_F01797,frame_01797.jpg,BYPASS_20260928_V01,BYPASS_20260928_V01_B03,3,1797.0,guarda
BYPASS_20260928_V01_F01798,frame_01798.jpg,BYPASS_20260928_V01,BYPASS_20260928_V01_B03,3,1798.0,guarda
BYPASS_20260928_V01_F01799,frame_01799.jpg,BYPASS_20260928_V01,BYPASS_20260928_V01_B03,3,1799.0,guarda
BYPASS_20260928_V01_F01800,frame_01800.jpg,BYPASS_20260928_V01,BYPASS_20260928_V01_B04,4,1800.0,guarda
BYPASS_20260928_V01_F01801,frame_01801.jpg,BYPASS_20260928_V01,BYPASS_20260928_V01_B04,4,1801.0,guarda
BYPASS_20260928_V01_F01802,frame_01802.jpg,BYPASS_20260928_V01,BYPASS_20260928_V01_B04,4,1802.0,guarda
BYPASS_20260928_V01_F01803,frame_01803.jpg,BYPASS_20260928_V01,BYPASS_20260928_V01_B04,4,1803.0,guarda
BYPASS_20260928_V01_F01804,frame_01804.jpg,BYPASS_20260928_V01,BYPASS_20260928_V01_B04,4,1804.0,guarda
BYPASS_20260928_V01_F01805,frame_01805.jpg,BYPASS_20260928_V01,BYPASS_20260928_V01_B04,4,1805.0,guarda
BYPASS_20260928_V01_F01806,frame_01806.jpg,BYPASS_20260928_V01,BYPASS_20260928_V01_B04,4,1806.0,guarda
BYPASS_20260928_V01_F01807,frame_01807.jpg,BYPASS_20260928_V01,BYPASS_20260928_V01_B04,4,1807.0,guarda
BYPASS_20260928_V01_F01808,frame_01808.jpg,BYPASS_20260928_V01,BYPASS_20260928_V01_B04,4,1808.0,guarda
BYPASS_20260928_V01_F01809,frame_01809.jpg,BYPASS_20260928_V01,BYPASS_20260928_V01_B04,4,1809.0,guarda
BYPASS_20260928_V01_F01810,frame_01810.jpg,BYPASS_20260928_V01,BYPASS_20260928_V01_B04,4,1810.0,guarda
BYPASS_20260928_V01_F01811,frame_01811.jpg,BYPASS_20260928_V01,BYPASS_20260928_V01_B04,4,1811.0,guarda
BYPASS_20260928_V01_F01812,frame_01812.jpg,BYPASS_20260928_V01,BYPASS_20260928_V01_B04,4,1812.0,guarda
BYPASS_20260928_V01_F01813,frame_01813.jpg,BYPASS_20260928_V01,BYPASS_20260928_V01_B04,4,1813.0,guarda
BYPASS_20260928_V01_F01814,frame_01814.jpg,BYPASS_20260928_V01,BYPASS_20260928_V01_B04,4,1814.0,guarda
BYPASS_20260928_V01_F01815,frame_01815.jpg,BYPASS_20260928_V01,BYPASS_20260928_V01_B04,4,1815.0,guarda
BYPASS_20260928_V01_F01816,frame_01816.jpg,BYPASS_20260928_V01,BYPASS_20260928_V01_B04,4,1816.0,guarda
BYPASS_20260928_V01_F01817,frame_01817.jpg,BYPASS_20260928_V01,BYPASS_20260928_V01_B04,4,1817.0,guarda
BYPASS_20260928_V01_F01818,frame_01818.jpg,BYPASS_20260928_V01,BYPASS_20260928_V01_B04,4,1818.0,guarda
BYPASS_20260928_V01_F01819,frame_01819.jpg,BYPASS_20260928_V01,BYPASS_20260928_V01_B04,4,1819.0,guarda
BYPASS_20260928_V01_F01820,frame_01820.jpg,BYPASS_20260928_V01,BYPASS_20260928_V01_B04,4,1820.0,guarda
BYPASS_20260928_V01_F01821,frame_01821.jpg,BYPASS_20260928_V01,BYPASS_20260928_V01_B04,4,1821.0,guarda
BYPASS_20260928_V01_F01822,frame_01822.jpg,BYPASS_20260928_V01,BYPASS_20260928_V01_B04,4,1822.0,guarda
BYPASS_20260928_V01_F01823,frame_01823.jpg,BYPASS_20260928_V01,BYPASS_20260928_V01_B04,4,1823.0,guarda
BYPASS_20260928_V01_F01824,frame_01824.jpg,BYPASS_20260928_V01,BYPASS_20260928_V01_B04,4,1824.0,guarda
BYPASS_20260928_V01_F01825,frame_01825.jpg,BYPASS_20260928_V01,BYPASS_20260928_V01_B04,4,1825.0,guarda
BYPASS_20260928_V01_F01826,frame_01826.jpg,BYPASS_20260928_V01,BYPASS_20260928_V01_B04,4,1826.0,guarda
BYPASS_20260928_V01_F01827,frame_01827.jpg,BYPASS_20260928_V01,BYPASS_20260928_V01_B04,4,1827.0,guarda
BYPASS_20260928_V01_F01828,frame_01828.jpg,BYPASS_20260928_V01,BYPASS_20260928_V01_B04,4,1828.0,guarda
BYPASS_20260928_V01_F01829,frame_01829.jpg,BYPASS_20260928_V01,BYPASS_20260928_V01_B04,4,1829.0,guarda
BYPASS_20260928_V01_F01830,frame_01830.jpg,BYPASS_20260928_V01,BYPASS_20260928_V01_B04,4,1830.0,test
BYPASS_20260928_V01_F01831,frame_01831.jpg,BYPASS_20260928_V01,BYPASS_20260928_V01_B04,4,1831.0,test
BYPASS_20260928_V01_F01832,frame_01832.jpg,BYPASS_20260928_V01,BYPASS_20260928_V01_B04,4,1832.0,test
BYPASS_20260928_V01_F01833,frame_01833.jpg,BYPASS_20260928_V01,BYPASS_20260928_V01_B04,4,1833.0,test
BYPASS_20260928_V01_F01834,frame_01834.jpg,BYPASS_20260928_V01,BYPASS_20260928_V01_B04,4,1834.0,test
BYPASS_20260928_V01_F01835,frame_01835.jpg,BYPASS_20260928_V01,BYPASS_20260928_V01_B04,4,1835.0,test
BYPASS_20260928_V01_F01836,frame_01836.jpg,BYPASS_20260928_V01,BYPASS_20260928_V01_B04,4,1836.0,test
BYPASS_20260928_V01_F01837,frame_01837.jpg,BYPASS_20260928_V01,BYPASS_20260928_V01_B04,4,1837.0,test
BYPASS_20260928_V01_F01838,frame_01838.jpg,BYPASS_20260928_V01,BYPASS_20260928_V01_B04,4,1838.0,test
BYPASS_20260928_V01_F01839,frame_01839.jpg,BYPASS_20260928_V01,BYPASS_20260928_V01_B04,4,1839.0,test
BYPASS_20260928_V01_F01840,frame_01840.jpg,BYPASS_20260928_V01,BYPASS_20260928_V01_B04,4,1840.0,test
BYPASS_20260928_V01_F01841,frame_01841.jpg,BYPASS_20260928_V01,BYPASS_20260928_V01_B04,4,1841.0,test
BYPASS_20260928_V01_F01842,frame_01842.jpg,BYPASS_20260928_V01,BYPASS_20260928_V01_B04,4,1842.0,test
BYPASS_20260928_V01_F01843,frame_01843.jpg,BYPASS_20260928_V01,BYPASS_20260928_V01_B04,4,1843.0,test
BYPASS_20260928_V01_F01844,frame_01844.jpg,BYPASS_20260928_V01,BYPASS_20260928_V01_B04,4,1844.0,test
BYPASS_20260928_V01_F01845,frame_01845.jpg,BYPASS_20260928_V01,BYPASS_20260928_V01_B04,4,1845.0,test
BYPASS_20260928_V01_F01846,frame_01846.jpg,BYPASS_20260928_V01,BYPASS_20260928_V01_B04,4,1846.0,test
BYPASS_20260928_V01_F01847,frame_01847.jpg,BYPASS_20260928_V01,BYPASS_20260928_V01_B04,4,1847.0,test
BYPASS_20260928_V01_F01848,frame_01848.jpg,BYPASS_20260928_V01,BYPASS_20260928_V01_B04,4,1848.0,test
BYPASS_20260928_V01_F01849,frame_01849.jpg,BYPASS_20260928_V01,BYPASS_20260928_V01_B04,4,1849.0,test
BYPASS_20260928_V01_F01850,frame_01850.jpg,BYPASS_20260928_V01,BYPASS_20260928_V01_B04,4,1850.0,test
BYPASS_20260928_V01_F01851,frame_01851.jpg,BYPASS_20260928_V01,BYPASS_20260928_V01_B04,4,1851.0,test
BYPASS_20260928_V01_F01852,frame_01852.jpg,BYPASS_20260928_V01,BYPASS_20260928_V01_B04,4,1852.0,test
BYPASS_20260928_V01_F01853,frame_01853.jpg,BYPASS_20260928_V01,BYPASS_20260928_V01_B04,4,1853.0,test
BYPASS_20260928_V01_F01854,frame_01854.jpg,BYPASS_20260928_V01,BYPASS_20260928_V01_B04,4,1854.0,test
BYPASS_20260928_V01_F01855,frame_01855.jpg,BYPASS_20260928_V01,BYPASS_20260928_V01_B04,4,1855.0,test
BYPASS_20260928_V01_F01856,frame_01856.jpg,BYPASS_20260928_V01,BYPASS_20260928_V01_B04,4,1856.0,test
BYPASS_20260928_V01_F01857,frame_01857.jpg,BYPASS_20260928_V01,BYPASS_20260928_V01_B04,4,1857.0,test
BYPASS_20260928_V01_F01858,frame_01858.jpg,BYPASS_20260928_V01,BYPASS_20260928_V01_B04,4,1858.0,test
BYPASS_20260928_V01_F01859,frame_01859.jpg,BYPASS_20260928_V01,BYPASS_20260928_V01_B04,4,1859.0,test
BYPASS_20260928_V01_F01860,frame_01860.jpg,BYPASS_20260928_V01,BYPASS_20260928_V01_B04,4,1860.0,test
BYPASS_20260928_V01_F01861,frame_01861.jpg,BYPASS_20260928_V01,BYPASS_20260928_V01_B04,4,1861.0,test
BYPASS_20260928_V01_F01862,frame_01862.jpg,BYPASS_20260928_V01,BYPASS_20260928_V01_B04,4,1862.0,test
BYPASS_20260928_V01_F01863,frame_01863.jpg,BYPASS_20260928_V01,BYPASS_20260928_V01_B04,4,1863.0,test
BYPASS_20260928_V01_F01864,frame_01864.jpg,BYPASS_20260928_V01,BYPASS_20260928_V01_B04,4,1864.0,test
BYPASS_20260928_V01_F01865,frame_01865.jpg,BYPASS_20260928_V01,BYPASS_20260928_V01_B04,4,1865.0,test
BYPASS_20260928_V01_F01866,frame_01866.jpg,BYPASS_20260928_V01,BYPASS_20260928_V01_B04,4,1866.0,test
BYPASS_20260928_V01_F01867,frame_01867.jpg,BYPASS_20260928_V01,BYPASS_20260928_V01_B04,4,1867.0,test
BYPASS_20260928_V01_F01868,frame_01868.jpg,BYPASS_20260928_V01,BYPASS_20260928_V01_B04,4,1868.0,test
BYPASS_20260928_V01_F01869,frame_01869.jpg,BYPASS_20260928_V01,BYPASS_20260928_V01_B04,4,1869.0,test
BYPASS_20260928_V01_F01870,frame_01870.jpg,BYPASS_20260928_V01,BYPASS_20260928_V01_B04,4,1870.0,test
BYPASS_20260928_V01_F01871,frame_01871.jpg,BYPASS_20260928_V01,BYPASS_20260928_V01_B04,4,1871.0,test
BYPASS_20260928_V01_F01872,frame_01872.jpg,BYPASS_20260928_V01,BYPASS_20260928_V01_B04,4,1872.0,test
BYPASS_20260928_V01_F01873,frame_01873.jpg,BYPASS_20260928_V01,BYPASS_20260928_V01_B04,4,1873.0,test
BYPASS_20260928_V01_F01874,frame_01874.jpg,BYPASS_20260928_V01,BYPASS_20260928_V01_B04,4,1874.0,test
BYPASS_20260928_V01_F01875,frame_01875.jpg,BYPASS_20260928_V01,BYPASS_20260928_V01_B04,4,1875.0,test
BYPASS_20260928_V01_F01876,frame_01876.jpg,BYPASS_20260928_V01,BYPASS_20260928_V01_B04,4,1876.0,test
BYPASS_20260928_V01_F01877,frame_01877.jpg,BYPASS_20260928_V01,BYPASS_20260928_V01_B04,4,1877.0,test
BYPASS_20260928_V01_F01878,frame_01878.jpg,BYPASS_20260928_V01,BYPASS_20260928_V01_B04,4,1878.0,test
BYPASS_20260928_V01_F01879,frame_01879.jpg,BYPASS_20260928_V01,BYPASS_20260928_V01_B04,4,1879.0,test
BYPASS_20260928_V01_F01880,frame_01880.jpg,BYPASS_20260928_V01,BYPASS_20260928_V01_B04,4,1880.0,test
BYPASS_20260928_V01_F01881,frame_01881.jpg,BYPASS_20260928_V01,BYPASS_20260928_V01_B04,4,1881.0,test
BYPASS_20260928_V01_F01882,frame_01882.jpg,BYPASS_20260928_V01,BYPASS_20260928_V01_B04,4,1882.0,test
BYPASS_20260928_V01_F01883,frame_01883.jpg,BYPASS_20260928_V01,BYPASS_20260928_V01_B04,4,1883.0,test
BYPASS_20260928_V01_F01884,frame_01884.jpg,BYPASS_20260928_V01,BYPASS_20260928_V01_B04,4,1884.0,test
BYPASS_20260928_V01_F01885,frame_01885.jpg,BYPASS_20260928_V01,BYPASS_20260928_V01_B04,4,1885.0,test
BYPASS_20260928_V01_F01886,frame_01886.jpg,BYPASS_20260928_V01,BYPASS_20260928_V01_B04,4,1886.0,test
BYPASS_20260928_V01_F01887,frame_01887.jpg,BYPASS_20260928_V01,BYPASS_20260928_V01_B04,4,1887.0,test
BYPASS_20260928_V01_F01888,frame_01888.jpg,BYPASS_20260928_V01,BYPASS_20260928_V01_B04,4,1888.0,test
BYPASS_20260928_V01_F01889,frame_01889.jpg,BYPASS_20260928_V01,BYPASS_20260928_V01_B04,4,1889.0,test
BYPASS_20260928_V01_F01890,frame_01890.jpg,BYPASS_20260928_V01,BYPASS_20260928_V01_B04,4,1890.0,test
BYPASS_20260928_V01_F01891,frame_01891.jpg,BYPASS_20260928_V01,BYPASS_20260928_V01_B04,4,1891.0,test
BYPASS_20260928_V01_F01892,frame_01892.jpg,BYPASS_20260928_V01,BYPASS_20260928_V01_B04,4,1892.0,test
BYPASS_20260928_V01_F01893,frame_01893.jpg,BYPASS_20260928_V01,BYPASS_20260928_V01_B04,4,1893.0,test
BYPASS_20260928_V01_F01894,frame_01894.jpg,BYPASS_20260928_V01,BYPASS_20260928_V01_B04,4,1894.0,test
BYPASS_20260928_V01_F01895,frame_01895.jpg,BYPASS_20260928_V01,BYPASS_20260928_V01_B04,4,1895.0,test
BYPASS_20260928_V01_F01896,frame_01896.jpg,BYPASS_20260928_V01,BYPASS_20260928_V01_B04,4,1896.0,test
BYPASS_20260928_V01_F01897,frame_01897.jpg,BYPASS_20260928_V01,BYPASS_20260928_V01_B04,4,1897.0,test
BYPASS_20260928_V01_F01898,frame_01898.jpg,BYPASS_20260928_V01,BYPASS_20260928_V01_B04,4,1898.0,test
BYPASS_20260928_V01_F01899,frame_01899.jpg,BYPASS_20260928_V01,BYPASS_20260928_V01_B04,4,1899.0,test
BYPASS_20260928_V01_F01900,frame_01900.jpg,BYPASS_20260928_V01,BYPASS_20260928_V01_B04,4,1900.0,test
BYPASS_20260928_V01_F01901,frame_01901.jpg,BYPASS_20260928_V01,BYPASS_20260928_V01_B04,4,1901.0,test
BYPASS_20260928_V01_F01902,frame_01902.jpg,BYPASS_20260928_V01,BYPASS_20260928_V01_B04,4,1902.0,test
BYPASS_20260928_V01_F01903,frame_01903.jpg,BYPASS_20260928_V01,BYPASS_20260928_V01_B04,4,1903.0,test
BYPASS_20260928_V01_F01904,frame_01904.jpg,BYPASS_20260928_V01,BYPASS_20260928_V01_B04,4,1904.0,test
BYPASS_20260928_V01_F01905,frame_01905.jpg,BYPASS_20260928_V01,BYPASS_20260928_V01_B04,4,1905.0,test
BYPASS_20260928_V01_F01906,frame_01906.jpg,BYPASS_20260928_V01,BYPASS_20260928_V01_B04,4,1906.0,test
BYPASS_20260928_V01_F01907,frame_01907.jpg,BYPASS_20260928_V01,BYPASS_20260928_V01_B04,4,1907.0,test
BYPASS_20260928_V01_F01908,frame_01908.jpg,BYPASS_20260928_V01,BYPASS_20260928_V01_B04,4,1908.0,test
BYPASS_20260928_V01_F01909,frame_01909.jpg,BYPASS_20260928_V01,BYPASS_20260928_V01_B04,4,1909.0,test
BYPASS_20260928_V01_F01910,frame_01910.jpg,BYPASS_20260928_V01,BYPASS_20260928_V01_B04,4,1910.0,test
BYPASS_20260928_V01_F01911,frame_01911.jpg,BYPASS_20260928_V01,BYPASS_20260928_V01_B04,4,1911.0,test
BYPASS_20260928_V01_F01912,frame_01912.jpg,BYPASS_20260928_V01,BYPASS_20260928_V01_B04,4,1912.0,test
BYPASS_20260928_V01_F01913,frame_01913.jpg,BYPASS_20260928_V01,BYPASS_20260928_V01_B04,4,1913.0,test
BYPASS_20260928_V01_F01914,frame_01914.jpg,BYPASS_20260928_V01,BYPASS_20260928_V01_B04,4,1914.0,test
BYPASS_20260928_V01_F01915,frame_01915.jpg,BYPASS_20260928_V01,BYPASS_20260928_V01_B04,4,1915.0,test
BYPASS_20260928_V01_F01916,frame_01916.jpg,BYPASS_20260928_V01,BYPASS_20260928_V01_B04,4,1916.0,test
BYPASS_20260928_V01_F01917,frame_01917.jpg,BYPASS_20260928_V01,BYPASS_20260928_V01_B04,4,1917.0,test
BYPASS_20260928_V01_F01918,frame_01918.jpg,BYPASS_20260928_V01,BYPASS_20260928_V01_B04,4,1918.0,test
BYPASS_20260928_V01_F01919,frame_01919.jpg,BYPASS_20260928_V01,BYPASS_20260928_V01_B04,4,1919.0,test
BYPASS_20260928_V01_F01920,frame_01920.jpg,BYPASS_20260928_V01,BYPASS_20260928_V01_B04,4,1920.0,test
BYPASS_20260928_V01_F01921,frame_01921.jpg,BYPASS_20260928_V01,BYPASS_20260928_V01_B04,4,1921.0,test
BYPASS_20260928_V01_F01922,frame_01922.jpg,BYPASS_20260928_V01,BYPASS_20260928_V01_B04,4,1922.0,test
BYPASS_20260928_V01_F01923,frame_01923.jpg,BYPASS_20260928_V01,BYPASS_20260928_V01_B04,4,1923.0,test
BYPASS_20260928_V01_F01924,frame_01924.jpg,BYPASS_20260928_V01,BYPASS_20260928_V01_B04,4,1924.0,test
BYPASS_20260928_V01_F01925,frame_01925.jpg,BYPASS_20260928_V01,BYPASS_20260928_V01_B04,4,1925.0,test
BYPASS_20260928_V01_F01926,frame_01926.jpg,BYPASS_20260928_V01,BYPASS_20260928_V01_B04,4,1926.0,test
BYPASS_20260928_V01_F01927,frame_01927.jpg,BYPASS_20260928_V01,BYPASS_20260928_V01_B04,4,1927.0,test
BYPASS_20260928_V01_F01928,frame_01928.jpg,BYPASS_20260928_V01,BYPASS_20260928_V01_B04,4,1928.0,test
BYPASS_20260928_V01_F01929,frame_01929.jpg,BYPASS_20260928_V01,BYPASS_20260928_V01_B04,4,1929.0,test
BYPASS_20260928_V01_F01930,frame_01930.jpg,BYPASS_20260928_V01,BYPASS_20260928_V01_B04,4,1930.0,test
BYPASS_20260928_V01_F01931,frame_01931.jpg,BYPASS_20260928_V01,BYPASS_20260928_V01_B04,4,1931.0,test
BYPASS_20260928_V01_F01932,frame_01932.jpg,BYPASS_20260928_V01,BYPASS_20260928_V01_B04,4,1932.0,test
BYPASS_20260928_V01_F01933,frame_01933.jpg,BYPASS_20260928_V01,BYPASS_20260928_V01_B04,4,1933.0,test
BYPASS_20260928_V01_F01934,frame_01934.jpg,BYPASS_20260928_V01,BYPASS_20260928_V01_B04,4,1934.0,test
BYPASS_20260928_V01_F01935,frame_01935.jpg,BYPASS_20260928_V01,BYPASS_20260928_V01_B04,4,1935.0,test
BYPASS_20260928_V01_F01936,frame_01936.jpg,BYPASS_20260928_V01,BYPASS_20260928_V01_B04,4,1936.0,test
BYPASS_20260928_V01_F01937,frame_01937.jpg,BYPASS_20260928_V01,BYPASS_20260928_V01_B04,4,1937.0,test
BYPASS_20260928_V01_F01938,frame_01938.jpg,BYPASS_20260928_V01,BYPASS_20260928_V01_B04,4,1938.0,test
BYPASS_20260928_V01_F01939,frame_01939.jpg,BYPASS_20260928_V01,BYPASS_20260928_V01_B04,4,1939.0,test
BYPASS_20260928_V01_F01940,frame_01940.jpg,BYPASS_20260928_V01,BYPASS_20260928_V01_B04,4,1940.0,test
BYPASS_20260928_V01_F01941,frame_01941.jpg,BYPASS_20260928_V01,BYPASS_20260928_V01_B04,4,1941.0,test
BYPASS_20260928_V01_F01942,frame_01942.jpg,BYPASS_20260928_V01,BYPASS_20260928_V01_B04,4,1942.0,test
BYPASS_20260928_V01_F01943,frame_01943.jpg,BYPASS_20260928_V01,BYPASS_20260928_V01_B04,4,1943.0,test
BYPASS_20260928_V01_F01944,frame_01944.jpg,BYPASS_20260928_V01,BYPASS_20260928_V01_B04,4,1944.0,test
BYPASS_20260928_V01_F01945,frame_01945.jpg,BYPASS_20260928_V01,BYPASS_20260928_V01_B04,4,1945.0,test
BYPASS_20260928_V01_F01946,frame_01946.jpg,BYPASS_20260928_V01,BYPASS_20260928_V01_B04,4,1946.0,test
BYPASS_20260928_V01_F01947,frame_01947.jpg,BYPASS_20260928_V01,BYPASS_20260928_V01_B04,4,1947.0,test
BYPASS_20260928_V01_F01948,frame_01948.jpg,BYPASS_20260928_V01,BYPASS_20260928_V01_B04,4,1948.0,test
BYPASS_20260928_V01_F01949,frame_01949.jpg,BYPASS_20260928_V01,BYPASS_20260928_V01_B04,4,1949.0,test
BYPASS_20260928_V01_F01950,frame_01950.jpg,BYPASS_20260928_V01,BYPASS_20260928_V01_B04,4,1950.0,test
BYPASS_20260928_V01_F01951,frame_01951.jpg,BYPASS_20260928_V01,BYPASS_20260928_V01_B04,4,1951.0,test
BYPASS_20260928_V01_F01952,frame_01952.jpg,BYPASS_20260928_V01,BYPASS_20260928_V01_B04,4,1952.0,test
BYPASS_20260928_V01_F01953,frame_01953.jpg,BYPASS_20260928_V01,BYPASS_20260928_V01_B04,4,1953.0,test
BYPASS_20260928_V01_F01954,frame_01954.jpg,BYPASS_20260928_V01,BYPASS_20260928_V01_B04,4,1954.0,test
BYPASS_20260928_V01_F01955,frame_01955.jpg,BYPASS_20260928_V01,BYPASS_20260928_V01_B04,4,1955.0,test
BYPASS_20260928_V01_F01956,frame_01956.jpg,BYPASS_20260928_V01,BYPASS_20260928_V01_B04,4,1956.0,test
BYPASS_20260928_V01_F01957,frame_01957.jpg,BYPASS_20260928_V01,BYPASS_20260928_V01_B04,4,1957.0,test
BYPASS_20260928_V01_F01958,frame_01958.jpg,BYPASS_20260928_V01,BYPASS_20260928_V01_B04,4,1958.0,test
BYPASS_20260928_V01_F01959,frame_01959.jpg,BYPASS_20260928_V01,BYPASS_20260928_V01_B04,4,1959.0,test
BYPASS_20260928_V01_F01960,frame_01960.jpg,BYPASS_20260928_V01,BYPASS_20260928_V01_B04,4,1960.0,test
BYPASS_20260928_V01_F01961,frame_01961.jpg,BYPASS_20260928_V01,BYPASS_20260928_V01_B04,4,1961.0,test
BYPASS_20260928_V01_F01962,frame_01962.jpg,BYPASS_20260928_V01,BYPASS_20260928_V01_B04,4,1962.0,test
BYPASS_20260928_V01_F01963,frame_01963.jpg,BYPASS_20260928_V01,BYPASS_20260928_V01_B04,4,1963.0,test
BYPASS_20260928_V01_F01964,frame_01964.jpg,BYPASS_20260928_V01,BYPASS_20260928_V01_B04,4,1964.0,test
BYPASS_20260928_V01_F01965,frame_01965.jpg,BYPASS_20260928_V01,BYPASS_20260928_V01_B04,4,1965.0,test
BYPASS_20260928_V01_F01966,frame_01966.jpg,BYPASS_20260928_V01,BYPASS_20260928_V01_B04,4,1966.0,test
BYPASS_20260928_V01_F01967,frame_01967.jpg,BYPASS_20260928_V01,BYPASS_20260928_V01_B04,4,1967.0,test
BYPASS_20260928_V01_F01968,frame_01968.jpg,BYPASS_20260928_V01,BYPASS_20260928_V01_B04,4,1968.0,test
BYPASS_20260928_V01_F01969,frame_01969.jpg,BYPASS_20260928_V01,BYPASS_20260928_V01_B04,4,1969.0,test
BYPASS_20260928_V01_F01970,frame_01970.jpg,BYPASS_20260928_V01,BYPASS_20260928_V01_B04,4,1970.0,test
BYPASS_20260928_V01_F01971,frame_01971.jpg,BYPASS_20260928_V01,BYPASS_20260928_V01_B04,4,1971.0,test
BYPASS_20260928_V01_F01972,frame_01972.jpg,BYPASS_20260928_V01,BYPASS_20260928_V01_B04,4,1972.0,test
BYPASS_20260928_V01_F01973,frame_01973.jpg,BYPASS_20260928_V01,BYPASS_20260928_V01_B04,4,1973.0,test
BYPASS_20260928_V01_F01974,frame_01974.jpg,BYPASS_20260928_V01,BYPASS_20260928_V01_B04,4,1974.0,test
BYPASS_20260928_V01_F01975,frame_01975.jpg,BYPASS_20260928_V01,BYPASS_20260928_V01_B04,4,1975.0,test
BYPASS_20260928_V01_F01976,frame_01976.jpg,BYPASS_20260928_V01,BYPASS_20260928_V01_B04,4,1976.0,test
BYPASS_20260928_V01_F01977,frame_01977.jpg,BYPASS_20260928_V01,BYPASS_20260928_V01_B04,4,1977.0,test
BYPASS_20260928_V01_F01978,frame_01978.jpg,BYPASS_20260928_V01,BYPASS_20260928_V01_B04,4,1978.0,test
BYPASS_20260928_V01_F01979,frame_01979.jpg,BYPASS_20260928_V01,BYPASS_20260928_V01_B04,4,1979.0,test
BYPASS_20260928_V01_F01980,frame_01980.jpg,BYPASS_20260928_V01,BYPASS_20260928_V01_B04,4,1980.0,test
BYPASS_20260928_V01_F01981,frame_01981.jpg,BYPASS_20260928_V01,BYPASS_20260928_V01_B04,4,1981.0,test
BYPASS_20260928_V01_F01982,frame_01982.jpg,BYPASS_20260928_V01,BYPASS_20260928_V01_B04,4,1982.0,test
BYPASS_20260928_V01_F01983,frame_01983.jpg,BYPASS_20260928_V01,BYPASS_20260928_V01_B04,4,1983.0,test
BYPASS_20260928_V01_F01984,frame_01984.jpg,BYPASS_20260928_V01,BYPASS_20260928_V01_B04,4,1984.0,test
BYPASS_20260928_V01_F01985,frame_01985.jpg,BYPASS_20260928_V01,BYPASS_20260928_V01_B04,4,1985.0,test
BYPASS_20260928_V01_F01986,frame_01986.jpg,BYPASS_20260928_V01,BYPASS_20260928_V01_B04,4,1986.0,test
BYPASS_20260928_V01_F01987,frame_01987.jpg,BYPASS_20260928_V01,BYPASS_20260928_V01_B04,4,1987.0,test
BYPASS_20260928_V01_F01988,frame_01988.jpg,BYPASS_20260928_V01,BYPASS_20260928_V01_B04,4,1988.0,test
BYPASS_20260928_V01_F01989,frame_01989.jpg,BYPASS_20260928_V01,BYPASS_20260928_V01_B04,4,1989.0,test
BYPASS_20260928_V01_F01990,frame_01990.jpg,BYPASS_20260928_V01,BYPASS_20260928_V01_B04,4,1990.0,test
BYPASS_20260928_V01_F01991,frame_01991.jpg,BYPASS_20260928_V01,BYPASS_20260928_V01_B04,4,1991.0,test
BYPASS_20260928_V01_F01992,frame_01992.jpg,BYPASS_20260928_V01,BYPASS_20260928_V01_B04,4,1992.0,test
BYPASS_20260928_V01_F01993,frame_01993.jpg,BYPASS_20260928_V01,BYPASS_20260928_V01_B04,4,1993.0,test
BYPASS_20260928_V01_F01994,frame_01994.jpg,BYPASS_20260928_V01,BYPASS_20260928_V01_B04,4,1994.0,test
BYPASS_20260928_V01_F01995,frame_01995.jpg,BYPASS_20260928_V01,BYPASS_20260928_V01_B04,4,1995.0,test
BYPASS_20260928_V01_F01996,frame_01996.jpg,BYPASS_20260928_V01,BYPASS_20260928_V01_B04,4,1996.0,test
BYPASS_20260928_V01_F01997,frame_01997.jpg,BYPASS_20260928_V01,BYPASS_20260928_V01_B04,4,1997.0,test
BYPASS_20260928_V01_F01998,frame_01998.jpg,BYPASS_20260928_V01,BYPASS_20260928_V01_B04,4,1998.0,test
BYPASS_20260928_V01_F01999,frame_01999.jpg,BYPASS_20260928_V01,BYPASS_20260928_V01_B04,4,1999.0,test
BYPASS_20260928_V01_F02000,frame_02000.jpg,BYPASS_20260928_V01,BYPASS_20260928_V01_B04,4,2000.0,test
BYPASS_20260928_V01_F02001,frame_02001.jpg,BYPASS_20260928_V01,BYPASS_20260928_V01_B04,4,2001.0,test
BYPASS_20260928_V01_F02002,frame_02002.jpg,BYPASS_20260928_V01,BYPASS_20260928_V01_B04,4,2002.0,test
BYPASS_20260928_V01_F02003,frame_02003.jpg,BYPASS_20260928_V01,BYPASS_20260928_V01_B04,4,2003.0,test
BYPASS_20260928_V01_F02004,frame_02004.jpg,BYPASS_20260928_V01,BYPASS_20260928_V01_B04,4,2004.0,test
BYPASS_20260928_V01_F02005,frame_02005.jpg,BYPASS_20260928_V01,BYPASS_20260928_V01_B04,4,2005.0,test
BYPASS_20260928_V01_F02006,frame_02006.jpg,BYPASS_20260928_V01,BYPASS_20260928_V01_B04,4,2006.0,test
BYPASS_20260928_V01_F02007,frame_02007.jpg,BYPASS_20260928_V01,BYPASS_20260928_V01_B04,4,2007.0,test
BYPASS_20260928_V01_F02008,frame_02008.jpg,BYPASS_20260928_V01,BYPASS_20260928_V01_B04,4,2008.0,test
BYPASS_20260928_V01_F02009,frame_02009.jpg,BYPASS_20260928_V01,BYPASS_20260928_V01_B04,4,2009.0,test
BYPASS_20260928_V01_F02010,frame_02010.jpg,BYPASS_20260928_V01,BYPASS_20260928_V01_B04,4,2010.0,test
BYPASS_20260928_V01_F02011,frame_02011.jpg,BYPASS_20260928_V01,BYPASS_20260928_V01_B04,4,2011.0,test
BYPASS_20260928_V01_F02012,frame_02012.jpg,BYPASS_20260928_V01,BYPASS_20260928_V01_B04,4,2012.0,test
BYPASS_20260928_V01_F02013,frame_02013.jpg,BYPASS_20260928_V01,BYPASS_20260928_V01_B04,4,2013.0,test
BYPASS_20260928_V01_F02014,frame_02014.jpg,BYPASS_20260928_V01,BYPASS_20260928_V01_B04,4,2014.0,test
BYPASS_20260928_V01_F02015,frame_02015.jpg,BYPASS_20260928_V01,BYPASS_20260928_V01_B04,4,2015.0,test
BYPASS_20260928_V01_F02016,frame_02016.jpg,BYPASS_20260928_V01,BYPASS_20260928_V01_B04,4,2016.0,test
BYPASS_20260928_V01_F02017,frame_02017.jpg,BYPASS_20260928_V01,BYPASS_20260928_V01_B04,4,2017.0,test
BYPASS_20260928_V01_F02018,frame_02018.jpg,BYPASS_20260928_V01,BYPASS_20260928_V01_B04,4,2018.0,test
BYPASS_20260928_V01_F02019,frame_02019.jpg,BYPASS_20260928_V01,BYPASS_20260928_V01_B04,4,2019.0,test
BYPASS_20260928_V01_F02020,frame_02020.jpg,BYPASS_20260928_V01,BYPASS_20260928_V01_B04,4,2020.0,test
BYPASS_20260928_V01_F02021,frame_02021.jpg,BYPASS_20260928_V01,BYPASS_20260928_V01_B04,4,2021.0,test
BYPASS_20260928_V01_F02022,frame_02022.jpg,BYPASS_20260928_V01,BYPASS_20260928_V01_B04,4,2022.0,test
BYPASS_20260928_V01_F02023,frame_02023.jpg,BYPASS_20260928_V01,BYPASS_20260928_V01_B04,4,2023.0,test
BYPASS_20260928_V01_F02024,frame_02024.jpg,BYPASS_20260928_V01,BYPASS_20260928_V01_B04,4,2024.0,test
BYPASS_20260928_V01_F02025,frame_02025.jpg,BYPASS_20260928_V01,BYPASS_20260928_V01_B04,4,2025.0,test
BYPASS_20260928_V01_F02026,frame_02026.jpg,BYPASS_20260928_V01,BYPASS_20260928_V01_B04,4,2026.0,test
BYPASS_20260928_V01_F02027,frame_02027.jpg,BYPASS_20260928_V01,BYPASS_20260928_V01_B04,4,2027.0,test
BYPASS_20260928_V01_F02028,frame_02028.jpg,BYPASS_20260928_V01,BYPASS_20260928_V01_B04,4,2028.0,test
BYPASS_20260928_V01_F02029,frame_02029.jpg,BYPASS_20260928_V01,BYPASS_20260928_V01_B04,4,2029.0,test
BYPASS_20260928_V01_F02030,frame_02030.jpg,BYPASS_20260928_V01,BYPASS_20260928_V01_B04,4,2030.0,test
BYPASS_20260928_V01_F02031,frame_02031.jpg,BYPASS_20260928_V01,BYPASS_20260928_V01_B04,4,2031.0,test
BYPASS_20260928_V01_F02032,frame_02032.jpg,BYPASS_20260928_V01,BYPASS_20260928_V01_B04,4,2032.0,test
BYPASS_20260928_V01_F02033,frame_02033.jpg,BYPASS_20260928_V01,BYPASS_20260928_V01_B04,4,2033.0,test
BYPASS_20260928_V01_F02034,frame_02034.jpg,BYPASS_20260928_V01,BYPASS_20260928_V01_B04,4,2034.0,test
BYPASS_20260928_V01_F02035,frame_02035.jpg,BYPASS_20260928_V01,BYPASS_20260928_V01_B04,4,2035.0,test
BYPASS_20260928_V01_F02036,frame_02036.jpg,BYPASS_20260928_V01,BYPASS_20260928_V01_B04,4,2036.0,test
BYPASS_20260928_V01_F02037,frame_02037.jpg,BYPASS_20260928_V01,BYPASS_20260928_V01_B04,4,2037.0,test
BYPASS_20260928_V01_F02038,frame_02038.jpg,BYPASS_20260928_V01,BYPASS_20260928_V01_B04,4,2038.0,test
BYPASS_20260928_V01_F02039,frame_02039.jpg,BYPASS_20260928_V01,BYPASS_20260928_V01_B04,4,2039.0,test
BYPASS_20260928_V01_F02040,frame_02040.jpg,BYPASS_20260928_V01,BYPASS_20260928_V01_B04,4,2040.0,test
BYPASS_20260928_V01_F02041,frame_02041.jpg,BYPASS_20260928_V01,BYPASS_20260928_V01_B04,4,2041.0,test
BYPASS_20260928_V01_F02042,frame_02042.jpg,BYPASS_20260928_V01,BYPASS_20260928_V01_B04,4,2042.0,test
BYPASS_20260928_V01_F02043,frame_02043.jpg,BYPASS_20260928_V01,BYPASS_20260928_V01_B04,4,2043.0,test
BYPASS_20260928_V01_F02044,frame_02044.jpg,BYPASS_20260928_V01,BYPASS_20260928_V01_B04,4,2044.0,test
BYPASS_20260928_V01_F02045,frame_02045.jpg,BYPASS_20260928_V01,BYPASS_20260928_V01_B04,4,2045.0,test
BYPASS_20260928_V01_F02046,frame_02046.jpg,BYPASS_20260928_V01,BYPASS_20260928_V01_B04,4,2046.0,test
BYPASS_20260928_V01_F02047,frame_02047.jpg,BYPASS_20260928_V01,BYPASS_20260928_V01_B04,4,2047.0,test
BYPASS_20260928_V01_F02048,frame_02048.jpg,BYPASS_20260928_V01,BYPASS_20260928_V01_B04,4,2048.0,test
BYPASS_20260928_V01_F02049,frame_02049.jpg,BYPASS_20260928_V01,BYPASS_20260928_V01_B04,4,2049.0,test
BYPASS_20260928_V01_F02050,frame_02050.jpg,BYPASS_20260928_V01,BYPASS_20260928_V01_B04,4,2050.0,test
BYPASS_20260928_V01_F02051,frame_02051.jpg,BYPASS_20260928_V01,BYPASS_20260928_V01_B04,4,2051.0,test
BYPASS_20260928_V01_F02052,frame_02052.jpg,BYPASS_20260928_V01,BYPASS_20260928_V01_B04,4,2052.0,test
BYPASS_20260928_V01_F02053,frame_02053.jpg,BYPASS_20260928_V01,BYPASS_20260928_V01_B04,4,2053.0,test
BYPASS_20260928_V01_F02054,frame_02054.jpg,BYPASS_20260928_V01,BYPASS_20260928_V01_B04,4,2054.0,test
BYPASS_20260928_V01_F02055,frame_02055.jpg,BYPASS_20260928_V01,BYPASS_20260928_V01_B04,4,2055.0,test
BYPASS_20260928_V01_F02056,frame_02056.jpg,BYPASS_20260928_V01,BYPASS_20260928_V01_B04,4,2056.0,test
BYPASS_20260928_V01_F02057,frame_02057.jpg,BYPASS_20260928_V01,BYPASS_20260928_V01_B04,4,2057.0,test
BYPASS_20260928_V01_F02058,frame_02058.jpg,BYPASS_20260928_V01,BYPASS_20260928_V01_B04,4,2058.0,test
BYPASS_20260928_V01_F02059,frame_02059.jpg,BYPASS_20260928_V01,BYPASS_20260928_V01_B04,4,2059.0,test
BYPASS_20260928_V01_F02060,frame_02060.jpg,BYPASS_20260928_V01,BYPASS_20260928_V01_B04,4,2060.0,test
BYPASS_20260928_V01_F02061,frame_02061.jpg,BYPASS_20260928_V01,BYPASS_20260928_V01_B04,4,2061.0,test
BYPASS_20260928_V01_F02062,frame_02062.jpg,BYPASS_20260928_V01,BYPASS_20260928_V01_B04,4,2062.0,test
BYPASS_20260928_V01_F02063,frame_02063.jpg,BYPASS_20260928_V01,BYPASS_20260928_V01_B04,4,2063.0,test
BYPASS_20260928_V01_F02064,frame_02064.jpg,BYPASS_20260928_V01,BYPASS_20260928_V01_B04,4,2064.0,test
BYPASS_20260928_V01_F02065,frame_02065.jpg,BYPASS_20260928_V01,BYPASS_20260928_V01_B04,4,2065.0,test
BYPASS_20260928_V01_F02066,frame_02066.jpg,BYPASS_20260928_V01,BYPASS_20260928_V01_B04,4,2066.0,test
BYPASS_20260928_V01_F02067,frame_02067.jpg,BYPASS_20260928_V01,BYPASS_20260928_V01_B04,4,2067.0,test
BYPASS_20260928_V01_F02068,frame_02068.jpg,BYPASS_20260928_V01,BYPASS_20260928_V01_B04,4,2068.0,test
BYPASS_20260928_V01_F02069,frame_02069.jpg,BYPASS_20260928_V01,BYPASS_20260928_V01_B04,4,2069.0,test
BYPASS_20260928_V01_F02070,frame_02070.jpg,BYPASS_20260928_V01,BYPASS_20260928_V01_B04,4,2070.0,test
BYPASS_20260928_V01_F02071,frame_02071.jpg,BYPASS_20260928_V01,BYPASS_20260928_V01_B04,4,2071.0,test
BYPASS_20260928_V01_F02072,frame_02072.jpg,BYPASS_20260928_V01,BYPASS_20260928_V01_B04,4,2072.0,test
BYPASS_20260928_V01_F02073,frame_02073.jpg,BYPASS_20260928_V01,BYPASS_20260928_V01_B04,4,2073.0,test
BYPASS_20260928_V01_F02074,frame_02074.jpg,BYPASS_20260928_V01,BYPASS_20260928_V01_B04,4,2074.0,test
BYPASS_20260928_V01_F02075,frame_02075.jpg,BYPASS_20260928_V01,BYPASS_20260928_V01_B04,4,2075.0,test
BYPASS_20260928_V01_F02076,frame_02076.jpg,BYPASS_20260928_V01,BYPASS_20260928_V01_B04,4,2076.0,test
BYPASS_20260928_V01_F02077,frame_02077.jpg,BYPASS_20260928_V01,BYPASS_20260928_V01_B04,4,2077.0,test
BYPASS_20260928_V01_F02078,frame_02078.jpg,BYPASS_20260928_V01,BYPASS_20260928_V01_B04,4,2078.0,test
BYPASS_20260928_V01_F02079,frame_02079.jpg,BYPASS_20260928_V01,BYPASS_20260928_V01_B04,4,2079.0,test
BYPASS_20260928_V01_F02080,frame_02080.jpg,BYPASS_20260928_V01,BYPASS_20260928_V01_B04,4,2080.0,test
BYPASS_20260928_V01_F02081,frame_02081.jpg,BYPASS_20260928_V01,BYPASS_20260928_V01_B04,4,2081.0,test
BYPASS_20260928_V01_F02082,frame_02082.jpg,BYPASS_20260928_V01,BYPASS_20260928_V01_B04,4,2082.0,test
BYPASS_20260928_V01_F02083,frame_02083.jpg,BYPASS_20260928_V01,BYPASS_20260928_V01_B04,4,2083.0,test
BYPASS_20260928_V01_F02084,frame_02084.jpg,BYPASS_20260928_V01,BYPASS_20260928_V01_B04,4,2084.0,test
BYPASS_20260928_V01_F02085,frame_02085.jpg,BYPASS_20260928_V01,BYPASS_20260928_V01_B04,4,2085.0,test
BYPASS_20260928_V01_F02086,frame_02086.jpg,BYPASS_20260928_V01,BYPASS_20260928_V01_B04,4,2086.0,test
BYPASS_20260928_V01_F02087,frame_02087.jpg,BYPASS_20260928_V01,BYPASS_20260928_V01_B04,4,2087.0,test
BYPASS_20260928_V01_F02088,frame_02088.jpg,BYPASS_20260928_V01,BYPASS_20260928_V01_B04,4,2088.0,test
BYPASS_20260928_V01_F02089,frame_02089.jpg,BYPASS_20260928_V01,BYPASS_20260928_V01_B04,4,2089.0,test
BYPASS_20260928_V01_F02090,frame_02090.jpg,BYPASS_20260928_V01,BYPASS_20260928_V01_B04,4,2090.0,test
BYPASS_20260928_V01_F02091,frame_02091.jpg,BYPASS_20260928_V01,BYPASS_20260928_V01_B04,4,2091.0,test
BYPASS_20260928_V01_F02092,frame_02092.jpg,BYPASS_20260928_V01,BYPASS_20260928_V01_B04,4,2092.0,test
BYPASS_20260928_V01_F02093,frame_02093.jpg,BYPASS_20260928_V01,BYPASS_20260928_V01_B04,4,2093.0,test
BYPASS_20260928_V01_F02094,frame_02094.jpg,BYPASS_20260928_V01,BYPASS_20260928_V01_B04,4,2094.0,test
BYPASS_20260928_V01_F02095,frame_02095.jpg,BYPASS_20260928_V01,BYPASS_20260928_V01_B04,4,2095.0,test
BYPASS_20260928_V01_F02096,frame_02096.jpg,BYPASS_20260928_V01,BYPASS_20260928_V01_B04,4,2096.0,test
BYPASS_20260928_V01_F02097,frame_02097.jpg,BYPASS_20260928_V01,BYPASS_20260928_V01_B04,4,2097.0,test
BYPASS_20260928_V01_F02098,frame_02098.jpg,BYPASS_20260928_V01,BYPASS_20260928_V01_B04,4,2098.0,test
BYPASS_20260928_V01_F02099,frame_02099.jpg,BYPASS_20260928_V01,BYPASS_20260928_V01_B04,4,2099.0,test
BYPASS_20260928_V01_F02100,frame_02100.jpg,BYPASS_20260928_V01,BYPASS_20260928_V01_B04,4,2100.0,test
BYPASS_20260928_V01_F02101,frame_02101.jpg,BYPASS_20260928_V01,BYPASS_20260928_V01_B04,4,2101.0,test
BYPASS_20260928_V01_F02102,frame_02102.jpg,BYPASS_20260928_V01,BYPASS_20260928_V01_B04,4,2102.0,test
BYPASS_20260928_V01_F02103,frame_02103.jpg,BYPASS_20260928_V01,BYPASS_20260928_V01_B04,4,2103.0,test
BYPASS_20260928_V01_F02104,frame_02104.jpg,BYPASS_20260928_V01,BYPASS_20260928_V01_B04,4,2104.0,test
BYPASS_20260928_V01_F02105,frame_02105.jpg,BYPASS_20260928_V01,BYPASS_20260928_V01_B04,4,2105.0,test
BYPASS_20260928_V01_F02106,frame_02106.jpg,BYPASS_20260928_V01,BYPASS_20260928_V01_B04,4,2106.0,test
BYPASS_20260928_V01_F02107,frame_02107.jpg,BYPASS_20260928_V01,BYPASS_20260928_V01_B04,4,2107.0,test
BYPASS_20260928_V01_F02108,frame_02108.jpg,BYPASS_20260928_V01,BYPASS_20260928_V01_B04,4,2108.0,test
BYPASS_20260928_V01_F02109,frame_02109.jpg,BYPASS_20260928_V01,BYPASS_20260928_V01_B04,4,2109.0,test
BYPASS_20260928_V01_F02110,frame_02110.jpg,BYPASS_20260928_V01,BYPASS_20260928_V01_B04,4,2110.0,test
BYPASS_20260928_V01_F02111,frame_02111.jpg,BYPASS_20260928_V01,BYPASS_20260928_V01_B04,4,2111.0,test
BYPASS_20260928_V01_F02112,frame_02112.jpg,BYPASS_20260928_V01,BYPASS_20260928_V01_B04,4,2112.0,test
BYPASS_20260928_V01_F02113,frame_02113.jpg,BYPASS_20260928_V01,BYPASS_20260928_V01_B04,4,2113.0,test
BYPASS_20260928_V01_F02114,frame_02114.jpg,BYPASS_20260928_V01,BYPASS_20260928_V01_B04,4,2114.0,test
BYPASS_20260928_V01_F02115,frame_02115.jpg,BYPASS_20260928_V01,BYPASS_20260928_V01_B04,4,2115.0,test
BYPASS_20260928_V01_F02116,frame_02116.jpg,BYPASS_20260928_V01,BYPASS_20260928_V01_B04,4,2116.0,test
BYPASS_20260928_V01_F02117,frame_02117.jpg,BYPASS_20260928_V01,BYPASS_20260928_V01_B04,4,2117.0,test
BYPASS_20260928_V01_F02118,frame_02118.jpg,BYPASS_20260928_V01,BYPASS_20260928_V01_B04,4,2118.0,test
BYPASS_20260928_V01_F02119,frame_02119.jpg,BYPASS_20260928_V01,BYPASS_20260928_V01_B04,4,2119.0,test
BYPASS_20260928_V01_F02120,frame_02120.jpg,BYPASS_20260928_V01,BYPASS_20260928_V01_B04,4,2120.0,test
BYPASS_20260928_V01_F02121,frame_02121.jpg,BYPASS_20260928_V01,BYPASS_20260928_V01_B04,4,2121.0,test
BYPASS_20260928_V01_F02122,frame_02122.jpg,BYPASS_20260928_V01,BYPASS_20260928_V01_B04,4,2122.0,test
BYPASS_20260928_V01_F02123,frame_02123.jpg,BYPASS_20260928_V01,BYPASS_20260928_V01_B04,4,2123.0,test
BYPASS_20260928_V01_F02124,frame_02124.jpg,BYPASS_20260928_V01,BYPASS_20260928_V01_B04,4,2124.0,test
BYPASS_20260928_V01_F02125,frame_02125.jpg,BYPASS_20260928_V01,BYPASS_20260928_V01_B04,4,2125.0,test
BYPASS_20260928_V01_F02126,frame_02126.jpg,BYPASS_20260928_V01,BYPASS_20260928_V01_B04,4,2126.0,test
BYPASS_20260928_V01_F02127,frame_02127.jpg,BYPASS_20260928_V01,BYPASS_20260928_V01_B04,4,2127.0,test
BYPASS_20260928_V01_F02128,frame_02128.jpg,BYPASS_20260928_V01,BYPASS_20260928_V01_B04,4,2128.0,test
BYPASS_20260928_V01_F02129,frame_02129.jpg,BYPASS_20260928_V01,BYPASS_20260928_V01_B04,4,2129.0,test
BYPASS_20260928_V01_F02130,frame_02130.jpg,BYPASS_20260928_V01,BYPASS_20260928_V01_B04,4,2130.0,test
BYPASS_20260928_V01_F02131,frame_02131.jpg,BYPASS_20260928_V01,BYPASS_20260928_V01_B04,4,2131.0,test
BYPASS_20260928_V01_F02132,frame_02132.jpg,BYPASS_20260928_V01,BYPASS_20260928_V01_B04,4,2132.0,test
BYPASS_20260928_V01_F02133,frame_02133.jpg,BYPASS_20260928_V01,BYPASS_20260928_V01_B04,4,2133.0,test
BYPASS_20260928_V01_F02134,frame_02134.jpg,BYPASS_20260928_V01,BYPASS_20260928_V01_B04,4,2134.0,test
BYPASS_20260928_V01_F02135,frame_02135.jpg,BYPASS_20260928_V01,BYPASS_20260928_V01_B04,4,2135.0,test
BYPASS_20260928_V01_F02136,frame_02136.jpg,BYPASS_20260928_V01,BYPASS_20260928_V01_B04,4,2136.0,test
BYPASS_20260928_V01_F02137,frame_02137.jpg,BYPASS_20260928_V01,BYPASS_20260928_V01_B04,4,2137.0,test
BYPASS_20260928_V01_F02138,frame_02138.jpg,BYPASS_20260928_V01,BYPASS_20260928_V01_B04,4,2138.0,test
BYPASS_20260928_V01_F02139,frame_02139.jpg,BYPASS_20260928_V01,BYPASS_20260928_V01_B04,4,2139.0,test
BYPASS_20260928_V01_F02140,frame_02140.jpg,BYPASS_20260928_V01,BYPASS_20260928_V01_B04,4,2140.0,test
BYPASS_20260928_V01_F02141,frame_02141.jpg,BYPASS_20260928_V01,BYPASS_20260928_V01_B04,4,2141.0,test
BYPASS_20260928_V01_F02142,frame_02142.jpg,BYPASS_20260928_V01,BYPASS_20260928_V01_B04,4,2142.0,test
BYPASS_20260928_V01_F02143,frame_02143.jpg,BYPASS_20260928_V01,BYPASS_20260928_V01_B04,4,2143.0,test
BYPASS_20260928_V01_F02144,frame_02144.jpg,BYPASS_20260928_V01,BYPASS_20260928_V01_B04,4,2144.0,test
BYPASS_20260928_V01_F02145,frame_02145.jpg,BYPASS_20260928_V01,BYPASS_20260928_V01_B04,4,2145.0,test
BYPASS_20260928_V01_F02146,frame_02146.jpg,BYPASS_20260928_V01,BYPASS_20260928_V01_B04,4,2146.0,test
BYPASS_20260928_V01_F02147,frame_02147.jpg,BYPASS_20260928_V01,BYPASS_20260928_V01_B04,4,2147.0,test
BYPASS_20260928_V01_F02148,frame_02148.jpg,BYPASS_20260928_V01,BYPASS_20260928_V01_B04,4,2148.0,test
BYPASS_20260928_V01_F02149,frame_02149.jpg,BYPASS_20260928_V01,BYPASS_20260928_V01_B04,4,2149.0,test
BYPASS_20260928_V01_F02150,frame_02150.jpg,BYPASS_20260928_V01,BYPASS_20260928_V01_B04,4,2150.0,test
BYPASS_20260928_V01_F02151,frame_02151.jpg,BYPASS_20260928_V01,BYPASS_20260928_V01_B04,4,2151.0,test
BYPASS_20260928_V01_F02152,frame_02152.jpg,BYPASS_20260928_V01,BYPASS_20260928_V01_B04,4,2152.0,test
BYPASS_20260928_V01_F02153,frame_02153.jpg,BYPASS_20260928_V01,BYPASS_20260928_V01_B04,4,2153.0,test
BYPASS_20260928_V01_F02154,frame_02154.jpg,BYPASS_20260928_V01,BYPASS_20260928_V01_B04,4,2154.0,test
BYPASS_20260928_V01_F02155,frame_02155.jpg,BYPASS_20260928_V01,BYPASS_20260928_V01_B04,4,2155.0,test
BYPASS_20260928_V01_F02156,frame_02156.jpg,BYPASS_20260928_V01,BYPASS_20260928_V01_B04,4,2156.0,test
BYPASS_20260928_V01_F02157,frame_02157.jpg,BYPASS_20260928_V01,BYPASS_20260928_V01_B04,4,2157.0,test
BYPASS_20260928_V01_F02158,frame_02158.jpg,BYPASS_20260928_V01,BYPASS_20260928_V01_B04,4,2158.0,test
BYPASS_20260928_V01_F02159,frame_02159.jpg,BYPASS_20260928_V01,BYPASS_20260928_V01_B04,4,2159.0,test
BYPASS_20260928_V01_F02160,frame_02160.jpg,BYPASS_20260928_V01,BYPASS_20260928_V01_B04,4,2160.0,test
BYPASS_20260928_V01_F02161,frame_02161.jpg,BYPASS_20260928_V01,BYPASS_20260928_V01_B04,4,2161.0,test
BYPASS_20260928_V01_F02162,frame_02162.jpg,BYPASS_20260928_V01,BYPASS_20260928_V01_B04,4,2162.0,test
BYPASS_20260928_V01_F02163,frame_02163.jpg,BYPASS_20260928_V01,BYPASS_20260928_V01_B04,4,2163.0,test
BYPASS_20260928_V01_F02164,frame_02164.jpg,BYPASS_20260928_V01,BYPASS_20260928_V01_B04,4,2164.0,test
BYPASS_20260928_V01_F02165,frame_02165.jpg,BYPASS_20260928_V01,BYPASS_20260928_V01_B04,4,2165.0,test
BYPASS_20260928_V01_F02166,frame_02166.jpg,BYPASS_20260928_V01,BYPASS_20260928_V01_B04,4,2166.0,test
BYPASS_20260928_V01_F02167,frame_02167.jpg,BYPASS_20260928_V01,BYPASS_20260928_V01_B04,4,2167.0,test
BYPASS_20260928_V01_F02168,frame_02168.jpg,BYPASS_20260928_V01,BYPASS_20260928_V01_B04,4,2168.0,test
BYPASS_20260928_V01_F02169,frame_02169.jpg,BYPASS_20260928_V01,BYPASS_20260928_V01_B04,4,2169.0,test
BYPASS_20260928_V01_F02170,frame_02170.jpg,BYPASS_20260928_V01,BYPASS_20260928_V01_B04,4,2170.0,test
BYPASS_20260928_V01_F02171,frame_02171.jpg,BYPASS_20260928_V01,BYPASS_20260928_V01_B04,4,2171.0,test
BYPASS_20260928_V01_F02172,frame_02172.jpg,BYPASS_20260928_V01,BYPASS_20260928_V01_B04,4,2172.0,test
BYPASS_20260928_V01_F02173,frame_02173.jpg,BYPASS_20260928_V01,BYPASS_20260928_V01_B04,4,2173.0,test
BYPASS_20260928_V01_F02174,frame_02174.jpg,BYPASS_20260928_V01,BYPASS_20260928_V01_B04,4,2174.0,test
BYPASS_20260928_V01_F02175,frame_02175.jpg,BYPASS_20260928_V01,BYPASS_20260928_V01_B04,4,2175.0,test
BYPASS_20260928_V01_F02176,frame_02176.jpg,BYPASS_20260928_V01,BYPASS_20260928_V01_B04,4,2176.0,test
BYPASS_20260928_V01_F02177,frame_02177.jpg,BYPASS_20260928_V01,BYPASS_20260928_V01_B04,4,2177.0,test
BYPASS_20260928_V01_F02178,frame_02178.jpg,BYPASS_20260928_V01,BYPASS_20260928_V01_B04,4,2178.0,test
BYPASS_20260928_V01_F02179,frame_02179.jpg,BYPASS_20260928_V01,BYPASS_20260928_V01_B04,4,2179.0,test
BYPASS_20260928_V01_F02180,frame_02180.jpg,BYPASS_20260928_V01,BYPASS_20260928_V01_B04,4,2180.0,test
BYPASS_20260928_V01_F02181,frame_02181.jpg,BYPASS_20260928_V01,BYPASS_20260928_V01_B04,4,2181.0,test
BYPASS_20260928_V01_F02182,frame_02182.jpg,BYPASS_20260928_V01,BYPASS_20260928_V01_B04,4,2182.0,test
BYPASS_20260928_V01_F02183,frame_02183.jpg,BYPASS_20260928_V01,BYPASS_20260928_V01_B04,4,2183.0,test
BYPASS_20260928_V01_F02184,frame_02184.jpg,BYPASS_20260928_V01,BYPASS_20260928_V01_B04,4,2184.0,test
BYPASS_20260928_V01_F02185,frame_02185.jpg,BYPASS_20260928_V01,BYPASS_20260928_V01_B04,4,2185.0,test
BYPASS_20260928_V01_F02186,frame_02186.jpg,BYPASS_20260928_V01,BYPASS_20260928_V01_B04,4,2186.0,test
BYPASS_20260928_V01_F02187,frame_02187.jpg,BYPASS_20260928_V01,BYPASS_20260928_V01_B04,4,2187.0,test
BYPASS_20260928_V01_F02188,frame_02188.jpg,BYPASS_20260928_V01,BYPASS_20260928_V01_B04,4,2188.0,test
BYPASS_20260928_V01_F02189,frame_02189.jpg,BYPASS_20260928_V01,BYPASS_20260928_V01_B04,4,2189.0,test
BYPASS_20260928_V01_F02190,frame_02190.jpg,BYPASS_20260928_V01,BYPASS_20260928_V01_B04,4,2190.0,test
BYPASS_20260928_V01_F02191,frame_02191.jpg,BYPASS_20260928_V01,BYPASS_20260928_V01_B04,4,2191.0,test
BYPASS_20260928_V01_F02192,frame_02192.jpg,BYPASS_20260928_V01,BYPASS_20260928_V01_B04,4,2192.0,test
BYPASS_20260928_V01_F02193,frame_02193.jpg,BYPASS_20260928_V01,BYPASS_20260928_V01_B04,4,2193.0,test
BYPASS_20260928_V01_F02194,frame_02194.jpg,BYPASS_20260928_V01,BYPASS_20260928_V01_B04,4,2194.0,test
BYPASS_20260928_V01_F02195,frame_02195.jpg,BYPASS_20260928_V01,BYPASS_20260928_V01_B04,4,2195.0,test
BYPASS_20260928_V01_F02196,frame_02196.jpg,BYPASS_20260928_V01,BYPASS_20260928_V01_B04,4,2196.0,test
BYPASS_20260928_V01_F02197,frame_02197.jpg,BYPASS_20260928_V01,BYPASS_20260928_V01_B04,4,2197.0,test
BYPASS_20260928_V01_F02198,frame_02198.jpg,BYPASS_20260928_V01,BYPASS_20260928_V01_B04,4,2198.0,test
BYPASS_20260928_V01_F02199,frame_02199.jpg,BYPASS_20260928_V01,BYPASS_20260928_V01_B04,4,2199.0,test
BYPASS_20260928_V01_F02200,frame_02200.jpg,BYPASS_20260928_V01,BYPASS_20260928_V01_B04,4,2200.0,test
BYPASS_20260928_V01_F02201,frame_02201.jpg,BYPASS_20260928_V01,BYPASS_20260928_V01_B04,4,2201.0,test
BYPASS_20260928_V01_F02202,frame_02202.jpg,BYPASS_20260928_V01,BYPASS_20260928_V01_B04,4,2202.0,test
BYPASS_20260928_V01_F02203,frame_02203.jpg,BYPASS_20260928_V01,BYPASS_20260928_V01_B04,4,2203.0,test
BYPASS_20260928_V01_F02204,frame_02204.jpg,BYPASS_20260928_V01,BYPASS_20260928_V01_B04,4,2204.0,test
BYPASS_20260928_V01_F02205,frame_02205.jpg,BYPASS_20260928_V01,BYPASS_20260928_V01_B04,4,2205.0,test
BYPASS_20260928_V01_F02206,frame_02206.jpg,BYPASS_20260928_V01,BYPASS_20260928_V01_B04,4,2206.0,test
BYPASS_20260928_V01_F02207,frame_02207.jpg,BYPASS_20260928_V01,BYPASS_20260928_V01_B04,4,2207.0,test
BYPASS_20260928_V01_F02208,frame_02208.jpg,BYPASS_20260928_V01,BYPASS_20260928_V01_B04,4,2208.0,test
BYPASS_20260928_V01_F02209,frame_02209.jpg,BYPASS_20260928_V01,BYPASS_20260928_V01_B04,4,2209.0,test
BYPASS_20260928_V01_F02210,frame_02210.jpg,BYPASS_20260928_V01,BYPASS_20260928_V01_B04,4,2210.0,test
BYPASS_20260928_V01_F02211,frame_02211.jpg,BYPASS_20260928_V01,BYPASS_20260928_V01_B04,4,2211.0,test
BYPASS_20260928_V01_F02212,frame_02212.jpg,BYPASS_20260928_V01,BYPASS_20260928_V01_B04,4,2212.0,test
BYPASS_20260928_V01_F02213,frame_02213.jpg,BYPASS_20260928_V01,BYPASS_20260928_V01_B04,4,2213.0,test
BYPASS_20260928_V01_F02214,frame_02214.jpg,BYPASS_20260928_V01,BYPASS_20260928_V01_B04,4,2214.0,test
BYPASS_20260928_V01_F02215,frame_02215.jpg,BYPASS_20260928_V01,BYPASS_20260928_V01_B04,4,2215.0,test
BYPASS_20260928_V01_F02216,frame_02216.jpg,BYPASS_20260928_V01,BYPASS_20260928_V01_B04,4,2216.0,test
BYPASS_20260928_V01_F02217,frame_02217.jpg,BYPASS_20260928_V01,BYPASS_20260928_V01_B04,4,2217.0,test
BYPASS_20260928_V01_F02218,frame_02218.jpg,BYPASS_20260928_V01,BYPASS_20260928_V01_B04,4,2218.0,test
BYPASS_20260928_V01_F02219,frame_02219.jpg,BYPASS_20260928_V01,BYPASS_20260928_V01_B04,4,2219.0,test
BYPASS_20260928_V01_F02220,frame_02220.jpg,BYPASS_20260928_V01,BYPASS_20260928_V01_B04,4,2220.0,test
BYPASS_20260928_V01_F02221,frame_02221.jpg,BYPASS_20260928_V01,BYPASS_20260928_V01_B04,4,2221.0,test
BYPASS_20260928_V01_F02222,frame_02222.jpg,BYPASS_20260928_V01,BYPASS_20260928_V01_B04,4,2222.0,test
BYPASS_20260928_V01_F02223,frame_02223.jpg,BYPASS_20260928_V01,BYPASS_20260928_V01_B04,4,2223.0,test
BYPASS_20260928_V01_F02224,frame_02224.jpg,BYPASS_20260928_V01,BYPASS_20260928_V01_B04,4,2224.0,test
BYPASS_20260928_V01_F02225,frame_02225.jpg,BYPASS_20260928_V01,BYPASS_20260928_V01_B04,4,2225.0,test
BYPASS_20260928_V01_F02226,frame_02226.jpg,BYPASS_20260928_V01,BYPASS_20260928_V01_B04,4,2226.0,test
BYPASS_20260928_V01_F02227,frame_02227.jpg,BYPASS_20260928_V01,BYPASS_20260928_V01_B04,4,2227.0,test
BYPASS_20260928_V01_F02228,frame_02228.jpg,BYPASS_20260928_V01,BYPASS_20260928_V01_B04,4,2228.0,test
BYPASS_20260928_V01_F02229,frame_02229.jpg,BYPASS_20260928_V01,BYPASS_20260928_V01_B04,4,2229.0,test
BYPASS_20260928_V01_F02230,frame_02230.jpg,BYPASS_20260928_V01,BYPASS_20260928_V01_B04,4,2230.0,test
BYPASS_20260928_V01_F02231,frame_02231.jpg,BYPASS_20260928_V01,BYPASS_20260928_V01_B04,4,2231.0,test
BYPASS_20260928_V01_F02232,frame_02232.jpg,BYPASS_20260928_V01,BYPASS_20260928_V01_B04,4,2232.0,test
BYPASS_20260928_V01_F02233,frame_02233.jpg,BYPASS_20260928_V01,BYPASS_20260928_V01_B04,4,2233.0,test
BYPASS_20260928_V01_F02234,frame_02234.jpg,BYPASS_20260928_V01,BYPASS_20260928_V01_B04,4,2234.0,test
BYPASS_20260928_V01_F02235,frame_02235.jpg,BYPASS_20260928_V01,BYPASS_20260928_V01_B04,4,2235.0,test
BYPASS_20260928_V01_F02236,frame_02236.jpg,BYPASS_20260928_V01,BYPASS_20260928_V01_B04,4,2236.0,test
BYPASS_20260928_V01_F02237,frame_02237.jpg,BYPASS_20260928_V01,BYPASS_20260928_V01_B04,4,2237.0,test
BYPASS_20260928_V01_F02238,frame_02238.jpg,BYPASS_20260928_V01,BYPASS_20260928_V01_B04,4,2238.0,test
BYPASS_20260928_V01_F02239,frame_02239.jpg,BYPASS_20260928_V01,BYPASS_20260928_V01_B04,4,2239.0,test
BYPASS_20260928_V01_F02240,frame_02240.jpg,BYPASS_20260928_V01,BYPASS_20260928_V01_B04,4,2240.0,test
BYPASS_20260928_V01_F02241,frame_02241.jpg,BYPASS_20260928_V01,BYPASS_20260928_V01_B04,4,2241.0,test
BYPASS_20260928_V01_F02242,frame_02242.jpg,BYPASS_20260928_V01,BYPASS_20260928_V01_B04,4,2242.0,test
BYPASS_20260928_V01_F02243,frame_02243.jpg,BYPASS_20260928_V01,BYPASS_20260928_V01_B04,4,2243.0,test
BYPASS_20260928_V01_F02244,frame_02244.jpg,BYPASS_20260928_V01,BYPASS_20260928_V01_B04,4,2244.0,test
BYPASS_20260928_V01_F02245,frame_02245.jpg,BYPASS_20260928_V01,BYPASS_20260928_V01_B04,4,2245.0,test
BYPASS_20260928_V01_F02246,frame_02246.jpg,BYPASS_20260928_V01,BYPASS_20260928_V01_B04,4,2246.0,test
BYPASS_20260928_V01_F02247,frame_02247.jpg,BYPASS_20260928_V01,BYPASS_20260928_V01_B04,4,2247.0,test
BYPASS_20260928_V01_F02248,frame_02248.jpg,BYPASS_20260928_V01,BYPASS_20260928_V01_B04,4,2248.0,test
BYPASS_20260928_V01_F02249,frame_02249.jpg,BYPASS_20260928_V01,BYPASS_20260928_V01_B04,4,2249.0,test
BYPASS_20260928_V01_F02250,frame_02250.jpg,BYPASS_20260928_V01,BYPASS_20260928_V01_B04,4,2250.0,test
BYPASS_20260928_V01_F02251,frame_02251.jpg,BYPASS_20260928_V01,BYPASS_20260928_V01_B04,4,2251.0,test
BYPASS_20260928_V01_F02252,frame_02252.jpg,BYPASS_20260928_V01,BYPASS_20260928_V01_B04,4,2252.0,test
BYPASS_20260928_V01_F02253,frame_02253.jpg,BYPASS_20260928_V01,BYPASS_20260928_V01_B04,4,2253.0,test
BYPASS_20260928_V01_F02254,frame_02254.jpg,BYPASS_20260928_V01,BYPASS_20260928_V01_B04,4,2254.0,test
BYPASS_20260928_V01_F02255,frame_02255.jpg,BYPASS_20260928_V01,BYPASS_20260928_V01_B04,4,2255.0,test
BYPASS_20260928_V01_F02256,frame_02256.jpg,BYPASS_20260928_V01,BYPASS_20260928_V01_B04,4,2256.0,test
BYPASS_20260928_V01_F02257,frame_02257.jpg,BYPASS_20260928_V01,BYPASS_20260928_V01_B04,4,2257.0,test
BYPASS_20260928_V01_F02258,frame_02258.jpg,BYPASS_20260928_V01,BYPASS_20260928_V01_B04,4,2258.0,test
BYPASS_20260928_V01_F02259,frame_02259.jpg,BYPASS_20260928_V01,BYPASS_20260928_V01_B04,4,2259.0,test
BYPASS_20260928_V01_F02260,frame_02260.jpg,BYPASS_20260928_V01,BYPASS_20260928_V01_B04,4,2260.0,test
BYPASS_20260928_V01_F02261,frame_02261.jpg,BYPASS_20260928_V01,BYPASS_20260928_V01_B04,4,2261.0,test
BYPASS_20260928_V01_F02262,frame_02262.jpg,BYPASS_20260928_V01,BYPASS_20260928_V01_B04,4,2262.0,test
BYPASS_20260928_V01_F02263,frame_02263.jpg,BYPASS_20260928_V01,BYPASS_20260928_V01_B04,4,2263.0,test
BYPASS_20260928_V01_F02264,frame_02264.jpg,BYPASS_20260928_V01,BYPASS_20260928_V01_B04,4,2264.0,test
BYPASS_20260928_V01_F02265,frame_02265.jpg,BYPASS_20260928_V01,BYPASS_20260928_V01_B04,4,2265.0,test
BYPASS_20260928_V01_F02266,frame_02266.jpg,BYPASS_20260928_V01,BYPASS_20260928_V01_B04,4,2266.0,test
BYPASS_20260928_V01_F02267,frame_02267.jpg,BYPASS_20260928_V01,BYPASS_20260928_V01_B04,4,2267.0,test
BYPASS_20260928_V01_F02268,frame_02268.jpg,BYPASS_20260928_V01,BYPASS_20260928_V01_B04,4,2268.0,test
BYPASS_20260928_V01_F02269,frame_02269.jpg,BYPASS_20260928_V01,BYPASS_20260928_V01_B04,4,2269.0,test
BYPASS_20260928_V01_F02270,frame_02270.jpg,BYPASS_20260928_V01,BYPASS_20260928_V01_B04,4,2270.0,test
BYPASS_20260928_V01_F02271,frame_02271.jpg,BYPASS_20260928_V01,BYPASS_20260928_V01_B04,4,2271.0,test
BYPASS_20260928_V01_F02272,frame_02272.jpg,BYPASS_20260928_V01,BYPASS_20260928_V01_B04,4,2272.0,test
BYPASS_20260928_V01_F02273,frame_02273.jpg,BYPASS_20260928_V01,BYPASS_20260928_V01_B04,4,2273.0,test
BYPASS_20260928_V01_F02274,frame_02274.jpg,BYPASS_20260928_V01,BYPASS_20260928_V01_B04,4,2274.0,test
BYPASS_20260928_V01_F02275,frame_02275.jpg,BYPASS_20260928_V01,BYPASS_20260928_V01_B04,4,2275.0,test
BYPASS_20260928_V01_F02276,frame_02276.jpg,BYPASS_20260928_V01,BYPASS_20260928_V01_B04,4,2276.0,test
BYPASS_20260928_V01_F02277,frame_02277.jpg,BYPASS_20260928_V01,BYPASS_20260928_V01_B04,4,2277.0,test
BYPASS_20260928_V01_F02278,frame_02278.jpg,BYPASS_20260928_V01,BYPASS_20260928_V01_B04,4,2278.0,test
BYPASS_20260928_V01_F02279,frame_02279.jpg,BYPASS_20260928_V01,BYPASS_20260928_V01_B04,4,2279.0,test
BYPASS_20260928_V01_F02280,frame_02280.jpg,BYPASS_20260928_V01,BYPASS_20260928_V01_B04,4,2280.0,test
BYPASS_20260928_V01_F02281,frame_02281.jpg,BYPASS_20260928_V01,BYPASS_20260928_V01_B04,4,2281.0,test
BYPASS_20260928_V01_F02282,frame_02282.jpg,BYPASS_20260928_V01,BYPASS_20260928_V01_B04,4,2282.0,test
BYPASS_20260928_V01_F02283,frame_02283.jpg,BYPASS_20260928_V01,BYPASS_20260928_V01_B04,4,2283.0,test
BYPASS_20260928_V01_F02284,frame_02284.jpg,BYPASS_20260928_V01,BYPASS_20260928_V01_B04,4,2284.0,test
BYPASS_20260928_V01_F02285,frame_02285.jpg,BYPASS_20260928_V01,BYPASS_20260928_V01_B04,4,2285.0,test
BYPASS_20260928_V01_F02286,frame_02286.jpg,BYPASS_20260928_V01,BYPASS_20260928_V01_B04,4,2286.0,test
BYPASS_20260928_V01_F02287,frame_02287.jpg,BYPASS_20260928_V01,BYPASS_20260928_V01_B04,4,2287.0,test
BYPASS_20260928_V01_F02288,frame_02288.jpg,BYPASS_20260928_V01,BYPASS_20260928_V01_B04,4,2288.0,test
BYPASS_20260928_V01_F02289,frame_02289.jpg,BYPASS_20260928_V01,BYPASS_20260928_V01_B04,4,2289.0,test
BYPASS_20260928_V01_F02290,frame_02290.jpg,BYPASS_20260928_V01,BYPASS_20260928_V01_B04,4,2290.0,test
BYPASS_20260928_V01_F02291,frame_02291.jpg,BYPASS_20260928_V01,BYPASS_20260928_V01_B04,4,2291.0,test
BYPASS_20260928_V01_F02292,frame_02292.jpg,BYPASS_20260928_V01,BYPASS_20260928_V01_B04,4,2292.0,test
BYPASS_20260928_V01_F02293,frame_02293.jpg,BYPASS_20260928_V01,BYPASS_20260928_V01_B04,4,2293.0,test
BYPASS_20260928_V01_F02294,frame_02294.jpg,BYPASS_20260928_V01,BYPASS_20260928_V01_B04,4,2294.0,test
BYPASS_20260928_V01_F02295,frame_02295.jpg,BYPASS_20260928_V01,BYPASS_20260928_V01_B04,4,2295.0,test
BYPASS_20260928_V01_F02296,frame_02296.jpg,BYPASS_20260928_V01,BYPASS_20260928_V01_B04,4,2296.0,test
BYPASS_20260928_V01_F02297,frame_02297.jpg,BYPASS_20260928_V01,BYPASS_20260928_V01_B04,4,2297.0,test
BYPASS_20260928_V01_F02298,frame_02298.jpg,BYPASS_20260928_V01,BYPASS_20260928_V01_B04,4,2298.0,test
BYPASS_20260928_V01_F02299,frame_02299.jpg,BYPASS_20260928_V01,BYPASS_20260928_V01_B04,4,2299.0,test
BYPASS_20260928_V01_F02300,frame_02300.jpg,BYPASS_20260928_V01,BYPASS_20260928_V01_B04,4,2300.0,test
BYPASS_20260928_V01_F02301,frame_02301.jpg,BYPASS_20260928_V01,BYPASS_20260928_V01_B04,4,2301.0,test
BYPASS_20260928_V01_F02302,frame_02302.jpg,BYPASS_20260928_V01,BYPASS_20260928_V01_B04,4,2302.0,test
BYPASS_20260928_V01_F02303,frame_02303.jpg,BYPASS_20260928_V01,BYPASS_20260928_V01_B04,4,2303.0,test
BYPASS_20260928_V01_F02304,frame_02304.jpg,BYPASS_20260928_V01,BYPASS_20260928_V01_B04,4,2304.0,test
BYPASS_20260928_V01_F02305,frame_02305.jpg,BYPASS_20260928_V01,BYPASS_20260928_V01_B04,4,2305.0,test
BYPASS_20260928_V01_F02306,frame_02306.jpg,BYPASS_20260928_V01,BYPASS_20260928_V01_B04,4,2306.0,test
BYPASS_20260928_V01_F02307,frame_02307.jpg,BYPASS_20260928_V01,BYPASS_20260928_V01_B04,4,2307.0,test
BYPASS_20260928_V01_F02308,frame_02308.jpg,BYPASS_20260928_V01,BYPASS_20260928_V01_B04,4,2308.0,test
BYPASS_20260928_V01_F02309,frame_02309.jpg,BYPASS_20260928_V01,BYPASS_20260928_V01_B04,4,2309.0,test
BYPASS_20260928_V01_F02310,frame_02310.jpg,BYPASS_20260928_V01,BYPASS_20260928_V01_B04,4,2310.0,test
BYPASS_20260928_V01_F02311,frame_02311.jpg,BYPASS_20260928_V01,BYPASS_20260928_V01_B04,4,2311.0,test
BYPASS_20260928_V01_F02312,frame_02312.jpg,BYPASS_20260928_V01,BYPASS_20260928_V01_B04,4,2312.0,test
BYPASS_20260928_V01_F02313,frame_02313.jpg,BYPASS_20260928_V01,BYPASS_20260928_V01_B04,4,2313.0,test
BYPASS_20260928_V01_F02314,frame_02314.jpg,BYPASS_20260928_V01,BYPASS_20260928_V01_B04,4,2314.0,test
BYPASS_20260928_V01_F02315,frame_02315.jpg,BYPASS_20260928_V01,BYPASS_20260928_V01_B04,4,2315.0,test
BYPASS_20260928_V01_F02316,frame_02316.jpg,BYPASS_20260928_V01,BYPASS_20260928_V01_B04,4,2316.0,test
BYPASS_20260928_V01_F02317,frame_02317.jpg,BYPASS_20260928_V01,BYPASS_20260928_V01_B04,4,2317.0,test
BYPASS_20260928_V01_F02318,frame_02318.jpg,BYPASS_20260928_V01,BYPASS_20260928_V01_B04,4,2318.0,test
BYPASS_20260928_V01_F02319,frame_02319.jpg,BYPASS_20260928_V01,BYPASS_20260928_V01_B04,4,2319.0,test
BYPASS_20260928_V01_F02320,frame_02320.jpg,BYPASS_20260928_V01,BYPASS_20260928_V01_B04,4,2320.0,test
BYPASS_20260928_V01_F02321,frame_02321.jpg,BYPASS_20260928_V01,BYPASS_20260928_V01_B04,4,2321.0,test
BYPASS_20260928_V01_F02322,frame_02322.jpg,BYPASS_20260928_V01,BYPASS_20260928_V01_B04,4,2322.0,test
BYPASS_20260928_V01_F02323,frame_02323.jpg,BYPASS_20260928_V01,BYPASS_20260928_V01_B04,4,2323.0,test
BYPASS_20260928_V01_F02324,frame_02324.jpg,BYPASS_20260928_V01,BYPASS_20260928_V01_B04,4,2324.0,test
BYPASS_20260928_V01_F02325,frame_02325.jpg,BYPASS_20260928_V01,BYPASS_20260928_V01_B04,4,2325.0,test
BYPASS_20260928_V01_F02326,frame_02326.jpg,BYPASS_20260928_V01,BYPASS_20260928_V01_B04,4,2326.0,test
BYPASS_20260928_V01_F02327,frame_02327.jpg,BYPASS_20260928_V01,BYPASS_20260928_V01_B04,4,2327.0,test
BYPASS_20260928_V01_F02328,frame_02328.jpg,BYPASS_20260928_V01,BYPASS_20260928_V01_B04,4,2328.0,test
BYPASS_20260928_V01_F02329,frame_02329.jpg,BYPASS_20260928_V01,BYPASS_20260928_V01_B04,4,2329.0,test
BYPASS_20260928_V01_F02330,frame_02330.jpg,BYPASS_20260928_V01,BYPASS_20260928_V01_B04,4,2330.0,test
BYPASS_20260928_V01_F02331,frame_02331.jpg,BYPASS_20260928_V01,BYPASS_20260928_V01_B04,4,2331.0,test
BYPASS_20260928_V01_F02332,frame_02332.jpg,BYPASS_20260928_V01,BYPASS_20260928_V01_B04,4,2332.0,test
BYPASS_20260928_V01_F02333,frame_02333.jpg,BYPASS_20260928_V01,BYPASS_20260928_V01_B04,4,2333.0,test
BYPASS_20260928_V01_F02334,frame_02334.jpg,BYPASS_20260928_V01,BYPASS_20260928_V01_B04,4,2334.0,test
BYPASS_20260928_V01_F02335,frame_02335.jpg,BYPASS_20260928_V01,BYPASS_20260928_V01_B04,4,2335.0,test
BYPASS_20260928_V01_F02336,frame_02336.jpg,BYPASS_20260928_V01,BYPASS_20260928_V01_B04,4,2336.0,test
BYPASS_20260928_V01_F02337,frame_02337.jpg,BYPASS_20260928_V01,BYPASS_20260928_V01_B04,4,2337.0,test
BYPASS_20260928_V01_F02338,frame_02338.jpg,BYPASS_20260928_V01,BYPASS_20260928_V01_B04,4,2338.0,test
BYPASS_20260928_V01_F02339,frame_02339.jpg,BYPASS_20260928_V01,BYPASS_20260928_V01_B04,4,2339.0,test
BYPASS_20260928_V01_F02340,frame_02340.jpg,BYPASS_20260928_V01,BYPASS_20260928_V01_B04,4,2340.0,test
BYPASS_20260928_V01_F02341,frame_02341.jpg,BYPASS_20260928_V01,BYPASS_20260928_V01_B04,4,2341.0,test
BYPASS_20260928_V01_F02342,frame_02342.jpg,BYPASS_20260928_V01,BYPASS_20260928_V01_B04,4,2342.0,test
BYPASS_20260928_V01_F02343,frame_02343.jpg,BYPASS_20260928_V01,BYPASS_20260928_V01_B04,4,2343.0,test
BYPASS_20260928_V01_F02344,frame_02344.jpg,BYPASS_20260928_V01,BYPASS_20260928_V01_B04,4,2344.0,test
BYPASS_20260928_V01_F02345,frame_02345.jpg,BYPASS_20260928_V01,BYPASS_20260928_V01_B04,4,2345.0,test
BYPASS_20260928_V01_F02346,frame_02346.jpg,BYPASS_20260928_V01,BYPASS_20260928_V01_B04,4,2346.0,test
BYPASS_20260928_V01_F02347,frame_02347.jpg,BYPASS_20260928_V01,BYPASS_20260928_V01_B04,4,2347.0,test
BYPASS_20260928_V01_F02348,frame_02348.jpg,BYPASS_20260928_V01,BYPASS_20260928_V01_B04,4,2348.0,test
BYPASS_20260928_V01_F02349,frame_02349.jpg,BYPASS_20260928_V01,BYPASS_20260928_V01_B04,4,2349.0,test
BYPASS_20260928_V01_F02350,frame_02350.jpg,BYPASS_20260928_V01,BYPASS_20260928_V01_B04,4,2350.0,test
BYPASS_20260928_V01_F02351,frame_02351.jpg,BYPASS_20260928_V01,BYPASS_20260928_V01_B04,4,2351.0,test
BYPASS_20260928_V01_F02352,frame_02352.jpg,BYPASS_20260928_V01,BYPASS_20260928_V01_B04,4,2352.0,test
BYPASS_20260928_V01_F02353,frame_02353.jpg,BYPASS_20260928_V01,BYPASS_20260928_V01_B04,4,2353.0,test
BYPASS_20260928_V01_F02354,frame_02354.jpg,BYPASS_20260928_V01,BYPASS_20260928_V01_B04,4,2354.0,test
BYPASS_20260928_V01_F02355,frame_02355.jpg,BYPASS_20260928_V01,BYPASS_20260928_V01_B04,4,2355.0,test
BYPASS_20260928_V01_F02356,frame_02356.jpg,BYPASS_20260928_V01,BYPASS_20260928_V01_B04,4,2356.0,test
BYPASS_20260928_V01_F02357,frame_02357.jpg,BYPASS_20260928_V01,BYPASS_20260928_V01_B04,4,2357.0,test
BYPASS_20260928_V01_F02358,frame_02358.jpg,BYPASS_20260928_V01,BYPASS_20260928_V01_B04,4,2358.0,test
BYPASS_20260928_V01_F02359,frame_02359.jpg,BYPASS_20260928_V01,BYPASS_20260928_V01_B04,4,2359.0,test
BYPASS_20260928_V01_F02360,frame_02360.jpg,BYPASS_20260928_V01,BYPASS_20260928_V01_B04,4,2360.0,test
BYPASS_20260928_V01_F02361,frame_02361.jpg,BYPASS_20260928_V01,BYPASS_20260928_V01_B04,4,2361.0,test
BYPASS_20260928_V01_F02362,frame_02362.jpg,BYPASS_20260928_V01,BYPASS_20260928_V01_B04,4,2362.0,test
BYPASS_20260928_V01_F02363,frame_02363.jpg,BYPASS_20260928_V01,BYPASS_20260928_V01_B04,4,2363.0,test
BYPASS_20260928_V01_F02364,frame_02364.jpg,BYPASS_20260928_V01,BYPASS_20260928_V01_B04,4,2364.0,test
BYPASS_20260928_V01_F02365,frame_02365.jpg,BYPASS_20260928_V01,BYPASS_20260928_V01_B04,4,2365.0,test
BYPASS_20260928_V01_F02366,frame_02366.jpg,BYPASS_20260928_V01,BYPASS_20260928_V01_B04,4,2366.0,test
BYPASS_20260928_V01_F02367,frame_02367.jpg,BYPASS_20260928_V01,BYPASS_20260928_V01_B04,4,2367.0,test
BYPASS_20260928_V01_F02368,frame_02368.jpg,BYPASS_20260928_V01,BYPASS_20260928_V01_B04,4,2368.0,test
BYPASS_20260928_V01_F02369,frame_02369.jpg,BYPASS_20260928_V01,BYPASS_20260928_V01_B04,4,2369.0,test
BYPASS_20260928_V01_F02370,frame_02370.jpg,BYPASS_20260928_V01,BYPASS_20260928_V01_B04,4,2370.0,test
BYPASS_20260928_V01_F02371,frame_02371.jpg,BYPASS_20260928_V01,BYPASS_20260928_V01_B04,4,2371.0,test
BYPASS_20260928_V01_F02372,frame_02372.jpg,BYPASS_20260928_V01,BYPASS_20260928_V01_B04,4,2372.0,test
BYPASS_20260928_V01_F02373,frame_02373.jpg,BYPASS_20260928_V01,BYPASS_20260928_V01_B04,4,2373.0,test
BYPASS_20260928_V01_F02374,frame_02374.jpg,BYPASS_20260928_V01,BYPASS_20260928_V01_B04,4,2374.0,test
BYPASS_20260928_V01_F02375,frame_02375.jpg,BYPASS_20260928_V01,BYPASS_20260928_V01_B04,4,2375.0,test
BYPASS_20260928_V01_F02376,frame_02376.jpg,BYPASS_20260928_V01,BYPASS_20260928_V01_B04,4,2376.0,test
BYPASS_20260928_V01_F02377,frame_02377.jpg,BYPASS_20260928_V01,BYPASS_20260928_V01_B04,4,2377.0,test
BYPASS_20260928_V01_F02378,frame_02378.jpg,BYPASS_20260928_V01,BYPASS_20260928_V01_B04,4,2378.0,test
BYPASS_20260928_V01_F02379,frame_02379.jpg,BYPASS_20260928_V01,BYPASS_20260928_V01_B04,4,2379.0,test
BYPASS_20260928_V01_F02380,frame_02380.jpg,BYPASS_20260928_V01,BYPASS_20260928_V01_B04,4,2380.0,test
BYPASS_20260928_V01_F02381,frame_02381.jpg,BYPASS_20260928_V01,BYPASS_20260928_V01_B04,4,2381.0,test
BYPASS_20260928_V01_F02382,frame_02382.jpg,BYPASS_20260928_V01,BYPASS_20260928_V01_B04,4,2382.0,test
BYPASS_20260928_V01_F02383,frame_02383.jpg,BYPASS_20260928_V01,BYPASS_20260928_V01_B04,4,2383.0,test
BYPASS_20260928_V01_F02384,frame_02384.jpg,BYPASS_20260928_V01,BYPASS_20260928_V01_B04,4,2384.0,test
BYPASS_20260928_V01_F02385,frame_02385.jpg,BYPASS_20260928_V01,BYPASS_20260928_V01_B04,4,2385.0,test
BYPASS_20260928_V01_F02386,frame_02386.jpg,BYPASS_20260928_V01,BYPASS_20260928_V01_B04,4,2386.0,test
BYPASS_20260928_V01_F02387,frame_02387.jpg,BYPASS_20260928_V01,BYPASS_20260928_V01_B04,4,2387.0,test
BYPASS_20260928_V01_F02388,frame_02388.jpg,BYPASS_20260928_V01,BYPASS_20260928_V01_B04,4,2388.0,test
BYPASS_20260928_V01_F02389,frame_02389.jpg,BYPASS_20260928_V01,BYPASS_20260928_V01_B04,4,2389.0,test
BYPASS_20260928_V01_F02390,frame_02390.jpg,BYPASS_20260928_V01,BYPASS_20260928_V01_B04,4,2390.0,test
BYPASS_20260928_V01_F02391,frame_02391.jpg,BYPASS_20260928_V01,BYPASS_20260928_V01_B04,4,2391.0,test
BYPASS_20260928_V01_F02392,frame_02392.jpg,BYPASS_20260928_V01,BYPASS_20260928_V01_B04,4,2392.0,test
BYPASS_20260928_V01_F02393,frame_02393.jpg,BYPASS_20260928_V01,BYPASS_20260928_V01_B04,4,2393.0,test
BYPASS_20260928_V01_F02394,frame_02394.jpg,BYPASS_20260928_V01,BYPASS_20260928_V01_B04,4,2394.0,test
BYPASS_20260928_V01_F02395,frame_02395.jpg,BYPASS_20260928_V01,BYPASS_20260928_V01_B04,4,2395.0,test
BYPASS_20260928_V01_F02396,frame_02396.jpg,BYPASS_20260928_V01,BYPASS_20260928_V01_B04,4,2396.0,test
BYPASS_20260928_V01_F02397,frame_02397.jpg,BYPASS_20260928_V01,BYPASS_20260928_V01_B04,4,2397.0,test
BYPASS_20260928_V01_F02398,frame_02398.jpg,BYPASS_20260928_V01,BYPASS_20260928_V01_B04,4,2398.0,test
BYPASS_20260928_V01_F02399,frame_02399.jpg,BYPASS_20260928_V01,BYPASS_20260928_V01_B04,4,2399.0,test
BYPASS_20260928_V01_F02400,frame_02400.jpg,BYPASS_20260928_V01,BYPASS_20260928_V01_B04,4,2400.0,test
BYPASS_20260928_V01_F02401,frame_02401.jpg,BYPASS_20260928_V01,BYPASS_20260928_V01_B04,4,2401.0,test
BYPASS_20260928_V01_F02402,frame_02402.jpg,BYPASS_20260928_V01,BYPASS_20260928_V01_B04,4,2402.0,test
BYPASS_20260928_V01_F02403,frame_02403.jpg,BYPASS_20260928_V01,BYPASS_20260928_V01_B04,4,2403.0,test
BYPASS_20260928_V01_F02404,frame_02404.jpg,BYPASS_20260928_V01,BYPASS_20260928_V01_B04,4,2404.0,test
BYPASS_20260928_V01_F02405,frame_02405.jpg,BYPASS_20260928_V01,BYPASS_20260928_V01_B04,4,2405.0,test
BYPASS_20260928_V01_F02406,frame_02406.jpg,BYPASS_20260928_V01,BYPASS_20260928_V01_B04,4,2406.0,test
BYPASS_20260928_V01_F02407,frame_02407.jpg,BYPASS_20260928_V01,BYPASS_20260928_V01_B04,4,2407.0,test
BYPASS_20260928_V01_F02408,frame_02408.jpg,BYPASS_20260928_V01,BYPASS_20260928_V01_B04,4,2408.0,test
BYPASS_20260928_V01_F02409,frame_02409.jpg,BYPASS_20260928_V01,BYPASS_20260928_V01_B04,4,2409.0,test
BYPASS_20260928_V01_F02410,frame_02410.jpg,BYPASS_20260928_V01,BYPASS_20260928_V01_B04,4,2410.0,test
BYPASS_20260928_V01_F02411,frame_02411.jpg,BYPASS_20260928_V01,BYPASS_20260928_V01_B04,4,2411.0,test
BYPASS_20260928_V01_F02412,frame_02412.jpg,BYPASS_20260928_V01,BYPASS_20260928_V01_B04,4,2412.0,test
BYPASS_20260928_V01_F02413,frame_02413.jpg,BYPASS_20260928_V01,BYPASS_20260928_V01_B04,4,2413.0,test
BYPASS_20260928_V01_F02414,frame_02414.jpg,BYPASS_20260928_V01,BYPASS_20260928_V01_B04,4,2414.0,test
BYPASS_20260928_V01_F02415,frame_02415.jpg,BYPASS_20260928_V01,BYPASS_20260928_V01_B04,4,2415.0,test
BYPASS_20260928_V01_F02416,frame_02416.jpg,BYPASS_20260928_V01,BYPASS_20260928_V01_B04,4,2416.0,test
BYPASS_20260928_V01_F02417,frame_02417.jpg,BYPASS_20260928_V01,BYPASS_20260928_V01_B04,4,2417.0,test
BYPASS_20260928_V01_F02418,frame_02418.jpg,BYPASS_20260928_V01,BYPASS_20260928_V01_B04,4,2418.0,test
BYPASS_20260928_V01_F02419,frame_02419.jpg,BYPASS_20260928_V01,BYPASS_20260928_V01_B04,4,2419.0,test
BYPASS_20260928_V01_F02420,frame_02420.jpg,BYPASS_20260928_V01,BYPASS_20260928_V01_B04,4,2420.0,test
BYPASS_20260928_V01_F02421,frame_02421.jpg,BYPASS_20260928_V01,BYPASS_20260928_V01_B04,4,2421.0,test
BYPASS_20260928_V01_F02422,frame_02422.jpg,BYPASS_20260928_V01,BYPASS_20260928_V01_B04,4,2422.0,test
BYPASS_20260928_V01_F02423,frame_02423.jpg,BYPASS_20260928_V01,BYPASS_20260928_V01_B04,4,2423.0,test
BYPASS_20260928_V01_F02424,frame_02424.jpg,BYPASS_20260928_V01,BYPASS_20260928_V01_B04,4,2424.0,test
BYPASS_20260928_V01_F02425,frame_02425.jpg,BYPASS_20260928_V01,BYPASS_20260928_V01_B04,4,2425.0,test
BYPASS_20260928_V01_F02426,frame_02426.jpg,BYPASS_20260928_V01,BYPASS_20260928_V01_B04,4,2426.0,test
BYPASS_20260928_V01_F02427,frame_02427.jpg,BYPASS_20260928_V01,BYPASS_20260928_V01_B04,4,2427.0,test
BYPASS_20260928_V01_F02428,frame_02428.jpg,BYPASS_20260928_V01,BYPASS_20260928_V01_B04,4,2428.0,test
BYPASS_20260928_V01_F02429,frame_02429.jpg,BYPASS_20260928_V01,BYPASS_20260928_V01_B04,4,2429.0,test
BYPASS_20260928_V01_F02430,frame_02430.jpg,BYPASS_20260928_V01,BYPASS_20260928_V01_B04,4,2430.0,test
BYPASS_20260928_V01_F02431,frame_02431.jpg,BYPASS_20260928_V01,BYPASS_20260928_V01_B04,4,2431.0,test
BYPASS_20260928_V01_F02432,frame_02432.jpg,BYPASS_20260928_V01,BYPASS_20260928_V01_B04,4,2432.0,test
BYPASS_20260928_V01_F02433,frame_02433.jpg,BYPASS_20260928_V01,BYPASS_20260928_V01_B04,4,2433.0,test
BYPASS_20260928_V01_F02434,frame_02434.jpg,BYPASS_20260928_V01,BYPASS_20260928_V01_B04,4,2434.0,test
BYPASS_20260928_V01_F02435,frame_02435.jpg,BYPASS_20260928_V01,BYPASS_20260928_V01_B04,4,2435.0,test
BYPASS_20260928_V01_F02436,frame_02436.jpg,BYPASS_20260928_V01,BYPASS_20260928_V01_B04,4,2436.0,test
BYPASS_20260928_V01_F02437,frame_02437.jpg,BYPASS_20260928_V01,BYPASS_20260928_V01_B04,4,2437.0,test
BYPASS_20260928_V01_F02438,frame_02438.jpg,BYPASS_20260928_V01,BYPASS_20260928_V01_B04,4,2438.0,test
BYPASS_20260928_V01_F02439,frame_02439.jpg,BYPASS_20260928_V01,BYPASS_20260928_V01_B04,4,2439.0,test
BYPASS_20260928_V01_F02440,frame_02440.jpg,BYPASS_20260928_V01,BYPASS_20260928_V01_B04,4,2440.0,test
BYPASS_20260928_V01_F02441,frame_02441.jpg,BYPASS_20260928_V01,BYPASS_20260928_V01_B04,4,2441.0,test
BYPASS_20260928_V01_F02442,frame_02442.jpg,BYPASS_20260928_V01,BYPASS_20260928_V01_B04,4,2442.0,test
BYPASS_20260928_V01_F02443,frame_02443.jpg,BYPASS_20260928_V01,BYPASS_20260928_V01_B04,4,2443.0,test
BYPASS_20260928_V01_F02444,frame_02444.jpg,BYPASS_20260928_V01,BYPASS_20260928_V01_B04,4,2444.0,test
BYPASS_20260928_V01_F02445,frame_02445.jpg,BYPASS_20260928_V01,BYPASS_20260928_V01_B04,4,2445.0,test
BYPASS_20260928_V01_F02446,frame_02446.jpg,BYPASS_20260928_V01,BYPASS_20260928_V01_B04,4,2446.0,test
BYPASS_20260928_V01_F02447,frame_02447.jpg,BYPASS_20260928_V01,BYPASS_20260928_V01_B04,4,2447.0,test
BYPASS_20260928_V01_F02448,frame_02448.jpg,BYPASS_20260928_V01,BYPASS_20260928_V01_B04,4,2448.0,test
BYPASS_20260928_V01_F02449,frame_02449.jpg,BYPASS_20260928_V01,BYPASS_20260928_V01_B04,4,2449.0,test
BYPASS_20260928_V01_F02450,frame_02450.jpg,BYPASS_20260928_V01,BYPASS_20260928_V01_B04,4,2450.0,test
BYPASS_20260928_V01_F02451,frame_02451.jpg,BYPASS_20260928_V01,BYPASS_20260928_V01_B04,4,2451.0,test
