frame_id,filename,segundo,dx_px,dy_px,similitud_ref,cambio_sup,estado
BYPASS_20260928_V01_F00005,frame_00005.jpg,5.0,-18.920388752072768,-191.4098021164819,0.5205359868797255,0.0,ENCUADRE_DISTINTO
BYPASS_20260928_V01_F00006,frame_00006.jpg,6.0,-23.141127445611488,-171.81158400681383,0.5296698177302325,0.0,ENCUADRE_DISTINTO
BYPASS_20260928_V01_F00007,frame_00007.jpg,7.0,-23.559240101793705,-165.06781607552324,0.5361187865704666,0.0,ENCUADRE_DISTINTO
BYPASS_20260928_V01_F00008,frame_00008.jpg,8.0,9.240460806516353,-290.5636322074869,0.029134596681889193,0.0,ENCUADRE_DISTINTO
BYPASS_20260928_V01_F00009,frame_00009.jpg,9.0,-233.61958416595155,-81.68434399422364,-0.006356844563543061,0.0,ENCUADRE_DISTINTO
BYPASS_20260928_V01_F00010,frame_00010.jpg,10.0,62.28310932130003,-111.97120095770117,0.035521614698716154,0.0,ENCUADRE_DISTINTO
BYPASS_20260928_V01_F00011,frame_00011.jpg,11.0,20.83296951604663,-161.36240684058896,-0.04457541843991221,0.0,ENCUADRE_DISTINTO
BYPASS_20260928_V01_F00012,frame_00012.jpg,12.0,100.74503715419638,-192.98119514999817,-0.00900617418465791,0.0,ENCUADRE_DISTINTO
BYPASS_20260928_V01_F00013,frame_00013.jpg,13.0,181.46446971353686,-151.036863979576,0.02383901263460701,0.0,ENCUADRE_DISTINTO
BYPASS_20260928_V01_F00014,frame_00014.jpg,14.0,15.157585730445618,-129.9258145881234,0.04699820905555913,0.0,ENCUADRE_DISTINTO
BYPASS_20260928_V01_F00015,frame_00015.jpg,15.0,-39.83449300863123,-70.59897459056506,-0.0011308340378749517,0.0,ENCUADRE_DISTINTO
BYPASS_20260928_V01_F00016,frame_00016.jpg,16.0,-143.42040438864112,-94.02538642805155,0.0749868361302364,0.0,ENCUADRE_DISTINTO
BYPASS_20260928_V01_F00017,frame_00017.jpg,17.0,-67.03037831762981,-182.17411455496037,0.009860801108089495,0.0,ENCUADRE_DISTINTO
BYPASS_20260928_V01_F00018,frame_00018.jpg,18.0,148.64138692662905,-234.14908606137183,0.026879483019864116,0.0,ENCUADRE_DISTINTO
BYPASS_20260928_V01_F00019,frame_00019.jpg,19.0,8.034648321845737,-214.14773567976292,0.06096925257164755,0.0,ENCUADRE_DISTINTO
BYPASS_20260928_V01_F00020,frame_00020.jpg,20.0,-59.74433484200239,-98.74133659330897,0.007850283273944148,0.0,ENCUADRE_DISTINTO
BYPASS_20260928_V01_F00021,frame_00021.jpg,21.0,-69.88844644571208,-135.6275901151234,-0.007991327400560732,0.0,ENCUADRE_DISTINTO
BYPASS_20260928_V01_F00022,frame_00022.jpg,22.0,72.03395317580413,-219.93717052370317,-0.029742091121496977,0.0,ENCUADRE_DISTINTO
BYPASS_20260928_V01_F00023,frame_00023.jpg,23.0,-22.305365795254318,-211.4086335592772,-0.011151414153016645,0.0,ENCUADRE_DISTINTO
BYPASS_20260928_V01_F00024,frame_00024.jpg,24.0,-1.8506457344555827,-191.0998109805803,0.01093970971342958,0.0,ENCUADRE_DISTINTO
BYPASS_20260928_V01_F00025,frame_00025.jpg,25.0,48.29595282794466,-41.4330426079714,0.022351080657523354,0.0,ENCUADRE_DISTINTO
BYPASS_20260928_V01_F00026,frame_00026.jpg,26.0,-46.50576858925922,-4.597410047651579,-0.0009066300627626018,0.0,ENCUADRE_DISTINTO
BYPASS_20260928_V01_F00027,frame_00027.jpg,27.0,-93.20738215427704,-63.441365240004615,0.00565467440051797,0.0,ENCUADRE_DISTINTO
BYPASS_20260928_V01_F00028,frame_00028.jpg,28.0,-143.43752241828193,-26.881421507275775,0.013266678504001947,0.0,ENCUADRE_DISTINTO
BYPASS_20260928_V01_F00029,frame_00029.jpg,29.0,-6.103716051098104,-66.29353441730521,0.025112451005865028,0.0,ENCUADRE_DISTINTO
BYPASS_20260928_V01_F00030,frame_00030.jpg,30.0,92.39423877295269,-153.62052383769458,0.043336751210836716,0.0,ENCUADRE_DISTINTO
BYPASS_20260928_V01_F00031,frame_00031.jpg,31.0,20.61852178220147,-95.2602069434536,0.0495261765188641,0.0,ENCUADRE_DISTINTO
BYPASS_20260928_V01_F00032,frame_00032.jpg,32.0,-122.04855469769853,-155.8235995264549,0.04828959552594173,0.0,ENCUADRE_DISTINTO
BYPASS_20260928_V01_F00033,frame_00033.jpg,33.0,-120.64795889644819,-153.05514412341796,0.055367108480429944,0.0,ENCUADRE_DISTINTO
BYPASS_20260928_V01_F00034,frame_00034.jpg,34.0,19.626144433039997,-102.77511060752883,0.034563314546773465,0.0,ENCUADRE_DISTINTO
BYPASS_20260928_V01_F00035,frame_00035.jpg,35.0,110.57741391198866,-86.70990839049347,0.027070075567857718,0.0,ENCUADRE_DISTINTO
BYPASS_20260928_V01_F00036,frame_00036.jpg,36.0,102.73814314026566,-62.96237674154963,0.01893588230933672,0.0,ENCUADRE_DISTINTO
BYPASS_20260928_V01_F00037,frame_00037.jpg,37.0,87.83439772182882,-184.27865380276847,-0.014914596080780029,0.0,ENCUADRE_DISTINTO
BYPASS_20260928_V01_F00038,frame_00038.jpg,38.0,97.7917462569851,-86.86824548032195,0.08263479320355403,0.0,ENCUADRE_DISTINTO
BYPASS_20260928_V01_F00039,frame_00039.jpg,39.0,106.07556479289039,-91.43451518561,0.0064395335353451015,0.0,ENCUADRE_DISTINTO
BYPASS_20260928_V01_F00040,frame_00040.jpg,40.0,73.1712993771443,-67.13986379646096,-0.026806352241539662,0.0,ENCUADRE_DISTINTO
BYPASS_20260928_V01_F00041,frame_00041.jpg,41.0,-107.7512600668461,-53.37211160968661,0.018450322692041044,0.0,ENCUADRE_DISTINTO
BYPASS_20260928_V01_F00042,frame_00042.jpg,42.0,-113.96643771717231,-39.10838752908262,0.0035962877450165923,0.0,ENCUADRE_DISTINTO
BYPASS_20260928_V01_F00043,frame_00043.jpg,43.0,-102.9997866637485,-75.16018192625307,0.02016251300588066,0.0,ENCUADRE_DISTINTO
BYPASS_20260928_V01_F00044,frame_00044.jpg,44.0,-122.21070070948326,-155.7917299883434,0.008369864137084395,0.0,ENCUADRE_DISTINTO
BYPASS_20260928_V01_F00045,frame_00045.jpg,45.0,-69.57058257729153,-184.16533053305992,0.03567884888178036,0.0,ENCUADRE_DISTINTO
BYPASS_20260928_V01_F00046,frame_00046.jpg,46.0,-29.433017600975546,-156.60011608494668,0.021845509461414666,0.0,ENCUADRE_DISTINTO
BYPASS_20260928_V01_F00047,frame_00047.jpg,47.0,-95.53717842342138,-154.7807784650435,0.05828016569584976,0.0,ENCUADRE_DISTINTO
BYPASS_20260928_V01_F00048,frame_00048.jpg,48.0,2.3005277654023644,-216.22319035474865,0.01143623141594875,0.0,ENCUADRE_DISTINTO
BYPASS_20260928_V01_F00049,frame_00049.jpg,49.0,-130.189755743988,-328.29380287646165,0.04786977583979383,0.0,ENCUADRE_DISTINTO
BYPASS_20260928_V01_F00050,frame_00050.jpg,50.0,-75.2431180025427,-248.45792822603156,0.022095774831595243,0.0,ENCUADRE_DISTINTO
BYPASS_20260928_V01_F00051,frame_00051.jpg,51.0,22.73607841732391,-82.42489512042744,-0.023082446665675552,0.0,ENCUADRE_DISTINTO
BYPASS_20260928_V01_F00052,frame_00052.jpg,52.0,106.20539254750125,-254.5552718930631,0.037481728159351115,0.0,ENCUADRE_DISTINTO
BYPASS_20260928_V01_F00053,frame_00053.jpg,53.0,-201.99147754522613,-151.7779635778124,0.006258899746117768,0.0,ENCUADRE_DISTINTO
BYPASS_20260928_V01_F00054,frame_00054.jpg,54.0,-165.285653388233,-167.9003901117308,-0.006393877269677174,0.0,ENCUADRE_DISTINTO
BYPASS_20260928_V01_F00055,frame_00055.jpg,55.0,109.01993777490355,-204.07203735298492,0.006058603230817818,0.0,ENCUADRE_DISTINTO
BYPASS_20260928_V01_F00056,frame_00056.jpg,56.0,23.137416305846585,-120.72361147637093,0.016963379986492205,0.0,ENCUADRE_DISTINTO
BYPASS_20260928_V01_F00057,frame_00057.jpg,57.0,42.878609484206066,-128.72803403889276,0.041348797671588854,0.0,ENCUADRE_DISTINTO
BYPASS_20260928_V01_F00058,frame_00058.jpg,58.0,352.3740551475999,-223.01324903527887,-0.01133256083653297,0.0,ENCUADRE_DISTINTO
BYPASS_20260928_V01_F00059,frame_00059.jpg,59.0,-9.176464227134772,-296.0324027981922,0.05603733975210307,0.0,ENCUADRE_DISTINTO
BYPASS_20260928_V01_F00060,frame_00060.jpg,60.0,23.22106358690067,-276.3546613679398,-0.006284771289354489,0.0,ENCUADRE_DISTINTO
BYPASS_20260928_V01_F00061,frame_00061.jpg,61.0,465.22838224642646,-195.46855734194222,-0.012551072423840747,0.0,ENCUADRE_DISTINTO
BYPASS_20260928_V01_F00062,frame_00062.jpg,62.0,168.75140399170823,-115.80822700235402,0.012698845510129576,0.0,ENCUADRE_DISTINTO
BYPASS_20260928_V01_F00063,frame_00063.jpg,63.0,162.1672422127201,-224.59547869211556,0.05466896501588233,0.0,ENCUADRE_DISTINTO
BYPASS_20260928_V01_F00064,frame_00064.jpg,64.0,-4.134053726083295,-261.56023432057475,0.07154314782884386,0.0,ENCUADRE_DISTINTO
BYPASS_20260928_V01_F00065,frame_00065.jpg,65.0,-3.8217521565451875,-265.5414740180385,0.05442145091516,0.0,ENCUADRE_DISTINTO
BYPASS_20260928_V01_F00066,frame_00066.jpg,66.0,-99.37050022841063,-221.35340297795796,-0.011711030683399718,0.0,ENCUADRE_DISTINTO
BYPASS_20260928_V01_F00067,frame_00067.jpg,67.0,-27.797926291145444,-243.706719790428,0.0831175888762062,0.0,ENCUADRE_DISTINTO
BYPASS_20260928_V01_F00068,frame_00068.jpg,68.0,-85.86213367062754,-194.18464596777517,0.03205537360023569,0.0,ENCUADRE_DISTINTO
BYPASS_20260928_V01_F00069,frame_00069.jpg,69.0,49.896785826752506,-67.18074721547737,-0.011900615692138673,0.0,ENCUADRE_DISTINTO
BYPASS_20260928_V01_F00070,frame_00070.jpg,70.0,-77.77870133126021,-168.2925585063161,0.023190259712713737,0.0,ENCUADRE_DISTINTO
BYPASS_20260928_V01_F00071,frame_00071.jpg,71.0,-197.88306693881736,-194.99712554880978,0.002031975248713552,0.0,ENCUADRE_DISTINTO
BYPASS_20260928_V01_F00072,frame_00072.jpg,72.0,-71.59720386788544,-89.72179046496771,-0.01356202400760886,0.0,ENCUADRE_DISTINTO
BYPASS_20260928_V01_F00073,frame_00073.jpg,73.0,84.48996264062188,-116.04583883871848,0.08248142938555023,0.0,ENCUADRE_DISTINTO
BYPASS_20260928_V01_F00074,frame_00074.jpg,74.0,-120.29151572948487,-91.93706085131538,0.06241717264976031,0.0,ENCUADRE_DISTINTO
BYPASS_20260928_V01_F00075,frame_00075.jpg,75.0,81.52050746393365,-41.74175018696195,0.023002167763533414,0.0,ENCUADRE_DISTINTO
BYPASS_20260928_V01_F00076,frame_00076.jpg,76.0,57.89368079242925,-114.00267162795251,0.03633172028226617,0.0,ENCUADRE_DISTINTO
BYPASS_20260928_V01_F00077,frame_00077.jpg,77.0,-1.4058723710798233,-143.68677375877104,0.00944943435398149,0.0,ENCUADRE_DISTINTO
BYPASS_20260928_V01_F00078,frame_00078.jpg,78.0,16.400398879919777,-20.72651565131372,0.05989624828468135,0.0,ENCUADRE_DISTINTO
BYPASS_20260928_V01_F00079,frame_00079.jpg,79.0,-89.0441978584835,-142.35860808987982,-0.01025888228122099,0.0,ENCUADRE_DISTINTO
BYPASS_20260928_V01_F00080,frame_00080.jpg,80.0,283.8871300674537,-99.55906816373724,0.00975847965405311,0.0,ENCUADRE_DISTINTO
BYPASS_20260928_V01_F00081,frame_00081.jpg,81.0,269.343904482091,-90.56702905428745,0.013759092416292355,0.0,ENCUADRE_DISTINTO
BYPASS_20260928_V01_F00082,frame_00082.jpg,82.0,-131.39562552299805,-107.25682272187674,0.08230166869398989,0.0,ENCUADRE_DISTINTO
BYPASS_20260928_V01_F00083,frame_00083.jpg,83.0,6.861313744592991,7.4251228068853266,0.07217512682632164,0.0,ENCUADRE_DISTINTO
BYPASS_20260928_V01_F00084,frame_00084.jpg,84.0,181.36820952299425,-175.31688871752064,0.028931048770009734,0.0,ENCUADRE_DISTINTO
BYPASS_20260928_V01_F00085,frame_00085.jpg,85.0,30.121436905781366,-38.02411212778836,-0.007930925746022919,0.0,ENCUADRE_DISTINTO
BYPASS_20260928_V01_F00086,frame_00086.jpg,86.0,58.12733390303163,-72.34234182508234,0.00362958069200869,0.0,ENCUADRE_DISTINTO
BYPASS_20260928_V01_F00087,frame_00087.jpg,87.0,741.8090207602124,767.8166693354452,-0.00015302962727016872,0.0,ENCUADRE_DISTINTO
BYPASS_20260928_V01_F00088,frame_00088.jpg,88.0,-32.00204800079578,84.69413392687439,-0.002071257726645764,0.0,ENCUADRE_DISTINTO
BYPASS_20260928_V01_F00089,frame_00089.jpg,89.0,67.85845927241124,-37.54163066341661,0.017582907058574536,0.0,ENCUADRE_DISTINTO
BYPASS_20260928_V01_F00090,frame_00090.jpg,90.0,46.42807480038425,61.34876340361073,-0.013671563657713525,0.0,ENCUADRE_DISTINTO
BYPASS_20260928_V01_F00091,frame_00091.jpg,91.0,79.99296590724714,-60.345755287274926,0.049751459816355766,0.0,ENCUADRE_DISTINTO
BYPASS_20260928_V01_F00092,frame_00092.jpg,92.0,-3.0996980204319016,22.77757131373849,0.039475884518505616,0.0,ENCUADRE_DISTINTO
BYPASS_20260928_V01_F00093,frame_00093.jpg,93.0,-35.56582827341262,-43.914058357869976,-0.053228093849288095,0.0,ENCUADRE_DISTINTO
BYPASS_20260928_V01_F00094,frame_00094.jpg,94.0,-4.309284590609224,-55.65150266606756,0.05197430282463262,0.0,ENCUADRE_DISTINTO
BYPASS_20260928_V01_F00095,frame_00095.jpg,95.0,79.62608676733615,-19.04191381450454,0.04954021403818955,0.0,ENCUADRE_DISTINTO
BYPASS_20260928_V01_F00096,frame_00096.jpg,96.0,9.424532809532906,-46.75672632380167,0.020750236805574394,0.0,ENCUADRE_DISTINTO
BYPASS_20260928_V01_F00097,frame_00097.jpg,97.0,39.55704150149134,-53.727072866095256,0.010336438833195486,0.0,ENCUADRE_DISTINTO
BYPASS_20260928_V01_F00098,frame_00098.jpg,98.0,46.31003605888793,-37.948381592359965,0.014372646514280343,0.0,ENCUADRE_DISTINTO
BYPASS_20260928_V01_F00099,frame_00099.jpg,99.0,24.541326597822888,-46.782921390578025,0.008052219947179159,0.0,ENCUADRE_DISTINTO
BYPASS_20260928_V01_F00100,frame_00100.jpg,100.0,57.69959721094085,-14.948164520959693,0.03216459721694758,0.0,ENCUADRE_DISTINTO
BYPASS_20260928_V01_F00101,frame_00101.jpg,101.0,-160.89183055492478,-89.45553396815458,0.06447098917431301,0.0,ENCUADRE_DISTINTO
BYPASS_20260928_V01_F00102,frame_00102.jpg,102.0,-162.10181455222977,-83.84509625381756,0.059062865339679485,0.0,ENCUADRE_DISTINTO
BYPASS_20260928_V01_F00103,frame_00103.jpg,103.0,-50.419487150951454,22.718826804409588,0.08395302354553599,0.0,ENCUADRE_DISTINTO
BYPASS_20260928_V01_F00104,frame_00104.jpg,104.0,-167.91022440506848,-98.28021280269448,0.08490230558831015,0.0,ENCUADRE_DISTINTO
BYPASS_20260928_V01_F00105,frame_00105.jpg,105.0,34.75107574192825,-39.96725202998306,0.03162314148596775,0.0,ENCUADRE_DISTINTO
BYPASS_20260928_V01_F00106,frame_00106.jpg,106.0,-43.091676956296055,-87.77348062274766,0.0010710519037128966,0.0,ENCUADRE_DISTINTO
BYPASS_20260928_V01_F00107,frame_00107.jpg,107.0,11.733740543092068,-38.438165859117134,-0.0046936322141576696,0.0,ENCUADRE_DISTINTO
BYPASS_20260928_V01_F00108,frame_00108.jpg,108.0,-82.56197105173607,-42.08603707701917,0.09453688948242753,0.0,ENCUADRE_DISTINTO
BYPASS_20260928_V01_F00109,frame_00109.jpg,109.0,-82.85811245784075,-23.688777010293848,0.13247136731206635,0.0,ENCUADRE_DISTINTO
BYPASS_20260928_V01_F00110,frame_00110.jpg,110.0,-114.98431319804948,25.861094084391738,-0.01392416140915435,0.0,ENCUADRE_DISTINTO
BYPASS_20260928_V01_F00111,frame_00111.jpg,111.0,-13.601347136160484,-123.53421488817474,-0.003021297778612302,0.0,ENCUADRE_DISTINTO
BYPASS_20260928_V01_F00112,frame_00112.jpg,112.0,-49.34732673227762,-59.7055859991967,0.015025243862175647,0.0,ENCUADRE_DISTINTO
BYPASS_20260928_V01_F00113,frame_00113.jpg,113.0,-99.453535841992,34.99186923538909,0.028372277199854086,0.0,ENCUADRE_DISTINTO
BYPASS_20260928_V01_F00114,frame_00114.jpg,114.0,32.1730277932094,23.734043332367577,0.045180858947612625,0.0,ENCUADRE_DISTINTO
BYPASS_20260928_V01_F00115,frame_00115.jpg,115.0,-13.288574108383955,-70.08674346762677,0.02000917704017074,0.0,ENCUADRE_DISTINTO
BYPASS_20260928_V01_F00116,frame_00116.jpg,116.0,-68.58794623105624,-7.941267337065057,0.13540757107145993,0.0,ENCUADRE_DISTINTO
BYPASS_20260928_V01_F00117,frame_00117.jpg,117.0,-78.70228273590405,8.357529117429351,0.02497937694007968,0.0,ENCUADRE_DISTINTO
BYPASS_20260928_V01_F00118,frame_00118.jpg,118.0,-72.39812065250405,17.37380982619061,0.07331738541891546,0.0,ENCUADRE_DISTINTO
BYPASS_20260928_V01_F00119,frame_00119.jpg,119.0,-119.85187759865542,30.560389201341195,0.06634442313217823,0.0,ENCUADRE_DISTINTO
BYPASS_20260928_V01_F00120,frame_00120.jpg,120.0,32.495201063083016,19.517286350618917,0.06301037720692011,0.0,ENCUADRE_DISTINTO
BYPASS_20260928_V01_F00121,frame_00121.jpg,121.0,-27.498004764518242,31.177395383160302,-0.01783181737970423,0.0,ENCUADRE_DISTINTO
BYPASS_20260928_V01_F00122,frame_00122.jpg,122.0,-27.113127072227428,19.870487597882715,0.11743590346089115,0.0,ENCUADRE_DISTINTO
BYPASS_20260928_V01_F00123,frame_00123.jpg,123.0,-34.21164401648937,29.47283897475603,0.05853507268575974,0.0,ENCUADRE_DISTINTO
BYPASS_20260928_V01_F00124,frame_00124.jpg,124.0,66.00047378966832,31.10678842989887,0.06836376808307788,0.0,ENCUADRE_DISTINTO
BYPASS_20260928_V01_F00125,frame_00125.jpg,125.0,-74.1921084293837,45.093592024262335,0.08357041323626482,0.0,ENCUADRE_DISTINTO
BYPASS_20260928_V01_F00126,frame_00126.jpg,126.0,-27.34322024100871,48.39293211617331,0.0605314987677115,0.0,ENCUADRE_DISTINTO
BYPASS_20260928_V01_F00127,frame_00127.jpg,127.0,-32.923955687680206,55.30638908504079,0.05644756621784634,0.0,ENCUADRE_DISTINTO
BYPASS_20260928_V01_F00128,frame_00128.jpg,128.0,-48.055269101724235,48.00695048310354,0.03364291904885092,0.0,ENCUADRE_DISTINTO
BYPASS_20260928_V01_F00129,frame_00129.jpg,129.0,-44.7274189862795,34.45404744381102,0.026959694314886023,0.0,ENCUADRE_DISTINTO
BYPASS_20260928_V01_F00130,frame_00130.jpg,130.0,-43.95539775565379,33.19960610611275,0.034836170261288865,0.0,ENCUADRE_DISTINTO
BYPASS_20260928_V01_F00131,frame_00131.jpg,131.0,-47.64633533709093,38.210300362458014,0.029979094016699143,0.0,ENCUADRE_DISTINTO
BYPASS_20260928_V01_F00132,frame_00132.jpg,132.0,-27.415998178756894,29.524759621268856,0.10735638465410398,0.0,ENCUADRE_DISTINTO
BYPASS_20260928_V01_F00133,frame_00133.jpg,133.0,39.951879744866545,-9.548264868424354,0.038291724228564604,0.0,ENCUADRE_DISTINTO
BYPASS_20260928_V01_F00134,frame_00134.jpg,134.0,122.34539740966332,-25.658970536128436,0.00883588570135611,0.0,ENCUADRE_DISTINTO
BYPASS_20260928_V01_F00135,frame_00135.jpg,135.0,51.379781068279755,-43.45720578900932,0.03023759428365731,0.0,ENCUADRE_DISTINTO
BYPASS_20260928_V01_F00136,frame_00136.jpg,136.0,106.98925331556376,-14.047435599378218,-0.017636928256647085,0.0,ENCUADRE_DISTINTO
BYPASS_20260928_V01_F00137,frame_00137.jpg,137.0,-124.2351326458743,-73.20944822607848,0.061657844502248885,0.0,ENCUADRE_DISTINTO
BYPASS_20260928_V01_F00138,frame_00138.jpg,138.0,-135.77050068374328,-66.62236308166109,0.05138183924151055,0.0,ENCUADRE_DISTINTO
BYPASS_20260928_V01_F00139,frame_00139.jpg,139.0,27.46250198659419,-64.96462054753985,0.04393743423768032,0.0,ENCUADRE_DISTINTO
BYPASS_20260928_V01_F00140,frame_00140.jpg,140.0,-42.38589677012584,-145.3986301155244,0.047935715869621,0.0,ENCUADRE_DISTINTO
BYPASS_20260928_V01_F00141,frame_00141.jpg,141.0,-3573.189511026285,-195.97431003602819,-6.384717093573676e-05,0.0,ENCUADRE_DISTINTO
BYPASS_20260928_V01_F00142,frame_00142.jpg,142.0,21.974689277543092,-178.39742513181437,0.12357659788779271,0.0,ENCUADRE_DISTINTO
BYPASS_20260928_V01_F00143,frame_00143.jpg,143.0,17.77384513435564,-147.1570005524269,0.034095663200190036,0.0,ENCUADRE_DISTINTO
BYPASS_20260928_V01_F00144,frame_00144.jpg,144.0,155.59256832670198,-182.87353278635712,0.01839461275088934,0.0,ENCUADRE_DISTINTO
BYPASS_20260928_V01_F00145,frame_00145.jpg,145.0,180.30379072248047,-131.86536299235655,0.0027873109336252564,0.0,ENCUADRE_DISTINTO
BYPASS_20260928_V01_F00146,frame_00146.jpg,146.0,-27.863892753687338,-120.7707555078041,0.05287497764752235,0.0,ENCUADRE_DISTINTO
BYPASS_20260928_V01_F00147,frame_00147.jpg,147.0,-25.126310271786792,-162.41997737763492,0.03481736308262672,0.0,ENCUADRE_DISTINTO
BYPASS_20260928_V01_F00148,frame_00148.jpg,148.0,-135.0394840842774,-104.96873264719684,0.04233280045014841,0.0,ENCUADRE_DISTINTO
BYPASS_20260928_V01_F00149,frame_00149.jpg,149.0,-35.2483039496218,-220.50012057271746,0.026425541918954732,0.0,ENCUADRE_DISTINTO
BYPASS_20260928_V01_F00150,frame_00150.jpg,150.0,-58.6429778030473,-66.97666690516294,0.06127015175642791,0.0,ENCUADRE_DISTINTO
BYPASS_20260928_V01_F00151,frame_00151.jpg,151.0,282.1744170592432,-413.55421101561836,0.0010024252865049575,0.0,ENCUADRE_DISTINTO
BYPASS_20260928_V01_F00152,frame_00152.jpg,152.0,-49.047510134167794,-192.35872980294434,0.09740877335454211,0.0,ENCUADRE_DISTINTO
BYPASS_20260928_V01_F00153,frame_00153.jpg,153.0,214.70221497870494,-94.18794056448314,-0.010849451945151812,0.0,ENCUADRE_DISTINTO
BYPASS_20260928_V01_F00154,frame_00154.jpg,154.0,-0.663328942548219,-98.36997262965386,0.020744128506860617,0.0,ENCUADRE_DISTINTO
BYPASS_20260928_V01_F00155,frame_00155.jpg,155.0,-39.01547546079823,-173.68969908766903,0.022327271471788854,0.0,ENCUADRE_DISTINTO
BYPASS_20260928_V01_F00156,frame_00156.jpg,156.0,-15.379032961508301,-73.00247007255945,0.022294199245947378,0.0,ENCUADRE_DISTINTO
BYPASS_20260928_V01_F00157,frame_00157.jpg,157.0,44.637928986973634,-140.10563868885285,0.052087154211821377,0.0,ENCUADRE_DISTINTO
BYPASS_20260928_V01_F00158,frame_00158.jpg,158.0,72.02248000634614,-95.21413389798326,0.019089325820958174,0.0,ENCUADRE_DISTINTO
BYPASS_20260928_V01_F00159,frame_00159.jpg,159.0,120.87190689404079,-80.83257559584368,0.023901296103442157,0.0,ENCUADRE_DISTINTO
BYPASS_20260928_V01_F00160,frame_00160.jpg,160.0,-80.7248504410976,-140.58183306592198,0.019718823535942738,0.0,ENCUADRE_DISTINTO
BYPASS_20260928_V01_F00161,frame_00161.jpg,161.0,56.87437224870797,-72.06727704337104,0.06806045998761684,0.0,ENCUADRE_DISTINTO
BYPASS_20260928_V01_F00162,frame_00162.jpg,162.0,-194.77125725130568,-126.10357523573148,0.005179228532461473,0.0,ENCUADRE_DISTINTO
BYPASS_20260928_V01_F00163,frame_00163.jpg,163.0,-49.435000174991984,-104.17840743543843,0.10086788056809225,0.0,ENCUADRE_DISTINTO
BYPASS_20260928_V01_F00164,frame_00164.jpg,164.0,20.252482800258548,-90.06794485174134,0.02209886547959881,0.0,ENCUADRE_DISTINTO
BYPASS_20260928_V01_F00165,frame_00165.jpg,165.0,-22.139039067992826,-114.9782498159318,-0.008003806699941187,0.0,ENCUADRE_DISTINTO
BYPASS_20260928_V01_F00166,frame_00166.jpg,166.0,-35.65219556031218,-62.8030926881373,0.023216464931582227,0.0,ENCUADRE_DISTINTO
BYPASS_20260928_V01_F00167,frame_00167.jpg,167.0,4.040983786003096,-164.24074034941157,0.030765621971201012,0.0,ENCUADRE_DISTINTO
BYPASS_20260928_V01_F00168,frame_00168.jpg,168.0,-32.514873356939944,-237.79928016655023,0.06553381736631747,0.0,ENCUADRE_DISTINTO
BYPASS_20260928_V01_F00169,frame_00169.jpg,169.0,-290.38706454489716,-73.68066881710564,0.018232469610226006,0.0,ENCUADRE_DISTINTO
BYPASS_20260928_V01_F00170,frame_00170.jpg,170.0,-33.73180087575608,-242.5300570008196,0.07045855794423893,0.0,ENCUADRE_DISTINTO
BYPASS_20260928_V01_F00171,frame_00171.jpg,171.0,-194.53728746266668,-190.42928192753905,0.04081134604819027,0.0,ENCUADRE_DISTINTO
BYPASS_20260928_V01_F00172,frame_00172.jpg,172.0,79.19997114553786,-132.6169348393467,0.05288649481019856,0.0,ENCUADRE_DISTINTO
BYPASS_20260928_V01_F00173,frame_00173.jpg,173.0,-53.56681636535518,-150.15923576106587,0.010839288690943777,0.0,ENCUADRE_DISTINTO
BYPASS_20260928_V01_F00174,frame_00174.jpg,174.0,-83.75697062477607,-147.85524560513008,0.015147013281598504,0.0,ENCUADRE_DISTINTO
BYPASS_20260928_V01_F00175,frame_00175.jpg,175.0,-6.767699542068783,-181.22859278876217,-0.012325640225116117,0.0,ENCUADRE_DISTINTO
BYPASS_20260928_V01_F00176,frame_00176.jpg,176.0,149.57430213924138,-92.9416855045018,-0.00819893729539565,0.0,ENCUADRE_DISTINTO
BYPASS_20260928_V01_F00177,frame_00177.jpg,177.0,66.51980130688585,-142.98601349510798,0.03482305595168361,0.0,ENCUADRE_DISTINTO
BYPASS_20260928_V01_F00178,frame_00178.jpg,178.0,21.185701924146287,-198.4950945151904,-0.01154588696397381,0.0,ENCUADRE_DISTINTO
BYPASS_20260928_V01_F00179,frame_00179.jpg,179.0,146.48529759177868,-50.03845867048608,-0.020446317210609532,0.0,ENCUADRE_DISTINTO
BYPASS_20260928_V01_F00180,frame_00180.jpg,180.0,-100.99605164633172,-177.41925127914905,0.028586375713348388,0.0,ENCUADRE_DISTINTO
BYPASS_20260928_V01_F00181,frame_00181.jpg,181.0,52.458629852228285,-215.84637718985738,0.014116016655792424,0.0,ENCUADRE_DISTINTO
BYPASS_20260928_V01_F00182,frame_00182.jpg,182.0,-83.45585432413074,-215.94677489024758,0.0028262101573708616,0.0,ENCUADRE_DISTINTO
BYPASS_20260928_V01_F00183,frame_00183.jpg,183.0,102.84558693363803,-240.82875510733967,0.010390564063448965,0.0,ENCUADRE_DISTINTO
BYPASS_20260928_V01_F00184,frame_00184.jpg,184.0,-14.563890219124005,-209.2755849181231,0.058909549315770464,0.0,ENCUADRE_DISTINTO
BYPASS_20260928_V01_F00185,frame_00185.jpg,185.0,149.86719522752978,-103.05623889772994,0.029973569401988278,0.0,ENCUADRE_DISTINTO
BYPASS_20260928_V01_F00186,frame_00186.jpg,186.0,-73.65421050935919,-93.35069684074978,-0.03141235944665508,0.0,ENCUADRE_DISTINTO
BYPASS_20260928_V01_F00187,frame_00187.jpg,187.0,-168.49064651336536,-141.98061479173364,0.03589995779373028,0.0,ENCUADRE_DISTINTO
BYPASS_20260928_V01_F00188,frame_00188.jpg,188.0,-47.36474385603472,-24.99168906413425,0.03346807625558641,0.0,ENCUADRE_DISTINTO
BYPASS_20260928_V01_F00189,frame_00189.jpg,189.0,69.16257447360422,-42.29541417380602,0.03793424721117373,0.0,ENCUADRE_DISTINTO
BYPASS_20260928_V01_F00190,frame_00190.jpg,190.0,-46.496507532179606,-135.29573321567253,0.011922271384133234,0.0,ENCUADRE_DISTINTO
BYPASS_20260928_V01_F00191,frame_00191.jpg,191.0,365.147416102006,-56.83815682424327,0.0388039536682176,0.0,ENCUADRE_DISTINTO
BYPASS_20260928_V01_F00192,frame_00192.jpg,192.0,82.21679099646653,-64.91486282980523,-0.0058399435178733165,0.0,ENCUADRE_DISTINTO
BYPASS_20260928_V01_F00193,frame_00193.jpg,193.0,-117.9295976408284,-162.23258089377347,0.0363281574882107,0.0,ENCUADRE_DISTINTO
BYPASS_20260928_V01_F00194,frame_00194.jpg,194.0,-107.33496724206472,-165.67298702681208,0.0013977163367801242,0.0,ENCUADRE_DISTINTO
BYPASS_20260928_V01_F00195,frame_00195.jpg,195.0,-128.81577326122115,-74.11779384208026,0.022781994570920498,0.0,ENCUADRE_DISTINTO
BYPASS_20260928_V01_F00196,frame_00196.jpg,196.0,-78.91968892429185,-118.71862726178887,0.006936650732417166,0.0,ENCUADRE_DISTINTO
BYPASS_20260928_V01_F00197,frame_00197.jpg,197.0,-9.175170894417306,-154.48950592976675,0.026137763335381026,0.0,ENCUADRE_DISTINTO
BYPASS_20260928_V01_F00198,frame_00198.jpg,198.0,-103.39334397829757,-188.85236962114115,0.04443439940611522,0.0,ENCUADRE_DISTINTO
BYPASS_20260928_V01_F00199,frame_00199.jpg,199.0,14.60759968176967,-147.25282705099406,-0.013229229715135363,0.0,ENCUADRE_DISTINTO
BYPASS_20260928_V01_F00200,frame_00200.jpg,200.0,116.03982092331736,-130.98312402212522,-0.02063022925529951,0.0,ENCUADRE_DISTINTO
BYPASS_20260928_V01_F00201,frame_00201.jpg,201.0,-64.35622486314395,-126.63648043929066,-0.025879875524544422,0.0,ENCUADRE_DISTINTO
BYPASS_20260928_V01_F00202,frame_00202.jpg,202.0,-95.87034942574985,-144.8488097061399,0.043846726417541504,0.0,ENCUADRE_DISTINTO
BYPASS_20260928_V01_F00203,frame_00203.jpg,203.0,98.25801439026614,-150.234386806321,0.006761766951761128,0.0,ENCUADRE_DISTINTO
BYPASS_20260928_V01_F00204,frame_00204.jpg,204.0,105.48927003638684,-159.18742933132503,-0.01812708326327948,0.0,ENCUADRE_DISTINTO
BYPASS_20260928_V01_F00205,frame_00205.jpg,205.0,431.74360776789365,-100.88079146057976,0.008040519113893863,0.0,ENCUADRE_DISTINTO
BYPASS_20260928_V01_F00206,frame_00206.jpg,206.0,131.33788779818047,-104.01396688230915,0.0015413671731948852,0.0,ENCUADRE_DISTINTO
BYPASS_20260928_V01_F00207,frame_00207.jpg,207.0,-22.13985029358696,-180.4332989595849,-0.005404636668570248,0.0,ENCUADRE_DISTINTO
BYPASS_20260928_V01_F00208,frame_00208.jpg,208.0,124.65428702463399,-123.99138050750466,0.01549130744404263,0.0,ENCUADRE_DISTINTO
BYPASS_20260928_V01_F00209,frame_00209.jpg,209.0,-137.6306034541728,-202.1760926908076,0.05601438342789073,0.0,ENCUADRE_DISTINTO
BYPASS_20260928_V01_F00210,frame_00210.jpg,210.0,87.06390495057349,-141.89241290293614,-0.01840825934468964,0.0,ENCUADRE_DISTINTO
BYPASS_20260928_V01_F00211,frame_00211.jpg,211.0,-26.59397202140417,-58.752430547025625,0.01696003704895208,0.0,ENCUADRE_DISTINTO
BYPASS_20260928_V01_F00212,frame_00212.jpg,212.0,-108.6066038568448,-124.66389887927718,0.01924121681554818,0.0,ENCUADRE_DISTINTO
BYPASS_20260928_V01_F00213,frame_00213.jpg,213.0,39.34605630982074,-95.28317418480941,0.0332422493784516,0.0,ENCUADRE_DISTINTO
BYPASS_20260928_V01_F00214,frame_00214.jpg,214.0,-142.09011888839757,-100.1000511985643,0.047221965701491744,0.0,ENCUADRE_DISTINTO
BYPASS_20260928_V01_F00215,frame_00215.jpg,215.0,127.21734772305823,-129.28504750697857,-0.004230587865099495,0.0,ENCUADRE_DISTINTO
BYPASS_20260928_V01_F00216,frame_00216.jpg,216.0,-97.9263458792515,-91.34332563247244,0.08510984152923395,0.0,ENCUADRE_DISTINTO
BYPASS_20260928_V01_F00217,frame_00217.jpg,217.0,4.4561575575351355,-99.4182395331942,0.020892913179633057,0.0,ENCUADRE_DISTINTO
BYPASS_20260928_V01_F00218,frame_00218.jpg,218.0,86.93970178476494,-62.690249232985934,-0.03940781023767259,0.0,ENCUADRE_DISTINTO
BYPASS_20260928_V01_F00219,frame_00219.jpg,219.0,87.36467103516512,-72.00933504870648,-0.038333831598729266,0.0,ENCUADRE_DISTINTO
BYPASS_20260928_V01_F00220,frame_00220.jpg,220.0,-137.3837159946187,-49.17429164700462,0.06829377633553964,0.0,ENCUADRE_DISTINTO
BYPASS_20260928_V01_F00221,frame_00221.jpg,221.0,-97.38100546462942,-104.50141596216577,0.09290883717713533,0.0,ENCUADRE_DISTINTO
BYPASS_20260928_V01_F00222,frame_00222.jpg,222.0,52.94513388418636,-65.18597434151155,0.020196933952378638,0.0,ENCUADRE_DISTINTO
BYPASS_20260928_V01_F00223,frame_00223.jpg,223.0,-79.85668615664443,-140.85468734538054,0.08560252984364827,0.0,ENCUADRE_DISTINTO
BYPASS_20260928_V01_F00224,frame_00224.jpg,224.0,117.75106373971724,-82.96527118287247,0.010085441006554497,0.0,ENCUADRE_DISTINTO
BYPASS_20260928_V01_F00225,frame_00225.jpg,225.0,8.07027571964295,-96.54500363282943,0.04795679494186684,0.0,ENCUADRE_DISTINTO
BYPASS_20260928_V01_F00226,frame_00226.jpg,226.0,-246.63875466541333,-22.72971852969485,-0.0017861946865364356,0.0,ENCUADRE_DISTINTO
BYPASS_20260928_V01_F00227,frame_00227.jpg,227.0,-67.32535838887262,-154.4898981418673,0.07055231877315192,0.0,ENCUADRE_DISTINTO
BYPASS_20260928_V01_F00228,frame_00228.jpg,228.0,-111.0213769374727,-79.63237111159478,0.01706548472981394,0.0,ENCUADRE_DISTINTO
BYPASS_20260928_V01_F00229,frame_00229.jpg,229.0,-42.85719033158219,-120.0561067800572,-0.012422244195584898,0.0,ENCUADRE_DISTINTO
BYPASS_20260928_V01_F00230,frame_00230.jpg,230.0,-106.46179687495393,-159.8977844374669,0.011229690946178672,0.0,ENCUADRE_DISTINTO
BYPASS_20260928_V01_F00231,frame_00231.jpg,231.0,-55.28641860348955,-38.99739355551256,0.02244562801019645,0.0,ENCUADRE_DISTINTO
BYPASS_20260928_V01_F00232,frame_00232.jpg,232.0,-137.55941573159348,-161.04958419248462,0.004632930696746449,0.0,ENCUADRE_DISTINTO
BYPASS_20260928_V01_F00233,frame_00233.jpg,233.0,6.406647627015957,-121.88504180468476,-5.6903928886225195e-05,0.0,ENCUADRE_DISTINTO
BYPASS_20260928_V01_F00234,frame_00234.jpg,234.0,-89.39976268789053,-85.22826769743534,0.022415136849438702,0.0,ENCUADRE_DISTINTO
BYPASS_20260928_V01_F00235,frame_00235.jpg,235.0,-57.560274399128616,-105.1568959310398,0.02747765043635427,0.0,ENCUADRE_DISTINTO
BYPASS_20260928_V01_F00236,frame_00236.jpg,236.0,83.79743691410323,-147.33616299844587,0.02909752873726833,0.0,ENCUADRE_DISTINTO
BYPASS_20260928_V01_F00237,frame_00237.jpg,237.0,65.92119019031838,-86.96447316594964,0.018253468289787387,0.0,ENCUADRE_DISTINTO
BYPASS_20260928_V01_F00238,frame_00238.jpg,238.0,-117.68429410500022,-117.4285029298805,0.1178414151256467,0.0,ENCUADRE_DISTINTO
BYPASS_20260928_V01_F00239,frame_00239.jpg,239.0,-58.2787591905431,-42.10528935786536,0.007118542547579165,0.0,ENCUADRE_DISTINTO
BYPASS_20260928_V01_F00240,frame_00240.jpg,240.0,-58.98084755380859,-49.0298505439317,0.005406353503097722,0.0,ENCUADRE_DISTINTO
BYPASS_20260928_V01_F00241,frame_00241.jpg,241.0,-106.09232144247926,-122.18313989380891,0.10922015839152865,0.0,ENCUADRE_DISTINTO
BYPASS_20260928_V01_F00242,frame_00242.jpg,242.0,-107.25306474379357,-121.91631072550928,0.1214329527851976,0.0,ENCUADRE_DISTINTO
BYPASS_20260928_V01_F00243,frame_00243.jpg,243.0,-32.296175279266635,-100.27999013382035,-0.01978625824422012,0.0,ENCUADRE_DISTINTO
BYPASS_20260928_V01_F00244,frame_00244.jpg,244.0,98.77153029466265,-94.99981782749015,-0.017762971641840757,0.0,ENCUADRE_DISTINTO
BYPASS_20260928_V01_F00245,frame_00245.jpg,245.0,-94.6934044503393,-120.00316792411056,0.09553821543116628,0.0,ENCUADRE_DISTINTO
BYPASS_20260928_V01_F00246,frame_00246.jpg,246.0,-94.96990403110615,-113.44803473663512,0.09567795671798565,0.0,ENCUADRE_DISTINTO
BYPASS_20260928_V01_F00247,frame_00247.jpg,247.0,-95.79424052333499,-113.83165453292094,0.0627128349410163,0.0,ENCUADRE_DISTINTO
BYPASS_20260928_V01_F00248,frame_00248.jpg,248.0,-81.25920684990709,-132.5287589798024,0.0778898729218377,0.0,ENCUADRE_DISTINTO
BYPASS_20260928_V01_F00249,frame_00249.jpg,249.0,-67.4233713906288,-182.10805893353805,0.005351089033079736,0.0,ENCUADRE_DISTINTO
BYPASS_20260928_V01_F00250,frame_00250.jpg,250.0,-85.99545551030542,-142.40062433784786,0.039795047219520735,0.0,ENCUADRE_DISTINTO
BYPASS_20260928_V01_F00251,frame_00251.jpg,251.0,69.40770846144792,-92.31876006770648,0.025753240452872382,0.0,ENCUADRE_DISTINTO
BYPASS_20260928_V01_F00252,frame_00252.jpg,252.0,-96.55673695456517,-28.170445861572603,0.08991403531881026,0.0,ENCUADRE_DISTINTO
BYPASS_20260928_V01_F00253,frame_00253.jpg,253.0,-52.239112117325675,-124.10480071605954,0.03800790508588155,0.0,ENCUADRE_DISTINTO
BYPASS_20260928_V01_F00254,frame_00254.jpg,254.0,53.264413870182324,-68.82277158405537,0.011198121824382264,0.0,ENCUADRE_DISTINTO
BYPASS_20260928_V01_F00255,frame_00255.jpg,255.0,-110.4203429394367,-111.58493366620499,0.06719123934522087,0.0,ENCUADRE_DISTINTO
BYPASS_20260928_V01_F00256,frame_00256.jpg,256.0,-22.31717133098786,-43.832737757398576,-0.017722364340299442,0.0,ENCUADRE_DISTINTO
BYPASS_20260928_V01_F00257,frame_00257.jpg,257.0,-105.64449107289914,-120.16439381262256,0.07368437051773072,0.0,ENCUADRE_DISTINTO
BYPASS_20260928_V01_F00258,frame_00258.jpg,258.0,62.93107892257558,-149.5184965908469,0.02642222436857812,0.0,ENCUADRE_DISTINTO
BYPASS_20260928_V01_F00259,frame_00259.jpg,259.0,53.22480207798674,-65.43657219609645,0.03215352510228569,0.0,ENCUADRE_DISTINTO
BYPASS_20260928_V01_F00260,frame_00260.jpg,260.0,-93.37961172336782,-61.18558047231289,0.03340286708172457,0.0,ENCUADRE_DISTINTO
BYPASS_20260928_V01_F00261,frame_00261.jpg,261.0,-62.5226928347939,-51.5786894838736,-0.009880915247363809,0.0,ENCUADRE_DISTINTO
BYPASS_20260928_V01_F00262,frame_00262.jpg,262.0,-157.22982266997084,-73.65699806447827,0.029086114742137768,0.0,ENCUADRE_DISTINTO
BYPASS_20260928_V01_F00263,frame_00263.jpg,263.0,-22.844145218676545,-62.88150650523849,-0.013470135426815645,0.0,ENCUADRE_DISTINTO
BYPASS_20260928_V01_F00264,frame_00264.jpg,264.0,-112.2367288434584,27.220119256294282,-0.026120651136209934,0.0,ENCUADRE_DISTINTO
BYPASS_20260928_V01_F00265,frame_00265.jpg,265.0,-47.1095447392409,-10.65619389612047,0.017454476415375134,0.0,ENCUADRE_DISTINTO
BYPASS_20260928_V01_F00266,frame_00266.jpg,266.0,-15.428025258719714,-142.60586236750765,-0.04401931416841201,0.0,ENCUADRE_DISTINTO
BYPASS_20260928_V01_F00267,frame_00267.jpg,267.0,-5.55515511040727,-77.28649450324957,0.004427360973240417,0.0,ENCUADRE_DISTINTO
BYPASS_20260928_V01_F00268,frame_00268.jpg,268.0,-118.78248560655578,-128.679805222505,0.08444169452528895,0.0,ENCUADRE_DISTINTO
BYPASS_20260928_V01_F00269,frame_00269.jpg,269.0,-193.8251704158981,-14.25420923009463,-0.006548584537741578,0.0,ENCUADRE_DISTINTO
BYPASS_20260928_V01_F00270,frame_00270.jpg,270.0,-77.7334101649482,-107.79306359974899,0.09178704450159897,0.0,ENCUADRE_DISTINTO
BYPASS_20260928_V01_F00271,frame_00271.jpg,271.0,-113.24338427730802,-118.23663341666139,0.023457724297488176,0.0,ENCUADRE_DISTINTO
BYPASS_20260928_V01_F00272,frame_00272.jpg,272.0,46.74362424645,-132.3278560919198,0.05829473395406464,0.0,ENCUADRE_DISTINTO
BYPASS_20260928_V01_F00273,frame_00273.jpg,273.0,-29.100703954702624,-74.03212029272333,0.02019533614317576,0.0,ENCUADRE_DISTINTO
BYPASS_20260928_V01_F00274,frame_00274.jpg,274.0,-129.63966960015318,-146.29259892583005,0.01087628032690213,0.0,ENCUADRE_DISTINTO
BYPASS_20260928_V01_F00275,frame_00275.jpg,275.0,-133.52903665670053,-53.79734050528208,0.028613208179120664,0.0,ENCUADRE_DISTINTO
BYPASS_20260928_V01_F00276,frame_00276.jpg,276.0,-42.53742973995247,-76.75179703744453,0.007725573653056298,0.0,ENCUADRE_DISTINTO
BYPASS_20260928_V01_F00277,frame_00277.jpg,277.0,-60.63716102352757,-130.93897912573192,0.09879445720601965,0.0,ENCUADRE_DISTINTO
BYPASS_20260928_V01_F00278,frame_00278.jpg,278.0,-15.474498042246381,-76.72384160360428,0.05265201963024375,0.0,ENCUADRE_DISTINTO
BYPASS_20260928_V01_F00279,frame_00279.jpg,279.0,-112.78059581361225,-113.6717034340875,0.09263975112526505,0.0,ENCUADRE_DISTINTO
BYPASS_20260928_V01_F00280,frame_00280.jpg,280.0,-60.44593492322289,-82.2775521879245,0.002787886651945703,0.0,ENCUADRE_DISTINTO
BYPASS_20260928_V01_F00281,frame_00281.jpg,281.0,159.85237986350467,-76.83114702080857,0.0016735640940842805,0.0,ENCUADRE_DISTINTO
BYPASS_20260928_V01_F00282,frame_00282.jpg,282.0,-23.674807675701516,-107.30143810782388,0.012177362118238284,0.0,ENCUADRE_DISTINTO
BYPASS_20260928_V01_F00283,frame_00283.jpg,283.0,-24.163779380625698,-93.2644688768415,0.012234795755810208,0.0,ENCUADRE_DISTINTO
BYPASS_20260928_V01_F00284,frame_00284.jpg,284.0,-40.00384475748888,-35.19472647486211,-0.005783562638141491,0.0,ENCUADRE_DISTINTO
BYPASS_20260928_V01_F00285,frame_00285.jpg,285.0,79.36583247742118,0.5267132543840489,0.00861686306235231,0.0,ENCUADRE_DISTINTO
BYPASS_20260928_V01_F00286,frame_00286.jpg,286.0,-29.47245210933343,-43.790295349914544,0.02959072921011183,0.0,ENCUADRE_DISTINTO
BYPASS_20260928_V01_F00287,frame_00287.jpg,287.0,-64.18104947108117,-54.35631432454272,0.025398605031731688,0.0,ENCUADRE_DISTINTO
BYPASS_20260928_V01_F00288,frame_00288.jpg,288.0,-78.42032840614516,-51.22728588467115,0.036149727488741464,0.0,ENCUADRE_DISTINTO
BYPASS_20260928_V01_F00289,frame_00289.jpg,289.0,-46.21472742412598,-105.2469532721064,-0.002785743515432617,0.0,ENCUADRE_DISTINTO
BYPASS_20260928_V01_F00290,frame_00290.jpg,290.0,51.033157649625565,-134.13493312040845,-0.003176902694466673,0.0,ENCUADRE_DISTINTO
BYPASS_20260928_V01_F00291,frame_00291.jpg,291.0,-241.54406245907114,-180.84123355739413,-0.0026058354495484153,0.0,ENCUADRE_DISTINTO
BYPASS_20260928_V01_F00292,frame_00292.jpg,292.0,-77.66688676080426,-42.969114163467395,0.0292633264153092,0.0,ENCUADRE_DISTINTO
BYPASS_20260928_V01_F00293,frame_00293.jpg,293.0,-81.96210103732162,-25.901869232104588,0.04639980564882726,0.0,ENCUADRE_DISTINTO
BYPASS_20260928_V01_F00294,frame_00294.jpg,294.0,-22.723563385076176,-32.78317649695205,0.03944451772136453,0.0,ENCUADRE_DISTINTO
BYPASS_20260928_V01_F00295,frame_00295.jpg,295.0,17.631552794728634,-279.3301914313174,-0.0012091554609345802,0.0,ENCUADRE_DISTINTO
BYPASS_20260928_V01_F00296,frame_00296.jpg,296.0,-67.94958342209219,4.995899377675926,0.05209437755890835,0.0,ENCUADRE_DISTINTO
BYPASS_20260928_V01_F00297,frame_00297.jpg,297.0,19.164163498851934,-6.708000069615025,0.015678044896066924,0.0,ENCUADRE_DISTINTO
BYPASS_20260928_V01_F00298,frame_00298.jpg,298.0,-39.41902511236583,-52.423615213098856,0.01160186588028331,0.0,ENCUADRE_DISTINTO
BYPASS_20260928_V01_F00299,frame_00299.jpg,299.0,47.14208172628176,-56.6120701107252,-0.012848896744810505,0.0,ENCUADRE_DISTINTO
BYPASS_20260928_V01_F00300,frame_00300.jpg,300.0,-78.99294423922507,-87.56697235028847,0.053284585402335646,0.0,ENCUADRE_DISTINTO
BYPASS_20260928_V01_F00301,frame_00301.jpg,301.0,-39.10617323229326,-60.467520201070045,0.061426359635812264,0.0,ENCUADRE_DISTINTO
BYPASS_20260928_V01_F00302,frame_00302.jpg,302.0,-46.896265268976464,-69.2689260882552,0.009248491128285725,0.0,ENCUADRE_DISTINTO
BYPASS_20260928_V01_F00303,frame_00303.jpg,303.0,-51.63717289248791,-37.68840585076438,-0.01032422081923779,0.0,ENCUADRE_DISTINTO
BYPASS_20260928_V01_F00304,frame_00304.jpg,304.0,-48.012361588506565,-42.29396843433216,0.05322472254435221,0.0,ENCUADRE_DISTINTO
BYPASS_20260928_V01_F00305,frame_00305.jpg,305.0,-88.03637922556013,-36.79200371559614,0.10762275943049678,0.0,ENCUADRE_DISTINTO
BYPASS_20260928_V01_F00306,frame_00306.jpg,306.0,40.78603586480082,-4.011209353279554,0.011717087103996748,0.0,ENCUADRE_DISTINTO
BYPASS_20260928_V01_F00307,frame_00307.jpg,307.0,48.08824001295238,-8.648117446374926,0.024921206486077957,0.0,ENCUADRE_DISTINTO
BYPASS_20260928_V01_F00308,frame_00308.jpg,308.0,-148.36340390240935,-61.88321841859394,0.0499380346433616,0.0,ENCUADRE_DISTINTO
BYPASS_20260928_V01_F00309,frame_00309.jpg,309.0,10.028280039546985,-77.00592853826453,0.05672417908539007,0.0,ENCUADRE_DISTINTO
BYPASS_20260928_V01_F00310,frame_00310.jpg,310.0,83.93081750051564,-74.86094546496571,0.056864528008449225,0.0,ENCUADRE_DISTINTO
BYPASS_20260928_V01_F00311,frame_00311.jpg,311.0,-33.36733803816338,-142.09342791207374,0.08279549258726615,0.0,ENCUADRE_DISTINTO
BYPASS_20260928_V01_F00312,frame_00312.jpg,312.0,2.5069796573818337,-134.4414279756463,0.05093544824623767,0.0,ENCUADRE_DISTINTO
BYPASS_20260928_V01_F00313,frame_00313.jpg,313.0,-57.08975544830284,-130.2930878853751,0.04341430524249136,0.0,ENCUADRE_DISTINTO
BYPASS_20260928_V01_F00314,frame_00314.jpg,314.0,-108.49190877226087,-76.96576568908944,0.008991747358698904,0.0,ENCUADRE_DISTINTO
BYPASS_20260928_V01_F00315,frame_00315.jpg,315.0,249.57999000667857,-130.98168850126916,-0.009544883833991156,0.0,ENCUADRE_DISTINTO
BYPASS_20260928_V01_F00316,frame_00316.jpg,316.0,-32.89265369597794,-111.88767042271309,-0.0014400679388164002,0.0,ENCUADRE_DISTINTO
BYPASS_20260928_V01_F00317,frame_00317.jpg,317.0,-94.57406556704413,-126.46613881615392,0.033720502073382154,0.0,ENCUADRE_DISTINTO
BYPASS_20260928_V01_F00318,frame_00318.jpg,318.0,-132.4533174670822,-146.16088294791612,0.01591677468408037,0.0,ENCUADRE_DISTINTO
BYPASS_20260928_V01_F00319,frame_00319.jpg,319.0,-134.14549423472812,-145.0452573871466,0.007073647004586679,0.0,ENCUADRE_DISTINTO
BYPASS_20260928_V01_F00320,frame_00320.jpg,320.0,-126.82749122640922,-140.96370157454533,0.016628531909283296,0.0,ENCUADRE_DISTINTO
BYPASS_20260928_V01_F00321,frame_00321.jpg,321.0,-148.98267314844486,-132.75312252044696,0.013685833561567613,0.0,ENCUADRE_DISTINTO
BYPASS_20260928_V01_F00322,frame_00322.jpg,322.0,-145.0056471651763,-78.30924251499201,0.048758284250895186,0.0,ENCUADRE_DISTINTO
BYPASS_20260928_V01_F00323,frame_00323.jpg,323.0,-4.262593135403392,-71.64623019662517,0.06661197212007311,0.0,ENCUADRE_DISTINTO
BYPASS_20260928_V01_F00324,frame_00324.jpg,324.0,-7.886096089441622,-73.26299716440488,0.07416003515690933,0.0,ENCUADRE_DISTINTO
BYPASS_20260928_V01_F00325,frame_00325.jpg,325.0,62.99583240305964,-87.34894215335203,0.019215055453924487,0.0,ENCUADRE_DISTINTO
BYPASS_20260928_V01_F00326,frame_00326.jpg,326.0,-172.21746305386566,-39.662081331695276,-0.010901634045589118,0.0,ENCUADRE_DISTINTO
BYPASS_20260928_V01_F00327,frame_00327.jpg,327.0,56.898730777226405,-130.03082791153372,0.019345286746083955,0.0,ENCUADRE_DISTINTO
BYPASS_20260928_V01_F00328,frame_00328.jpg,328.0,-203.8772040191167,-95.05498649322342,0.0035035504235161677,0.0,ENCUADRE_DISTINTO
BYPASS_20260928_V01_F00329,frame_00329.jpg,329.0,-157.27220378234935,-105.58540292502508,0.08392870227495829,0.0,ENCUADRE_DISTINTO
BYPASS_20260928_V01_F00330,frame_00330.jpg,330.0,40.00312360482451,-29.025199930716838,0.006903257119802781,0.0,ENCUADRE_DISTINTO
BYPASS_20260928_V01_F00331,frame_00331.jpg,331.0,-130.52683771278197,-79.9295551788949,0.10897581466922053,0.0,ENCUADRE_DISTINTO
BYPASS_20260928_V01_F00332,frame_00332.jpg,332.0,-29.871323836681228,-15.257572431780915,0.02405312716225047,0.0,ENCUADRE_DISTINTO
BYPASS_20260928_V01_F00333,frame_00333.jpg,333.0,-49.62792485137538,8.206185893109023,0.0428373310301039,0.0,ENCUADRE_DISTINTO
BYPASS_20260928_V01_F00334,frame_00334.jpg,334.0,-57.542505502040314,-43.57220376836577,0.017875264088312786,0.0,ENCUADRE_DISTINTO
BYPASS_20260928_V01_F00335,frame_00335.jpg,335.0,-113.56579702935841,48.1017491645548,0.00306399354228267,0.0,ENCUADRE_DISTINTO
BYPASS_20260928_V01_F00336,frame_00336.jpg,336.0,-34.4994666904127,103.94928465437553,0.04532700431199722,0.0,ENCUADRE_DISTINTO
BYPASS_20260928_V01_F00337,frame_00337.jpg,337.0,-37.580444514520906,134.57187418730746,0.04668150757565911,0.0,ENCUADRE_DISTINTO
BYPASS_20260928_V01_F00338,frame_00338.jpg,338.0,52.31390517677988,18.858846524758007,0.02217926557785199,0.0,ENCUADRE_DISTINTO
BYPASS_20260928_V01_F00339,frame_00339.jpg,339.0,-128.34504718003532,39.47052218813414,0.020049068883613304,0.0,ENCUADRE_DISTINTO
BYPASS_20260928_V01_F00340,frame_00340.jpg,340.0,-48.44996235271006,-21.973548847403265,0.02604075758545487,0.0,ENCUADRE_DISTINTO
BYPASS_20260928_V01_F00341,frame_00341.jpg,341.0,-106.80829961452267,-93.32103189639588,0.11596718776373216,0.0,ENCUADRE_DISTINTO
BYPASS_20260928_V01_F00342,frame_00342.jpg,342.0,89.95516746244067,-114.14690902323218,-0.006275572011500229,0.0,ENCUADRE_DISTINTO
BYPASS_20260928_V01_F00343,frame_00343.jpg,343.0,-109.05198659925927,-107.77481016991533,0.0776361894460372,0.0,ENCUADRE_DISTINTO
BYPASS_20260928_V01_F00344,frame_00344.jpg,344.0,-110.50559929411878,-110.13237909673217,0.10160077022917477,0.0,ENCUADRE_DISTINTO
BYPASS_20260928_V01_F00345,frame_00345.jpg,345.0,-112.99366844343018,-109.90717528961386,0.07477774535432274,0.0,ENCUADRE_DISTINTO
BYPASS_20260928_V01_F00346,frame_00346.jpg,346.0,-116.04030706422614,-107.70671211300626,0.0829030790446717,0.0,ENCUADRE_DISTINTO
BYPASS_20260928_V01_F00347,frame_00347.jpg,347.0,108.13174376861278,-34.571110415473896,0.01910989240363792,0.0,ENCUADRE_DISTINTO
BYPASS_20260928_V01_F00348,frame_00348.jpg,348.0,13.616289907164315,-119.60216526309605,0.011577906284803225,0.0,ENCUADRE_DISTINTO
BYPASS_20260928_V01_F00349,frame_00349.jpg,349.0,20.350442138239742,-64.72403005925528,-0.020322616122387074,0.0,ENCUADRE_DISTINTO
BYPASS_20260928_V01_F00350,frame_00350.jpg,350.0,-6.320403838741441,-47.782404850617894,0.03796176741152634,0.0,ENCUADRE_DISTINTO
BYPASS_20260928_V01_F00351,frame_00351.jpg,351.0,2.7716877035008736,-64.94946397135237,0.052284877682909556,0.0,ENCUADRE_DISTINTO
BYPASS_20260928_V01_F00352,frame_00352.jpg,352.0,-104.00296630350155,-128.6805366125645,0.06867625676555399,0.0,ENCUADRE_DISTINTO
BYPASS_20260928_V01_F00353,frame_00353.jpg,353.0,-29.512139498603347,-158.64899920151964,0.01423695683479309,0.0,ENCUADRE_DISTINTO
BYPASS_20260928_V01_F00354,frame_00354.jpg,354.0,-73.33561802509834,-125.147072838902,0.007331301290311931,0.0,ENCUADRE_DISTINTO
BYPASS_20260928_V01_F00355,frame_00355.jpg,355.0,272.1189911774261,-47.42076692312227,0.020654813448588053,0.0,ENCUADRE_DISTINTO
BYPASS_20260928_V01_F00356,frame_00356.jpg,356.0,42.19024801450655,-111.02611148332059,0.06844729898888388,0.0,ENCUADRE_DISTINTO
BYPASS_20260928_V01_F00357,frame_00357.jpg,357.0,-151.44828470991936,-146.6931122849802,0.047078938248716756,0.0,ENCUADRE_DISTINTO
BYPASS_20260928_V01_F00358,frame_00358.jpg,358.0,31.72335237532988,141.72946381441866,0.0004237963829511478,0.0,ENCUADRE_DISTINTO
BYPASS_20260928_V01_F00359,frame_00359.jpg,359.0,-56.50689960552157,-214.23911046610218,-0.00916753238365974,0.0,ENCUADRE_DISTINTO
BYPASS_20260928_V01_F00360,frame_00360.jpg,360.0,-66.86605816406617,-153.12766403723083,0.0268372388533604,0.0,ENCUADRE_DISTINTO
BYPASS_20260928_V01_F00361,frame_00361.jpg,361.0,112.34666297456118,-170.55066976870734,0.030014463118564934,0.0,ENCUADRE_DISTINTO
BYPASS_20260928_V01_F00362,frame_00362.jpg,362.0,227.65895204077674,-43.159692096816485,0.02493040977436819,0.0,ENCUADRE_DISTINTO
BYPASS_20260928_V01_F00363,frame_00363.jpg,363.0,148.47373581390755,-118.15024840349491,0.021414789299906038,0.0,ENCUADRE_DISTINTO
BYPASS_20260928_V01_F00364,frame_00364.jpg,364.0,-116.19056386872273,-138.06189662761608,0.10100953770272526,0.0,ENCUADRE_DISTINTO
BYPASS_20260928_V01_F00365,frame_00365.jpg,365.0,-135.22302469737505,-88.44054833853022,0.018696614216875147,0.0,ENCUADRE_DISTINTO
BYPASS_20260928_V01_F00366,frame_00366.jpg,366.0,91.81295039997474,-89.62583783159977,0.026257690088248548,0.0,ENCUADRE_DISTINTO
BYPASS_20260928_V01_F00367,frame_00367.jpg,367.0,91.55912808778746,-73.49769159934047,0.008008689276966048,0.0,ENCUADRE_DISTINTO
BYPASS_20260928_V01_F00368,frame_00368.jpg,368.0,45.55720354387793,-17.2446578063566,0.016726524116080485,0.0,ENCUADRE_DISTINTO
BYPASS_20260928_V01_F00369,frame_00369.jpg,369.0,-96.90075685275855,-135.36730739553383,0.0531942743210145,0.0,ENCUADRE_DISTINTO
BYPASS_20260928_V01_F00370,frame_00370.jpg,370.0,36.70597805085907,-47.22008637857485,-0.012537842216315093,0.0,ENCUADRE_DISTINTO
BYPASS_20260928_V01_F00371,frame_00371.jpg,371.0,78.5034797163876,22.102085283265893,0.005640529114523052,0.0,ENCUADRE_DISTINTO
BYPASS_20260928_V01_F00372,frame_00372.jpg,372.0,-69.9787235343675,-96.31752588748992,0.026629359265904366,0.0,ENCUADRE_DISTINTO
BYPASS_20260928_V01_F00373,frame_00373.jpg,373.0,212.1911269369028,-70.01965759958594,0.012959081670384348,0.0,ENCUADRE_DISTINTO
BYPASS_20260928_V01_F00374,frame_00374.jpg,374.0,72.11811735633299,0.1525660454104525,-0.02890554305947857,0.0,ENCUADRE_DISTINTO
BYPASS_20260928_V01_F00375,frame_00375.jpg,375.0,4.252987132882566,-48.18824351045862,-0.006385560094574351,0.0,ENCUADRE_DISTINTO
BYPASS_20260928_V01_F00376,frame_00376.jpg,376.0,-25.503510154781196,-11.95679470180059,0.033360211495999936,0.0,ENCUADRE_DISTINTO
BYPASS_20260928_V01_F00377,frame_00377.jpg,377.0,13.412121497259847,6.945680242637337,0.03948953372460824,0.0,ENCUADRE_DISTINTO
BYPASS_20260928_V01_F00378,frame_00378.jpg,378.0,22.97236404799216,-36.107453054322946,0.04571102336968905,0.0,ENCUADRE_DISTINTO
BYPASS_20260928_V01_F00379,frame_00379.jpg,379.0,131.0801944371649,-60.06829584590406,0.029659265215382164,0.0,ENCUADRE_DISTINTO
BYPASS_20260928_V01_F00380,frame_00380.jpg,380.0,-10.530887785249746,-15.330420051794903,0.04803711742530634,0.0,ENCUADRE_DISTINTO
BYPASS_20260928_V01_F00381,frame_00381.jpg,381.0,40.466614862999535,-40.72509033748415,0.06693918418001246,0.0,ENCUADRE_DISTINTO
BYPASS_20260928_V01_F00382,frame_00382.jpg,382.0,16.929363864641715,-21.425422407888846,-0.02891694748843158,0.0,ENCUADRE_DISTINTO
BYPASS_20260928_V01_F00383,frame_00383.jpg,383.0,-42.58773960939308,-60.90070665574251,0.02070415586601069,0.0,ENCUADRE_DISTINTO
BYPASS_20260928_V01_F00384,frame_00384.jpg,384.0,46.26922548901848,23.62643036827174,0.0037884965355013626,0.0,ENCUADRE_DISTINTO
BYPASS_20260928_V01_F00385,frame_00385.jpg,385.0,-50.45708234301907,-93.25351347348982,0.06454841958151923,0.0,ENCUADRE_DISTINTO
BYPASS_20260928_V01_F00386,frame_00386.jpg,386.0,145.01816164485007,-73.76496443516527,0.01712263631231991,0.0,ENCUADRE_DISTINTO
BYPASS_20260928_V01_F00387,frame_00387.jpg,387.0,-56.055250913086155,-41.68304322420852,0.054642387084019035,0.0,ENCUADRE_DISTINTO
BYPASS_20260928_V01_F00388,frame_00388.jpg,388.0,-51.54594802187904,6.430374022236066,0.00986351400245855,0.0,ENCUADRE_DISTINTO
BYPASS_20260928_V01_F00389,frame_00389.jpg,389.0,75.45549817326892,-73.33266851065233,0.02424775332580378,0.0,ENCUADRE_DISTINTO
BYPASS_20260928_V01_F00390,frame_00390.jpg,390.0,0.8135512901285153,-17.618490681565333,0.05256833456180714,0.0,ENCUADRE_DISTINTO
BYPASS_20260928_V01_F00391,frame_00391.jpg,391.0,118.19154270532266,29.904356568135967,-0.00453006558948093,0.0,ENCUADRE_DISTINTO
BYPASS_20260928_V01_F00392,frame_00392.jpg,392.0,57.55475386248136,-3.057577730398066,0.0391983026339684,0.0,ENCUADRE_DISTINTO
BYPASS_20260928_V01_F00393,frame_00393.jpg,393.0,-6.378038360917316,8.249572299266589,0.05950750627635438,0.0,ENCUADRE_DISTINTO
BYPASS_20260928_V01_F00394,frame_00394.jpg,394.0,-54.770271253462084,-55.10018944079033,0.0483016691826008,0.0,ENCUADRE_DISTINTO
BYPASS_20260928_V01_F00395,frame_00395.jpg,395.0,-87.96709944190337,-97.7051794633455,-0.029189285451983227,0.0,ENCUADRE_DISTINTO
BYPASS_20260928_V01_F00396,frame_00396.jpg,396.0,-89.20168409275777,-117.94863982209782,-0.018465275639369165,0.0,ENCUADRE_DISTINTO
BYPASS_20260928_V01_F00397,frame_00397.jpg,397.0,-123.28246261326441,-132.29149637860655,0.03247650214183478,0.0,ENCUADRE_DISTINTO
BYPASS_20260928_V01_F00398,frame_00398.jpg,398.0,58.300938407759105,-110.15360069715595,0.02700873319013619,0.0,ENCUADRE_DISTINTO
BYPASS_20260928_V01_F00399,frame_00399.jpg,399.0,-69.42597968495332,-169.98738857994357,0.024375467756648124,0.0,ENCUADRE_DISTINTO
BYPASS_20260928_V01_F00400,frame_00400.jpg,400.0,-33.61743394400165,-149.6782003352681,0.055949810404836396,0.0,ENCUADRE_DISTINTO
BYPASS_20260928_V01_F00401,frame_00401.jpg,401.0,267.106164840871,-19.237946667025568,0.0008310047196753231,0.0,ENCUADRE_DISTINTO
BYPASS_20260928_V01_F00402,frame_00402.jpg,402.0,-114.1903797109401,-145.1483793322549,-0.002752732126801102,0.0,ENCUADRE_DISTINTO
BYPASS_20260928_V01_F00403,frame_00403.jpg,403.0,26.678439207457018,-111.35729083606913,0.03721004371289854,0.0,ENCUADRE_DISTINTO
BYPASS_20260928_V01_F00404,frame_00404.jpg,404.0,-228.94161054244552,-92.38880468559404,0.0016689226215268358,0.0,ENCUADRE_DISTINTO
BYPASS_20260928_V01_F00405,frame_00405.jpg,405.0,7.171532470168728,-106.06635253913794,0.0539582301069189,0.0,ENCUADRE_DISTINTO
BYPASS_20260928_V01_F00406,frame_00406.jpg,406.0,-64.21056374065327,-174.6368070936916,-0.006755250250851667,0.0,ENCUADRE_DISTINTO
BYPASS_20260928_V01_F00407,frame_00407.jpg,407.0,8.95674225542021,-104.77329454800068,0.04150961262208444,0.0,ENCUADRE_DISTINTO
BYPASS_20260928_V01_F00408,frame_00408.jpg,408.0,-63.458140324608365,-167.37112014681185,-0.013051818697540848,0.0,ENCUADRE_DISTINTO
BYPASS_20260928_V01_F00409,frame_00409.jpg,409.0,118.52757340436096,-74.24262558691913,0.03970324490909223,0.0,ENCUADRE_DISTINTO
BYPASS_20260928_V01_F00410,frame_00410.jpg,410.0,-15.809518689347726,58.964360680214284,0.021487161480350257,0.0,ENCUADRE_DISTINTO
BYPASS_20260928_V01_F00411,frame_00411.jpg,411.0,-149.09663910893858,-74.76962486735283,0.08070722744788653,0.0,ENCUADRE_DISTINTO
BYPASS_20260928_V01_F00412,frame_00412.jpg,412.0,-143.2642720130872,-79.00238680450238,0.08248474097546236,0.0,ENCUADRE_DISTINTO
BYPASS_20260928_V01_F00413,frame_00413.jpg,413.0,118.54037629687147,-88.98993397781715,0.01828039590223336,0.0,ENCUADRE_DISTINTO
BYPASS_20260928_V01_F00414,frame_00414.jpg,414.0,-47.18669677000972,-31.555171927684285,0.004503222674499323,0.0,ENCUADRE_DISTINTO
BYPASS_20260928_V01_F00415,frame_00415.jpg,415.0,-145.06016056908504,-51.92032116014775,0.004017871544684893,0.0,ENCUADRE_DISTINTO
BYPASS_20260928_V01_F00416,frame_00416.jpg,416.0,-154.62681468526807,-88.22376422149574,0.06701517384729268,0.0,ENCUADRE_DISTINTO
BYPASS_20260928_V01_F00417,frame_00417.jpg,417.0,27.36815799984103,-44.66814693529395,0.024746252651567813,0.0,ENCUADRE_DISTINTO
BYPASS_20260928_V01_F00418,frame_00418.jpg,418.0,63.36583435732146,-74.21108667040008,0.03373843843554273,0.0,ENCUADRE_DISTINTO
BYPASS_20260928_V01_F00419,frame_00419.jpg,419.0,18.790376121648734,-55.68979168148854,0.018759320768309228,0.0,ENCUADRE_DISTINTO
BYPASS_20260928_V01_F00420,frame_00420.jpg,420.0,-35.8296292638276,-61.84206047725837,0.05882315341337228,0.0,ENCUADRE_DISTINTO
BYPASS_20260928_V01_F00421,frame_00421.jpg,421.0,114.24807170203039,-76.93899744080997,0.02014524730635278,0.0,ENCUADRE_DISTINTO
BYPASS_20260928_V01_F00422,frame_00422.jpg,422.0,-8.910060633239738,-46.97378943474743,0.027669107913970946,0.0,ENCUADRE_DISTINTO
BYPASS_20260928_V01_F00423,frame_00423.jpg,423.0,-76.7967937566655,-86.1585619290401,0.11527206813111718,0.0,ENCUADRE_DISTINTO
BYPASS_20260928_V01_F00424,frame_00424.jpg,424.0,-41.505921578571986,20.3760491227427,0.19330844761412821,0.07578125,REF
BYPASS_20260928_V01_F00425,frame_00425.jpg,425.0,-30.891463453029417,27.6962568997551,0.4720009176819413,0.04399112654320988,REF
BYPASS_20260928_V01_F00426,frame_00426.jpg,426.0,-36.157820300479585,26.443419955252836,0.5345169124044018,0.040190972222222225,REF
BYPASS_20260928_V01_F00427,frame_00427.jpg,427.0,-41.7848421616186,23.460552546404642,0.5545564082669623,0.04041280864197531,REF
BYPASS_20260928_V01_F00428,frame_00428.jpg,428.0,-44.955611072561936,14.914089835777304,0.5573362953868913,0.050646219135802466,REF
BYPASS_20260928_V01_F00429,frame_00429.jpg,429.0,-37.37398652189739,-3.59714446648357,0.5628387125921838,0.03140432098765432,REF
BYPASS_20260928_V01_F00430,frame_00430.jpg,430.0,-25.161452493657947,-11.980951150927297,0.6883564660578598,0.027961033950617283,REF
BYPASS_20260928_V01_F00431,frame_00431.jpg,431.0,-19.937985637884964,-12.000703695082962,0.6896611677275764,0.02193287037037037,REF
BYPASS_20260928_V01_F00432,frame_00432.jpg,432.0,-22.058228197693097,-9.839506284007456,0.5681853727058128,0.02076581790123457,REF
BYPASS_20260928_V01_F00433,frame_00433.jpg,433.0,-24.31502392882902,-9.199474386549326,0.6244148325037073,0.032378472222222225,REF
BYPASS_20260928_V01_F00434,frame_00434.jpg,434.0,-25.979114624059065,-6.6142978428331105,0.6564048952526517,0.02740162037037037,REF
BYPASS_20260928_V01_F00435,frame_00435.jpg,435.0,-26.85965645571369,-6.072372163429293,0.6578751222586926,0.031983024691358025,REF
BYPASS_20260928_V01_F00436,frame_00436.jpg,436.0,-25.390250429323544,-6.733835621122921,0.6436475000263732,0.020109953703703703,REF
BYPASS_20260928_V01_F00437,frame_00437.jpg,437.0,-26.939177196231896,2.9477837906356683,0.6003219488226337,0.02962962962962963,REF
BYPASS_20260928_V01_F00438,frame_00438.jpg,438.0,-26.243959009627872,8.31546066650921,0.5664080385072732,0.03161651234567901,REF
BYPASS_20260928_V01_F00439,frame_00439.jpg,439.0,-25.187024833382253,-2.7528658468409617,0.6130436916410187,0.026282793209876542,REF
BYPASS_20260928_V01_F00440,frame_00440.jpg,440.0,-29.45300526743611,-6.714605745485471,0.5747668317806574,0.024035493827160494,REF
BYPASS_20260928_V01_F00441,frame_00441.jpg,441.0,-30.675712664960372,-6.743567965928946,0.5884443768748531,0.014091435185185186,REF
BYPASS_20260928_V01_F00442,frame_00442.jpg,442.0,-35.484554793860525,-3.7304671546362727,0.5992799987763534,0.01853780864197531,REF
BYPASS_20260928_V01_F00443,frame_00443.jpg,443.0,-46.549040140086845,18.01369762402601,0.5533027643774763,0.032310956790123455,REF
BYPASS_20260928_V01_F00444,frame_00444.jpg,444.0,-52.71201405466468,24.218218725289347,0.5549102395405004,0.03304398148148148,REF
BYPASS_20260928_V01_F00445,frame_00445.jpg,445.0,-51.50153133165972,14.39911552055986,0.547955067952474,0.02935956790123457,REF
BYPASS_20260928_V01_F00446,frame_00446.jpg,446.0,-50.10148167986105,14.620346570998208,0.5894275788907651,0.02593557098765432,REF
BYPASS_20260928_V01_F00447,frame_00447.jpg,447.0,-58.85510282548975,25.22621195951416,0.5268713770089326,0.02292631172839506,REF
BYPASS_20260928_V01_F00448,frame_00448.jpg,448.0,-60.05606135145058,26.118884827944726,0.5683847151420734,0.029330632716049382,REF
BYPASS_20260928_V01_F00449,frame_00449.jpg,449.0,-56.67216420261454,22.97890621556033,0.5694441705574224,0.024932484567901234,REF
BYPASS_20260928_V01_F00450,frame_00450.jpg,450.0,-53.72339028690024,23.00031267988865,0.5370733633453464,0.023070987654320987,REF
BYPASS_20260928_V01_F00451,frame_00451.jpg,451.0,-54.795531734796526,20.979994700801797,0.5562653264881652,0.025733024691358023,REF
BYPASS_20260928_V01_F00452,frame_00452.jpg,452.0,-57.03070716318081,21.307754406608183,0.5542758218300196,0.032108410493827164,REF
BYPASS_20260928_V01_F00453,frame_00453.jpg,453.0,-53.374010313894786,20.961208296797224,0.5825356836672182,0.030931712962962963,REF
BYPASS_20260928_V01_F00454,frame_00454.jpg,454.0,-50.5284566998119,20.80386797228155,0.5690080957648195,0.03582175925925926,REF
BYPASS_20260928_V01_F00455,frame_00455.jpg,455.0,-45.18383307586154,14.58983265663727,0.5786493114483209,0.035320216049382715,REF
BYPASS_20260928_V01_F00456,frame_00456.jpg,456.0,-15.47892458106844,3.3239132164481475,0.5779162058123836,0.032880015432098765,REF
BYPASS_20260928_V01_F00457,frame_00457.jpg,457.0,14.709072496917372,-0.2357501019029371,0.6413533397662787,0.03370949074074074,REF
BYPASS_20260928_V01_F00458,frame_00458.jpg,458.0,32.133187902492494,9.967736152526072,0.7501697182287405,0.01750578703703704,REF
BYPASS_20260928_V01_F00459,frame_00459.jpg,459.0,29.220874205952498,21.0215626310719,0.7754567544401428,0.022743055555555555,REF
BYPASS_20260928_V01_F00460,frame_00460.jpg,460.0,11.22635199368844,36.824018721563164,0.7612675590647592,0.01915509259259259,REF
BYPASS_20260928_V01_F00461,frame_00461.jpg,461.0,-9.714985472880642,37.86339246503198,0.711887839988426,0.023312114197530865,REF
BYPASS_20260928_V01_F00462,frame_00462.jpg,462.0,-15.21849753231993,32.94129305154084,0.7575099247473257,0.033777006172839505,REF
BYPASS_20260928_V01_F00463,frame_00463.jpg,463.0,-16.890220021607405,44.90264271272062,0.7057448170895194,0.028742283950617283,REF
BYPASS_20260928_V01_F00464,frame_00464.jpg,464.0,-16.9792929038216,59.79927438105754,0.7044161115163639,0.035464891975308645,REF
BYPASS_20260928_V01_F00465,frame_00465.jpg,465.0,-15.274743984873169,65.82637114619702,0.7077765716446771,0.0425733024691358,REF
BYPASS_20260928_V01_F00466,frame_00466.jpg,466.0,-8.846351066879805,60.950987269908055,0.7056893329193563,0.04490740740740741,REF
BYPASS_20260928_V01_F00467,frame_00467.jpg,467.0,-4.497742576995421,62.45625943815942,0.7109686786745801,0.04153163580246914,REF
BYPASS_20260928_V01_F00468,frame_00468.jpg,468.0,-2.833916316294477,64.75926407356467,0.6963872544559432,0.0431712962962963,REF
BYPASS_20260928_V01_F00469,frame_00469.jpg,469.0,1.4042579681851919,56.44616234701547,0.7016610394289464,0.04241898148148148,REF
BYPASS_20260928_V01_F00470,frame_00470.jpg,470.0,5.141413021635799,59.22210875541185,0.6771648389321786,0.04032600308641975,REF
BYPASS_20260928_V01_F00471,frame_00471.jpg,471.0,7.931460313177979,72.4056340963316,0.6755680253476273,0.05342399691358025,REF
BYPASS_20260928_V01_F00472,frame_00472.jpg,472.0,7.043882395180674,86.7384010194723,0.6516260264832296,0.06284722222222222,REF
BYPASS_20260928_V01_F00473,frame_00473.jpg,473.0,3.02918290091867,87.19535354243091,0.6452359713154074,0.06707175925925926,REF
BYPASS_20260928_V01_F00474,frame_00474.jpg,474.0,0.21865595925132197,77.72474725876836,0.630915293428633,0.06401427469135802,REF
BYPASS_20260928_V01_F00475,frame_00475.jpg,475.0,-6.823592957961893,75.99679430914559,0.5224668694131168,0.059230324074074074,REF
BYPASS_20260928_V01_F00476,frame_00476.jpg,476.0,-8.73262408709195,74.33454006860737,0.5350435772059876,0.06709104938271605,REF
BYPASS_20260928_V01_F00477,frame_00477.jpg,477.0,-14.771101455140894,60.84466230305861,0.49076418847213554,0.06773726851851852,REF
BYPASS_20260928_V01_F00478,frame_00478.jpg,478.0,-21.150350036742537,35.82901407259021,0.47559450732337105,0.07139274691358025,REF
BYPASS_20260928_V01_F00479,frame_00479.jpg,479.0,-26.8877945612158,17.31463407552394,0.48808720546004214,0.06772762345679012,REF
BYPASS_20260928_V01_F00480,frame_00480.jpg,480.0,-27.832527084847015,6.963361505753198,0.6635075789910776,0.04189814814814815,REF
BYPASS_20260928_V01_F00481,frame_00481.jpg,481.0,14.864525586167616,-6.240104324430092,0.6707032219863233,0.02936921296296296,REF
BYPASS_20260928_V01_F00482,frame_00482.jpg,482.0,-28.161242414432678,1.120372177786237,0.7404456622806597,0.022251157407407407,REF
BYPASS_20260928_V01_F00483,frame_00483.jpg,483.0,-32.054818058603956,-14.896543746681175,0.689046965116336,0.04177276234567901,REF
BYPASS_20260928_V01_F00484,frame_00484.jpg,484.0,-20.44127508000983,-35.6721427068816,0.656397764623901,0.04130979938271605,REF
BYPASS_20260928_V01_F00485,frame_00485.jpg,485.0,-13.42063842965345,-50.18625248867181,0.6446161455578274,0.029012345679012345,REF
BYPASS_20260928_V01_F00486,frame_00486.jpg,486.0,-5.498610471942271,-59.53563614720369,0.6843693287284286,0.036516203703703703,REF
BYPASS_20260928_V01_F00487,frame_00487.jpg,487.0,0.7626750555336628,-59.9672396055185,0.703485342308327,0.035792824074074074,REF
BYPASS_20260928_V01_F00488,frame_00488.jpg,488.0,6.118128134716187,-54.06195124710956,0.7219656579288436,0.03696952160493827,REF
BYPASS_20260928_V01_F00489,frame_00489.jpg,489.0,7.1249217013244674,-55.18488234648336,0.7406148995146339,0.02195216049382716,REF
BYPASS_20260928_V01_F00490,frame_00490.jpg,490.0,10.80411239307523,-54.044597724584804,0.698868347686014,0.027218364197530865,REF
BYPASS_20260928_V01_F00491,frame_00491.jpg,491.0,12.342725846713222,-57.86968904279337,0.7203883135760272,0.02556905864197531,REF
BYPASS_20260928_V01_F00492,frame_00492.jpg,492.0,19.3028669490686,-60.40848776446049,0.6637589794618112,0.02195216049382716,REF
BYPASS_20260928_V01_F00493,frame_00493.jpg,493.0,21.737147781778873,-59.31897848051355,0.6978795069971202,0.02113233024691358,REF
BYPASS_20260928_V01_F00494,frame_00494.jpg,494.0,27.002863951458153,-57.47860087837043,0.6960819432764878,0.027623456790123457,REF
BYPASS_20260928_V01_F00495,frame_00495.jpg,495.0,21.626693940879562,-52.38449328067722,0.7000592305336469,0.016155478395061727,REF
BYPASS_20260928_V01_F00496,frame_00496.jpg,496.0,4.5876453939705755,-43.78489129268408,0.7524598551385197,0.010821759259259258,REF
BYPASS_20260928_V01_F00497,frame_00497.jpg,497.0,0.8704706117356693,-33.055903807705874,0.7889685586646751,0.016107253086419752,REF
BYPASS_20260928_V01_F00498,frame_00498.jpg,498.0,-0.3649460715483315,-18.910220461298053,0.754064491280803,0.011950231481481482,REF
BYPASS_20260928_V01_F00499,frame_00499.jpg,499.0,0.17788476207684312,-15.801818252954405,0.7608649477546597,0.014477237654320988,REF
BYPASS_20260928_V01_F00500,frame_00500.jpg,500.0,2.1812094277552774,-25.89925147914994,0.6360161298586998,0.011574074074074073,REF
BYPASS_20260928_V01_F00501,frame_00501.jpg,501.0,1.1741222719592201,-24.722057964587037,0.773890178144714,0.01189236111111111,REF
BYPASS_20260928_V01_F00502,frame_00502.jpg,502.0,-5.469627074117113,-24.21615251344781,0.7409972036326373,0.016030092592592592,REF
BYPASS_20260928_V01_F00503,frame_00503.jpg,503.0,-14.691080518044856,-31.122243296103846,0.6991291770228634,0.012808641975308642,REF
BYPASS_20260928_V01_F00504,frame_00504.jpg,504.0,-21.98773929986325,-42.564746150289125,0.589482910397612,0.015518904320987655,REF
BYPASS_20260928_V01_F00505,frame_00505.jpg,505.0,-26.382917914874128,-47.01962260628329,0.7146883189678193,0.01392746913580247,REF
BYPASS_20260928_V01_F00506,frame_00506.jpg,506.0,-31.470253283244944,-47.42100771498684,0.6991377954129819,0.01781442901234568,REF
BYPASS_20260928_V01_F00507,frame_00507.jpg,507.0,-32.14651749465227,-46.875745230604736,0.693813544732553,0.0167920524691358,REF
BYPASS_20260928_V01_F00508,frame_00508.jpg,508.0,-29.45940640495175,-44.86573370164356,0.6855160410757418,0.022212577160493827,REF
BYPASS_20260928_V01_F00509,frame_00509.jpg,509.0,-34.121221663338304,-35.78403218367583,0.6770364779013175,0.022820216049382717,REF
BYPASS_20260928_V01_F00510,frame_00510.jpg,510.0,-52.197301629871845,-22.929796634746822,0.6747576912980021,0.022048611111111113,REF
BYPASS_20260928_V01_F00511,frame_00511.jpg,511.0,-57.4042323178472,-18.854757147410368,0.5817570371392332,0.0267554012345679,REF
BYPASS_20260928_V01_F00512,frame_00512.jpg,512.0,-56.877917097950615,-15.218901303661454,0.5749233160489872,0.035619212962962964,REF
BYPASS_20260928_V01_F00513,frame_00513.jpg,513.0,-60.32997518811706,-18.42228149157137,0.5637484434210224,0.028858024691358026,REF
BYPASS_20260928_V01_F00514,frame_00514.jpg,514.0,-62.03599143556147,-18.768682637554974,0.5693711274935875,0.022733410493827162,REF
BYPASS_20260928_V01_F00515,frame_00515.jpg,515.0,-63.24062013959147,-11.321070633344647,0.6269162356117626,0.024247685185185185,REF
BYPASS_20260928_V01_F00516,frame_00516.jpg,516.0,-59.2470607964423,-2.0041932154569224,0.6654304227711242,0.019000771604938273,REF
BYPASS_20260928_V01_F00517,frame_00517.jpg,517.0,-58.398666096349984,-2.1374672707911486,0.6062061529100677,0.017939814814814815,REF
BYPASS_20260928_V01_F00518,frame_00518.jpg,518.0,-100.33701774338462,-12.200476418842499,0.5586385035956347,0.02193287037037037,REF
BYPASS_20260928_V01_F00519,frame_00519.jpg,519.0,-68.78066118006765,-42.59548113708249,0.4496279772417045,0.02857831790123457,REF
BYPASS_20260928_V01_F00520,frame_00520.jpg,520.0,-45.963291086123604,-74.1214281423052,0.4886806342336867,0.02556905864197531,REF
BYPASS_20260928_V01_F00521,frame_00521.jpg,521.0,11.796479535695,-65.1422603478461,0.5445822072617802,0.026842206790123457,REF
BYPASS_20260928_V01_F00522,frame_00522.jpg,522.0,68.39418259198578,-50.7708314620194,0.6264896435134205,0.03984375,REF
BYPASS_20260928_V01_F00523,frame_00523.jpg,523.0,71.72951374013698,-60.73303678660059,0.6922347277770807,0.029253472222222222,REF
BYPASS_20260928_V01_F00524,frame_00524.jpg,524.0,51.407945575836635,-86.51767959891214,0.6301973643126311,0.02882908950617284,REF
BYPASS_20260928_V01_F00525,frame_00525.jpg,525.0,31.268887015246634,-109.46652501030815,0.5460298430772476,0.02134452160493827,REF
BYPASS_20260928_V01_F00526,frame_00526.jpg,526.0,10.85782473182715,-124.33808186959683,0.49268169969688225,0.023678626543209878,REF
BYPASS_20260928_V01_F00527,frame_00527.jpg,527.0,-0.18369581022793113,-115.95975538658317,0.44342877084826243,0.034018132716049386,REF
BYPASS_20260928_V01_F00528,frame_00528.jpg,528.0,-0.5488061578801933,-107.7739818372296,0.49332156622851336,0.039197530864197534,REF
BYPASS_20260928_V01_F00529,frame_00529.jpg,529.0,-1.5543175611466609,-104.0969974552084,0.5389457640824494,0.02824074074074074,REF
BYPASS_20260928_V01_F00530,frame_00530.jpg,530.0,-0.42267137992814696,-102.06539866320594,0.49657988886774324,0.036439043209876544,REF
BYPASS_20260928_V01_F00531,frame_00531.jpg,531.0,-1.065764335677386,-98.10392221455763,0.5375038160218133,0.02318672839506173,REF
BYPASS_20260928_V01_F00532,frame_00532.jpg,532.0,-1.7362252730465002,-98.43050335562535,0.5525859951972961,0.02553047839506173,REF
BYPASS_20260928_V01_F00533,frame_00533.jpg,533.0,-1.5935682821679222,-99.37588439619881,0.5425233402369934,0.030102237654320987,REF
BYPASS_20260928_V01_F00534,frame_00534.jpg,534.0,-5.076181596271823,-89.98464235288753,0.5645703722297409,0.029388503086419753,REF
BYPASS_20260928_V01_F00535,frame_00535.jpg,535.0,-15.663354832107387,-88.33318839429788,0.4845398842552562,0.02484567901234568,REF
BYPASS_20260928_V01_F00536,frame_00536.jpg,536.0,-25.694595629649115,-93.81194176832645,0.5323522637655705,0.02056327160493827,REF
BYPASS_20260928_V01_F00537,frame_00537.jpg,537.0,-30.820504071968912,-94.9317740077413,0.4499734240549582,0.02416087962962963,REF
BYPASS_20260928_V01_F00538,frame_00538.jpg,538.0,-25.28444429521224,-83.48978047931587,0.5336319122785403,0.023051697530864196,REF
BYPASS_20260928_V01_F00539,frame_00539.jpg,539.0,-21.868295906532893,-76.50098854569492,0.491936280992296,0.019232253086419755,REF
BYPASS_20260928_V01_F00540,frame_00540.jpg,540.0,-17.141243915700443,-73.66369125642686,0.6378702433020981,0.014795524691358026,REF
BYPASS_20260928_V01_F00541,frame_00541.jpg,541.0,-19.84380788708404,-68.93013879617112,0.6517927507559459,0.016608796296296295,REF
BYPASS_20260928_V01_F00542,frame_00542.jpg,542.0,-11.067525322881153,-66.79640319748546,0.6700499243206448,0.0130883487654321,REF
BYPASS_20260928_V01_F00543,frame_00543.jpg,543.0,-10.134058870891096,-61.047804168337564,0.5858579199991109,0.015981867283950617,REF
BYPASS_20260928_V01_F00544,frame_00544.jpg,544.0,-9.92033211237785,-53.401093733483975,0.6186937377776629,0.01962770061728395,REF
BYPASS_20260928_V01_F00545,frame_00545.jpg,545.0,-14.757320491671635,-58.937699398678376,0.6427961428224305,0.017737268518518517,REF
BYPASS_20260928_V01_F00546,frame_00546.jpg,546.0,-30.908387232822577,-65.9966876009448,0.513460037149029,0.023148148148148147,REF
BYPASS_20260928_V01_F00547,frame_00547.jpg,547.0,-37.73829174170584,-70.15356003296199,0.5576231647788742,0.018933256172839506,REF
BYPASS_20260928_V01_F00548,frame_00548.jpg,548.0,-37.638095494401654,-67.05292154817133,0.5597769756376008,0.024749228395061728,REF
BYPASS_20260928_V01_F00549,frame_00549.jpg,549.0,-38.3776954102384,-61.60611732942718,0.5955486118057628,0.02027391975308642,REF
BYPASS_20260928_V01_F00550,frame_00550.jpg,550.0,-36.83007591988164,-64.25161429829407,0.5321698383048729,0.019714506172839506,REF
BYPASS_20260928_V01_F00551,frame_00551.jpg,551.0,-45.67643244081768,-68.73320565816996,0.4722010550675569,0.026707175925925926,REF
BYPASS_20260928_V01_F00552,frame_00552.jpg,552.0,-51.82953566836409,-71.86689372279781,0.45764463006714245,0.031433256172839506,REF
BYPASS_20260928_V01_F00553,frame_00553.jpg,553.0,-50.078141404989395,-78.64072181428332,0.5552856187761566,0.028703703703703703,REF
BYPASS_20260928_V01_F00554,frame_00554.jpg,554.0,-61.55431088107653,-77.69015018378002,0.4976473190166332,0.02802854938271605,REF
BYPASS_20260928_V01_F00555,frame_00555.jpg,555.0,-71.51481781353613,-72.74653718005911,0.3607954091495938,0.032378472222222225,REF
BYPASS_20260928_V01_F00556,frame_00556.jpg,556.0,-90.92612821853211,-53.67199680338905,0.471932077113493,0.02736304012345679,REF
BYPASS_20260928_V01_F00557,frame_00557.jpg,557.0,-90.12400853938183,-38.39719110946129,0.5381120516930098,0.023080632716049383,REF
BYPASS_20260928_V01_F00558,frame_00558.jpg,558.0,-90.43018330592727,-41.69127799040916,0.5657187792254083,0.02759452160493827,REF
BYPASS_20260928_V01_F00559,frame_00559.jpg,559.0,-101.77382872382873,-60.96812757556725,0.31444625251087144,0.036535493827160495,REF
BYPASS_20260928_V01_F00560,frame_00560.jpg,560.0,-104.68817674601883,-66.90604452507822,0.3222900563552056,0.034596836419753085,REF
BYPASS_20260928_V01_F00561,frame_00561.jpg,561.0,-95.06388056432658,-72.15482577015212,0.38454809600924267,0.033053626543209876,REF
BYPASS_20260928_V01_F00562,frame_00562.jpg,562.0,-88.3678324201571,-75.56868815390149,0.48293745399993143,0.029214891975308643,REF
BYPASS_20260928_V01_F00563,frame_00563.jpg,563.0,-83.30419160830695,-75.62615743047294,0.26045401401725815,0.043933256172839504,REF
BYPASS_20260928_V01_F00564,frame_00564.jpg,564.0,-81.64640211545066,-61.29850974714935,0.4127187911375069,0.035474537037037034,REF
BYPASS_20260928_V01_F00565,frame_00565.jpg,565.0,-71.21654315260793,-66.98849131168464,0.33487307054025156,0.03908179012345679,REF
BYPASS_20260928_V01_F00566,frame_00566.jpg,566.0,-74.14928661338328,-73.57337817012902,0.33770615274523513,0.03951581790123457,REF
BYPASS_20260928_V01_F00567,frame_00567.jpg,567.0,-86.71472862078701,-69.63049379056136,0.3463855356345942,0.03321759259259259,REF
BYPASS_20260928_V01_F00568,frame_00568.jpg,568.0,-98.7092694926734,-64.29224721902793,0.46344090508825986,0.027604166666666666,REF
BYPASS_20260928_V01_F00569,frame_00569.jpg,569.0,-80.15158035309076,-49.237888226213784,0.5603553337815367,0.020785108024691357,REF
BYPASS_20260928_V01_F00570,frame_00570.jpg,570.0,-53.34285727376667,-42.38045138224703,0.5797152991648074,0.024720293209876544,REF
BYPASS_20260928_V01_F00571,frame_00571.jpg,571.0,-30.69909633922751,-41.176079793683016,0.552633316354987,0.01682098765432099,REF
BYPASS_20260928_V01_F00572,frame_00572.jpg,572.0,-19.54745671579724,-30.362347434986077,0.6648274904415932,0.019077932098765432,REF
BYPASS_20260928_V01_F00573,frame_00573.jpg,573.0,-14.27957991997468,-24.044330829009766,0.6783802491647226,0.022916666666666665,REF
BYPASS_20260928_V01_F00574,frame_00574.jpg,574.0,-10.673288412519241,-18.97375145841019,0.6385295243910801,0.016155478395061727,REF
BYPASS_20260928_V01_F00575,frame_00575.jpg,575.0,-6.488209182636865,-20.69430945931751,0.680752259860804,0.02355324074074074,REF
BYPASS_20260928_V01_F00576,frame_00576.jpg,576.0,-0.09426890976106961,-26.39916164861023,0.7042911143950474,0.02381365740740741,REF
BYPASS_20260928_V01_F00577,frame_00577.jpg,577.0,4.15690404800651,-30.008982991935454,0.7090798207271246,0.023919753086419752,REF
BYPASS_20260928_V01_F00578,frame_00578.jpg,578.0,-3.2283322159308625,-33.24786186115159,0.5805429891303734,0.027498070987654322,REF
BYPASS_20260928_V01_F00579,frame_00579.jpg,579.0,-26.933623194602603,-33.41040514070039,0.5444846263638249,0.038097993827160496,REF
BYPASS_20260928_V01_F00580,frame_00580.jpg,580.0,-10.922988384177813,-22.678369306571057,0.6116277978744036,0.03216628086419753,REF
BYPASS_20260928_V01_F00581,frame_00581.jpg,581.0,3.0835043529644963,-7.959595994518395,0.5974443437140665,0.04095293209876543,REF
BYPASS_20260928_V01_F00582,frame_00582.jpg,582.0,15.011733642591992,-5.374336815799893,0.5572280833750596,0.0462866512345679,REF
BYPASS_20260928_V01_F00583,frame_00583.jpg,583.0,24.835767840811314,-11.912570937867542,0.6117691275514202,0.042563657407407404,REF
BYPASS_20260928_V01_F00584,frame_00584.jpg,584.0,27.289901980714802,-25.322971042438922,0.5919457298737986,0.03609182098765432,REF
BYPASS_20260928_V01_F00585,frame_00585.jpg,585.0,29.420312808551728,-17.085167690701155,0.6598658647066281,0.035542052469135804,REF
BYPASS_20260928_V01_F00586,frame_00586.jpg,586.0,24.105615610938344,-10.350989775474602,0.656074461892799,0.034944058641975306,REF
BYPASS_20260928_V01_F00587,frame_00587.jpg,587.0,26.57143782520913,-5.558414605133748,0.6745651395232589,0.037258873456790124,REF
BYPASS_20260928_V01_F00588,frame_00588.jpg,588.0,28.755100806060312,3.285477965861787,0.6219247030623165,0.040538194444444446,REF
BYPASS_20260928_V01_F00589,frame_00589.jpg,589.0,21.79617393706016,6.527149320201488,0.6348593137146514,0.03852237654320988,REF
BYPASS_20260928_V01_F00590,frame_00590.jpg,590.0,20.19626543676381,3.0741956072230323,0.6746526113262883,0.04054783950617284,REF
BYPASS_20260928_V01_F00591,frame_00591.jpg,591.0,14.338830507293551,1.5281738726950493,0.682070439538838,0.02922453703703704,REF
BYPASS_20260928_V01_F00592,frame_00592.jpg,592.0,9.35608023540783,-10.381003635547728,0.7272026357827364,0.02553047839506173,REF
BYPASS_20260928_V01_F00593,frame_00593.jpg,593.0,2.8603833383895108,-19.681178356921293,0.6893281805662461,0.023157793209876543,REF
BYPASS_20260928_V01_F00594,frame_00594.jpg,594.0,-7.974037076825795,-32.34390353488183,0.6784407366941004,0.020013503086419752,REF
BYPASS_20260928_V01_F00595,frame_00595.jpg,595.0,-11.621642859308906,-39.46318855185021,0.662110713970514,0.022559799382716048,REF
BYPASS_20260928_V01_F00596,frame_00596.jpg,596.0,0.13745778387325913,-23.363110192652442,0.6960490244406241,0.025202546296296296,REF
BYPASS_20260928_V01_F00597,frame_00597.jpg,597.0,9.606974704874972,-11.116815080379581,0.6552779664227992,0.0255883487654321,REF
BYPASS_20260928_V01_F00598,frame_00598.jpg,598.0,23.066635786637363,2.7634488117924434,0.6521579989680537,0.03060378086419753,REF
BYPASS_20260928_V01_F00599,frame_00599.jpg,599.0,30.608511933072634,7.650859693346177,0.5832769553602478,0.028182870370370372,REF
BYPASS_20260928_V01_F00600,frame_00600.jpg,600.0,36.71649958262438,-4.720473666525919,0.6106933206319809,0.024691358024691357,REF
BYPASS_20260928_V01_F00601,frame_00601.jpg,601.0,35.217096490260275,-10.263741558742538,0.6556461986200309,0.02111304012345679,REF
BYPASS_20260928_V01_F00602,frame_00602.jpg,602.0,31.04649879985098,-7.86926567418692,0.652848415536645,0.019444444444444445,REF
BYPASS_20260928_V01_F00603,frame_00603.jpg,603.0,30.502255419270455,-23.42477374779537,0.6993271770300689,0.019820601851851853,REF
BYPASS_20260928_V01_F00604,frame_00604.jpg,604.0,27.442077658733638,-52.596380270572865,0.6978456102771523,0.011622299382716049,REF
BYPASS_20260928_V01_F00605,frame_00605.jpg,605.0,7.086434554305953,-63.76528294331851,0.6537198880572378,0.00882523148148148,REF
BYPASS_20260928_V01_F00606,frame_00606.jpg,606.0,-2.514317512024462,-79.00602355020487,0.6094458056084904,0.012528935185185185,REF
BYPASS_20260928_V01_F00607,frame_00607.jpg,607.0,-5.263854353484817,-83.91590946607428,0.5933674373008587,0.019772376543209878,REF
BYPASS_20260928_V01_F00608,frame_00608.jpg,608.0,-9.874733421862487,-74.87984603000666,0.45576003466123416,0.01722608024691358,REF
BYPASS_20260928_V01_F00609,frame_00609.jpg,609.0,-20.01230982533943,-68.19263545254617,0.6086405458273711,0.012683256172839507,REF
BYPASS_20260928_V01_F00610,frame_00610.jpg,610.0,-22.08341255810106,-70.85705940599436,0.3741116988806077,0.013252314814814814,REF
BYPASS_20260928_V01_F00611,frame_00611.jpg,611.0,-24.760891748758667,-73.97645546167578,0.39726787397155056,0.013541666666666667,REF
BYPASS_20260928_V01_F00612,frame_00612.jpg,612.0,-24.64929346932766,-68.07797181838237,0.5042015022701687,0.011535493827160494,REF
BYPASS_20260928_V01_F00613,frame_00613.jpg,613.0,-25.304800304388237,-63.88324084865445,0.5945490504488533,0.010281635802469135,REF
BYPASS_20260928_V01_F00614,frame_00614.jpg,614.0,-32.30415783744607,-70.9779576839928,0.6527762991042785,0.01320408950617284,REF
BYPASS_20260928_V01_F00615,frame_00615.jpg,615.0,-38.09930461034324,-70.70865945367012,0.6210656492798416,0.015133101851851852,REF
BYPASS_20260928_V01_F00616,frame_00616.jpg,616.0,-34.9813346824651,-61.24465017620781,0.678774701518777,0.011930941358024692,REF
BYPASS_20260928_V01_F00617,frame_00617.jpg,617.0,-34.64807345321421,-55.551773115196085,0.664639172712226,0.011622299382716049,REF
BYPASS_20260928_V01_F00618,frame_00618.jpg,618.0,-39.63749303979617,-57.142310293850414,0.5617760413958702,0.01691743827160494,REF
BYPASS_20260928_V01_F00619,frame_00619.jpg,619.0,-41.6088865111648,-57.25506711947523,0.592975009812249,0.017004243827160495,REF
BYPASS_20260928_V01_F00620,frame_00620.jpg,620.0,-41.60882487060309,-56.416633284498175,0.6639795945014483,0.015480324074074073,REF
BYPASS_20260928_V01_F00621,frame_00621.jpg,621.0,-39.74132736799592,-59.87727398655974,0.5555197966687473,0.01781442901234568,REF
BYPASS_20260928_V01_F00622,frame_00622.jpg,622.0,-48.498593773220875,-63.31993047831713,0.5361652606063418,0.021508487654320986,REF
BYPASS_20260928_V01_F00623,frame_00623.jpg,623.0,-65.78635789671264,-63.065099465855525,0.558812979268439,0.02587770061728395,REF
BYPASS_20260928_V01_F00624,frame_00624.jpg,624.0,-81.20494336747834,-61.12554771843594,0.4511597174185294,0.02837577160493827,REF
BYPASS_20260928_V01_F00625,frame_00625.jpg,625.0,-95.85109778717194,-53.9509080859641,0.49802124161779143,0.02959104938271605,REF
BYPASS_20260928_V01_F00626,frame_00626.jpg,626.0,-103.07111242314548,-48.439623074022876,0.5865367068184747,0.022212577160493827,REF
BYPASS_20260928_V01_F00627,frame_00627.jpg,627.0,-98.44648574604267,-40.87860549503392,0.5615373604091597,0.021045524691358026,REF
BYPASS_20260928_V01_F00628,frame_00628.jpg,628.0,-80.15839100805479,-35.302969059498565,0.5906474234145365,0.018827160493827162,REF
BYPASS_20260928_V01_F00629,frame_00629.jpg,629.0,-75.30682827478509,-38.537035117294266,0.55666933780835,0.024893904320987655,REF
BYPASS_20260928_V01_F00630,frame_00630.jpg,630.0,-72.0233543797294,-40.43602241496521,0.5774562327214229,0.02202932098765432,REF
BYPASS_20260928_V01_F00631,frame_00631.jpg,631.0,-76.999644816842,-35.87491093607673,0.5998519722326302,0.023640046296296298,REF
BYPASS_20260928_V01_F00632,frame_00632.jpg,632.0,-71.93911106760407,-32.351481693322825,0.5328964830916605,0.023794367283950617,REF
BYPASS_20260928_V01_F00633,frame_00633.jpg,633.0,-58.802223714176876,-30.1062144739671,0.6127338154816333,0.02177854938271605,REF
BYPASS_20260928_V01_F00634,frame_00634.jpg,634.0,-50.595733727413744,-34.9705887709259,0.567279150566937,0.021431327160493827,REF
BYPASS_20260928_V01_F00635,frame_00635.jpg,635.0,-51.01766089175814,-42.81208926954068,0.5569987675290049,0.02621527777777778,REF
BYPASS_20260928_V01_F00636,frame_00636.jpg,636.0,-58.16336103281711,-43.30276180083868,0.36748176136134586,0.031558641975308645,REF
BYPASS_20260928_V01_F00637,frame_00637.jpg,637.0,-55.431147827783434,-41.04320872570585,0.4208104171134807,0.03478973765432099,REF
BYPASS_20260928_V01_F00638,frame_00638.jpg,638.0,-42.73027866710038,-64.10605054829017,0.4631636831495497,0.023273533950617285,REF
BYPASS_20260928_V01_F00639,frame_00639.jpg,639.0,-13.730922378014014,-115.57897107479386,0.4853820416662428,0.01943479938271605,REF
BYPASS_20260928_V01_F00640,frame_00640.jpg,640.0,-7.269691790582328,-123.91898533293622,0.43147847255071003,0.02172067901234568,REF
BYPASS_20260928_V01_F00641,frame_00641.jpg,641.0,-13.718088994125424,-124.1089692950394,0.502531761004601,0.02052469135802469,REF
BYPASS_20260928_V01_F00642,frame_00642.jpg,642.0,-16.793756349601153,-120.43049699686162,0.4802344588585842,0.021672453703703704,REF
BYPASS_20260928_V01_F00643,frame_00643.jpg,643.0,-14.732694101114902,-112.45929160330599,0.4819340917799208,0.021518132716049382,REF
BYPASS_20260928_V01_F00644,frame_00644.jpg,644.0,-20.43330506311284,-111.83369051702437,0.5691796981258157,0.01861496913580247,REF
BYPASS_20260928_V01_F00645,frame_00645.jpg,645.0,-19.892581513599225,-94.47124051458448,0.5794227500020722,0.013638117283950616,REF
BYPASS_20260928_V01_F00646,frame_00646.jpg,646.0,-16.819536885541055,-91.06885789598647,0.5718451860510273,0.015412808641975308,REF
BYPASS_20260928_V01_F00647,frame_00647.jpg,647.0,-23.484390722728676,-87.43103089415246,0.6152129717815069,0.01707175925925926,REF
BYPASS_20260928_V01_F00648,frame_00648.jpg,648.0,-28.687573768169216,-78.25422264609048,0.5716877108738746,0.015412808641975308,REF
BYPASS_20260928_V01_F00649,frame_00649.jpg,649.0,-29.39286306540268,-79.29518229267782,0.6397933026890695,0.012287808641975309,REF
BYPASS_20260928_V01_F00650,frame_00650.jpg,650.0,-37.40576945333075,-78.99493429551822,0.5235273392848027,0.013474151234567902,REF
BYPASS_20260928_V01_F00651,frame_00651.jpg,651.0,-46.25594097328667,-59.27181838770463,0.4955483031861576,0.014033564814814815,REF
BYPASS_20260928_V01_F00652,frame_00652.jpg,652.0,-60.08428237964259,-39.88190580207748,0.5683567941924672,0.017978395061728394,REF
BYPASS_20260928_V01_F00653,frame_00653.jpg,653.0,-56.431307183883746,-29.792220817504102,0.6650837177111779,0.020090663580246915,REF
BYPASS_20260928_V01_F00654,frame_00654.jpg,654.0,-55.3828017923791,-31.67763713823635,0.700842504442474,0.014496527777777778,REF
BYPASS_20260928_V01_F00655,frame_00655.jpg,655.0,-63.27905663962676,-42.27770173967883,0.5745604930100617,0.02017746913580247,REF
BYPASS_20260928_V01_F00656,frame_00656.jpg,656.0,-59.97563472519701,-44.16707837645009,0.5834618378568579,0.019000771604938273,REF
BYPASS_20260928_V01_F00657,frame_00657.jpg,657.0,-56.90908797617283,-44.67254317498035,0.584863289344458,0.018142361111111113,REF
BYPASS_20260928_V01_F00658,frame_00658.jpg,658.0,-52.62323694266951,-43.84559453629461,0.6881591703420804,0.013165509259259259,REF
BYPASS_20260928_V01_F00659,frame_00659.jpg,659.0,-47.4809872205104,-41.785638140537,0.6796184470624099,0.015499614197530865,REF
BYPASS_20260928_V01_F00660,frame_00660.jpg,660.0,-39.92982844121789,-35.39962817516198,0.6570218799290833,0.012586805555555556,REF
BYPASS_20260928_V01_F00661,frame_00661.jpg,661.0,-30.771046208058834,-30.81488371470951,0.576581358762435,0.010474537037037037,REF
BYPASS_20260928_V01_F00662,frame_00662.jpg,662.0,-26.748321244065664,-29.958089685188696,0.6238860434956021,0.01709104938271605,REF
BYPASS_20260928_V01_F00663,frame_00663.jpg,663.0,-22.4645417705824,-31.539548259023007,0.6943961559990306,0.009587191358024692,REF
BYPASS_20260928_V01_F00664,frame_00664.jpg,664.0,-15.282891259433597,-28.95232203715142,0.6179881519741482,0.011429398148148149,REF
BYPASS_20260928_V01_F00665,frame_00665.jpg,665.0,-14.95888090397284,-26.81297226124954,0.6402630708835743,0.017746913580246913,REF
BYPASS_20260928_V01_F00666,frame_00666.jpg,666.0,-20.842275350337985,-18.057509100780408,0.7102372771427955,0.020785108024691357,REF
BYPASS_20260928_V01_F00667,frame_00667.jpg,667.0,-21.59410121826818,-12.343760307165923,0.6929907316043054,0.017573302469135802,REF
BYPASS_20260928_V01_F00668,frame_00668.jpg,668.0,-18.971770690510198,-8.621781042897595,0.6509748678148529,0.016165123456790123,REF
BYPASS_20260928_V01_F00669,frame_00669.jpg,669.0,-21.312717276840374,-9.883459663358707,0.6602602240480022,0.015297067901234567,REF
BYPASS_20260928_V01_F00670,frame_00670.jpg,670.0,-18.48808854400869,-9.626573274277177,0.66297992637128,0.016261574074074074,REF
BYPASS_20260928_V01_F00671,frame_00671.jpg,671.0,-12.799635472810678,-2.6886195168601716,0.6787113083733453,0.014525462962962962,REF
BYPASS_20260928_V01_F00672,frame_00672.jpg,672.0,-8.989676360631307,-3.3786035396452405,0.6983726912074619,0.01644483024691358,REF
BYPASS_20260928_V01_F00673,frame_00673.jpg,673.0,-9.819154739353053,-3.8508180287134337,0.6739876223199162,0.011670524691358024,REF
BYPASS_20260928_V01_F00674,frame_00674.jpg,674.0,-8.899258339215635,-0.36968272847255434,0.7221836206353741,0.017119984567901234,REF
BYPASS_20260928_V01_F00675,frame_00675.jpg,675.0,-12.646031592205844,-5.121601207303144,0.6850336776103503,0.012606095679012346,REF
BYPASS_20260928_V01_F00676,frame_00676.jpg,676.0,-19.108285615588898,3.074478895090948,0.6879075953989853,0.015383873456790124,REF
BYPASS_20260928_V01_F00677,frame_00677.jpg,677.0,-25.715099987206884,11.921160051615118,0.7230331288443671,0.014457947530864197,REF
BYPASS_20260928_V01_F00678,frame_00678.jpg,678.0,-24.9419400846175,16.760949069971304,0.6609834045539668,0.012654320987654321,REF
BYPASS_20260928_V01_F00679,frame_00679.jpg,679.0,-30.13012375912652,22.21257094987314,0.6977699949417585,0.01627121913580247,REF
BYPASS_20260928_V01_F00680,frame_00680.jpg,680.0,-36.00157905542585,28.180152513333667,0.6956343332190572,0.019714506172839506,REF
BYPASS_20260928_V01_F00681,frame_00681.jpg,681.0,-37.05948977504849,31.84008608345664,0.6194282078448637,0.018267746913580248,REF
BYPASS_20260928_V01_F00682,frame_00682.jpg,682.0,-34.451817320958384,39.31684551416774,0.6544482313556436,0.024855324074074075,REF
BYPASS_20260928_V01_F00683,frame_00683.jpg,683.0,-28.466298389255,47.249704925352574,0.6763419492745105,0.020370370370370372,REF
BYPASS_20260928_V01_F00684,frame_00684.jpg,684.0,-24.04841884219917,51.25054999612266,0.6921684329156522,0.026340663580246913,REF
BYPASS_20260928_V01_F00685,frame_00685.jpg,685.0,-19.29253972572613,45.98459673111398,0.6844957930806242,0.01931905864197531,REF
BYPASS_20260928_V01_F00686,frame_00686.jpg,686.0,-18.060470003386342,49.549043987281024,0.6993903391155196,0.019791666666666666,REF
BYPASS_20260928_V01_F00687,frame_00687.jpg,687.0,-12.256695598929042,56.8778546415508,0.6992848332281466,0.028317901234567903,REF
BYPASS_20260928_V01_F00688,frame_00688.jpg,688.0,-9.112812152943349,59.636339232041905,0.7179787915429952,0.02785493827160494,REF
BYPASS_20260928_V01_F00689,frame_00689.jpg,689.0,-8.979111613254645,57.376659424173454,0.7079409824477302,0.03125,REF
BYPASS_20260928_V01_F00690,frame_00690.jpg,690.0,-14.807097465292316,49.60216831049759,0.7217489997545878,0.02185570987654321,REF
BYPASS_20260928_V01_F00691,frame_00691.jpg,691.0,-18.38965991884345,42.39027726329536,0.7227973612738244,0.02421875,REF
BYPASS_20260928_V01_F00692,frame_00692.jpg,692.0,-20.274726513510927,45.21639364264067,0.7409573013399854,0.02546296296296296,REF
BYPASS_20260928_V01_F00693,frame_00693.jpg,693.0,-21.059236717197734,51.6612789091258,0.7157431917426027,0.027498070987654322,REF
BYPASS_20260928_V01_F00694,frame_00694.jpg,694.0,-22.23835760204483,61.874180405890854,0.6781687453205203,0.02531828703703704,REF
BYPASS_20260928_V01_F00695,frame_00695.jpg,695.0,-24.71535652085089,63.45052430611291,0.7108509852562421,0.026572145061728395,REF
BYPASS_20260928_V01_F00696,frame_00696.jpg,696.0,-31.2459516169167,65.80538684072906,0.7017820055102124,0.02220293209876543,REF
BYPASS_20260928_V01_F00697,frame_00697.jpg,697.0,-29.20736246190674,72.4760108463892,0.694694036318932,0.026678240740740742,REF
BYPASS_20260928_V01_F00698,frame_00698.jpg,698.0,-29.080412509726585,75.51585483895721,0.6763559933061953,0.03170331790123457,REF
BYPASS_20260928_V01_F00699,frame_00699.jpg,699.0,-30.28408852811063,76.20277851017012,0.6907610824078689,0.03029513888888889,REF
BYPASS_20260928_V01_F00700,frame_00700.jpg,700.0,-20.20116101238017,82.51717076548125,0.654196000246354,0.03575424382716049,REF
BYPASS_20260928_V01_F00701,frame_00701.jpg,701.0,-12.33560117842569,103.82463424002367,0.6760346300808,0.034326774691358024,REF
BYPASS_20260928_V01_F00702,frame_00702.jpg,702.0,-22.204299382385784,95.80696011940516,0.6878739931333212,0.03614969135802469,REF
BYPASS_20260928_V01_F00703,frame_00703.jpg,703.0,-36.71232667706195,96.22333872322413,0.6786746388600197,0.03934220679012346,REF
BYPASS_20260928_V01_F00704,frame_00704.jpg,704.0,-40.319006965912735,98.90394210782034,0.6432625822079034,0.039949845679012344,REF
BYPASS_20260928_V01_F00705,frame_00705.jpg,705.0,-43.00831014776253,100.91038741187492,0.6349100919417393,0.03343942901234568,REF
BYPASS_20260928_V01_F00706,frame_00706.jpg,706.0,-47.28254838492953,110.70450868292134,0.6294837824356408,0.042660108024691355,REF
BYPASS_20260928_V01_F00707,frame_00707.jpg,707.0,-50.07238401027499,116.78207413763961,0.6197933216153839,0.041338734567901235,REF
BYPASS_20260928_V01_F00708,frame_00708.jpg,708.0,-48.69226895257131,124.6271752061506,0.6213737097787269,0.04358603395061728,REF
BYPASS_20260928_V01_F00709,frame_00709.jpg,709.0,-43.49399746702139,134.52173906931887,0.5969941279034555,0.04479166666666667,REF
BYPASS_20260928_V01_F00710,frame_00710.jpg,710.0,-43.0066335160989,129.56434646702235,0.6355959474304576,0.04241898148148148,REF
BYPASS_20260928_V01_F00711,frame_00711.jpg,711.0,-47.645400499273194,117.93947564538391,0.6240856397299119,0.04050925925925926,REF
BYPASS_20260928_V01_F00712,frame_00712.jpg,712.0,-55.59218855132511,116.75422269500545,0.6227767513857947,0.03704668209876543,REF
BYPASS_20260928_V01_F00713,frame_00713.jpg,713.0,-50.20100869905866,114.06575679707623,0.6290420345318171,0.04675925925925926,REF
BYPASS_20260928_V01_F00714,frame_00714.jpg,714.0,-48.3969079000328,118.36610598816522,0.6088908859241156,0.03918788580246914,REF
BYPASS_20260928_V01_F00715,frame_00715.jpg,715.0,-46.9755484783619,124.62893165788252,0.5823899163140192,0.04634452160493827,REF
BYPASS_20260928_V01_F00716,frame_00716.jpg,716.0,-44.05736564697594,132.9583207830613,0.5576685062161199,0.04260223765432099,REF
BYPASS_20260928_V01_F00717,frame_00717.jpg,717.0,-42.71586636650983,143.16755287212553,0.5881851006437231,0.059452160493827164,REF
BYPASS_20260928_V01_F00718,frame_00718.jpg,718.0,-40.21143868610994,147.83424786812623,0.5702140045754703,0.04715470679012346,REF
BYPASS_20260928_V01_F00719,frame_00719.jpg,719.0,-44.15299442782387,141.7759802029655,0.5721272309621175,0.05401234567901234,REF
BYPASS_20260928_V01_F00720,frame_00720.jpg,720.0,-48.46650727486565,138.27068579450898,0.6068462670585255,0.0634837962962963,REF
BYPASS_20260928_V01_F00721,frame_00721.jpg,721.0,-48.018168031131836,130.97283167590845,0.6139070075235249,0.048003472222222225,REF
BYPASS_20260928_V01_F00722,frame_00722.jpg,722.0,-47.24490677412865,127.63109681793117,0.5892939358581731,0.04445408950617284,REF
BYPASS_20260928_V01_F00723,frame_00723.jpg,723.0,-46.76231399171894,126.3008109510265,0.5827852612660255,0.04959490740740741,REF
BYPASS_20260928_V01_F00724,frame_00724.jpg,724.0,-50.735564912702586,124.04574188468781,0.6115187734733393,0.043229166666666666,REF
BYPASS_20260928_V01_F00725,frame_00725.jpg,725.0,-62.829967287461216,119.96543116430864,0.6081899717266177,0.04869791666666667,REF
BYPASS_20260928_V01_F00726,frame_00726.jpg,726.0,-59.60615713730073,124.35208023412858,0.6611221468007124,0.048013117283950614,REF
BYPASS_20260928_V01_F00727,frame_00727.jpg,727.0,-50.34825223624969,129.4513498248825,0.6153768433832828,0.05150462962962963,REF
BYPASS_20260928_V01_F00728,frame_00728.jpg,728.0,-43.42765601078008,130.7855181186046,0.6366328008380937,0.04357638888888889,REF
BYPASS_20260928_V01_F00729,frame_00729.jpg,729.0,-38.65125057185111,124.79346791218133,0.6188062347011801,0.042139274691358024,REF
BYPASS_20260928_V01_F00730,frame_00730.jpg,730.0,-36.65448409223387,116.94723185774801,0.6469107469658792,0.03982445987654321,REF
BYPASS_20260928_V01_F00731,frame_00731.jpg,731.0,-41.188959293827,105.88799348982032,0.633049844223776,0.04015239197530864,REF
BYPASS_20260928_V01_F00732,frame_00732.jpg,732.0,-39.98673435994513,107.62773745976939,0.6686421614370228,0.037779706790123456,REF
BYPASS_20260928_V01_F00733,frame_00733.jpg,733.0,-41.99934724231551,108.02542999812579,0.6433985966223258,0.044048996913580246,REF
BYPASS_20260928_V01_F00734,frame_00734.jpg,734.0,-43.60913270441151,108.56130123560831,0.6100025131378645,0.045794753086419754,REF
BYPASS_20260928_V01_F00735,frame_00735.jpg,735.0,-43.053404136570094,119.3547118775449,0.6484250998791353,0.038204089506172836,REF
BYPASS_20260928_V01_F00736,frame_00736.jpg,736.0,-30.252811014073103,128.14555115263238,0.6413852360697441,0.04608410493827161,REF
BYPASS_20260928_V01_F00737,frame_00737.jpg,737.0,-16.048943942165522,136.29356657323797,0.6179873621022259,0.05308641975308642,REF
BYPASS_20260928_V01_F00738,frame_00738.jpg,738.0,4.296244403049059,143.52075103870067,0.6224981145726309,0.05478395061728395,REF
BYPASS_20260928_V01_F00739,frame_00739.jpg,739.0,24.752854053338325,138.5865498383301,0.5840989874836839,0.06385030864197531,REF
BYPASS_20260928_V01_F00740,frame_00740.jpg,740.0,8.213388602951937,119.85960549537647,0.6094972235185129,0.038994984567901236,REF
BYPASS_20260928_V01_F00741,frame_00741.jpg,741.0,-8.009452509723275,111.04288503115602,0.6129689970134217,0.03916859567901235,REF
BYPASS_20260928_V01_F00742,frame_00742.jpg,742.0,-19.89550714639671,117.64804158030078,0.6157630365571858,0.034837962962962966,REF
BYPASS_20260928_V01_F00743,frame_00743.jpg,743.0,-29.811103347121872,122.65361461746126,0.6276404484554573,0.04481095679012346,REF
BYPASS_20260928_V01_F00744,frame_00744.jpg,744.0,-31.857221372503858,117.57694796791995,0.6134989169644721,0.03687307098765432,REF
BYPASS_20260928_V01_F00745,frame_00745.jpg,745.0,-37.40366640632624,113.48242277295604,0.6488130999935998,0.03605324074074074,REF
BYPASS_20260928_V01_F00746,frame_00746.jpg,746.0,-42.82674744052301,108.75494317006046,0.6568546428356642,0.034191743827160496,REF
BYPASS_20260928_V01_F00747,frame_00747.jpg,747.0,-42.880629023045714,105.3056468237291,0.6629821709644648,0.033622685185185186,REF
BYPASS_20260928_V01_F00748,frame_00748.jpg,748.0,-47.28441189230222,95.25834269243359,0.6322148292520899,0.03722029320987654,REF
BYPASS_20260928_V01_F00749,frame_00749.jpg,749.0,-46.407184372970846,90.88832077005075,0.6494254602326287,0.037856867283950615,REF
BYPASS_20260928_V01_F00750,frame_00750.jpg,750.0,-45.90875368285185,95.06218363700596,0.6681839435188859,0.03794367283950617,REF
BYPASS_20260928_V01_F00751,frame_00751.jpg,751.0,-47.50580323003717,94.17000801103862,0.6713660076812461,0.03942901234567901,REF
BYPASS_20260928_V01_F00752,frame_00752.jpg,752.0,-47.73757654342941,89.48778453123023,0.669047072051484,0.036564429012345676,REF
BYPASS_20260928_V01_F00753,frame_00753.jpg,753.0,-7.253247040070136,95.79750361877143,0.6354852295952079,0.04055748456790124,REF
BYPASS_20260928_V01_F00754,frame_00754.jpg,754.0,27.485005748414977,98.4074861070564,0.6346146488631214,0.05324074074074074,REF
BYPASS_20260928_V01_F00755,frame_00755.jpg,755.0,33.78162930744767,91.15789640569437,0.6729869058102738,0.049720293209876545,REF
BYPASS_20260928_V01_F00756,frame_00756.jpg,756.0,32.83298927176966,86.44273934044143,0.6033977408467988,0.056809413580246916,REF
BYPASS_20260928_V01_F00757,frame_00757.jpg,757.0,19.943614488600247,71.17289166537016,0.4789404024312526,0.060397376543209876,REF
BYPASS_20260928_V01_F00758,frame_00758.jpg,758.0,5.350896480495891,-32.03690304419965,0.5475784471005569,0.037586805555555554,REF
BYPASS_20260928_V01_F00759,frame_00759.jpg,759.0,4.359001342731119,-92.26178211128354,0.5510274580967279,0.03139467592592592,REF
BYPASS_20260928_V01_F00760,frame_00760.jpg,760.0,3.986035326498751,-105.97669176998201,0.5626963677229705,0.02902199074074074,REF
BYPASS_20260928_V01_F00761,frame_00761.jpg,761.0,3.6575935328542926,-99.22706444671658,0.5931703252556884,0.03427854938271605,REF
BYPASS_20260928_V01_F00762,frame_00762.jpg,762.0,-7.671754583972614,-94.77020162203266,0.5608950597268564,0.026359953703703705,REF
BYPASS_20260928_V01_F00763,frame_00763.jpg,763.0,-12.615611541648121,-93.13082649479585,0.45372808119397107,0.03676697530864197,REF
BYPASS_20260928_V01_F00764,frame_00764.jpg,764.0,-15.588194324646139,-90.67905026260584,0.46791013979617463,0.032388117283950614,REF
BYPASS_20260928_V01_F00765,frame_00765.jpg,765.0,-6.716604444381375,-71.67916731582477,0.5549896970943168,0.028645833333333332,REF
BYPASS_20260928_V01_F00766,frame_00766.jpg,766.0,1.1751858520168241,-63.97655980415303,0.6261311424367222,0.023070987654320987,REF
BYPASS_20260928_V01_F00767,frame_00767.jpg,767.0,10.121832105817589,-56.339659869739705,0.6883843611787867,0.023408564814814816,REF
BYPASS_20260928_V01_F00768,frame_00768.jpg,768.0,15.21463802373674,-55.51881752671014,0.6837702787952659,0.02271412037037037,REF
BYPASS_20260928_V01_F00769,frame_00769.jpg,769.0,15.828264169955276,-51.75150082223692,0.6819623241086065,0.021431327160493827,REF
BYPASS_20260928_V01_F00770,frame_00770.jpg,770.0,12.903813745920274,-53.16984974509455,0.7059571230853046,0.021691743827160492,REF
BYPASS_20260928_V01_F00771,frame_00771.jpg,771.0,12.564604537637024,-49.10274562146034,0.708682260616326,0.021055169753086418,REF
BYPASS_20260928_V01_F00772,frame_00772.jpg,772.0,4.16698554443974,-39.58243684664723,0.7216124137242635,0.020264274691358025,REF
BYPASS_20260928_V01_F00773,frame_00773.jpg,773.0,4.81029248200403,-30.56830415507622,0.5756146951957986,0.01695601851851852,REF
BYPASS_20260928_V01_F00774,frame_00774.jpg,774.0,7.01914599498329,-20.695954323280517,0.771234201207573,0.0203125,REF
BYPASS_20260928_V01_F00775,frame_00775.jpg,775.0,9.971502315548179,-16.193964340755684,0.7755954514315099,0.01661844135802469,REF
BYPASS_20260928_V01_F00776,frame_00776.jpg,776.0,11.956592299548447,-17.96015699055252,0.7645884931823353,0.028134645061728396,REF
BYPASS_20260928_V01_F00777,frame_00777.jpg,777.0,13.41589242859203,-18.521342309730926,0.6616032379644888,0.018692129629629628,REF
BYPASS_20260928_V01_F00778,frame_00778.jpg,778.0,6.094602025855096,-25.175221231176437,0.6054924223158095,0.01849922839506173,REF
BYPASS_20260928_V01_F00779,frame_00779.jpg,779.0,-10.804360901962639,-21.492673959820138,0.7567892960560174,0.018875385802469134,REF
BYPASS_20260928_V01_F00780,frame_00780.jpg,780.0,-19.973808410228713,-25.749085820801895,0.6647884420406671,0.018778935185185187,REF
BYPASS_20260928_V01_F00781,frame_00781.jpg,781.0,-28.996576923163758,-24.572198803984406,0.7402099429825206,0.019675925925925927,REF
BYPASS_20260928_V01_F00782,frame_00782.jpg,782.0,-40.087748015485516,-22.375007533696618,0.5704937995951853,0.02353395061728395,REF
BYPASS_20260928_V01_F00783,frame_00783.jpg,783.0,-42.3688419204683,-12.537308677476886,0.6308841686189911,0.026813271604938273,REF
BYPASS_20260928_V01_F00784,frame_00784.jpg,784.0,-50.157912959927586,-4.456509335224013,0.6070588107830213,0.017409336419753087,REF
BYPASS_20260928_V01_F00785,frame_00785.jpg,785.0,-64.70544350231535,-2.874491019644438,0.6374671042701344,0.024739583333333332,REF
BYPASS_20260928_V01_F00786,frame_00786.jpg,786.0,-65.36327708467039,2.904349087432422,0.6275713139110142,0.026533564814814815,REF
BYPASS_20260928_V01_F00787,frame_00787.jpg,787.0,-61.78173097378129,5.112258925421116,0.6067912746358801,0.020023148148148148,REF
BYPASS_20260928_V01_F00788,frame_00788.jpg,788.0,-57.640897509954755,6.679188775951019,0.6530601521333058,0.024209104938271605,REF
BYPASS_20260928_V01_F00789,frame_00789.jpg,789.0,-53.13812984018455,2.2616058843542532,0.7109764160933318,0.024402006172839507,REF
BYPASS_20260928_V01_F00790,frame_00790.jpg,790.0,-41.88754777393859,-1.844061687247347,0.6412622403215479,0.024681712962962964,REF
BYPASS_20260928_V01_F00791,frame_00791.jpg,791.0,-35.243100869807336,0.8412567235307051,0.654394127998823,0.01804591049382716,REF
BYPASS_20260928_V01_F00792,frame_00792.jpg,792.0,-29.682733585398353,11.071826811376894,0.7294576665501535,0.017554012345679014,REF
BYPASS_20260928_V01_F00793,frame_00793.jpg,793.0,-25.41080594780547,19.929555329338655,0.696967186898361,0.013175154320987655,REF
BYPASS_20260928_V01_F00794,frame_00794.jpg,794.0,-15.242279165932757,30.16997408417953,0.7445139069616059,0.02162422839506173,REF
BYPASS_20260928_V01_F00795,frame_00795.jpg,795.0,-2.9342488280250905,42.255337166234966,0.7671155201800075,0.022897376543209877,REF
BYPASS_20260928_V01_F00796,frame_00796.jpg,796.0,0.9125814156732872,35.27457992904459,0.7185854771990835,0.017322530864197532,REF
BYPASS_20260928_V01_F00797,frame_00797.jpg,797.0,-0.11587101470004768,22.154707037593425,0.7606403845327872,0.020071373456790123,REF
BYPASS_20260928_V01_F00798,frame_00798.jpg,798.0,-1.7511303932783164,8.517482492150975,0.7037612011403214,0.01720679012345679,REF
BYPASS_20260928_V01_F00799,frame_00799.jpg,799.0,-6.747703123768986,0.8477549113387113,0.7277840183104998,0.015441743827160494,REF
BYPASS_20260928_V01_F00800,frame_00800.jpg,800.0,-11.330079451879755,-0.9328502565272743,0.6640052807919773,0.015943287037037037,REF
BYPASS_20260928_V01_F00801,frame_00801.jpg,801.0,-19.557102366804884,1.8043494159149418,0.6799510930055453,0.012152777777777778,REF
BYPASS_20260928_V01_F00802,frame_00802.jpg,802.0,-31.661803475748883,6.43778590422022,0.6680233148880946,0.013011188271604938,REF
BYPASS_20260928_V01_F00803,frame_00803.jpg,803.0,-31.602967448629727,7.558087362173097,0.6683040114832514,0.01103395061728395,REF
BYPASS_20260928_V01_F00804,frame_00804.jpg,804.0,-27.875909668546626,7.750121408147351,0.7024836427635617,0.012750771604938272,REF
BYPASS_20260928_V01_F00805,frame_00805.jpg,805.0,-27.556882642492468,3.752677628192174,0.7008919391367171,0.012866512345679012,REF
BYPASS_20260928_V01_F00806,frame_00806.jpg,806.0,-27.878045995452,-0.042843561837457855,0.7054110176769304,0.020871913580246912,REF
BYPASS_20260928_V01_F00807,frame_00807.jpg,807.0,-25.63015735258051,-5.505881222648583,0.6801123212884974,0.017862654320987655,REF
BYPASS_20260928_V01_F00808,frame_00808.jpg,808.0,-23.455942971175176,-16.29258706585236,0.6476883589485545,0.016743827160493826,REF
BYPASS_20260928_V01_F00809,frame_00809.jpg,809.0,-23.23161478853902,-20.176067378430105,0.6850704569875458,0.016184413580246915,REF
BYPASS_20260928_V01_F00810,frame_00810.jpg,810.0,-25.13938291040367,-14.683345655484658,0.6847584550763354,0.01474729938271605,REF
BYPASS_20260928_V01_F00811,frame_00811.jpg,811.0,-27.37614840718004,-12.935081638637058,0.6286330526257738,0.010696373456790123,REF
BYPASS_20260928_V01_F00812,frame_00812.jpg,812.0,-16.231383943752974,-11.432797516328037,0.7538778915817355,0.010696373456790123,REF
BYPASS_20260928_V01_F00813,frame_00813.jpg,813.0,-5.360509480579225,-3.1467398046499966,0.7641741724661839,0.013406635802469136,REF
BYPASS_20260928_V01_F00814,frame_00814.jpg,814.0,-8.107221813729865,-0.7080126265109641,0.6623530517389745,0.009645061728395061,REF
BYPASS_20260928_V01_F00815,frame_00815.jpg,815.0,-13.599823949262145,1.8120278200981375,0.6824480334917704,0.008584104938271605,REF
BYPASS_20260928_V01_F00816,frame_00816.jpg,816.0,-15.258050026244689,14.758237583335386,0.7376834408736523,0.01613618827160494,REF
BYPASS_20260928_V01_F00817,frame_00817.jpg,817.0,-17.05758009317583,35.54731563507585,0.6777001744435157,0.016743827160493826,REF
BYPASS_20260928_V01_F00818,frame_00818.jpg,818.0,-25.85445563083374,50.433644529791906,0.6863224791155921,0.018441358024691358,REF
BYPASS_20260928_V01_F00819,frame_00819.jpg,819.0,-26.306964023223685,53.18298048661657,0.6655138093748211,0.019405864197530865,REF
BYPASS_20260928_V01_F00820,frame_00820.jpg,820.0,-27.595571281706583,47.803780762256025,0.7270922226670348,0.017978395061728394,REF
BYPASS_20260928_V01_F00821,frame_00821.jpg,821.0,-30.10048887052912,41.8205213220223,0.7306511802437865,0.018431712962962962,REF
BYPASS_20260928_V01_F00822,frame_00822.jpg,822.0,-30.58979567116853,42.46817155858764,0.7284601975370336,0.01609760802469136,REF
BYPASS_20260928_V01_F00823,frame_00823.jpg,823.0,-34.053743649733576,44.68548961022887,0.7197816669205088,0.015673225308641976,REF
BYPASS_20260928_V01_F00824,frame_00824.jpg,824.0,-40.667792850189386,41.841182614684556,0.695565143926644,0.01980131172839506,REF
BYPASS_20260928_V01_F00825,frame_00825.jpg,825.0,-46.30605434674274,34.32768101775838,0.6652881249969388,0.019029706790123457,REF
BYPASS_20260928_V01_F00826,frame_00826.jpg,826.0,-53.5503518699158,29.34046557176751,0.7071425015543714,0.024315200617283952,REF
BYPASS_20260928_V01_F00827,frame_00827.jpg,827.0,-54.21988490635843,27.604851113526678,0.7027913635159716,0.026437114197530864,REF
BYPASS_20260928_V01_F00828,frame_00828.jpg,828.0,-54.215944214928726,32.25130362564519,0.696836910939511,0.023861882716049384,REF
BYPASS_20260928_V01_F00829,frame_00829.jpg,829.0,-52.869709228751645,36.437873690844526,0.7099858744644825,0.022472993827160493,REF
BYPASS_20260928_V01_F00830,frame_00830.jpg,830.0,-51.037997290555325,32.12190018668596,0.6857220431904734,0.025106095679012345,REF
BYPASS_20260928_V01_F00831,frame_00831.jpg,831.0,-66.8403783141203,-0.11012600322840171,0.5252330909540623,0.04891010802469136,REF
BYPASS_20260928_V01_F00832,frame_00832.jpg,832.0,-100.90042383902824,-43.929401323989,0.29126617455924,0.06354166666666666,REF
BYPASS_20260928_V01_F00833,frame_00833.jpg,833.0,-66.07922157862512,-101.10265372603965,0.19821692616851241,0.10202546296296296,REF
BYPASS_20260928_V01_F00834,frame_00834.jpg,834.0,-79.74479450853576,-170.1440469582046,0.16962551912407817,0.07785493827160493,REF
BYPASS_20260928_V01_F00835,frame_00835.jpg,835.0,-104.91298798091916,-218.0822970768213,0.11965866957181766,0.0,EVENTO
BYPASS_20260928_V01_F00836,frame_00836.jpg,836.0,64.52336541202737,-267.5260538006311,0.22888036024423294,0.0,EVENTO
BYPASS_20260928_V01_F00837,frame_00837.jpg,837.0,26.222809372579377,-269.5994220952616,0.08082906184373079,0.0,EVENTO
BYPASS_20260928_V01_F00838,frame_00838.jpg,838.0,84.7984044530327,-95.37804212788436,0.04308335832607599,0.0,EVENTO
BYPASS_20260928_V01_F00839,frame_00839.jpg,839.0,-5.648633869192736,-293.19405572234115,0.0049557917647891575,0.0,EVENTO
BYPASS_20260928_V01_F00840,frame_00840.jpg,840.0,-98.49315221235835,-323.92695234454516,0.011162083862740316,0.0,EVENTO
BYPASS_20260928_V01_F00841,frame_00841.jpg,841.0,77.33938581042077,-199.57990366423624,0.007111549193476454,0.0,EVENTO
BYPASS_20260928_V01_F00842,frame_00842.jpg,842.0,-60.63719620309115,-147.45179108859816,0.00796091909761782,0.0,EVENTO
BYPASS_20260928_V01_F00843,frame_00843.jpg,843.0,-54.049731013154144,-209.95867826453144,0.14716922898351412,0.0,EVENTO
BYPASS_20260928_V01_F00844,frame_00844.jpg,844.0,-61.114238687941366,-200.81604777900532,0.19753554202156304,0.08070987654320988,REF
BYPASS_20260928_V01_F00845,frame_00845.jpg,845.0,-49.33227555322415,-227.77373002367796,0.24126703062175234,0.0775559413580247,REF
BYPASS_20260928_V01_F00846,frame_00846.jpg,846.0,-46.562210352554075,-222.04316324334147,0.2522266218691696,0.07201003086419754,REF
BYPASS_20260928_V01_F00847,frame_00847.jpg,847.0,-49.38392921161841,-218.92386502439976,0.2414398870350402,0.07286844135802469,REF
BYPASS_20260928_V01_F00848,frame_00848.jpg,848.0,-34.78437949484106,-218.31216914798455,0.24894704745139604,0.06412037037037037,REF
BYPASS_20260928_V01_F00849,frame_00849.jpg,849.0,-22.239393966589006,-218.58002898179757,0.26115614028624545,0.06383101851851852,REF
BYPASS_20260928_V01_F00850,frame_00850.jpg,850.0,-18.616922891338334,-203.68175938284455,0.29882067213823765,0.06558641975308642,REF
BYPASS_20260928_V01_F00851,frame_00851.jpg,851.0,-26.981882967477276,-172.60152852036197,0.29322095329378856,0.059375,REF
BYPASS_20260928_V01_F00852,frame_00852.jpg,852.0,-15.346126386544597,-142.37127979020426,0.42744894439791453,0.044753086419753084,REF
BYPASS_20260928_V01_F00853,frame_00853.jpg,853.0,1.3661244806427817,-135.46803764110007,0.4459500825699465,0.04259259259259259,REF
BYPASS_20260928_V01_F00854,frame_00854.jpg,854.0,-2.075476474891701,-114.37996904878221,0.7070617038526653,0.03510802469135803,REF
BYPASS_20260928_V01_F00855,frame_00855.jpg,855.0,-5.015470181418664,-95.5138988881265,0.7503923012150658,0.02980324074074074,REF
BYPASS_20260928_V01_F00856,frame_00856.jpg,856.0,2.8577476566006794,-97.26762139192073,0.6642881681889663,0.03152006172839506,REF
BYPASS_20260928_V01_F00857,frame_00857.jpg,857.0,-38.562619896486694,-69.60468065164599,0.5850431848455359,0.0388599537037037,REF
BYPASS_20260928_V01_F00858,frame_00858.jpg,858.0,-51.06911172902943,-55.96181368394625,0.6173970354927911,0.040200617283950614,REF
BYPASS_20260928_V01_F00859,frame_00859.jpg,859.0,-54.34147862225328,-49.75550188693106,0.6724272614643898,0.03208912037037037,REF
BYPASS_20260928_V01_F00860,frame_00860.jpg,860.0,-47.89027312632183,-44.18481252917826,0.7411795689735884,0.034577546296296294,REF
BYPASS_20260928_V01_F00861,frame_00861.jpg,861.0,-49.819967387535684,-29.204129641590953,0.6527747611204783,0.023013117283950616,REF
BYPASS_20260928_V01_F00862,frame_00862.jpg,862.0,-46.600216528710774,-24.001681638678548,0.6406068063444561,0.02802854938271605,REF
BYPASS_20260928_V01_F00863,frame_00863.jpg,863.0,-43.9104424975786,-15.634214753341666,0.7035105814168483,0.017708333333333333,REF
BYPASS_20260928_V01_F00864,frame_00864.jpg,864.0,-46.18439794078381,-0.5198484679334854,0.7267643411954244,0.015287422839506173,REF
BYPASS_20260928_V01_F00865,frame_00865.jpg,865.0,-50.58563531440353,12.71566956781814,0.7517215082674851,0.019675925925925927,REF
BYPASS_20260928_V01_F00866,frame_00866.jpg,866.0,-47.134522102493065,15.079529112544009,0.7316602018144396,0.020553626543209875,REF
BYPASS_20260928_V01_F00867,frame_00867.jpg,867.0,-50.78336065942369,15.460127452410575,0.7383703337039477,0.021450617283950618,REF
BYPASS_20260928_V01_F00868,frame_00868.jpg,868.0,-51.72198023984123,17.453496161758977,0.7245216001699,0.02336033950617284,REF
BYPASS_20260928_V01_F00869,frame_00869.jpg,869.0,-44.11700255496993,22.789776813059234,0.7102149496107926,0.018287037037037036,REF
BYPASS_20260928_V01_F00870,frame_00870.jpg,870.0,-41.70757802944016,38.185381855795896,0.7246527824872806,0.02236689814814815,REF
BYPASS_20260928_V01_F00871,frame_00871.jpg,871.0,-43.8238024605167,35.507966237621076,0.7334067524215322,0.023051697530864196,REF
BYPASS_20260928_V01_F00872,frame_00872.jpg,872.0,-38.513267527567535,18.716379866630973,0.7569694096659436,0.023630401234567902,REF
BYPASS_20260928_V01_F00873,frame_00873.jpg,873.0,-39.85824496114287,7.313576417850811,0.7105917366934411,0.01964699074074074,REF
BYPASS_20260928_V01_F00874,frame_00874.jpg,874.0,-40.88298762064892,-0.7500898053425544,0.7135717347080325,0.021064814814814814,REF
BYPASS_20260928_V01_F00875,frame_00875.jpg,875.0,-39.59421441655127,5.503944834490454,0.7392017555089645,0.024054783950617283,REF
BYPASS_20260928_V01_F00876,frame_00876.jpg,876.0,-32.01378076157863,9.87373364007911,0.726041994050697,0.024816743827160495,REF
BYPASS_20260928_V01_F00877,frame_00877.jpg,877.0,-26.596860077410014,21.234436228494445,0.7384383588661382,0.032783564814814814,REF
BYPASS_20260928_V01_F00878,frame_00878.jpg,878.0,-28.446672259636927,50.82711557623058,0.7734394852761869,0.02404513888888889,REF
BYPASS_20260928_V01_F00879,frame_00879.jpg,879.0,-30.25782563017458,59.51315991575018,0.7491476437191904,0.028385416666666666,REF
BYPASS_20260928_V01_F00880,frame_00880.jpg,880.0,-23.817251055783203,30.751916137424473,0.7575483871094975,0.02117091049382716,REF
BYPASS_20260928_V01_F00881,frame_00881.jpg,881.0,-18.17365524989657,-7.468867524902265,0.7280416525440452,0.020129243827160494,REF
BYPASS_20260928_V01_F00882,frame_00882.jpg,882.0,-11.049437296901601,-8.853353854016746,0.7778003885422224,0.021450617283950618,REF
BYPASS_20260928_V01_F00883,frame_00883.jpg,883.0,3.921650044139824,31.594730927195855,0.7640217731028427,0.016946373456790124,REF
BYPASS_20260928_V01_F00884,frame_00884.jpg,884.0,9.068916963600344,40.33316327421488,0.7393284654911654,0.018933256172839506,REF
BYPASS_20260928_V01_F00885,frame_00885.jpg,885.0,8.148345788790863,42.18236663396772,0.7844257905159467,0.01794945987654321,REF
BYPASS_20260928_V01_F00886,frame_00886.jpg,886.0,8.004177800119521,36.29546298441653,0.7908237687599512,0.01656057098765432,REF
BYPASS_20260928_V01_F00887,frame_00887.jpg,887.0,4.675656803657915,26.780011050428868,0.7744412851922307,0.017708333333333333,REF
BYPASS_20260928_V01_F00888,frame_00888.jpg,888.0,4.041775276754777,25.639865284742427,0.7240683711605308,0.019791666666666666,REF
BYPASS_20260928_V01_F00889,frame_00889.jpg,889.0,4.88742839874152,35.48638519699591,0.7656298444594866,0.02673611111111111,REF
BYPASS_20260928_V01_F00890,frame_00890.jpg,890.0,5.5125884514266374,41.42166331629491,0.7472590147713084,0.029070216049382716,REF
BYPASS_20260928_V01_F00891,frame_00891.jpg,891.0,7.823759388660648,51.13438271381504,0.75932307727175,0.023823302469135804,REF
BYPASS_20260928_V01_F00892,frame_00892.jpg,892.0,3.971881506189561,58.788871352038086,0.7118756991845591,0.020129243827160494,REF
BYPASS_20260928_V01_F00893,frame_00893.jpg,893.0,-25.460539674136243,59.63751155991227,0.7486193896811686,0.027199074074074073,REF
BYPASS_20260928_V01_F00894,frame_00894.jpg,894.0,-26.187918030028527,56.19957193342569,0.7285622247943172,0.02580054012345679,REF
BYPASS_20260928_V01_F00895,frame_00895.jpg,895.0,-23.975682839062415,48.87456133150077,0.7459488369800427,0.027083333333333334,REF
BYPASS_20260928_V01_F00896,frame_00896.jpg,896.0,-29.026419603420493,42.14766442772097,0.7357076795012862,0.022974537037037036,REF
BYPASS_20260928_V01_F00897,frame_00897.jpg,897.0,-31.98419232266778,45.19541843435306,0.7393744833675432,0.022434413580246913,REF
BYPASS_20260928_V01_F00898,frame_00898.jpg,898.0,-32.33837466196513,44.58877932196398,0.7433979401617874,0.02374614197530864,REF
BYPASS_20260928_V01_F00899,frame_00899.jpg,899.0,-31.043232947465867,50.44336504742952,0.7650817343482265,0.021392746913580247,REF
BYPASS_20260928_V01_F00900,frame_00900.jpg,900.0,-32.171464223192174,64.62094553774847,0.7192713203989429,0.022415123456790125,REF
BYPASS_20260928_V01_F00901,frame_00901.jpg,901.0,-21.441328973956786,75.05308822696448,0.7541507214675714,0.03915895061728395,REF
BYPASS_20260928_V01_F00902,frame_00902.jpg,902.0,-18.44686152260951,67.90519096222538,0.7365951377668498,0.027102623456790122,REF
BYPASS_20260928_V01_F00903,frame_00903.jpg,903.0,-14.237138261226761,58.58871576867247,0.6894687715871834,0.02498070987654321,REF
BYPASS_20260928_V01_F00904,frame_00904.jpg,904.0,-6.765145341112998,57.9599637536116,0.736506775279104,0.024093364197530866,REF
BYPASS_20260928_V01_F00905,frame_00905.jpg,905.0,-1.6101665609488691,63.36548219715044,0.6947619315282798,0.02627314814814815,REF
BYPASS_20260928_V01_F00906,frame_00906.jpg,906.0,6.243444716498431,70.01504599644421,0.7244580589694741,0.022193287037037036,REF
BYPASS_20260928_V01_F00907,frame_00907.jpg,907.0,15.319427979454815,72.90041552926398,0.7247853457559774,0.02162422839506173,REF
BYPASS_20260928_V01_F00908,frame_00908.jpg,908.0,13.86527045502308,65.28726340847723,0.7451834518232463,0.030324074074074073,REF
BYPASS_20260928_V01_F00909,frame_00909.jpg,909.0,10.574701902236455,66.56956388347798,0.7298067987701039,0.039891975308641976,REF
BYPASS_20260928_V01_F00910,frame_00910.jpg,910.0,3.0793890490005253,77.07061068163969,0.7341394440627392,0.04351851851851852,REF
BYPASS_20260928_V01_F00911,frame_00911.jpg,911.0,-9.660589034642157,84.38131389923397,0.6897006214400868,0.04593942901234568,REF
BYPASS_20260928_V01_F00912,frame_00912.jpg,912.0,-15.076362183833822,95.6759907612244,0.6765153016573117,0.051195987654320985,REF
BYPASS_20260928_V01_F00913,frame_00913.jpg,913.0,-3.1979986467658534,92.84384431331318,0.6975670455414572,0.05011574074074074,REF
BYPASS_20260928_V01_F00914,frame_00914.jpg,914.0,-4.413150346355536,97.50931298117032,0.7005770705364368,0.0388599537037037,REF
BYPASS_20260928_V01_F00915,frame_00915.jpg,915.0,5.086334143720535,93.13650361257189,0.7291569536114917,0.04030671296296296,REF
BYPASS_20260928_V01_F00916,frame_00916.jpg,916.0,15.038371597338823,84.41218191918993,0.7245191168637923,0.039245756172839506,REF
BYPASS_20260928_V01_F00917,frame_00917.jpg,917.0,12.285065637771567,96.27024560440296,0.7163325910215025,0.033699845679012345,REF
BYPASS_20260928_V01_F00918,frame_00918.jpg,918.0,9.735898753921475,112.21896676347752,0.6697567975079571,0.03201195987654321,REF
BYPASS_20260928_V01_F00919,frame_00919.jpg,919.0,14.587451657531915,119.24495865818602,0.69064791040656,0.02505787037037037,REF
BYPASS_20260928_V01_F00920,frame_00920.jpg,920.0,7.7017263677342385,118.99227343063652,0.6390529382008093,0.02797067901234568,REF
BYPASS_20260928_V01_F00921,frame_00921.jpg,921.0,13.125644749084927,119.7779929068095,0.6727300153838264,0.026080246913580248,REF
BYPASS_20260928_V01_F00922,frame_00922.jpg,922.0,13.78751379807585,116.51307113088976,0.707184029655692,0.02795138888888889,REF
BYPASS_20260928_V01_F00923,frame_00923.jpg,923.0,16.13474663592143,121.86213802095769,0.641334722513034,0.019955632716049384,REF
BYPASS_20260928_V01_F00924,frame_00924.jpg,924.0,14.625793283792575,136.25779457045718,0.6856144226627585,0.034249614197530864,REF
BYPASS_20260928_V01_F00925,frame_00925.jpg,925.0,18.890899606622412,140.4343283518751,0.6680634056344444,0.048601466049382716,REF
BYPASS_20260928_V01_F00926,frame_00926.jpg,926.0,27.197078078960743,134.72991976558376,0.6566547080322548,0.03690200617283951,REF
BYPASS_20260928_V01_F00927,frame_00927.jpg,927.0,35.10719275413064,124.12229529930043,0.6247741102436443,0.023119212962962963,REF
BYPASS_20260928_V01_F00928,frame_00928.jpg,928.0,43.87040349763919,120.62670823438746,0.6367158070022677,0.022472993827160493,REF
BYPASS_20260928_V01_F00929,frame_00929.jpg,929.0,36.05436413386789,123.19156002465107,0.6708907696935865,0.021711033950617284,REF
BYPASS_20260928_V01_F00930,frame_00930.jpg,930.0,37.04507890004271,126.2263642323318,0.6524142989405879,0.03453896604938272,REF
BYPASS_20260928_V01_F00931,frame_00931.jpg,931.0,33.327373089395564,126.2344732675966,0.6570530561017401,0.034741512345679015,REF
BYPASS_20260928_V01_F00932,frame_00932.jpg,932.0,33.18882556188319,127.97080561083483,0.6645964024979392,0.029562114197530864,REF
BYPASS_20260928_V01_F00933,frame_00933.jpg,933.0,37.78330323358392,121.06803793240651,0.628553867045744,0.022945601851851852,REF
BYPASS_20260928_V01_F00934,frame_00934.jpg,934.0,36.40137516278912,127.66125499461535,0.649970496436696,0.031761188271604936,REF
BYPASS_20260928_V01_F00935,frame_00935.jpg,935.0,38.51804534822142,133.85213224484937,0.5685857677165372,0.03868634259259259,REF
BYPASS_20260928_V01_F00936,frame_00936.jpg,936.0,32.938683447802106,124.39672443837459,0.6643842377780397,0.030758101851851852,REF
BYPASS_20260928_V01_F00937,frame_00937.jpg,937.0,34.38517729524372,113.95353522944065,0.642544992102517,0.023678626543209878,REF
BYPASS_20260928_V01_F00938,frame_00938.jpg,938.0,30.79360619862024,116.00291422924658,0.6718095304053506,0.022800925925925926,REF
BYPASS_20260928_V01_F00939,frame_00939.jpg,939.0,28.94059300270135,124.03247653370477,0.6260538650147709,0.02056327160493827,REF
BYPASS_20260928_V01_F00940,frame_00940.jpg,940.0,45.08248871865402,140.1989079568874,0.5611065879280185,0.04458912037037037,REF
BYPASS_20260928_V01_F00941,frame_00941.jpg,941.0,47.69927031000046,136.01333144489053,0.5728935931199862,0.03993055555555555,REF
BYPASS_20260928_V01_F00942,frame_00942.jpg,942.0,45.022580144398745,129.7449565211396,0.6611151113186353,0.03572530864197531,REF
BYPASS_20260928_V01_F00943,frame_00943.jpg,943.0,51.524403140176304,118.6166016656799,0.6552175354810409,0.034018132716049386,REF
BYPASS_20260928_V01_F00944,frame_00944.jpg,944.0,52.719942177851834,107.57044406157382,0.667644653055403,0.0335841049382716,REF
BYPASS_20260928_V01_F00945,frame_00945.jpg,945.0,51.573564664202934,107.62698108433189,0.6854790332876606,0.032310956790123455,REF
BYPASS_20260928_V01_F00946,frame_00946.jpg,946.0,54.96820572614996,110.19602794667784,0.6669104283238635,0.02915702160493827,REF
BYPASS_20260928_V01_F00947,frame_00947.jpg,947.0,41.3810407112405,115.70917244952379,0.6930277038503576,0.022135416666666668,REF
BYPASS_20260928_V01_F00948,frame_00948.jpg,948.0,38.14889809807883,115.86774569071459,0.71466488852913,0.015846836419753086,REF
BYPASS_20260928_V01_F00949,frame_00949.jpg,949.0,41.10648673456603,117.62595638206622,0.6354520997883361,0.019685570987654322,REF
BYPASS_20260928_V01_F00950,frame_00950.jpg,950.0,32.409779040280256,113.68282480656725,0.6870872185554033,0.026514274691358024,REF
BYPASS_20260928_V01_F00951,frame_00951.jpg,951.0,45.49472494906618,119.08524964834072,0.6791580108948696,0.0324266975308642,REF
BYPASS_20260928_V01_F00952,frame_00952.jpg,952.0,40.70178900676919,124.89110496092079,0.6389162265224221,0.02357253086419753,REF
BYPASS_20260928_V01_F00953,frame_00953.jpg,953.0,35.77765627068189,120.12311912821538,0.675039377256676,0.02072723765432099,REF
BYPASS_20260928_V01_F00954,frame_00954.jpg,954.0,34.35375945954172,108.14873932702474,0.6763480028988402,0.024305555555555556,REF
BYPASS_20260928_V01_F00955,frame_00955.jpg,955.0,36.51321649279359,108.8117567547742,0.6563915027512445,0.029947916666666668,REF
BYPASS_20260928_V01_F00956,frame_00956.jpg,956.0,37.93168030898971,107.19023054051895,0.6531446697535338,0.024488811728395062,REF
BYPASS_20260928_V01_F00957,frame_00957.jpg,957.0,40.64794311936754,111.63824966012066,0.6625537280683165,0.024151234567901234,REF
BYPASS_20260928_V01_F00958,frame_00958.jpg,958.0,44.16158338410372,111.56038922859359,0.6468576902960553,0.023543595679012347,REF
BYPASS_20260928_V01_F00959,frame_00959.jpg,959.0,45.70180138974138,123.55526257745073,0.6390023882006421,0.01960841049382716,REF
BYPASS_20260928_V01_F00960,frame_00960.jpg,960.0,49.52558087779508,136.76569173627732,0.6024122692184684,0.034972993827160494,REF
BYPASS_20260928_V01_F00961,frame_00961.jpg,961.0,48.8598834774746,138.89402200063637,0.6043392188755082,0.03435570987654321,REF
BYPASS_20260928_V01_F00962,frame_00962.jpg,962.0,45.839433455372216,141.06778142050382,0.6135572426113082,0.03900462962962963,REF
BYPASS_20260928_V01_F00963,frame_00963.jpg,963.0,48.092840025252286,140.702896047568,0.6328608941884688,0.047116126543209874,REF
BYPASS_20260928_V01_F00964,frame_00964.jpg,964.0,41.980746434664496,142.8452432392147,0.6543302637559396,0.03249421296296296,REF
BYPASS_20260928_V01_F00965,frame_00965.jpg,965.0,44.41151505317879,144.1247525408189,0.607949607754931,0.03077739197530864,REF
BYPASS_20260928_V01_F00966,frame_00966.jpg,966.0,49.97983508031487,139.98002703181766,0.6448174617908619,0.03910108024691358,REF
BYPASS_20260928_V01_F00967,frame_00967.jpg,967.0,57.035538571546965,125.67551024558777,0.6456936767439784,0.032060185185185185,REF
BYPASS_20260928_V01_F00968,frame_00968.jpg,968.0,57.80496620334381,120.295720179556,0.6443492562130645,0.019772376543209878,REF
BYPASS_20260928_V01_F00969,frame_00969.jpg,969.0,55.86554299637888,120.3852586370502,0.6301469068468353,0.017660108024691357,REF
BYPASS_20260928_V01_F00970,frame_00970.jpg,970.0,57.478940979637,126.62090505494392,0.6339478232978303,0.03583140432098766,REF
BYPASS_20260928_V01_F00971,frame_00971.jpg,971.0,53.21695120596905,137.97433355272787,0.6357029555756368,0.03490547839506173,REF
BYPASS_20260928_V01_F00972,frame_00972.jpg,972.0,47.757044011057275,150.3494358428041,0.5886565624931712,0.046315586419753085,REF
BYPASS_20260928_V01_F00973,frame_00973.jpg,973.0,49.63009815116763,154.93549568472156,0.5300871370015321,0.04227430555555556,REF
BYPASS_20260928_V01_F00974,frame_00974.jpg,974.0,46.18102203927262,162.71340482145405,0.5204824343507672,0.056442901234567903,REF
BYPASS_20260928_V01_F00975,frame_00975.jpg,975.0,43.433720183497854,171.08874743357705,0.484989223583245,0.06149691358024691,REF
BYPASS_20260928_V01_F00976,frame_00976.jpg,976.0,38.55195753446611,187.81855881040073,0.4044464112799845,0.07151813271604938,REF
BYPASS_20260928_V01_F00977,frame_00977.jpg,977.0,35.81907401428535,187.24713664554588,0.44560803277992905,0.06322337962962964,REF
BYPASS_20260928_V01_F00978,frame_00978.jpg,978.0,37.79388311061675,176.36638892701728,0.4538013677538177,0.06032986111111111,REF
BYPASS_20260928_V01_F00979,frame_00979.jpg,979.0,40.05521013254162,170.83192241771053,0.4782222375457669,0.07212577160493827,REF
BYPASS_20260928_V01_F00980,frame_00980.jpg,980.0,54.877542424733264,181.04469529080023,0.49302466416064605,0.07168209876543209,REF
BYPASS_20260928_V01_F00981,frame_00981.jpg,981.0,70.91884570611913,171.81623206021402,0.5056656587271042,0.06629050925925926,REF
BYPASS_20260928_V01_F00982,frame_00982.jpg,982.0,40.650998798946944,143.8088940459745,0.6105112787382102,0.04279513888888889,REF
BYPASS_20260928_V01_F00983,frame_00983.jpg,983.0,18.065157556738797,119.31120706884666,0.6771186576949225,0.020032793209876543,REF
BYPASS_20260928_V01_F00984,frame_00984.jpg,984.0,18.581625005173095,108.11105816361606,0.6713354107774334,0.031433256172839506,REF
BYPASS_20260928_V01_F00985,frame_00985.jpg,985.0,25.666718745826046,105.8621339250309,0.6420131964448058,0.02425733024691358,REF
BYPASS_20260928_V01_F00986,frame_00986.jpg,986.0,26.272019541054732,102.66610979330186,0.6816419227623646,0.018315972222222223,REF
BYPASS_20260928_V01_F00987,frame_00987.jpg,987.0,38.239481466780234,93.35376266929936,0.6905808837325484,0.029147376543209876,REF
BYPASS_20260928_V01_F00988,frame_00988.jpg,988.0,43.24561598393396,86.93342524717839,0.6923548842653816,0.04226466049382716,REF
BYPASS_20260928_V01_F00989,frame_00989.jpg,989.0,45.488175448782414,109.66692267293574,0.6930483763600573,0.034847608024691355,REF
BYPASS_20260928_V01_F00990,frame_00990.jpg,990.0,48.065300328864055,118.5347765059994,0.6877573416556841,0.0177758487654321,REF
BYPASS_20260928_V01_F00991,frame_00991.jpg,991.0,46.96681096411186,139.1797738904102,0.6236204619760867,0.041743827160493824,REF
BYPASS_20260928_V01_F00992,frame_00992.jpg,992.0,44.195149673918536,145.15669364951364,0.5338724483310441,0.03578317901234568,REF
BYPASS_20260928_V01_F00993,frame_00993.jpg,993.0,46.97530501792255,137.35633172338584,0.5887945959597458,0.041859567901234566,REF
BYPASS_20260928_V01_F00994,frame_00994.jpg,994.0,51.582513084243004,141.70660386342385,0.5416440944612763,0.048003472222222225,REF
BYPASS_20260928_V01_F00995,frame_00995.jpg,995.0,47.81500629128706,143.41679520043343,0.5024358737063996,0.04826388888888889,REF
BYPASS_20260928_V01_F00996,frame_00996.jpg,996.0,49.703457744526105,138.44999508043318,0.5394282483760221,0.05257523148148148,REF
BYPASS_20260928_V01_F00997,frame_00997.jpg,997.0,45.63533773803681,148.9229865459506,0.4360273680569213,0.04625771604938272,REF
BYPASS_20260928_V01_F00998,frame_00998.jpg,998.0,55.43475876374217,149.0000710770725,0.4548314450699606,0.045543981481481484,REF
BYPASS_20260928_V01_F00999,frame_00999.jpg,999.0,60.844376896585544,149.7752518960758,0.5086306107632907,0.07195216049382716,REF
BYPASS_20260928_V01_F01000,frame_01000.jpg,1000.0,53.225112303835544,158.93547388628787,0.5268909499969011,0.04912229938271605,REF
BYPASS_20260928_V01_F01001,frame_01001.jpg,1001.0,48.68919587469048,155.33320634336366,0.5436570559386854,0.0415991512345679,REF
BYPASS_20260928_V01_F01002,frame_01002.jpg,1002.0,-0.2743681909837221,113.09230481340263,0.67695672703378,0.03134645061728395,REF
BYPASS_20260928_V01_F01003,frame_01003.jpg,1003.0,-9.082102593381506,107.99284811305617,0.6325373141853897,0.04651813271604938,REF
BYPASS_20260928_V01_F01004,frame_01004.jpg,1004.0,7.277759957726801,140.49353836540257,0.5437613605717082,0.04291087962962963,REF
BYPASS_20260928_V01_F01005,frame_01005.jpg,1005.0,18.74963170337088,142.90950637086127,0.5014582553119571,0.03679591049382716,REF
BYPASS_20260928_V01_F01006,frame_01006.jpg,1006.0,17.457521919557564,140.66562903368126,0.5302091448395341,0.04548611111111111,REF
BYPASS_20260928_V01_F01007,frame_01007.jpg,1007.0,18.636333219897722,143.36764936055113,0.5220342365679917,0.04985532407407407,REF
BYPASS_20260928_V01_F01008,frame_01008.jpg,1008.0,24.65159583468855,137.76562713566253,0.5476915142786356,0.05274884259259259,REF
BYPASS_20260928_V01_F01009,frame_01009.jpg,1009.0,35.408149446211695,120.36585915339249,0.5927025321089191,0.038252314814814815,REF
BYPASS_20260928_V01_F01010,frame_01010.jpg,1010.0,50.77478611521619,122.94451354826266,0.5641656425264147,0.053800154320987656,REF
BYPASS_20260928_V01_F01011,frame_01011.jpg,1011.0,69.43870647771081,129.8663679815536,0.5630623658498128,0.05017361111111111,REF
BYPASS_20260928_V01_F01012,frame_01012.jpg,1012.0,73.85534660225386,122.81169003566777,0.5887502952858253,0.04555362654320988,REF
BYPASS_20260928_V01_F01013,frame_01013.jpg,1013.0,87.12191770059474,104.1580726015717,0.5449942044269891,0.049479166666666664,REF
BYPASS_20260928_V01_F01014,frame_01014.jpg,1014.0,102.06641109129487,94.06805821578882,0.5692327779016377,0.055401234567901234,REF
BYPASS_20260928_V01_F01015,frame_01015.jpg,1015.0,115.80373727594116,97.02515307955181,0.5616399881280498,0.059056712962962964,REF
BYPASS_20260928_V01_F01016,frame_01016.jpg,1016.0,105.02596679536916,111.21494780232723,0.5340905916543655,0.06724537037037037,REF
BYPASS_20260928_V01_F01017,frame_01017.jpg,1017.0,99.33754348899535,117.91885393685577,0.5221007906360391,0.04894868827160494,REF
BYPASS_20260928_V01_F01018,frame_01018.jpg,1018.0,98.53258854575799,118.17439500316503,0.5187244285771876,0.04535108024691358,REF
BYPASS_20260928_V01_F01019,frame_01019.jpg,1019.0,93.76998200744,106.03333279973658,0.5301642779950743,0.062162422839506175,REF
BYPASS_20260928_V01_F01020,frame_01020.jpg,1020.0,80.608085491147,114.33914245470169,0.52629188593523,0.055767746913580246,REF
BYPASS_20260928_V01_F01021,frame_01021.jpg,1021.0,72.02998048029687,120.04949635654926,0.5242565196237446,0.06199845679012346,REF
BYPASS_20260928_V01_F01022,frame_01022.jpg,1022.0,71.24157949450682,117.72469918495526,0.5343099034862754,0.04500385802469136,REF
BYPASS_20260928_V01_F01023,frame_01023.jpg,1023.0,60.35954451262859,131.3998094113362,0.4371540628833535,0.07760416666666667,REF
BYPASS_20260928_V01_F01024,frame_01024.jpg,1024.0,47.635453537692854,141.4732349683527,0.4429057083012145,0.07192322530864198,REF
BYPASS_20260928_V01_F01025,frame_01025.jpg,1025.0,45.555165436561566,145.267058839294,0.45631293735386413,0.05108024691358025,REF
BYPASS_20260928_V01_F01026,frame_01026.jpg,1026.0,39.2528554941224,151.21284781296043,0.4392418493459254,0.06897183641975309,REF
BYPASS_20260928_V01_F01027,frame_01027.jpg,1027.0,40.40492741085592,147.68432017704396,0.44611108170615305,0.05886381172839506,REF
BYPASS_20260928_V01_F01028,frame_01028.jpg,1028.0,40.99848076672771,145.63270662428548,0.4133021212654349,0.06900077160493827,REF
BYPASS_20260928_V01_F01029,frame_01029.jpg,1029.0,36.118505148104845,149.7342137901282,0.4126496026545395,0.06866319444444445,REF
BYPASS_20260928_V01_F01030,frame_01030.jpg,1030.0,43.38835833457762,157.3821339415195,0.41291123393141194,0.060223765432098765,REF
BYPASS_20260928_V01_F01031,frame_01031.jpg,1031.0,45.04455072461673,166.4625956359372,0.3891437814559466,0.07141203703703704,REF
BYPASS_20260928_V01_F01032,frame_01032.jpg,1032.0,53.052490415439024,180.77279528680128,0.417660876703851,0.06310763888888889,REF
BYPASS_20260928_V01_F01033,frame_01033.jpg,1033.0,75.2460472032217,178.5602840624822,0.44875055095295846,0.05553626543209877,REF
BYPASS_20260928_V01_F01034,frame_01034.jpg,1034.0,61.74418507639862,167.95007720214676,0.4843090625456822,0.06173804012345679,REF
BYPASS_20260928_V01_F01035,frame_01035.jpg,1035.0,54.50256671492855,154.19416337951725,0.49810068710350697,0.0453028549382716,REF
BYPASS_20260928_V01_F01036,frame_01036.jpg,1036.0,55.78999628791681,140.8178791768206,0.5455243435906775,0.04220679012345679,REF
BYPASS_20260928_V01_F01037,frame_01037.jpg,1037.0,58.08000434923048,155.0364374004452,0.5150711896978779,0.034837962962962966,REF
BYPASS_20260928_V01_F01038,frame_01038.jpg,1038.0,58.73146085074529,158.58693969711345,0.6039655638329777,0.04837962962962963,REF
BYPASS_20260928_V01_F01039,frame_01039.jpg,1039.0,59.419195012508396,160.25489845151571,0.5609879197161874,0.06291473765432098,REF
BYPASS_20260928_V01_F01040,frame_01040.jpg,1040.0,56.835635849970885,175.98249890636964,0.5495699386537811,0.04994212962962963,REF
BYPASS_20260928_V01_F01041,frame_01041.jpg,1041.0,48.331061704100335,200.53870155587015,0.49391714768645206,0.0636670524691358,REF
BYPASS_20260928_V01_F01042,frame_01042.jpg,1042.0,39.105894959183104,209.81335175251266,0.44057042940899177,0.08218557098765432,REF
BYPASS_20260928_V01_F01043,frame_01043.jpg,1043.0,58.901057010376036,193.82696025840414,0.4350383076954771,0.057532793209876545,REF
BYPASS_20260928_V01_F01044,frame_01044.jpg,1044.0,72.4379859499607,179.03524541393807,0.4654997381163232,0.06500771604938271,REF
BYPASS_20260928_V01_F01045,frame_01045.jpg,1045.0,77.96937996256091,173.988088549513,0.5196269391495505,0.0759548611111111,REF
BYPASS_20260928_V01_F01046,frame_01046.jpg,1046.0,97.85015742665038,171.8558953117718,0.5727585258307281,0.06277006172839507,REF
BYPASS_20260928_V01_F01047,frame_01047.jpg,1047.0,109.47724492381124,167.02183632914063,0.6027711195710265,0.07033179012345679,REF
BYPASS_20260928_V01_F01048,frame_01048.jpg,1048.0,102.11845777415385,161.62026745854658,0.5848563139821277,0.0629050925925926,REF
BYPASS_20260928_V01_F01049,frame_01049.jpg,1049.0,107.22646717793322,141.47458115386385,0.5305939076675309,0.06361882716049383,REF
BYPASS_20260928_V01_F01050,frame_01050.jpg,1050.0,104.06835903189858,145.56499070273037,0.590565499405802,0.04936342592592593,REF
BYPASS_20260928_V01_F01051,frame_01051.jpg,1051.0,103.93097621534037,160.03683470185067,0.5257375890826002,0.07238618827160494,REF
BYPASS_20260928_V01_F01052,frame_01052.jpg,1052.0,103.87876152736982,161.1934744177286,0.5538045833140244,0.0564525462962963,REF
BYPASS_20260928_V01_F01053,frame_01053.jpg,1053.0,99.0964546501263,155.23500279145378,0.5695394177863627,0.04619984567901234,REF
BYPASS_20260928_V01_F01054,frame_01054.jpg,1054.0,65.41855929482284,152.3687443710199,0.6347060054908564,0.05178433641975309,REF
BYPASS_20260928_V01_F01055,frame_01055.jpg,1055.0,30.118740258605214,120.88828473165549,0.6818954698833418,0.047116126543209874,REF
BYPASS_20260928_V01_F01056,frame_01056.jpg,1056.0,17.15415396240917,109.85597045158931,0.7410019856176259,0.04457947530864197,REF
BYPASS_20260928_V01_F01057,frame_01057.jpg,1057.0,21.31438113728811,101.33391758410971,0.7252842981874207,0.03693094135802469,REF
BYPASS_20260928_V01_F01058,frame_01058.jpg,1058.0,17.325741631790237,107.996662412102,0.7096991472774081,0.044753086419753084,REF
BYPASS_20260928_V01_F01059,frame_01059.jpg,1059.0,16.97568555583618,118.54768605072132,0.6959204001191222,0.04030671296296296,REF
BYPASS_20260928_V01_F01060,frame_01060.jpg,1060.0,16.26315372396388,115.49899174500025,0.667260209866512,0.043778935185185185,REF
BYPASS_20260928_V01_F01061,frame_01061.jpg,1061.0,11.541831182753242,116.31680790401298,0.7269545653719961,0.04862075617283951,REF
BYPASS_20260928_V01_F01062,frame_01062.jpg,1062.0,10.5790517395194,113.24070752542522,0.7394328636887633,0.0357445987654321,REF
BYPASS_20260928_V01_F01063,frame_01063.jpg,1063.0,5.282443788075682,109.36976838640116,0.7503843272173846,0.03449074074074074,REF
BYPASS_20260928_V01_F01064,frame_01064.jpg,1064.0,6.650002947639365,97.24904755529502,0.6701961716016134,0.04021026234567901,REF
BYPASS_20260928_V01_F01065,frame_01065.jpg,1065.0,-1.7728967211086228,100.20596644785428,0.730354956049978,0.033873456790123456,REF
BYPASS_20260928_V01_F01066,frame_01066.jpg,1066.0,-7.859140448150754,101.16038868893968,0.6759769002596537,0.03216628086419753,REF
BYPASS_20260928_V01_F01067,frame_01067.jpg,1067.0,6.478166168116246,107.27327331675222,0.7352653064845521,0.03512731481481481,REF
BYPASS_20260928_V01_F01068,frame_01068.jpg,1068.0,10.370031542313711,125.64745635180188,0.7063825607299805,0.041811342592592594,REF
BYPASS_20260928_V01_F01069,frame_01069.jpg,1069.0,13.49264663773991,124.99241021950667,0.6717589363639738,0.039795524691358025,REF
BYPASS_20260928_V01_F01070,frame_01070.jpg,1070.0,19.5816914232052,128.5513362817288,0.6735104140676098,0.04470486111111111,REF
BYPASS_20260928_V01_F01071,frame_01071.jpg,1071.0,15.939520250883191,136.95993844876682,0.6016675763660007,0.0412037037037037,REF
BYPASS_20260928_V01_F01072,frame_01072.jpg,1072.0,18.105599670783505,140.40257483311183,0.6109393578988535,0.046296296296296294,REF
BYPASS_20260928_V01_F01073,frame_01073.jpg,1073.0,23.26232898171071,143.7252676229658,0.5925954973256147,0.05408950617283951,REF
BYPASS_20260928_V01_F01074,frame_01074.jpg,1074.0,27.243363468417527,146.5404703421819,0.5813325030568205,0.05353973765432099,REF
BYPASS_20260928_V01_F01075,frame_01075.jpg,1075.0,32.90687707745275,145.85722387994275,0.5926664991879169,0.05443672839506173,REF
BYPASS_20260928_V01_F01076,frame_01076.jpg,1076.0,40.007487183892465,142.6943476353032,0.612565337728571,0.048109567901234565,REF
BYPASS_20260928_V01_F01077,frame_01077.jpg,1077.0,42.265791241674435,152.39803091230533,0.6160143672684093,0.0503858024691358,REF
BYPASS_20260928_V01_F01078,frame_01078.jpg,1078.0,46.8123111420542,157.52919151672262,0.6108433685920857,0.04914158950617284,REF
BYPASS_20260928_V01_F01079,frame_01079.jpg,1079.0,45.59048539976763,157.05662974099954,0.5740476886431376,0.04909336419753087,REF
BYPASS_20260928_V01_F01080,frame_01080.jpg,1080.0,38.18492800276343,161.6062278392122,0.6152629419609352,0.06256751543209876,REF
BYPASS_20260928_V01_F01081,frame_01081.jpg,1081.0,40.12313548348246,163.84097471629212,0.6258066995644275,0.05230516975308642,REF
BYPASS_20260928_V01_F01082,frame_01082.jpg,1082.0,42.48177085683895,158.13849184989098,0.6321623421009676,0.054996141975308645,REF
BYPASS_20260928_V01_F01083,frame_01083.jpg,1083.0,38.62390527483154,160.72516050645606,0.6005373242828581,0.05131172839506173,REF
BYPASS_20260928_V01_F01084,frame_01084.jpg,1084.0,38.95885903663785,157.8413638247577,0.5894132825695438,0.050945216049382715,REF
BYPASS_20260928_V01_F01085,frame_01085.jpg,1085.0,31.35834053333045,166.16923463134373,0.5435618079738852,0.054600694444444445,REF
BYPASS_20260928_V01_F01086,frame_01086.jpg,1086.0,25.11855612851781,179.3806376093456,0.5638704127735562,0.06956983024691359,REF
BYPASS_20260928_V01_F01087,frame_01087.jpg,1087.0,26.33743508321902,188.47534192139773,0.5433914198551649,0.07205825617283951,REF
BYPASS_20260928_V01_F01088,frame_01088.jpg,1088.0,22.161041935793804,206.7605461523892,0.5004032917228746,0.08293788580246914,REF
BYPASS_20260928_V01_F01089,frame_01089.jpg,1089.0,20.83856714628743,221.95413355543914,0.44220283060898014,0.10793788580246913,REF
BYPASS_20260928_V01_F01090,frame_01090.jpg,1090.0,15.357870424685075,220.60041531977203,0.3873654144045747,0.09994212962962963,REF
BYPASS_20260928_V01_F01091,frame_01091.jpg,1091.0,29.892712840964833,199.94822853281948,0.4226338031851215,0.07819251543209876,REF
BYPASS_20260928_V01_F01092,frame_01092.jpg,1092.0,32.584670783669,189.51255034153988,0.46709721235581386,0.0814525462962963,REF
BYPASS_20260928_V01_F01093,frame_01093.jpg,1093.0,32.57208814123041,194.44962663192678,0.4427154886869737,0.07504822530864197,REF
BYPASS_20260928_V01_F01094,frame_01094.jpg,1094.0,34.8906738570837,208.11406083901613,0.4352800798268966,0.0910108024691358,REF
BYPASS_20260928_V01_F01095,frame_01095.jpg,1095.0,30.26404093980517,220.06878125328,0.39167213852022903,0.10696373456790123,REF
BYPASS_20260928_V01_F01096,frame_01096.jpg,1096.0,40.691225573159585,216.04479536610955,0.4120185932259501,0.09143518518518519,REF
BYPASS_20260928_V01_F01097,frame_01097.jpg,1097.0,43.90009789875643,209.48405826328673,0.3977553579910302,0.08960262345679013,REF
BYPASS_20260928_V01_F01098,frame_01098.jpg,1098.0,40.63349019317184,210.5706609822211,0.413665783074167,0.08861882716049382,REF
BYPASS_20260928_V01_F01099,frame_01099.jpg,1099.0,45.145606708501674,210.91384510921813,0.4199038448892994,0.09230324074074074,REF
BYPASS_20260928_V01_F01100,frame_01100.jpg,1100.0,45.02535850127907,209.78779419859256,0.4083327924027855,0.1021604938271605,REF
BYPASS_20260928_V01_F01101,frame_01101.jpg,1101.0,47.97228762167936,213.9272492983435,0.42139531933231117,0.10049189814814814,REF
BYPASS_20260928_V01_F01102,frame_01102.jpg,1102.0,52.22747878005046,215.9031422618217,0.3763039941037143,0.09186921296296297,REF
BYPASS_20260928_V01_F01103,frame_01103.jpg,1103.0,5.033021253988181,150.43225577083263,0.453503453142849,0.058584104938271604,REF
BYPASS_20260928_V01_F01104,frame_01104.jpg,1104.0,14.134594390007067,52.82698037882477,0.7793359412823194,0.027604166666666666,REF
BYPASS_20260928_V01_F01105,frame_01105.jpg,1105.0,34.45549011128438,3.298131045560581,0.7663545468707144,0.04762731481481482,REF
BYPASS_20260928_V01_F01106,frame_01106.jpg,1106.0,42.49397176445876,-49.908540740991555,0.7796673742709337,0.04845679012345679,REF
BYPASS_20260928_V01_F01107,frame_01107.jpg,1107.0,61.15818424745444,-50.75243049430486,0.7722533331976996,0.04946952160493827,REF
BYPASS_20260928_V01_F01108,frame_01108.jpg,1108.0,59.407518923325824,-44.4001596277777,0.7926419955712778,0.041589506172839505,REF
BYPASS_20260928_V01_F01109,frame_01109.jpg,1109.0,57.04378673592882,-49.91924450517405,0.785446889606523,0.036140046296296295,REF
BYPASS_20260928_V01_F01110,frame_01110.jpg,1110.0,62.12546734377898,-47.218646969227166,0.7652047222043261,0.03480902777777778,REF
BYPASS_20260928_V01_F01111,frame_01111.jpg,1111.0,63.670272416181376,-40.611819125643194,0.7889494154188368,0.031462191358024694,REF
BYPASS_20260928_V01_F01112,frame_01112.jpg,1112.0,64.62217577221142,-37.2274689123667,0.7898056420279138,0.029861111111111113,REF
BYPASS_20260928_V01_F01113,frame_01113.jpg,1113.0,73.06711298903969,-40.99386579432681,0.753047611757561,0.026948302469135803,REF
BYPASS_20260928_V01_F01114,frame_01114.jpg,1114.0,82.3139489195614,-51.31899579007285,0.7612941079301598,0.02627314814814815,REF
BYPASS_20260928_V01_F01115,frame_01115.jpg,1115.0,86.72108747169665,-56.23504991704178,0.7475735052132312,0.03169367283950617,REF
BYPASS_20260928_V01_F01116,frame_01116.jpg,1116.0,92.92155469068871,-53.425587450791255,0.7430761372601544,0.03324652777777778,REF
BYPASS_20260928_V01_F01117,frame_01117.jpg,1117.0,99.66586824961018,-57.329805357627464,0.7331757047294098,0.03812692901234568,REF
BYPASS_20260928_V01_F01118,frame_01118.jpg,1118.0,107.47167741739062,-60.61076087995173,0.679209429099236,0.03978587962962963,REF
BYPASS_20260928_V01_F01119,frame_01119.jpg,1119.0,115.78426964655128,-60.20813535513753,0.6588679007541987,0.03781828703703704,REF
BYPASS_20260928_V01_F01120,frame_01120.jpg,1120.0,116.23274184022321,-47.403443602641175,0.6207594759670305,0.038078703703703705,REF
BYPASS_20260928_V01_F01121,frame_01121.jpg,1121.0,110.88741883601611,-32.69895331448399,0.6577045299388744,0.045650077160493824,REF
BYPASS_20260928_V01_F01122,frame_01122.jpg,1122.0,106.23593757953915,-23.71970438128551,0.6725640367578577,0.036689814814814814,REF
BYPASS_20260928_V01_F01123,frame_01123.jpg,1123.0,94.74370193322383,-18.63895032989285,0.6798483149504956,0.02806712962962963,REF
BYPASS_20260928_V01_F01124,frame_01124.jpg,1124.0,92.11254381815465,-18.52913660047915,0.7549033437246158,0.025221836419753087,REF
BYPASS_20260928_V01_F01125,frame_01125.jpg,1125.0,92.63246206124765,-18.722136514152055,0.7805990510516696,0.02309992283950617,REF
BYPASS_20260928_V01_F01126,frame_01126.jpg,1126.0,86.09587383170742,-18.112891131451903,0.8070240532910382,0.024131944444444445,REF
BYPASS_20260928_V01_F01127,frame_01127.jpg,1127.0,80.3380911280843,-12.144899813531936,0.798141563821722,0.027671682098765433,REF
BYPASS_20260928_V01_F01128,frame_01128.jpg,1128.0,81.46616707666516,-8.976176881772261,0.7968517508035825,0.029639274691358023,REF
BYPASS_20260928_V01_F01129,frame_01129.jpg,1129.0,80.82921651839501,0.339250276359337,0.7875144812795851,0.027642746913580245,REF
BYPASS_20260928_V01_F01130,frame_01130.jpg,1130.0,78.68281111770821,15.91366679584516,0.7476784654605536,0.025675154320987655,REF
BYPASS_20260928_V01_F01131,frame_01131.jpg,1131.0,71.52558817961906,23.703485804859838,0.772453127157541,0.029012345679012345,REF
BYPASS_20260928_V01_F01132,frame_01132.jpg,1132.0,55.150550844091384,21.300437431274162,0.7510980626683176,0.029147376543209876,REF
BYPASS_20260928_V01_F01133,frame_01133.jpg,1133.0,57.07090132274996,19.1120300351659,0.7364691470876152,0.02961033950617284,REF
BYPASS_20260928_V01_F01134,frame_01134.jpg,1134.0,58.169031187424366,11.83736320926073,0.7698647045794829,0.02900270061728395,REF
BYPASS_20260928_V01_F01135,frame_01135.jpg,1135.0,69.41439890698618,12.147910501776693,0.7704052131852986,0.028732638888888887,REF
BYPASS_20260928_V01_F01136,frame_01136.jpg,1136.0,74.97891095257549,14.572041514139016,0.7684080293149124,0.03500192901234568,REF
BYPASS_20260928_V01_F01137,frame_01137.jpg,1137.0,77.41294493962079,23.342400885750436,0.7345114251713694,0.03591820987654321,REF
BYPASS_20260928_V01_F01138,frame_01138.jpg,1138.0,89.84048918735232,29.507002176707545,0.7040935648076329,0.04415509259259259,REF
BYPASS_20260928_V01_F01139,frame_01139.jpg,1139.0,91.72987434809875,35.031900431067754,0.6527077972888946,0.036689814814814814,REF
BYPASS_20260928_V01_F01140,frame_01140.jpg,1140.0,93.94351829788607,48.21332007062476,0.6355482821111326,0.04339313271604938,REF
BYPASS_20260928_V01_F01141,frame_01141.jpg,1141.0,98.40480219079541,45.29739360869351,0.6158151040106644,0.048032407407407406,REF
BYPASS_20260928_V01_F01142,frame_01142.jpg,1142.0,102.40171842072891,38.98505268453724,0.6223936151575159,0.05381944444444445,REF
BYPASS_20260928_V01_F01143,frame_01143.jpg,1143.0,105.22449874139235,41.70073670233009,0.6556107226713204,0.04684606481481481,REF
BYPASS_20260928_V01_F01144,frame_01144.jpg,1144.0,106.29514828568873,48.00918349418906,0.6730655425124699,0.03471257716049383,REF
BYPASS_20260928_V01_F01145,frame_01145.jpg,1145.0,93.4254273848357,35.22254158086034,0.7352551585362281,0.03585069444444444,REF
BYPASS_20260928_V01_F01146,frame_01146.jpg,1146.0,78.0325695413897,33.29698323930546,0.7372412735297356,0.04048032407407407,REF
BYPASS_20260928_V01_F01147,frame_01147.jpg,1147.0,33.354833342459045,26.94400204062603,0.7476145026860413,0.03950617283950617,REF
BYPASS_20260928_V01_F01148,frame_01148.jpg,1148.0,-4.151356526248662,14.262317990871367,0.7566986556406374,0.028800154320987655,REF
BYPASS_20260928_V01_F01149,frame_01149.jpg,1149.0,-8.154684600483108,6.989454594521135,0.7229760630631152,0.03126929012345679,REF
BYPASS_20260928_V01_F01150,frame_01150.jpg,1150.0,-5.5884755333739236,5.400809891205654,0.7762395872010125,0.03421103395061728,REF
BYPASS_20260928_V01_F01151,frame_01151.jpg,1151.0,-4.597520018528144,11.709327920058143,0.7641738285988937,0.02853973765432099,REF
BYPASS_20260928_V01_F01152,frame_01152.jpg,1152.0,-1.6822315166563726,21.895425737480934,0.7274545940352075,0.024546682098765434,REF
BYPASS_20260928_V01_F01153,frame_01153.jpg,1153.0,0.4603000377248918,32.58892196882334,0.7486314742653458,0.03132716049382716,REF
BYPASS_20260928_V01_F01154,frame_01154.jpg,1154.0,7.6264080142981925,32.46052423873692,0.765005490882897,0.02419945987654321,REF
BYPASS_20260928_V01_F01155,frame_01155.jpg,1155.0,17.040321628815462,29.64121561594675,0.7479221838491934,0.028703703703703703,REF
BYPASS_20260928_V01_F01156,frame_01156.jpg,1156.0,21.78047081492187,38.992709290978155,0.7179229475833752,0.030758101851851852,REF
BYPASS_20260928_V01_F01157,frame_01157.jpg,1157.0,6.873707502762585,44.81679937771588,0.7206352741629989,0.02961033950617284,REF
BYPASS_20260928_V01_F01158,frame_01158.jpg,1158.0,1.2273609737016784,39.8431347118576,0.7053210055386578,0.025675154320987655,REF
BYPASS_20260928_V01_F01159,frame_01159.jpg,1159.0,19.571142918509935,34.662652531262694,0.702259185431916,0.02394868827160494,REF
BYPASS_20260928_V01_F01160,frame_01160.jpg,1160.0,34.7716126007916,22.65775992247862,0.7084914392159309,0.022424768518518517,REF
BYPASS_20260928_V01_F01161,frame_01161.jpg,1161.0,36.73669347670591,16.693960648124175,0.780574682906822,0.016772762345679013,REF
BYPASS_20260928_V01_F01162,frame_01162.jpg,1162.0,27.879740931814013,14.785091739724407,0.7498490518257942,0.021064814814814814,REF
BYPASS_20260928_V01_F01163,frame_01163.jpg,1163.0,15.285841578043858,22.210791301855153,0.6758875405346906,0.018267746913580248,REF
BYPASS_20260928_V01_F01164,frame_01164.jpg,1164.0,14.023734817803671,25.731835593152,0.5820101087476001,0.023755787037037037,REF
BYPASS_20260928_V01_F01165,frame_01165.jpg,1165.0,30.116094999653683,11.015508836384527,0.5855731731579628,0.04089506172839506,REF
BYPASS_20260928_V01_F01166,frame_01166.jpg,1166.0,39.29083367340465,-2.645701347909096,0.6407164806201134,0.04356674382716049,REF
BYPASS_20260928_V01_F01167,frame_01167.jpg,1167.0,32.709637289733536,3.137678223193518,0.6628557465694569,0.04440586419753086,REF
BYPASS_20260928_V01_F01168,frame_01168.jpg,1168.0,19.98074472038374,11.938714908491733,0.7005258841279113,0.035841049382716046,REF
BYPASS_20260928_V01_F01169,frame_01169.jpg,1169.0,6.014721919907402,8.259173428399407,0.7162927069781739,0.03449074074074074,REF
BYPASS_20260928_V01_F01170,frame_01170.jpg,1170.0,3.6494102020341472,-4.235510016434574,0.6795431162104194,0.02853973765432099,REF
BYPASS_20260928_V01_F01171,frame_01171.jpg,1171.0,3.0288590822010804,-21.192456532557998,0.7255190107557509,0.039718364197530866,REF
BYPASS_20260928_V01_F01172,frame_01172.jpg,1172.0,3.0409489445634676,-18.208745901564555,0.7292789431265843,0.03756751543209876,REF
BYPASS_20260928_V01_F01173,frame_01173.jpg,1173.0,2.916213982026278,-7.366897626749449,0.7018139742406798,0.024517746913580246,REF
BYPASS_20260928_V01_F01174,frame_01174.jpg,1174.0,3.1993393255506533,4.906858365438723,0.7455658304470557,0.021489197530864198,REF
BYPASS_20260928_V01_F01175,frame_01175.jpg,1175.0,5.00846491351507,19.849743941067544,0.7715824620223339,0.020032793209876543,REF
BYPASS_20260928_V01_F01176,frame_01176.jpg,1176.0,-0.8487655317913152,30.22374917845451,0.77861706327509,0.027199074074074073,REF
BYPASS_20260928_V01_F01177,frame_01177.jpg,1177.0,-8.256755310490746,34.75466978233305,0.7723621796678614,0.01949266975308642,REF
BYPASS_20260928_V01_F01178,frame_01178.jpg,1178.0,-10.541233030812862,33.54781123081108,0.6677762909435931,0.02515432098765432,REF
BYPASS_20260928_V01_F01179,frame_01179.jpg,1179.0,-12.026314552348339,36.87397733981555,0.7444225766040661,0.028877314814814814,REF
BYPASS_20260928_V01_F01180,frame_01180.jpg,1180.0,-11.311890521272659,41.30461062978239,0.7728723443584677,0.024623842592592593,REF
BYPASS_20260928_V01_F01181,frame_01181.jpg,1181.0,-10.332816694204922,44.92012913796674,0.7772693326075871,0.0246045524691358,REF
BYPASS_20260928_V01_F01182,frame_01182.jpg,1182.0,-9.449447539959124,47.33787993354042,0.7828983732211737,0.023929398148148148,REF
BYPASS_20260928_V01_F01183,frame_01183.jpg,1183.0,-1.349464382885742,47.22541756298969,0.707448982603756,0.020621141975308642,REF
BYPASS_20260928_V01_F01184,frame_01184.jpg,1184.0,8.33566936932175,47.22996554091125,0.8063372994646614,0.017274305555555557,REF
BYPASS_20260928_V01_F01185,frame_01185.jpg,1185.0,5.697400665841542,53.54063571472267,0.753883166960728,0.022212577160493827,REF
BYPASS_20260928_V01_F01186,frame_01186.jpg,1186.0,1.1642277420721712,63.10835117357014,0.576894748063735,0.025028935185185185,REF
BYPASS_20260928_V01_F01187,frame_01187.jpg,1187.0,-5.52128221201329,71.30533529855968,0.7634356049843777,0.025173611111111112,REF
BYPASS_20260928_V01_F01188,frame_01188.jpg,1188.0,-9.445264088048646,71.92487730434394,0.7629698380276009,0.027546296296296298,REF
BYPASS_20260928_V01_F01189,frame_01189.jpg,1189.0,-11.990520304131394,82.33887026011958,0.7297627331298074,0.03697916666666667,REF
BYPASS_20260928_V01_F01190,frame_01190.jpg,1190.0,-5.315081526074152,80.88293035831899,0.6519638846685857,0.03802083333333333,REF
BYPASS_20260928_V01_F01191,frame_01191.jpg,1191.0,-5.437388419155894,77.53835829293837,0.6722085905663762,0.03192515432098766,REF
BYPASS_20260928_V01_F01192,frame_01192.jpg,1192.0,-8.185035774635196,80.81115493250074,0.6793832211582749,0.03416280864197531,REF
BYPASS_20260928_V01_F01193,frame_01193.jpg,1193.0,-9.016957654343685,86.76234116772804,0.747345115777887,0.04383680555555555,REF
BYPASS_20260928_V01_F01194,frame_01194.jpg,1194.0,-10.231114441847211,94.90428247308542,0.7283499386575487,0.033921682098765435,REF
BYPASS_20260928_V01_F01195,frame_01195.jpg,1195.0,-7.755870476535591,100.84932694488327,0.6769218013610369,0.03816550925925926,REF
BYPASS_20260928_V01_F01196,frame_01196.jpg,1196.0,-5.107098485329743,94.39739547818519,0.6765674811822396,0.034751157407407404,REF
BYPASS_20260928_V01_F01197,frame_01197.jpg,1197.0,-3.323862785871654,97.61068395396042,0.768706112805708,0.038175154320987656,REF
BYPASS_20260928_V01_F01198,frame_01198.jpg,1198.0,-27.91097815910544,154.9222793810231,0.6181135813395182,0.07083333333333333,REF
BYPASS_20260928_V01_F01199,frame_01199.jpg,1199.0,-48.282999485692955,232.30248479975273,0.35977098066129803,0.10374228395061728,REF
BYPASS_20260928_V01_F01200,frame_01200.jpg,1200.0,-35.51892174581741,281.945813684627,0.22425622991573663,0.10504436728395061,REF
BYPASS_20260928_V01_F01201,frame_01201.jpg,1201.0,-35.687779980374614,312.90425604291966,0.06288415414315683,0.0,EVENTO
BYPASS_20260928_V01_F01202,frame_01202.jpg,1202.0,-121.53692384036523,-419.62221472804146,0.001078571691925143,0.0,EVENTO
BYPASS_20260928_V01_F01203,frame_01203.jpg,1203.0,-25.906407008148534,299.6765087454022,0.1495685819858386,0.0,EVENTO
BYPASS_20260928_V01_F01204,frame_01204.jpg,1204.0,-20.321247325286663,279.68723969574694,0.21980314814014199,0.10199652777777778,REF
BYPASS_20260928_V01_F01205,frame_01205.jpg,1205.0,-14.512626586827992,268.44773910124496,0.27697135769290687,0.10306712962962963,REF
BYPASS_20260928_V01_F01206,frame_01206.jpg,1206.0,-11.842693762265895,272.27374826611845,0.2645340436034732,0.11169945987654321,REF
BYPASS_20260928_V01_F01207,frame_01207.jpg,1207.0,-14.110568026910329,271.401692271107,0.27013818820317587,0.1042920524691358,REF
BYPASS_20260928_V01_F01208,frame_01208.jpg,1208.0,-25.52475365866306,270.58716003120423,0.26775761666121306,0.10412808641975309,REF
BYPASS_20260928_V01_F01209,frame_01209.jpg,1209.0,-27.402418809827992,267.79125950271134,0.26613732591087436,0.09632523148148148,REF
BYPASS_20260928_V01_F01210,frame_01210.jpg,1210.0,-28.428926181996502,264.7326547190759,0.30765097163341665,0.09021026234567901,REF
BYPASS_20260928_V01_F01211,frame_01211.jpg,1211.0,-27.36316660373862,258.49354498625775,0.3102985203634074,0.10341435185185185,REF
BYPASS_20260928_V01_F01212,frame_01212.jpg,1212.0,-22.491110158544814,249.1175258291875,0.35713511131427905,0.09912229938271605,REF
BYPASS_20260928_V01_F01213,frame_01213.jpg,1213.0,-17.470580618633676,243.2284512975964,0.37221030125647414,0.10380015432098766,REF
BYPASS_20260928_V01_F01214,frame_01214.jpg,1214.0,-9.177096433641566,241.20764633093586,0.3846666385362178,0.11647376543209877,REF
BYPASS_20260928_V01_F01215,frame_01215.jpg,1215.0,-0.5474708021370702,239.31500162978944,0.37129104093269066,0.11280864197530864,REF
BYPASS_20260928_V01_F01216,frame_01216.jpg,1216.0,2.7240029361379925,241.0971463033751,0.3775821015422727,0.11459297839506173,REF
BYPASS_20260928_V01_F01217,frame_01217.jpg,1217.0,4.34931530111362,250.83759867434958,0.3260307860227279,0.09972993827160494,REF
BYPASS_20260928_V01_F01218,frame_01218.jpg,1218.0,8.66809204560414,259.06522236441975,0.3128777922395571,0.09504243827160494,REF
BYPASS_20260928_V01_F01219,frame_01219.jpg,1219.0,12.622180391787793,258.2685242924389,0.33316928104118065,0.09795524691358025,REF
BYPASS_20260928_V01_F01220,frame_01220.jpg,1220.0,16.321552096883607,253.05769955794983,0.3513929296238923,0.09719328703703704,REF
BYPASS_20260928_V01_F01221,frame_01221.jpg,1221.0,15.014627987100653,252.48017408423306,0.35159651269147424,0.10870949074074074,REF
BYPASS_20260928_V01_F01222,frame_01222.jpg,1222.0,15.58092726881344,256.64032752311675,0.340426575107339,0.0992091049382716,REF
BYPASS_20260928_V01_F01223,frame_01223.jpg,1223.0,17.9618273503078,261.3707967783624,0.31999419265323215,0.10661651234567901,REF
BYPASS_20260928_V01_F01224,frame_01224.jpg,1224.0,19.498104783324095,260.5821843346133,0.34028491576512654,0.09300733024691359,REF
BYPASS_20260928_V01_F01225,frame_01225.jpg,1225.0,23.456727255426244,254.17226412643734,0.3502598510848151,0.10341435185185185,REF
BYPASS_20260928_V01_F01226,frame_01226.jpg,1226.0,23.21099026813343,245.72695560169308,0.366112968068064,0.09989390432098766,REF
BYPASS_20260928_V01_F01227,frame_01227.jpg,1227.0,22.020031775797065,230.47477902482746,0.43630207261921444,0.09194637345679012,REF
BYPASS_20260928_V01_F01228,frame_01228.jpg,1228.0,24.402510540890376,217.16819435105697,0.47282315536781594,0.09788773148148149,REF
BYPASS_20260928_V01_F01229,frame_01229.jpg,1229.0,27.026802475079336,216.85295634864315,0.45978033741315205,0.10579668209876543,REF
BYPASS_20260928_V01_F01230,frame_01230.jpg,1230.0,25.985951038205144,216.83297409003745,0.43163600733250745,0.0943383487654321,REF
BYPASS_20260928_V01_F01231,frame_01231.jpg,1231.0,26.995646216403657,211.25538408506674,0.49469324791872943,0.10814043209876543,REF
BYPASS_20260928_V01_F01232,frame_01232.jpg,1232.0,31.99960088199805,202.0343448786981,0.47478608937911043,0.10044367283950617,REF
BYPASS_20260928_V01_F01233,frame_01233.jpg,1233.0,33.482562411330576,199.75277223936308,0.5333272849336083,0.1060667438271605,REF
BYPASS_20260928_V01_F01234,frame_01234.jpg,1234.0,35.02165405036334,201.89595892655714,0.4802169966844865,0.09456018518518519,REF
BYPASS_20260928_V01_F01235,frame_01235.jpg,1235.0,32.46320417074776,202.385991744627,0.5259644068317649,0.0972800925925926,REF
BYPASS_20260928_V01_F01236,frame_01236.jpg,1236.0,32.253779369552035,198.9893497871514,0.5315881433310332,0.10533371913580247,REF
BYPASS_20260928_V01_F01237,frame_01237.jpg,1237.0,34.29184737307301,205.0091572550415,0.49211025845121453,0.10132137345679013,REF
BYPASS_20260928_V01_F01238,frame_01238.jpg,1238.0,33.762407015646204,210.60837127935753,0.48056415334159946,0.0943287037037037,REF
BYPASS_20260928_V01_F01239,frame_01239.jpg,1239.0,30.282982966977897,204.10145360496435,0.5090675980956466,0.11091820987654322,REF
BYPASS_20260928_V01_F01240,frame_01240.jpg,1240.0,24.646609115980993,183.9192445652489,0.5431482911109924,0.09116512345679012,REF
BYPASS_20260928_V01_F01241,frame_01241.jpg,1241.0,14.600245244638273,128.1219509985363,0.6340082315751064,0.04888117283950617,REF
BYPASS_20260928_V01_F01242,frame_01242.jpg,1242.0,-10.824227869454603,36.45661213221419,0.6637150708539986,0.03439429012345679,REF
BYPASS_20260928_V01_F01243,frame_01243.jpg,1243.0,-5.993312636801335,-8.520901502508622,0.7326229091043825,0.04553433641975309,REF
BYPASS_20260928_V01_F01244,frame_01244.jpg,1244.0,-4.71842907276195,-26.374749136008546,0.7936240305135279,0.031809413580246915,REF
BYPASS_20260928_V01_F01245,frame_01245.jpg,1245.0,-9.68562601288076,-27.918459566716876,0.7734146278581502,0.03647762345679012,REF
BYPASS_20260928_V01_F01246,frame_01246.jpg,1246.0,-13.486374727390967,-25.433318201822175,0.7559188892811904,0.03325617283950617,REF
BYPASS_20260928_V01_F01247,frame_01247.jpg,1247.0,-14.058926639282362,-21.97257765993541,0.7477220282142545,0.03334297839506173,REF
BYPASS_20260928_V01_F01248,frame_01248.jpg,1248.0,-14.58561475061785,-24.208667917624865,0.7683783905741609,0.03960262345679012,REF
BYPASS_20260928_V01_F01249,frame_01249.jpg,1249.0,-10.014548757765056,-20.592893556268905,0.7701402335991094,0.03283179012345679,REF
BYPASS_20260928_V01_F01250,frame_01250.jpg,1250.0,-8.505157509227615,-7.998894002489436,0.7705722401171555,0.031828703703703706,REF
BYPASS_20260928_V01_F01251,frame_01251.jpg,1251.0,6.747620944795813,18.21755897607477,0.7607093730826436,0.03275462962962963,REF
BYPASS_20260928_V01_F01252,frame_01252.jpg,1252.0,14.283109823473353,5.43683982130932,0.7566706446953761,0.028047839506172838,REF
BYPASS_20260928_V01_F01253,frame_01253.jpg,1253.0,16.189336558753382,9.754941126794677,0.7651588957986714,0.023427854938271604,REF
BYPASS_20260928_V01_F01254,frame_01254.jpg,1254.0,25.812543279718597,8.417668055075154,0.8146304174705788,0.02722800925925926,REF
BYPASS_20260928_V01_F01255,frame_01255.jpg,1255.0,29.9686385844237,15.073368586649622,0.8055315562972316,0.04701967592592592,REF
BYPASS_20260928_V01_F01256,frame_01256.jpg,1256.0,27.316759986856766,18.170495347894473,0.7825592941708035,0.043354552469135804,REF
BYPASS_20260928_V01_F01257,frame_01257.jpg,1257.0,30.448529579956755,29.027294646753774,0.7807910162725566,0.03422067901234568,REF
BYPASS_20260928_V01_F01258,frame_01258.jpg,1258.0,34.193831139174335,41.51977686478065,0.6434290267803051,0.035985725308641976,REF
BYPASS_20260928_V01_F01259,frame_01259.jpg,1259.0,37.86020815256404,49.99957397536292,0.7213089617314162,0.0296875,REF
BYPASS_20260928_V01_F01260,frame_01260.jpg,1260.0,41.649229065449305,55.64202735589157,0.7133254129209636,0.03564814814814815,REF
BYPASS_20260928_V01_F01261,frame_01261.jpg,1261.0,46.21086418684382,56.820426388992544,0.5811410007837378,0.04558256172839506,REF
BYPASS_20260928_V01_F01262,frame_01262.jpg,1262.0,52.595860742832315,52.84577082500671,0.677082074203609,0.041637731481481484,REF
BYPASS_20260928_V01_F01263,frame_01263.jpg,1263.0,56.26805469232849,52.92798547600755,0.6677126908743823,0.04234182098765432,REF
BYPASS_20260928_V01_F01264,frame_01264.jpg,1264.0,57.589548243382836,59.013863855343544,0.6770031756824917,0.046961805555555555,REF
BYPASS_20260928_V01_F01265,frame_01265.jpg,1265.0,53.42730840728609,68.32127261656255,0.6762517274161916,0.06048418209876543,REF
BYPASS_20260928_V01_F01266,frame_01266.jpg,1266.0,53.8260422568583,71.38411812822035,0.6439979204425106,0.06640625,REF
BYPASS_20260928_V01_F01267,frame_01267.jpg,1267.0,59.328775786172486,73.8870332337825,0.600862443594285,0.05401234567901234,REF
BYPASS_20260928_V01_F01268,frame_01268.jpg,1268.0,64.74083755243495,71.00027254146713,0.6183014341710527,0.04772376543209877,REF
BYPASS_20260928_V01_F01269,frame_01269.jpg,1269.0,67.14878173241942,59.87799278135431,0.4176037642690871,0.05453317901234568,REF
BYPASS_20260928_V01_F01270,frame_01270.jpg,1270.0,71.35698567336814,64.93846565526782,0.5891962376641638,0.04396219135802469,REF
BYPASS_20260928_V01_F01271,frame_01271.jpg,1271.0,75.57530573856883,72.2261879488043,0.6339667017077222,0.0515625,REF
BYPASS_20260928_V01_F01272,frame_01272.jpg,1272.0,78.91340563734477,77.55923235200092,0.6164863665898641,0.05629822530864197,REF
BYPASS_20260928_V01_F01273,frame_01273.jpg,1273.0,78.82828205225329,78.0794126939488,0.5747541124438063,0.06232638888888889,REF
BYPASS_20260928_V01_F01274,frame_01274.jpg,1274.0,78.38720636056291,71.586195581309,0.5762356032559901,0.06683063271604939,REF
BYPASS_20260928_V01_F01275,frame_01275.jpg,1275.0,71.49909212075028,71.75002093277506,0.5745730244083169,0.06262538580246914,REF
BYPASS_20260928_V01_F01276,frame_01276.jpg,1276.0,68.47626131808525,77.61761318799117,0.5840433017707165,0.0666184413580247,REF
BYPASS_20260928_V01_F01277,frame_01277.jpg,1277.0,66.31991687084661,80.14300488898657,0.5696111849796625,0.0669753086419753,REF
BYPASS_20260928_V01_F01278,frame_01278.jpg,1278.0,65.19850460342258,80.31628070576154,0.5802690007068493,0.06521990740740741,REF
BYPASS_20260928_V01_F01279,frame_01279.jpg,1279.0,68.35190845125251,81.15668851090467,0.5939169517269841,0.06556712962962963,REF
BYPASS_20260928_V01_F01280,frame_01280.jpg,1280.0,86.76318058368264,77.85575985127132,0.5299304812778661,0.0701292438271605,REF
BYPASS_20260928_V01_F01281,frame_01281.jpg,1281.0,95.67386051467201,86.46260013592897,0.7048311438089535,0.05925925925925926,REF
BYPASS_20260928_V01_F01282,frame_01282.jpg,1282.0,78.05572307767432,97.78664345070011,0.7398523220309505,0.047434413580246915,REF
BYPASS_20260928_V01_F01283,frame_01283.jpg,1283.0,27.189698869570094,63.25870596613069,0.7363718667699967,0.03485725308641975,REF
BYPASS_20260928_V01_F01284,frame_01284.jpg,1284.0,23.483659080820445,27.62549661350039,0.7710357250990691,0.025144675925925924,REF
BYPASS_20260928_V01_F01285,frame_01285.jpg,1285.0,2.507036671613804,15.3959680277666,0.6880866330346943,0.03519483024691358,REF
BYPASS_20260928_V01_F01286,frame_01286.jpg,1286.0,0.33986267121386504,6.196568908182712,0.6223268110075114,0.044444444444444446,REF
BYPASS_20260928_V01_F01287,frame_01287.jpg,1287.0,12.954372411014191,17.64713979675048,0.7111808665004777,0.03252314814814815,REF
BYPASS_20260928_V01_F01288,frame_01288.jpg,1288.0,36.52201616165243,9.648629688386194,0.7788425784052154,0.024276620370370372,REF
BYPASS_20260928_V01_F01289,frame_01289.jpg,1289.0,48.42745758188843,16.452325103293134,0.7454494115379121,0.030372299382716048,REF
BYPASS_20260928_V01_F01290,frame_01290.jpg,1290.0,48.63335885907037,29.299548549622244,0.7618867210399958,0.03162615740740741,REF
BYPASS_20260928_V01_F01291,frame_01291.jpg,1291.0,52.823956523891496,22.014867053421,0.7576678070757125,0.02398726851851852,REF
BYPASS_20260928_V01_F01292,frame_01292.jpg,1292.0,56.62611034074709,19.08626486612846,0.765021621003563,0.026813271604938273,REF
BYPASS_20260928_V01_F01293,frame_01293.jpg,1293.0,59.50728797773945,20.302735827422822,0.7510360644187456,0.02978395061728395,REF
BYPASS_20260928_V01_F01294,frame_01294.jpg,1294.0,68.72124591487659,18.59758136560589,0.7775892565279832,0.031664737654320985,REF
BYPASS_20260928_V01_F01295,frame_01295.jpg,1295.0,77.47123808957136,19.576163940401955,0.756979360698182,0.03043016975308642,REF
BYPASS_20260928_V01_F01296,frame_01296.jpg,1296.0,86.83235588052113,21.750263814209944,0.7796264408547201,0.032079475308641976,REF
BYPASS_20260928_V01_F01297,frame_01297.jpg,1297.0,95.58683603994902,25.698011386746487,0.7476079641300954,0.035021219135802466,REF
BYPASS_20260928_V01_F01298,frame_01298.jpg,1298.0,96.48806648200318,24.1313451303256,0.7840385999208616,0.037827932098765435,REF
BYPASS_20260928_V01_F01299,frame_01299.jpg,1299.0,89.14926545336414,22.686355771697748,0.74743099551142,0.027064043209876543,REF
BYPASS_20260928_V01_F01300,frame_01300.jpg,1300.0,82.6547312228013,33.98487778569378,0.7449343596711571,0.03485725308641975,REF
BYPASS_20260928_V01_F01301,frame_01301.jpg,1301.0,93.73431220595975,48.09643920888732,0.649656347212968,0.053009259259259256,REF
BYPASS_20260928_V01_F01302,frame_01302.jpg,1302.0,90.4031723767286,62.44403652213073,0.5381068023634545,0.06959876543209877,REF
BYPASS_20260928_V01_F01303,frame_01303.jpg,1303.0,91.86947842665847,78.86011350714692,0.5605511880215304,0.05547839506172839,REF
BYPASS_20260928_V01_F01304,frame_01304.jpg,1304.0,104.66856502103448,86.41822374834643,0.5941593708815398,0.06777584876543209,REF
BYPASS_20260928_V01_F01305,frame_01305.jpg,1305.0,116.3332912501283,77.07559204550722,0.5754318870144126,0.07189429012345679,REF
BYPASS_20260928_V01_F01306,frame_01306.jpg,1306.0,130.15445554221108,72.04071994120507,0.511399656166265,0.06601080246913581,REF
BYPASS_20260928_V01_F01307,frame_01307.jpg,1307.0,139.0701534959169,63.04188090201531,0.4762648110036497,0.07553047839506173,REF
BYPASS_20260928_V01_F01308,frame_01308.jpg,1308.0,115.89757087916462,49.848127668226795,0.4348316070474224,0.07081404320987654,REF
BYPASS_20260928_V01_F01309,frame_01309.jpg,1309.0,99.70789995889382,58.50038034928674,0.35295044713550144,0.08229166666666667,REF
BYPASS_20260928_V01_F01310,frame_01310.jpg,1310.0,103.66774678228632,76.52615981806096,0.37800905498457543,0.07550154320987654,REF
BYPASS_20260928_V01_F01311,frame_01311.jpg,1311.0,105.72367625460717,85.28150788629296,0.35756734675831264,0.06948302469135803,REF
BYPASS_20260928_V01_F01312,frame_01312.jpg,1312.0,105.77488392332211,86.66731606233964,0.4193092142726168,0.07784529320987654,REF
BYPASS_20260928_V01_F01313,frame_01313.jpg,1313.0,100.49734484361605,80.46954851774777,0.394400081296026,0.07906057098765432,REF
BYPASS_20260928_V01_F01314,frame_01314.jpg,1314.0,107.5656070186501,74.65162891908199,0.40776950076774315,0.09489776234567901,REF
BYPASS_20260928_V01_F01315,frame_01315.jpg,1315.0,116.013560624501,70.61834820353376,0.37746646772196263,0.08349729938271605,REF
BYPASS_20260928_V01_F01316,frame_01316.jpg,1316.0,123.55707114873758,71.49692971876608,0.40869692372687066,0.0837673611111111,REF
BYPASS_20260928_V01_F01317,frame_01317.jpg,1317.0,118.5291409416611,73.61286775148595,0.40380077365739847,0.08134645061728395,REF
BYPASS_20260928_V01_F01318,frame_01318.jpg,1318.0,108.42547161949264,74.07141007102182,0.45383568082326725,0.07836612654320987,REF
BYPASS_20260928_V01_F01319,frame_01319.jpg,1319.0,107.7931289875261,77.65635886967182,0.4184613421743299,0.09142554012345679,REF
BYPASS_20260928_V01_F01320,frame_01320.jpg,1320.0,102.22873889858104,82.5393320255403,0.4079917055589181,0.07970679012345679,REF
BYPASS_20260928_V01_F01321,frame_01321.jpg,1321.0,97.64707578764046,89.39122850916443,0.354312593701445,0.07499035493827161,REF
BYPASS_20260928_V01_F01322,frame_01322.jpg,1322.0,97.9965152360582,95.26932123405511,0.33937222516095195,0.08048804012345678,REF
BYPASS_20260928_V01_F01323,frame_01323.jpg,1323.0,94.04947529461245,100.8526831907018,0.3176858890203782,0.09110725308641976,REF
BYPASS_20260928_V01_F01324,frame_01324.jpg,1324.0,87.44934806059123,104.29346160559788,0.34333178871943626,0.09815779320987654,REF
BYPASS_20260928_V01_F01325,frame_01325.jpg,1325.0,86.83134502146524,97.98059988699067,0.33902334254464983,0.10225694444444444,REF
BYPASS_20260928_V01_F01326,frame_01326.jpg,1326.0,91.739446229734,95.80439473693325,0.3395683208365499,0.09528356481481481,REF
BYPASS_20260928_V01_F01327,frame_01327.jpg,1327.0,93.05602424440039,92.48002018163996,0.3432025051411287,0.09938271604938272,REF
BYPASS_20260928_V01_F01328,frame_01328.jpg,1328.0,87.08982287771508,86.16505156403146,0.33519766831103665,0.09307484567901235,REF
BYPASS_20260928_V01_F01329,frame_01329.jpg,1329.0,69.00193467945553,83.09640845496031,0.36389994856751995,0.09080825617283951,REF
BYPASS_20260928_V01_F01330,frame_01330.jpg,1330.0,40.28295083458411,50.01608803598323,0.3708254909073865,0.07905092592592593,REF
BYPASS_20260928_V01_F01331,frame_01331.jpg,1331.0,23.23280496644827,-0.6116165623319318,0.44954199099246367,0.06819058641975309,REF
BYPASS_20260928_V01_F01332,frame_01332.jpg,1332.0,11.443570856021068,-3.1586166350504357,0.5502538786994087,0.06792052469135802,REF
BYPASS_20260928_V01_F01333,frame_01333.jpg,1333.0,4.56307627810682,-11.857872928402315,0.5761969698064121,0.058728780864197534,REF
BYPASS_20260928_V01_F01334,frame_01334.jpg,1334.0,0.4412085698812973,-20.133402716816562,0.5872840813648553,0.05577739197530864,REF
BYPASS_20260928_V01_F01335,frame_01335.jpg,1335.0,-11.771360240798884,-17.352813538402955,0.6241989374896626,0.05669367283950617,REF
BYPASS_20260928_V01_F01336,frame_01336.jpg,1336.0,-24.914550736107117,-25.34277923188887,0.5754073996602753,0.04991319444444445,REF
BYPASS_20260928_V01_F01337,frame_01337.jpg,1337.0,-27.29064880339496,-40.41986867288722,0.5612672139097143,0.056491126543209876,REF
BYPASS_20260928_V01_F01338,frame_01338.jpg,1338.0,-26.757252739242347,-43.89375581520716,0.5990360923755316,0.05281635802469136,REF
BYPASS_20260928_V01_F01339,frame_01339.jpg,1339.0,-27.52375220726924,-44.14247003656621,0.66262902315752,0.05407986111111111,REF
BYPASS_20260928_V01_F01340,frame_01340.jpg,1340.0,-27.630858856574918,-47.157645116503176,0.6813764207157088,0.05364583333333333,REF
BYPASS_20260928_V01_F01341,frame_01341.jpg,1341.0,-29.585700023093523,-46.28646405773634,0.6256866728817975,0.050694444444444445,REF
BYPASS_20260928_V01_F01342,frame_01342.jpg,1342.0,-29.630238581373447,-44.08584495697434,0.6832084312851047,0.05511188271604938,REF
BYPASS_20260928_V01_F01343,frame_01343.jpg,1343.0,-33.080890289189455,-37.37447343188202,0.6298141301414113,0.056394675925925924,REF
BYPASS_20260928_V01_F01344,frame_01344.jpg,1344.0,-24.192093435679823,-32.44968242911605,0.5163258601118017,0.06402391975308643,REF
BYPASS_20260928_V01_F01345,frame_01345.jpg,1345.0,-17.85251987041525,-29.472141020482923,0.7362455274587796,0.055989583333333336,REF
BYPASS_20260928_V01_F01346,frame_01346.jpg,1346.0,-13.268859195834153,-26.952509740682842,0.49222558037734326,0.056047453703703703,REF
BYPASS_20260928_V01_F01347,frame_01347.jpg,1347.0,-8.200854487566744,-17.85034727291776,0.7840461407178714,0.04846643518518518,REF
BYPASS_20260928_V01_F01348,frame_01348.jpg,1348.0,-3.7755189462138503,-20.565691198853045,0.8105676701039444,0.04237075617283951,REF
BYPASS_20260928_V01_F01349,frame_01349.jpg,1349.0,7.199758225336666,-23.4919610375033,0.8227453431965392,0.03818479938271605,REF
BYPASS_20260928_V01_F01350,frame_01350.jpg,1350.0,21.9331033990548,-16.35647211174941,0.8082215282652113,0.03336226851851852,REF
BYPASS_20260928_V01_F01351,frame_01351.jpg,1351.0,28.20308945728803,-19.161470011955203,0.7965156187245875,0.032658179012345676,REF
BYPASS_20260928_V01_F01352,frame_01352.jpg,1352.0,31.332270276431814,-13.947013103478497,0.7863370228696752,0.0330150462962963,REF
BYPASS_20260928_V01_F01353,frame_01353.jpg,1353.0,35.075843144952074,-1.6905158948466692,0.7328715286137145,0.02759452160493827,REF
BYPASS_20260928_V01_F01354,frame_01354.jpg,1354.0,36.78001795611712,3.3044552393160984,0.7805352957160384,0.03251350308641975,REF
BYPASS_20260928_V01_F01355,frame_01355.jpg,1355.0,40.66389844122972,1.4164402160614316,0.7406821091969807,0.026060956790123456,REF
BYPASS_20260928_V01_F01356,frame_01356.jpg,1356.0,37.60003961124923,-7.964507321988975,0.7949312873092699,0.022376543209876542,REF
BYPASS_20260928_V01_F01357,frame_01357.jpg,1357.0,35.98793964703043,-5.068212935183652,0.7925165666474236,0.02662037037037037,REF
BYPASS_20260928_V01_F01358,frame_01358.jpg,1358.0,38.081282704645076,0.9865787608365792,0.7943086365858714,0.01775655864197531,REF
BYPASS_20260928_V01_F01359,frame_01359.jpg,1359.0,35.34612823759346,2.3931777865312824,0.804195894871229,0.019425154320987653,REF
BYPASS_20260928_V01_F01360,frame_01360.jpg,1360.0,33.08930914622556,4.386852570248692,0.7780399219489392,0.01804591049382716,REF
BYPASS_20260928_V01_F01361,frame_01361.jpg,1361.0,33.14527970419235,0.06935205316804627,0.8149267574887217,0.026803626543209877,REF
BYPASS_20260928_V01_F01362,frame_01362.jpg,1362.0,34.134762815555746,-2.9066226265217665,0.8194126499287876,0.02349537037037037,REF
BYPASS_20260928_V01_F01363,frame_01363.jpg,1363.0,29.130822961025473,-1.017397456766588,0.8053877856996324,0.021228780864197532,REF
BYPASS_20260928_V01_F01364,frame_01364.jpg,1364.0,31.23234391923623,-0.6259598457986897,0.8268281349429378,0.023919753086419752,REF
BYPASS_20260928_V01_F01365,frame_01365.jpg,1365.0,31.880219908129504,-4.35408403916523,0.7270380608829451,0.02472993827160494,REF
BYPASS_20260928_V01_F01366,frame_01366.jpg,1366.0,35.15502743894302,3.51080138531114,0.7795493755075666,0.028867669753086418,REF
BYPASS_20260928_V01_F01367,frame_01367.jpg,1367.0,38.55352356533052,2.892536520699821,0.8031776591583535,0.032330246913580246,REF
BYPASS_20260928_V01_F01368,frame_01368.jpg,1368.0,36.496935341967,-0.493613398718054,0.8182263160193408,0.023861882716049384,REF
BYPASS_20260928_V01_F01369,frame_01369.jpg,1369.0,34.04987069404686,6.484166163967444,0.7839492909702254,0.02189429012345679,REF
BYPASS_20260928_V01_F01370,frame_01370.jpg,1370.0,30.1584269386982,8.574048595132751,0.7970578810315073,0.01941550925925926,REF
BYPASS_20260928_V01_F01371,frame_01371.jpg,1371.0,34.18417520638823,12.890201373555783,0.7673058284653558,0.018171296296296297,REF
BYPASS_20260928_V01_F01372,frame_01372.jpg,1372.0,38.61014345530231,20.79041671026397,0.7835184964132897,0.024054783950617283,REF
BYPASS_20260928_V01_F01373,frame_01373.jpg,1373.0,43.66284714389846,24.57789815650159,0.7558984101554493,0.01964699074074074,REF
BYPASS_20260928_V01_F01374,frame_01374.jpg,1374.0,48.882183590489916,27.250714795797535,0.7738655038085984,0.02771990740740741,REF
BYPASS_20260928_V01_F01375,frame_01375.jpg,1375.0,51.87390943462049,26.1684081679862,0.7293650377679755,0.025549768518518517,REF
BYPASS_20260928_V01_F01376,frame_01376.jpg,1376.0,54.424881256192805,22.7672817115575,0.744505618494234,0.030545910493827162,REF
BYPASS_20260928_V01_F01377,frame_01377.jpg,1377.0,60.767915350742584,17.013874081864316,0.816392183451005,0.03438464506172839,REF
BYPASS_20260928_V01_F01378,frame_01378.jpg,1378.0,70.18796296710443,10.055044639000698,0.7639047316562982,0.031905864197530866,REF
BYPASS_20260928_V01_F01379,frame_01379.jpg,1379.0,75.58586244355084,22.289837143804675,0.7434206237027674,0.03276427469135802,REF
BYPASS_20260928_V01_F01380,frame_01380.jpg,1380.0,81.20216103488664,29.79205893344104,0.775153527546812,0.03523341049382716,REF
BYPASS_20260928_V01_F01381,frame_01381.jpg,1381.0,82.75940600452236,32.030594607302305,0.7246663951579435,0.02568479938271605,REF
BYPASS_20260928_V01_F01382,frame_01382.jpg,1382.0,73.50196659071901,30.77500490924001,0.7505530482457008,0.024874614197530863,REF
BYPASS_20260928_V01_F01383,frame_01383.jpg,1383.0,70.19455686400138,29.365703911126957,0.7809832686259423,0.028568672839506173,REF
BYPASS_20260928_V01_F01384,frame_01384.jpg,1384.0,62.16204476651623,31.28893303918835,0.7781682046843164,0.027314814814814816,REF
BYPASS_20260928_V01_F01385,frame_01385.jpg,1385.0,55.52228035824888,33.74108610283784,0.7364526582996787,0.027806712962962964,REF
BYPASS_20260928_V01_F01386,frame_01386.jpg,1386.0,52.4412180986582,39.53357559215459,0.751075569494271,0.02703510802469136,REF
BYPASS_20260928_V01_F01387,frame_01387.jpg,1387.0,49.77377935916036,50.043468443680425,0.7065898786356419,0.02418016975308642,REF
BYPASS_20260928_V01_F01388,frame_01388.jpg,1388.0,49.84807828781297,54.0119978848565,0.6876380254457026,0.028722993827160495,REF
BYPASS_20260928_V01_F01389,frame_01389.jpg,1389.0,56.73945818584565,56.667864096353625,0.7593885805503822,0.02709297839506173,REF
BYPASS_20260928_V01_F01390,frame_01390.jpg,1390.0,54.50339791407083,58.73888487885279,0.7129223602053559,0.021884645061728394,REF
BYPASS_20260928_V01_F01391,frame_01391.jpg,1391.0,55.51599936704892,57.9961729443782,0.7073584891395804,0.025067515432098765,REF
BYPASS_20260928_V01_F01392,frame_01392.jpg,1392.0,57.445688668349334,46.14585918965909,0.7173583155428922,0.019376929012345678,REF
BYPASS_20260928_V01_F01393,frame_01393.jpg,1393.0,54.69657719101596,40.74850501572456,0.7146818082641673,0.019685570987654322,REF
BYPASS_20260928_V01_F01394,frame_01394.jpg,1394.0,50.537234549366104,43.1218385993989,0.7214792996277044,0.018277391975308643,REF
BYPASS_20260928_V01_F01395,frame_01395.jpg,1395.0,45.950924042903836,43.99457029519141,0.7075532414295055,0.020833333333333332,REF
BYPASS_20260928_V01_F01396,frame_01396.jpg,1396.0,46.69811302780221,49.872594701657206,0.785011355376538,0.02476851851851852,REF
BYPASS_20260928_V01_F01397,frame_01397.jpg,1397.0,45.55740876462286,47.76087373413861,0.7544998347759246,0.02640817901234568,REF
BYPASS_20260928_V01_F01398,frame_01398.jpg,1398.0,51.067766638637806,47.60838872090122,0.7541417129245805,0.030198688271604938,REF
BYPASS_20260928_V01_F01399,frame_01399.jpg,1399.0,54.56987324885537,52.68010594984918,0.6998970646917084,0.024681712962962964,REF
BYPASS_20260928_V01_F01400,frame_01400.jpg,1400.0,51.485567496757284,61.2332903678726,0.6889536711904738,0.02591628086419753,REF
BYPASS_20260928_V01_F01401,frame_01401.jpg,1401.0,51.31632124936516,68.27628289778742,0.749087749587165,0.031066743827160494,REF
BYPASS_20260928_V01_F01402,frame_01402.jpg,1402.0,51.56730439551097,60.46835019690019,0.7101744341261593,0.027488425925925927,REF
BYPASS_20260928_V01_F01403,frame_01403.jpg,1403.0,51.21342875313181,54.28967440292698,0.7258850951253631,0.025270061728395063,REF
BYPASS_20260928_V01_F01404,frame_01404.jpg,1404.0,52.24328981021171,50.37077285824978,0.6956695483054643,0.02172067901234568,REF
BYPASS_20260928_V01_F01405,frame_01405.jpg,1405.0,50.112968966227385,45.75489877192703,0.7237407562173443,0.019405864197530865,REF
BYPASS_20260928_V01_F01406,frame_01406.jpg,1406.0,52.41384638902608,46.22259992166403,0.7093933296792301,0.020225694444444445,REF
BYPASS_20260928_V01_F01407,frame_01407.jpg,1407.0,55.22891632071054,45.91401157130207,0.7282642984095915,0.01861496913580247,REF
BYPASS_20260928_V01_F01408,frame_01408.jpg,1408.0,58.34594501651864,44.856579258010385,0.7674784938494364,0.022820216049382717,REF
BYPASS_20260928_V01_F01409,frame_01409.jpg,1409.0,61.72288439275934,42.997416671910344,0.732774524188336,0.025,REF
BYPASS_20260928_V01_F01410,frame_01410.jpg,1410.0,66.99396945405445,41.68850399297071,0.7632003319116286,0.028308256172839507,REF
BYPASS_20260928_V01_F01411,frame_01411.jpg,1411.0,71.05987106955007,43.214727823487465,0.7220852362520901,0.024276620370370372,REF
BYPASS_20260928_V01_F01412,frame_01412.jpg,1412.0,71.78363045549602,51.23308190789463,0.7199997584760925,0.030140817901234566,REF
BYPASS_20260928_V01_F01413,frame_01413.jpg,1413.0,74.82916615737074,56.19270568972114,0.7481175807339174,0.026938657407407408,REF
BYPASS_20260928_V01_F01414,frame_01414.jpg,1414.0,76.76645487775701,65.01436158195295,0.7024100543172271,0.02456597222222222,REF
BYPASS_20260928_V01_F01415,frame_01415.jpg,1415.0,80.46466008476435,64.29419824560654,0.7791210009727949,0.0298804012345679,REF
BYPASS_20260928_V01_F01416,frame_01416.jpg,1416.0,81.69331457535762,68.7592227456916,0.6611602668408995,0.041512345679012345,REF
BYPASS_20260928_V01_F01417,frame_01417.jpg,1417.0,81.84960420495193,69.14313387195656,0.7343924653382949,0.03381558641975309,REF
BYPASS_20260928_V01_F01418,frame_01418.jpg,1418.0,81.99139973285293,69.74063525875752,0.7165911387514186,0.032802854938271606,REF
BYPASS_20260928_V01_F01419,frame_01419.jpg,1419.0,81.41962128796308,76.3103762843019,0.7001374701290954,0.041184413580246916,REF
BYPASS_20260928_V01_F01420,frame_01420.jpg,1420.0,76.09622786823306,85.10695821494578,0.685877541553827,0.039969135802469136,REF
BYPASS_20260928_V01_F01421,frame_01421.jpg,1421.0,81.94164729841518,87.06138505924028,0.6818812864062227,0.05306712962962963,REF
BYPASS_20260928_V01_F01422,frame_01422.jpg,1422.0,79.64604709112254,85.43918344162577,0.6931945594740503,0.04251543209876543,REF
BYPASS_20260928_V01_F01423,frame_01423.jpg,1423.0,77.8486145302378,85.51576655186551,0.7663961871906563,0.047453703703703706,REF
BYPASS_20260928_V01_F01424,frame_01424.jpg,1424.0,73.4098378504655,82.61113568244531,0.6854464923893964,0.04154128086419753,REF
BYPASS_20260928_V01_F01425,frame_01425.jpg,1425.0,71.00540166711792,79.164625011466,0.7171356005433165,0.048601466049382716,REF
BYPASS_20260928_V01_F01426,frame_01426.jpg,1426.0,63.11432673924634,78.2280317976663,0.7597148260952514,0.057609953703703705,REF
BYPASS_20260928_V01_F01427,frame_01427.jpg,1427.0,54.90748141760088,77.78361940567513,0.7657857842651414,0.04898726851851852,REF
BYPASS_20260928_V01_F01428,frame_01428.jpg,1428.0,38.34651117783801,79.59427054502426,0.7013948773528322,0.035889274691358025,REF
BYPASS_20260928_V01_F01429,frame_01429.jpg,1429.0,31.13716678040322,71.44233515687324,0.7742647772953835,0.023032407407407408,REF
BYPASS_20260928_V01_F01430,frame_01430.jpg,1430.0,37.15072973029055,72.94572602260719,0.7344669846104986,0.025617283950617284,REF
BYPASS_20260928_V01_F01431,frame_01431.jpg,1431.0,38.774657177572266,70.8872853776388,0.7872894896401299,0.02339891975308642,REF
BYPASS_20260928_V01_F01432,frame_01432.jpg,1432.0,44.27730899543894,57.39917314684435,0.7862429664458758,0.02202932098765432,REF
BYPASS_20260928_V01_F01433,frame_01433.jpg,1433.0,52.32775351471773,45.237005437916,0.7739643795990649,0.02220293209876543,REF
BYPASS_20260928_V01_F01434,frame_01434.jpg,1434.0,56.617744549906945,48.08450406626032,0.7687896561843378,0.026157407407407407,REF
BYPASS_20260928_V01_F01435,frame_01435.jpg,1435.0,51.58238527236284,45.126377036166474,0.7703327276088573,0.02494212962962963,REF
BYPASS_20260928_V01_F01436,frame_01436.jpg,1436.0,52.146671597975455,50.438435638475625,0.791469563672572,0.022771990740740742,REF
BYPASS_20260928_V01_F01437,frame_01437.jpg,1437.0,53.38012771587526,59.97310183122684,0.7832739958056697,0.030536265432098766,REF
BYPASS_20260928_V01_F01438,frame_01438.jpg,1438.0,50.13078530539846,64.51845714863025,0.7546857217211782,0.018209876543209876,REF
BYPASS_20260928_V01_F01439,frame_01439.jpg,1439.0,40.81827961113274,65.16378393617235,0.8028329713109099,0.015750385802469135,REF
BYPASS_20260928_V01_F01440,frame_01440.jpg,1440.0,38.12676851812617,69.00177954766076,0.793462814077919,0.022415123456790125,REF
BYPASS_20260928_V01_F01441,frame_01441.jpg,1441.0,35.57896356524574,68.38631517781882,0.7960144678015768,0.017197145061728394,REF
BYPASS_20260928_V01_F01442,frame_01442.jpg,1442.0,34.478213816606655,71.82945967778268,0.7603530593124437,0.02296489197530864,REF
BYPASS_20260928_V01_F01443,frame_01443.jpg,1443.0,34.817734282792685,75.04346084379314,0.7693039083186491,0.031684027777777776,REF
BYPASS_20260928_V01_F01444,frame_01444.jpg,1444.0,36.63531643897795,74.75811937345463,0.7718548608414921,0.02957175925925926,REF
BYPASS_20260928_V01_F01445,frame_01445.jpg,1445.0,32.58078775936093,76.1056718062667,0.7623095427030399,0.03126929012345679,REF
BYPASS_20260928_V01_F01446,frame_01446.jpg,1446.0,24.84631923296351,62.08524317809584,0.7717283178258825,0.019675925925925927,REF
BYPASS_20260928_V01_F01447,frame_01447.jpg,1447.0,23.144017229658402,56.36234444203015,0.8164864325964892,0.014949845679012346,REF
BYPASS_20260928_V01_F01448,frame_01448.jpg,1448.0,16.092032435864866,61.80707624857298,0.7912659742214062,0.016319444444444445,REF
BYPASS_20260928_V01_F01449,frame_01449.jpg,1449.0,17.178700234833656,59.300118569432925,0.8106681181324853,0.01832561728395062,REF
BYPASS_20260928_V01_F01450,frame_01450.jpg,1450.0,20.796680607388396,64.23823774380028,0.7965460819962584,0.01712962962962963,REF
BYPASS_20260928_V01_F01451,frame_01451.jpg,1451.0,20.811640184052408,63.973045654533706,0.8052699498188348,0.020418595679012344,REF
BYPASS_20260928_V01_F01452,frame_01452.jpg,1452.0,18.74061967158991,57.411670835386175,0.8045773095554776,0.0212866512345679,REF
BYPASS_20260928_V01_F01453,frame_01453.jpg,1453.0,24.49702296441842,62.360595743141886,0.7953250570061766,0.022318672839506174,REF
BYPASS_20260928_V01_F01454,frame_01454.jpg,1454.0,22.66577903842048,61.27120031994886,0.7833593007958966,0.02082368827160494,REF
BYPASS_20260928_V01_F01455,frame_01455.jpg,1455.0,18.683033059448718,62.319809830364335,0.7858386238048106,0.01962770061728395,REF
BYPASS_20260928_V01_F01456,frame_01456.jpg,1456.0,20.794693133902854,67.48778148980274,0.772797077231937,0.02119020061728395,REF
BYPASS_20260928_V01_F01457,frame_01457.jpg,1457.0,25.084333517541097,68.09155860237013,0.7880479732413351,0.014814814814814815,REF
BYPASS_20260928_V01_F01458,frame_01458.jpg,1458.0,31.1971054966061,68.2908921226475,0.7981528909118087,0.01648341049382716,REF
BYPASS_20260928_V01_F01459,frame_01459.jpg,1459.0,28.51448082437858,68.40407242524664,0.794173871146308,0.017785493827160492,REF
BYPASS_20260928_V01_F01460,frame_01460.jpg,1460.0,30.346373581284325,73.50407029617665,0.7903073738386601,0.023389274691358024,REF
BYPASS_20260928_V01_F01461,frame_01461.jpg,1461.0,29.767410598694653,77.60915642846543,0.7947913187521475,0.02980324074074074,REF
BYPASS_20260928_V01_F01462,frame_01462.jpg,1462.0,32.102733615487324,85.31237822339959,0.7485145889682534,0.030111882716049383,REF
BYPASS_20260928_V01_F01463,frame_01463.jpg,1463.0,33.46325473349529,93.27723062808208,0.7735422837881394,0.041039737654320986,REF
BYPASS_20260928_V01_F01464,frame_01464.jpg,1464.0,-2.5603071789410308,79.8418630892489,0.7838874307679541,0.03507908950617284,REF
BYPASS_20260928_V01_F01465,frame_01465.jpg,1465.0,-157.69886337005232,-0.7062350145127994,0.5080377204918567,0.06258680555555556,REF
BYPASS_20260928_V01_F01466,frame_01466.jpg,1466.0,-153.886111213113,-19.07842423610333,0.4572949201972396,0.059654706790123455,REF
BYPASS_20260928_V01_F01467,frame_01467.jpg,1467.0,-18.90719995519669,11.064510341018178,0.7989424598069839,0.024681712962962964,REF
BYPASS_20260928_V01_F01468,frame_01468.jpg,1468.0,18.57648518075362,26.665612108697303,0.8281549572944641,0.027150848765432098,REF
BYPASS_20260928_V01_F01469,frame_01469.jpg,1469.0,27.24247187981439,21.406555802760494,0.8274827406730181,0.03129822530864197,REF
BYPASS_20260928_V01_F01470,frame_01470.jpg,1470.0,27.11874597720282,20.842102477078896,0.8170406175248417,0.03172260802469136,REF
BYPASS_20260928_V01_F01471,frame_01471.jpg,1471.0,20.761165414102635,20.645857556846806,0.8315597048512211,0.02982253086419753,REF
BYPASS_20260928_V01_F01472,frame_01472.jpg,1472.0,20.37096682129274,23.712264468048772,0.8341949430512793,0.026369598765432097,REF
BYPASS_20260928_V01_F01473,frame_01473.jpg,1473.0,29.724066630816452,35.63661483094535,0.8296073173299248,0.022395833333333334,REF
BYPASS_20260928_V01_F01474,frame_01474.jpg,1474.0,33.24486604096711,34.930584323082115,0.8038685829919061,0.020852623456790124,REF
BYPASS_20260928_V01_F01475,frame_01475.jpg,1475.0,39.160354571543735,34.95718526875555,0.8180163671940933,0.020871913580246912,REF
BYPASS_20260928_V01_F01476,frame_01476.jpg,1476.0,40.185948062983584,40.725923094623596,0.811240855264075,0.01928047839506173,REF
BYPASS_20260928_V01_F01477,frame_01477.jpg,1477.0,28.97936554806043,45.16559894524491,0.8202009960457131,0.02638888888888889,REF
BYPASS_20260928_V01_F01478,frame_01478.jpg,1478.0,8.700794830755854,36.9724918278954,0.7365046589462846,0.0347608024691358,REF
BYPASS_20260928_V01_F01479,frame_01479.jpg,1479.0,-29.249967327325407,36.72282740110862,0.6406658914354112,0.04230324074074074,REF
BYPASS_20260928_V01_F01480,frame_01480.jpg,1480.0,-36.333118710213085,35.906631161383245,0.6976638409090631,0.057484567901234566,REF
BYPASS_20260928_V01_F01481,frame_01481.jpg,1481.0,-33.702478273397276,43.154069158025635,0.6820721499713851,0.041666666666666664,REF
BYPASS_20260928_V01_F01482,frame_01482.jpg,1482.0,-26.44805627298001,45.77678327991296,0.6362822326613061,0.04449266975308642,REF
BYPASS_20260928_V01_F01483,frame_01483.jpg,1483.0,-16.284740997654183,40.24649181823193,0.695280862663999,0.04196566358024691,REF
BYPASS_20260928_V01_F01484,frame_01484.jpg,1484.0,-6.823751504487689,42.232967278494044,0.7235052782812236,0.047183641975308645,REF
BYPASS_20260928_V01_F01485,frame_01485.jpg,1485.0,0.36794770870250204,39.50149733230015,0.695687981593756,0.04518711419753087,REF
BYPASS_20260928_V01_F01486,frame_01486.jpg,1486.0,3.4947820424702343,39.577821581660146,0.6607804270438206,0.047858796296296295,REF
BYPASS_20260928_V01_F01487,frame_01487.jpg,1487.0,1.4256190330943355,48.735535627391286,0.6256473803225858,0.045736882716049386,REF
BYPASS_20260928_V01_F01488,frame_01488.jpg,1488.0,5.690032918298812,50.79395743250072,0.6212990094114232,0.05693479938271605,REF
BYPASS_20260928_V01_F01489,frame_01489.jpg,1489.0,6.942505785444098,51.99654254782689,0.5465619608207986,0.05,REF
BYPASS_20260928_V01_F01490,frame_01490.jpg,1490.0,-0.086498883064138,51.384688381617735,0.5433312602985052,0.06512345679012346,REF
BYPASS_20260928_V01_F01491,frame_01491.jpg,1491.0,8.421849337634683,45.90768564438872,0.5317256636089749,0.05514081790123457,REF
BYPASS_20260928_V01_F01492,frame_01492.jpg,1492.0,16.77483756908103,38.86104297736455,0.5271825166396152,0.06106288580246914,REF
BYPASS_20260928_V01_F01493,frame_01493.jpg,1493.0,23.494600071655725,33.29236169397919,0.4805601994196574,0.06613618827160493,REF
BYPASS_20260928_V01_F01494,frame_01494.jpg,1494.0,28.406170079729065,35.433164993453374,0.4757884505354328,0.06076388888888889,REF
BYPASS_20260928_V01_F01495,frame_01495.jpg,1495.0,26.186583948219663,31.814470026662093,0.48294275954917626,0.05787037037037037,REF
BYPASS_20260928_V01_F01496,frame_01496.jpg,1496.0,8.874183190820162,23.545991198888885,0.45467237955258216,0.0705246913580247,REF
BYPASS_20260928_V01_F01497,frame_01497.jpg,1497.0,-7.708255266269816,26.496557459145578,0.4867687914106581,0.06470871913580246,REF
BYPASS_20260928_V01_F01498,frame_01498.jpg,1498.0,-9.30691738993329,12.450652948176952,0.5241569939954781,0.06346450617283951,REF
BYPASS_20260928_V01_F01499,frame_01499.jpg,1499.0,12.488458130403842,6.264094175813369,0.5947866881335223,0.05562307098765432,REF
BYPASS_20260928_V01_F01500,frame_01500.jpg,1500.0,34.26879209413647,6.836242592001099,0.5948743946022458,0.049305555555555554,REF
BYPASS_20260928_V01_F01501,frame_01501.jpg,1501.0,34.54915306778736,9.465464476284723,0.64241602766661,0.04887152777777778,REF
BYPASS_20260928_V01_F01502,frame_01502.jpg,1502.0,27.372434518910353,21.044720811272185,0.6844624410072963,0.055652006172839504,REF
BYPASS_20260928_V01_F01503,frame_01503.jpg,1503.0,25.510326055496364,34.34122152189596,0.6763731350133448,0.035570987654320985,REF
BYPASS_20260928_V01_F01504,frame_01504.jpg,1504.0,27.994184782554186,42.40159591445277,0.7801991749692846,0.03271604938271605,REF
BYPASS_20260928_V01_F01505,frame_01505.jpg,1505.0,30.627272055257862,46.64640718613981,0.7521611207797203,0.02587770061728395,REF
BYPASS_20260928_V01_F01506,frame_01506.jpg,1506.0,32.76632505564584,46.83273540316793,0.7816039702038706,0.02391010802469136,REF
BYPASS_20260928_V01_F01507,frame_01507.jpg,1507.0,30.856117791376334,47.77524623541814,0.7957694211123902,0.02486496913580247,REF
BYPASS_20260928_V01_F01508,frame_01508.jpg,1508.0,28.56187110246907,60.04392107044856,0.8158233057569575,0.025009645061728394,REF
BYPASS_20260928_V01_F01509,frame_01509.jpg,1509.0,26.426880375326732,68.72659990872462,0.8081409694236001,0.03324652777777778,REF
BYPASS_20260928_V01_F01510,frame_01510.jpg,1510.0,24.688782137601265,76.62601056144923,0.7678540602142429,0.03284143518518518,REF
BYPASS_20260928_V01_F01511,frame_01511.jpg,1511.0,19.493021408106245,81.63867953560252,0.778432098067837,0.03189621913580247,REF
BYPASS_20260928_V01_F01512,frame_01512.jpg,1512.0,13.825287794625382,78.12232559533736,0.7862322607158143,0.03367091049382716,REF
BYPASS_20260928_V01_F01513,frame_01513.jpg,1513.0,2.5903748410397327,62.43917247510224,0.7931253071184512,0.029697145061728394,REF
BYPASS_20260928_V01_F01514,frame_01514.jpg,1514.0,-2.899800670837891,49.46398767552938,0.7642073049221509,0.02406442901234568,REF
BYPASS_20260928_V01_F01515,frame_01515.jpg,1515.0,0.728156063795609,43.244153323611414,0.7558843443423142,0.02021604938271605,REF
BYPASS_20260928_V01_F01516,frame_01516.jpg,1516.0,5.885080844170034,42.20940081325526,0.8103571236869436,0.028915895061728394,REF
BYPASS_20260928_V01_F01517,frame_01517.jpg,1517.0,4.165508709069115,41.67701939281386,0.7985193000899421,0.023640046296296298,REF
BYPASS_20260928_V01_F01518,frame_01518.jpg,1518.0,1.5199268856439403,38.32221420959556,0.7835357348124187,0.02332175925925926,REF
BYPASS_20260928_V01_F01519,frame_01519.jpg,1519.0,2.3031725479999636,41.11267061765764,0.7958612867343573,0.02292631172839506,REF
BYPASS_20260928_V01_F01520,frame_01520.jpg,1520.0,4.547939735853532,51.16191155836796,0.8275595314708757,0.025106095679012345,REF
BYPASS_20260928_V01_F01521,frame_01521.jpg,1521.0,4.828207400860492,54.10321878878733,0.8162445584932964,0.023369984567901233,REF
BYPASS_20260928_V01_F01522,frame_01522.jpg,1522.0,11.129630436452516,56.88471471178205,0.8017511358231674,0.02103587962962963,REF
BYPASS_20260928_V01_F01523,frame_01523.jpg,1523.0,15.111693606424069,59.80213147008652,0.7923098702489594,0.027671682098765433,REF
BYPASS_20260928_V01_F01524,frame_01524.jpg,1524.0,17.85925919717053,72.71096831005993,0.8014066087610927,0.029388503086419753,REF
BYPASS_20260928_V01_F01525,frame_01525.jpg,1525.0,12.832504843830947,102.84449473057276,0.7547787966551605,0.031259645061728396,REF
BYPASS_20260928_V01_F01526,frame_01526.jpg,1526.0,6.403821097173562,114.08594887793124,0.7356438599986794,0.043152006172839506,REF
BYPASS_20260928_V01_F01527,frame_01527.jpg,1527.0,7.611763280328091,113.05472245339342,0.7404441208015253,0.04161844135802469,REF
BYPASS_20260928_V01_F01528,frame_01528.jpg,1528.0,2.550732124626677,105.63452931054712,0.765682202209661,0.04172453703703704,REF
BYPASS_20260928_V01_F01529,frame_01529.jpg,1529.0,-3.6800231394773846,95.23294660934246,0.7801861155916143,0.03564814814814815,REF
BYPASS_20260928_V01_F01530,frame_01530.jpg,1530.0,-8.019373203235318,85.36178591486355,0.7832395238640868,0.02492283950617284,REF
BYPASS_20260928_V01_F01531,frame_01531.jpg,1531.0,-7.711880453590368,82.55210811543594,0.8058746811784344,0.02437307098765432,REF
BYPASS_20260928_V01_F01532,frame_01532.jpg,1532.0,-14.332551370022145,87.50243399441062,0.7693637281288336,0.024826388888888887,REF
BYPASS_20260928_V01_F01533,frame_01533.jpg,1533.0,-22.096394116827895,99.45786114854101,0.7617690689769792,0.026726466049382717,REF
BYPASS_20260928_V01_F01534,frame_01534.jpg,1534.0,-24.372916293117186,108.10531662750705,0.7467733614238692,0.04695216049382716,REF
BYPASS_20260928_V01_F01535,frame_01535.jpg,1535.0,-31.180878826338244,112.78993633867601,0.7392953251614983,0.04607445987654321,REF
BYPASS_20260928_V01_F01536,frame_01536.jpg,1536.0,-38.22276323868715,123.7935879037881,0.6590310432292797,0.04235146604938272,REF
BYPASS_20260928_V01_F01537,frame_01537.jpg,1537.0,-42.05042425138308,136.32645779342815,0.6775952324455167,0.05376157407407407,REF
BYPASS_20260928_V01_F01538,frame_01538.jpg,1538.0,-31.954774252652328,142.1386037957503,0.6788558975413993,0.06053240740740741,REF
BYPASS_20260928_V01_F01539,frame_01539.jpg,1539.0,-25.624844232181573,144.98524924156823,0.651774564716551,0.055545910493827164,REF
BYPASS_20260928_V01_F01540,frame_01540.jpg,1540.0,-19.02347046343408,148.52304181964095,0.6726747047753981,0.05867091049382716,REF
BYPASS_20260928_V01_F01541,frame_01541.jpg,1541.0,-13.280979373017487,140.26845285956284,0.6823973848495954,0.058902391975308645,REF
BYPASS_20260928_V01_F01542,frame_01542.jpg,1542.0,-10.210319405387992,124.50510964702038,0.7461231415654406,0.0496141975308642,REF
BYPASS_20260928_V01_F01543,frame_01543.jpg,1543.0,-8.053868768537711,111.43977028262228,0.7065413075464743,0.04466628086419753,REF
BYPASS_20260928_V01_F01544,frame_01544.jpg,1544.0,-5.138180504919376,101.72357783286795,0.7423368515791716,0.03615933641975309,REF
BYPASS_20260928_V01_F01545,frame_01545.jpg,1545.0,-1.764240871323807,106.62267539046108,0.7981828118547981,0.034818672839506175,REF
BYPASS_20260928_V01_F01546,frame_01546.jpg,1546.0,-1.664959224719695,111.49376136902555,0.7681816062073649,0.03920717592592592,REF
BYPASS_20260928_V01_F01547,frame_01547.jpg,1547.0,-2.1204564806939175,113.48250314557413,0.7065297464897603,0.04399112654320988,REF
BYPASS_20260928_V01_F01548,frame_01548.jpg,1548.0,-3.7689497885836545,120.1138225748089,0.7177899734473523,0.04456018518518518,REF
BYPASS_20260928_V01_F01549,frame_01549.jpg,1549.0,-8.265422884870361,133.71857007744092,0.7112130444726826,0.04504243827160494,REF
BYPASS_20260928_V01_F01550,frame_01550.jpg,1550.0,-19.575948866956054,148.84427152274796,0.6634727987242334,0.05202546296296296,REF
BYPASS_20260928_V01_F01551,frame_01551.jpg,1551.0,-23.777216806726017,150.72782092561607,0.6259902631427035,0.06337770061728396,REF
BYPASS_20260928_V01_F01552,frame_01552.jpg,1552.0,-25.495733136282013,146.9345099207737,0.6362514401659554,0.053655478395061726,REF
BYPASS_20260928_V01_F01553,frame_01553.jpg,1553.0,-24.514486044625016,135.67309384743612,0.6481214674902551,0.040287422839506176,REF
BYPASS_20260928_V01_F01554,frame_01554.jpg,1554.0,-19.758382105878667,119.03642457752012,0.7513485564861768,0.038802083333333334,REF
BYPASS_20260928_V01_F01555,frame_01555.jpg,1555.0,-19.982947301528924,112.85420866329088,0.711758972869979,0.04525462962962963,REF
BYPASS_20260928_V01_F01556,frame_01556.jpg,1556.0,-21.999546672351414,107.12614679982556,0.7683615535865596,0.040943287037037035,REF
BYPASS_20260928_V01_F01557,frame_01557.jpg,1557.0,-23.828520099593476,101.0002176334414,0.7790996703100793,0.03951581790123457,REF
BYPASS_20260928_V01_F01558,frame_01558.jpg,1558.0,-19.748144338977255,92.2350862527817,0.6964055552894687,0.037528935185185186,REF
BYPASS_20260928_V01_F01559,frame_01559.jpg,1559.0,-21.03414235162947,91.68704476353976,0.7244458298624298,0.04869791666666667,REF
BYPASS_20260928_V01_F01560,frame_01560.jpg,1560.0,-27.491295569068114,92.63601637948258,0.7385037899753194,0.04406828703703704,REF
BYPASS_20260928_V01_F01561,frame_01561.jpg,1561.0,-20.240765697864333,94.55317824383349,0.6968294370321579,0.035320216049382715,REF
BYPASS_20260928_V01_F01562,frame_01562.jpg,1562.0,-15.664364836888211,91.54883964186257,0.7314299477471246,0.041010802469135806,REF
BYPASS_20260928_V01_F01563,frame_01563.jpg,1563.0,-9.914886990930228,92.38800647378788,0.7701668392728876,0.03816550925925926,REF
BYPASS_20260928_V01_F01564,frame_01564.jpg,1564.0,-6.123090849820841,97.90772018254195,0.74565323193868,0.04366319444444444,REF
BYPASS_20260928_V01_F01565,frame_01565.jpg,1565.0,-17.822990693205185,94.48672130540022,0.7942331967530427,0.03804976851851852,REF
BYPASS_20260928_V01_F01566,frame_01566.jpg,1566.0,-23.260569541885815,85.57574946580851,0.7627460464283272,0.03315972222222222,REF
BYPASS_20260928_V01_F01567,frame_01567.jpg,1567.0,-17.939224655863,59.02744990676837,0.8488277757609332,0.02464313271604938,REF
BYPASS_20260928_V01_F01568,frame_01568.jpg,1568.0,-11.18872028637432,34.65438224871903,0.7687729467580348,0.027604166666666666,REF
BYPASS_20260928_V01_F01569,frame_01569.jpg,1569.0,3.6582640053834155,28.5427773048568,0.7883139388060864,0.025655864197530864,REF
BYPASS_20260928_V01_F01570,frame_01570.jpg,1570.0,15.505202022112115,27.529937458311338,0.7926458932735302,0.02820216049382716,REF
BYPASS_20260928_V01_F01571,frame_01571.jpg,1571.0,31.859736049744527,34.21063256586163,0.8351817843354779,0.023900462962962964,REF
BYPASS_20260928_V01_F01572,frame_01572.jpg,1572.0,57.355257082517596,32.67582900045343,0.7948117009651514,0.043402777777777776,REF
BYPASS_20260928_V01_F01573,frame_01573.jpg,1573.0,66.32132853041989,38.42781906248882,0.7973652835245486,0.03844521604938272,REF
BYPASS_20260928_V01_F01574,frame_01574.jpg,1574.0,73.66105318821894,47.28736792344739,0.7435356040059784,0.026417824074074073,REF
BYPASS_20260928_V01_F01575,frame_01575.jpg,1575.0,78.91177125167383,58.23696974101634,0.7347643693288167,0.026475694444444444,REF
BYPASS_20260928_V01_F01576,frame_01576.jpg,1576.0,83.46206087729698,50.296678576625496,0.792076967086321,0.024681712962962964,REF
BYPASS_20260928_V01_F01577,frame_01577.jpg,1577.0,85.6712275328268,43.547152660897666,0.760668976660128,0.018778935185185187,REF
BYPASS_20260928_V01_F01578,frame_01578.jpg,1578.0,89.35139637095435,45.212753087364035,0.7819136297261273,0.025636574074074076,REF
BYPASS_20260928_V01_F01579,frame_01579.jpg,1579.0,90.61622853879044,40.12738651970719,0.7539648488715843,0.02267554012345679,REF
BYPASS_20260928_V01_F01580,frame_01580.jpg,1580.0,93.60022919140127,41.55852622405982,0.7911747188479812,0.023967978395061727,REF
BYPASS_20260928_V01_F01581,frame_01581.jpg,1581.0,97.9030194091687,48.98074985746986,0.7484822361557572,0.022511574074074073,REF
BYPASS_20260928_V01_F01582,frame_01582.jpg,1582.0,106.03783742026218,55.98527318959172,0.7184539022269072,0.02703510802469136,REF
BYPASS_20260928_V01_F01583,frame_01583.jpg,1583.0,108.65441914802744,57.166206789674334,0.7450202625474812,0.02837577160493827,REF
BYPASS_20260928_V01_F01584,frame_01584.jpg,1584.0,107.08040218739731,55.52126122504298,0.7262004522629726,0.02117091049382716,REF
BYPASS_20260928_V01_F01585,frame_01585.jpg,1585.0,108.50203139948874,55.06148125416634,0.7254686282004839,0.023524305555555555,REF
BYPASS_20260928_V01_F01586,frame_01586.jpg,1586.0,104.77003741741393,56.95343273284959,0.7605378749929829,0.026900077160493828,REF
BYPASS_20260928_V01_F01587,frame_01587.jpg,1587.0,102.12830928033918,65.63860565143591,0.7627214865919985,0.02228009259259259,REF
BYPASS_20260928_V01_F01588,frame_01588.jpg,1588.0,103.66682976098394,74.47106234906616,0.7284159061349469,0.026948302469135803,REF
BYPASS_20260928_V01_F01589,frame_01589.jpg,1589.0,104.9620491875854,71.60466239543419,0.7594314157226939,0.03675733024691358,REF
BYPASS_20260928_V01_F01590,frame_01590.jpg,1590.0,105.46779569598627,68.67143668373599,0.7373702214823828,0.03264853395061729,REF
BYPASS_20260928_V01_F01591,frame_01591.jpg,1591.0,103.39419483159156,66.87124169567942,0.7120489807776463,0.03134645061728395,REF
BYPASS_20260928_V01_F01592,frame_01592.jpg,1592.0,99.76208988940294,75.86053734726312,0.7209221212216366,0.035165895061728396,REF
BYPASS_20260928_V01_F01593,frame_01593.jpg,1593.0,64.10386397309466,82.63225821440503,0.7385716734109101,0.03259066358024691,REF
BYPASS_20260928_V01_F01594,frame_01594.jpg,1594.0,48.29775427217936,57.34839895833112,0.8028405911392635,0.04399112654320988,REF
BYPASS_20260928_V01_F01595,frame_01595.jpg,1595.0,50.01696834279389,56.96451823093332,0.8140084363796093,0.04301697530864197,REF
BYPASS_20260928_V01_F01596,frame_01596.jpg,1596.0,53.35067413583553,56.660159458592176,0.8042113158437941,0.038503086419753085,REF
BYPASS_20260928_V01_F01597,frame_01597.jpg,1597.0,51.973983161954266,44.95214307017014,0.8113929913367754,0.030497685185185187,REF
BYPASS_20260928_V01_F01598,frame_01598.jpg,1598.0,53.27804788359174,41.130614641975825,0.7853106442792916,0.030787037037037036,REF
BYPASS_20260928_V01_F01599,frame_01599.jpg,1599.0,53.612447031423926,32.58401487851813,0.8080763876438141,0.0347608024691358,REF
BYPASS_20260928_V01_F01600,frame_01600.jpg,1600.0,56.86821287775891,28.996650696808615,0.7969037575486265,0.03316936728395062,REF
BYPASS_20260928_V01_F01601,frame_01601.jpg,1601.0,59.18835373800408,32.17965370157529,0.8085609998232053,0.033275462962962965,REF
BYPASS_20260928_V01_F01602,frame_01602.jpg,1602.0,59.97464947744248,43.07852612770782,0.8068075155034478,0.033950617283950615,REF
BYPASS_20260928_V01_F01603,frame_01603.jpg,1603.0,59.844462654266664,48.927819652551094,0.8010704950050072,0.031028163580246914,REF
BYPASS_20260928_V01_F01604,frame_01604.jpg,1604.0,61.371380964044846,56.58688804757462,0.8001411832409141,0.02877121913580247,REF
BYPASS_20260928_V01_F01605,frame_01605.jpg,1605.0,60.161152328204935,58.88651327020456,0.8086138127762594,0.031317515432098764,REF
BYPASS_20260928_V01_F01606,frame_01606.jpg,1606.0,54.754884627623085,61.41373263383956,0.7553275563098766,0.02867476851851852,REF
BYPASS_20260928_V01_F01607,frame_01607.jpg,1607.0,48.76066227357208,67.93939510641913,0.7754152807188622,0.01695601851851852,REF
BYPASS_20260928_V01_F01608,frame_01608.jpg,1608.0,53.22450399896982,75.5485112916326,0.7407615404070159,0.023408564814814816,REF
BYPASS_20260928_V01_F01609,frame_01609.jpg,1609.0,46.92211239250241,68.18102570223174,0.7540977663464017,0.02334104938271605,REF
BYPASS_20260928_V01_F01610,frame_01610.jpg,1610.0,41.52031505085509,65.61782716720913,0.8391371700498793,0.024402006172839507,REF
BYPASS_20260928_V01_F01611,frame_01611.jpg,1611.0,33.674152084941966,65.40823808896363,0.7595526946915521,0.019974922839506172,REF
BYPASS_20260928_V01_F01612,frame_01612.jpg,1612.0,26.584849979390214,67.77769699896115,0.8557832261662425,0.02046682098765432,REF
BYPASS_20260928_V01_F01613,frame_01613.jpg,1613.0,20.8886314394544,63.550044942101295,0.7931647733405784,0.027845293209876543,REF
BYPASS_20260928_V01_F01614,frame_01614.jpg,1614.0,24.894661886876918,62.77367563818076,0.7422002854170623,0.02377507716049383,REF
BYPASS_20260928_V01_F01615,frame_01615.jpg,1615.0,31.502765617340003,70.47921483554181,0.776108095380995,0.017978395061728394,REF
BYPASS_20260928_V01_F01616,frame_01616.jpg,1616.0,40.81941768902203,77.10211862271753,0.7282234649599334,0.024961419753086418,REF
BYPASS_20260928_V01_F01617,frame_01617.jpg,1617.0,42.94344454951269,92.47744691916905,0.7082088642650181,0.040769675925925924,REF
BYPASS_20260928_V01_F01618,frame_01618.jpg,1618.0,42.72299646826701,99.83773585226133,0.7392846120728387,0.021739969135802468,REF
BYPASS_20260928_V01_F01619,frame_01619.jpg,1619.0,46.69462568420593,99.14847287184021,0.7283297773312639,0.01980131172839506,REF
BYPASS_20260928_V01_F01620,frame_01620.jpg,1620.0,47.17268501518967,97.95406143155171,0.7346493177943759,0.019897762345679013,REF
BYPASS_20260928_V01_F01621,frame_01621.jpg,1621.0,46.314304314746295,91.28014057901628,0.7512328869766659,0.026253858024691358,REF
BYPASS_20260928_V01_F01622,frame_01622.jpg,1622.0,47.83601222402601,83.63375618288592,0.8075197628986688,0.02747878086419753,REF
BYPASS_20260928_V01_F01623,frame_01623.jpg,1623.0,47.80789422356375,80.8201902873039,0.8012334276128699,0.0298804012345679,REF
BYPASS_20260928_V01_F01624,frame_01624.jpg,1624.0,46.630913910445145,79.63732017792555,0.761646580548934,0.02330246913580247,REF
BYPASS_20260928_V01_F01625,frame_01625.jpg,1625.0,46.72132375151972,79.17129473762216,0.7728492987008743,0.024459876543209875,REF
BYPASS_20260928_V01_F01626,frame_01626.jpg,1626.0,48.08811617779321,80.46521106077643,0.8203268763459759,0.027199074074074073,REF
BYPASS_20260928_V01_F01627,frame_01627.jpg,1627.0,49.596362015825946,81.71623501011695,0.767596047748754,0.025443672839506173,REF
BYPASS_20260928_V01_F01628,frame_01628.jpg,1628.0,53.589097864535375,86.46570442819187,0.8402923744401815,0.028722993827160495,REF
BYPASS_20260928_V01_F01629,frame_01629.jpg,1629.0,57.22038886587157,96.15996495006122,0.7915334299758628,0.03445216049382716,REF
BYPASS_20260928_V01_F01630,frame_01630.jpg,1630.0,54.888881663649926,100.5241284270915,0.7395109746927097,0.028665123456790124,REF
BYPASS_20260928_V01_F01631,frame_01631.jpg,1631.0,51.49732591534229,96.44664151026794,0.7819272897861622,0.028443287037037038,REF
BYPASS_20260928_V01_F01632,frame_01632.jpg,1632.0,52.55466005137416,93.6128913516301,0.7710390667856476,0.030478395061728395,REF
BYPASS_20260928_V01_F01633,frame_01633.jpg,1633.0,54.273862284343664,96.25427961995773,0.7973600187419373,0.03400848765432099,REF
BYPASS_20260928_V01_F01634,frame_01634.jpg,1634.0,53.95544006937098,98.39817663657405,0.8249984508679237,0.02505787037037037,REF
BYPASS_20260928_V01_F01635,frame_01635.jpg,1635.0,52.320942435347206,100.4648484361807,0.7637556084880123,0.020100308641975307,REF
BYPASS_20260928_V01_F01636,frame_01636.jpg,1636.0,50.635326051497515,96.00194477734179,0.8039835082160102,0.028076774691358025,REF
BYPASS_20260928_V01_F01637,frame_01637.jpg,1637.0,54.24194600802403,97.07939864112157,0.7856184594425154,0.028250385802469136,REF
BYPASS_20260928_V01_F01638,frame_01638.jpg,1638.0,61.387879030527046,94.97260027943467,0.75087653376438,0.03025655864197531,REF
BYPASS_20260928_V01_F01639,frame_01639.jpg,1639.0,65.8942665940186,96.01789053888429,0.8003989316799023,0.03903356481481481,REF
BYPASS_20260928_V01_F01640,frame_01640.jpg,1640.0,71.13687950640815,99.24813274123616,0.7161310532946645,0.037827932098765435,REF
BYPASS_20260928_V01_F01641,frame_01641.jpg,1641.0,75.33469973708347,101.46833762162196,0.8141677313380771,0.03349729938271605,REF
BYPASS_20260928_V01_F01642,frame_01642.jpg,1642.0,82.65402383737018,104.17588296635034,0.7053885890193927,0.03381558641975309,REF
BYPASS_20260928_V01_F01643,frame_01643.jpg,1643.0,96.05273133673634,105.04304830797946,0.7383419574042898,0.053607253086419754,REF
BYPASS_20260928_V01_F01644,frame_01644.jpg,1644.0,118.3125769792565,98.40284609240341,0.6302576220513861,0.05381944444444445,REF
BYPASS_20260928_V01_F01645,frame_01645.jpg,1645.0,110.68574231041046,100.78072350985956,0.7403183685408699,0.04939236111111111,REF
BYPASS_20260928_V01_F01646,frame_01646.jpg,1646.0,61.9207115375178,97.54549317143824,0.7412740421883854,0.021402391975308643,REF
BYPASS_20260928_V01_F01647,frame_01647.jpg,1647.0,7.996191279040147,45.16544197253586,0.9166241489810708,0.02177854938271605,REF
BYPASS_20260928_V01_F01648,frame_01648.jpg,1648.0,-23.42508810947075,-12.234134197539191,0.8759636452168594,0.04739583333333333,REF
BYPASS_20260928_V01_F01649,frame_01649.jpg,1649.0,-27.350543121533008,-33.06742018876648,0.8783813551620201,0.05264274691358025,REF
BYPASS_20260928_V01_F01650,frame_01650.jpg,1650.0,-22.851735390452973,-36.08188423914058,0.9298167941746889,0.04144483024691358,REF
BYPASS_20260928_V01_F01651,frame_01651.jpg,1651.0,-18.401265974282694,-22.31730939084133,0.9438219994306565,0.03314043209876543,REF
BYPASS_20260928_V01_F01652,frame_01652.jpg,1652.0,0.0,8.526512829121202e-14,1.000000000001264,0.04309413580246914,REF
BYPASS_20260928_V01_F01653,frame_01653.jpg,1653.0,7.722179461161915,2.7265397875266615,0.9670446531272229,0.02962962962962963,REF
BYPASS_20260928_V01_F01654,frame_01654.jpg,1654.0,12.42403951391637,12.0663256738857,0.9369421986150153,0.03039158950617284,REF
BYPASS_20260928_V01_F01655,frame_01655.jpg,1655.0,15.674541089582902,23.207582916390123,0.8943458104575122,0.024537037037037038,REF
BYPASS_20260928_V01_F01656,frame_01656.jpg,1656.0,19.015373088695355,26.232514448998643,0.9122807846393114,0.02511574074074074,REF
BYPASS_20260928_V01_F01657,frame_01657.jpg,1657.0,18.97290330555208,37.9318897550381,0.8944260245488014,0.01716820987654321,REF
BYPASS_20260928_V01_F01658,frame_01658.jpg,1658.0,24.157274638905335,47.92081580017833,0.8920394271980098,0.02816358024691358,REF
BYPASS_20260928_V01_F01659,frame_01659.jpg,1659.0,30.081325897486494,59.02358675241631,0.8648405218565905,0.028327546296296295,REF
BYPASS_20260928_V01_F01660,frame_01660.jpg,1660.0,34.634160018538125,73.20982527385183,0.8074975306605116,0.023215663580246914,REF
BYPASS_20260928_V01_F01661,frame_01661.jpg,1661.0,33.82660712280375,89.60575067265736,0.8352875382811935,0.028038194444444445,REF
BYPASS_20260928_V01_F01662,frame_01662.jpg,1662.0,32.35051956927728,92.5933754858453,0.8203331260769455,0.038078703703703705,REF
BYPASS_20260928_V01_F01663,frame_01663.jpg,1663.0,35.40856049721438,88.39470648827641,0.7653118656005389,0.029851466049382717,REF
BYPASS_20260928_V01_F01664,frame_01664.jpg,1664.0,38.660437656201935,94.92296285073438,0.8282154386426196,0.04483024691358025,REF
BYPASS_20260928_V01_F01665,frame_01665.jpg,1665.0,37.52993468431504,88.27874453557436,0.7715339082994579,0.04128086419753087,REF
BYPASS_20260928_V01_F01666,frame_01666.jpg,1666.0,39.009724676415686,84.11635612251138,0.8324761449554821,0.04465663580246913,REF
BYPASS_20260928_V01_F01667,frame_01667.jpg,1667.0,39.961413154764045,90.7469518649902,0.790683862309397,0.037181712962962965,REF
BYPASS_20260928_V01_F01668,frame_01668.jpg,1668.0,42.27964015544683,91.32950801126799,0.7994078294730481,0.035841049382716046,REF
BYPASS_20260928_V01_F01669,frame_01669.jpg,1669.0,38.862194877149705,87.91353871979287,0.8019956010359305,0.0376929012345679,REF
BYPASS_20260928_V01_F01670,frame_01670.jpg,1670.0,36.69646270009375,86.43546364888867,0.8304391573976587,0.033998842592592594,REF
BYPASS_20260928_V01_F01671,frame_01671.jpg,1671.0,36.82412821645883,87.25383786271357,0.7881851963054987,0.034722222222222224,REF
BYPASS_20260928_V01_F01672,frame_01672.jpg,1672.0,42.89345637093666,92.6853426030879,0.7968156258265178,0.03214699074074074,REF
BYPASS_20260928_V01_F01673,frame_01673.jpg,1673.0,49.562743806558075,97.67198263800425,0.7233469988092964,0.03500192901234568,REF
BYPASS_20260928_V01_F01674,frame_01674.jpg,1674.0,55.05607754469554,97.02021921814432,0.7256435049168858,0.039872685185185185,REF
BYPASS_20260928_V01_F01675,frame_01675.jpg,1675.0,53.904808752721806,94.01295846284253,0.7562402745823801,0.04268904320987654,REF
BYPASS_20260928_V01_F01676,frame_01676.jpg,1676.0,54.28060208229297,92.65806969265786,0.7750589802677249,0.041338734567901235,REF
BYPASS_20260928_V01_F01677,frame_01677.jpg,1677.0,48.146878611606326,80.42417538014286,0.7869509725658982,0.04291087962962963,REF
BYPASS_20260928_V01_F01678,frame_01678.jpg,1678.0,43.310571546236815,78.57095114851947,0.759984682224415,0.04027777777777778,REF
BYPASS_20260928_V01_F01679,frame_01679.jpg,1679.0,48.55648528772761,90.24500875370201,0.7591735934033806,0.044425154320987655,REF
BYPASS_20260928_V01_F01680,frame_01680.jpg,1680.0,50.21685120812302,95.54032108729375,0.7253045710516565,0.04306520061728395,REF
BYPASS_20260928_V01_F01681,frame_01681.jpg,1681.0,48.71557636806503,98.88779041599574,0.7443001691206002,0.03140432098765432,REF
BYPASS_20260928_V01_F01682,frame_01682.jpg,1682.0,51.026525898965815,105.04960410240471,0.7372424612810582,0.047386188271604936,REF
BYPASS_20260928_V01_F01683,frame_01683.jpg,1683.0,52.79336876757128,111.43052468999295,0.6685780823230744,0.04583333333333333,REF
BYPASS_20260928_V01_F01684,frame_01684.jpg,1684.0,58.266016838958336,113.48173041856509,0.6763189014093376,0.051340663580246915,REF
BYPASS_20260928_V01_F01685,frame_01685.jpg,1685.0,57.591905288246465,111.7358634067,0.6813180692769863,0.05255594135802469,REF
BYPASS_20260928_V01_F01686,frame_01686.jpg,1686.0,52.07776082835642,105.86821920800227,0.6850988161784631,0.04488811728395062,REF
BYPASS_20260928_V01_F01687,frame_01687.jpg,1687.0,49.437575705001365,109.90167446870251,0.6891097259374313,0.040769675925925924,REF
BYPASS_20260928_V01_F01688,frame_01688.jpg,1688.0,46.50361423812325,101.57802519858329,0.6997905354440949,0.028366126543209875,REF
BYPASS_20260928_V01_F01689,frame_01689.jpg,1689.0,38.753389374235326,92.04500482786395,0.7843925746870629,0.03531057098765432,REF
BYPASS_20260928_V01_F01690,frame_01690.jpg,1690.0,36.42333036753891,91.3784629310121,0.766748931967182,0.033304398148148145,REF
BYPASS_20260928_V01_F01691,frame_01691.jpg,1691.0,36.10663253407532,87.21441415215503,0.7640286920983115,0.03630401234567901,REF
BYPASS_20260928_V01_F01692,frame_01692.jpg,1692.0,32.8663235898357,79.45016091029301,0.7819527043972486,0.03518518518518519,REF
BYPASS_20260928_V01_F01693,frame_01693.jpg,1693.0,32.86541516561661,80.32294593944057,0.8018978583959886,0.03194444444444444,REF
BYPASS_20260928_V01_F01694,frame_01694.jpg,1694.0,34.20093511700435,81.22162252183718,0.7257101169338933,0.035590277777777776,REF
BYPASS_20260928_V01_F01695,frame_01695.jpg,1695.0,32.57774361557247,89.62838212338937,0.7742282980754052,0.031558641975308645,REF
BYPASS_20260928_V01_F01696,frame_01696.jpg,1696.0,25.3350742902237,94.73963327005865,0.7365126665727592,0.026919367283950616,REF
BYPASS_20260928_V01_F01697,frame_01697.jpg,1697.0,25.30382786980337,94.76998231088183,0.7361330307560202,0.029986496913580248,REF
BYPASS_20260928_V01_F01698,frame_01698.jpg,1698.0,26.348712812635,96.9021074314951,0.7966204852233698,0.026263503086419754,REF
BYPASS_20260928_V01_F01699,frame_01699.jpg,1699.0,30.048320471538773,103.27691775718407,0.7947450278717795,0.03568672839506173,REF
BYPASS_20260928_V01_F01700,frame_01700.jpg,1700.0,28.94920773912841,104.59422056999473,0.7442206144332886,0.03685378086419753,REF
BYPASS_20260928_V01_F01701,frame_01701.jpg,1701.0,31.54798285071979,105.48597583095659,0.7259743418222592,0.041811342592592594,REF
BYPASS_20260928_V01_F01702,frame_01702.jpg,1702.0,30.892493849104397,95.01736830514764,0.7786606821013086,0.02703510802469136,REF
BYPASS_20260928_V01_F01703,frame_01703.jpg,1703.0,26.926426117357778,86.19541153165484,0.7905091487331155,0.03029513888888889,REF
BYPASS_20260928_V01_F01704,frame_01704.jpg,1704.0,23.14599084663078,84.23590370990891,0.7555244260364109,0.034818672839506175,REF
BYPASS_20260928_V01_F01705,frame_01705.jpg,1705.0,23.621575094459303,83.59514842072333,0.7997726073971501,0.03863811728395062,REF
BYPASS_20260928_V01_F01706,frame_01706.jpg,1706.0,24.155640965242895,81.28460750479246,0.7946902087441197,0.035320216049382715,REF
BYPASS_20260928_V01_F01707,frame_01707.jpg,1707.0,63.346659836867275,83.245493552923,0.7986979034211901,0.044251543209876544,REF
BYPASS_20260928_V01_F01708,frame_01708.jpg,1708.0,118.7956707587158,89.81079100530133,0.6520069275373294,0.0511766975308642,REF
BYPASS_20260928_V01_F01709,frame_01709.jpg,1709.0,130.06000091447828,80.08323508287114,0.6662260524284692,0.04350887345679012,REF
BYPASS_20260928_V01_F01710,frame_01710.jpg,1710.0,126.23007142317283,71.01151970192642,0.7436627132657133,0.0314429012345679,REF
BYPASS_20260928_V01_F01711,frame_01711.jpg,1711.0,81.6453759354427,63.52690327695926,0.7372085209246035,0.037336033950617284,REF
BYPASS_20260928_V01_F01712,frame_01712.jpg,1712.0,34.9216918677013,49.84735171117778,0.7485642319844092,0.023601466049382715,REF
BYPASS_20260928_V01_F01713,frame_01713.jpg,1713.0,2.5711488831267104,39.669026938608994,0.7800804080786529,0.02850115740740741,REF
BYPASS_20260928_V01_F01714,frame_01714.jpg,1714.0,4.031688754480683,22.061833522878374,0.7617208073168625,0.025520833333333333,REF
BYPASS_20260928_V01_F01715,frame_01715.jpg,1715.0,14.46557161202881,24.208001510993142,0.8079280477982981,0.034375,REF
BYPASS_20260928_V01_F01716,frame_01716.jpg,1716.0,21.900472823672686,34.359692390301944,0.7544316341847549,0.030227623456790125,REF
BYPASS_20260928_V01_F01717,frame_01717.jpg,1717.0,24.574046428959832,42.231121149038955,0.7712620195783215,0.031143904320987653,REF
BYPASS_20260928_V01_F01718,frame_01718.jpg,1718.0,39.171481547652064,37.09368242539671,0.7582156134608351,0.03160686728395062,REF
BYPASS_20260928_V01_F01719,frame_01719.jpg,1719.0,71.73112129372785,42.351690154834415,0.7602353976096636,0.043682484567901234,REF
BYPASS_20260928_V01_F01720,frame_01720.jpg,1720.0,101.16696419399273,40.89977744594424,0.6910084091586831,0.057687114197530864,REF
BYPASS_20260928_V01_F01721,frame_01721.jpg,1721.0,77.82626738210624,55.870511989101956,0.5479050306626309,0.08876350308641975,REF
BYPASS_20260928_V01_F01722,frame_01722.jpg,1722.0,73.36468630530098,-29.782807554076527,0.5145180655114445,0.08081597222222223,REF
BYPASS_20260928_V01_F01723,frame_01723.jpg,1723.0,96.58777359925045,-103.13489577910653,0.5522916311835065,0.05843942901234568,REF
BYPASS_20260928_V01_F01724,frame_01724.jpg,1724.0,43.86357977497903,-136.66183077678392,0.6253429470238863,0.04466628086419753,REF
BYPASS_20260928_V01_F01725,frame_01725.jpg,1725.0,50.684276097200694,-188.66186127696326,0.46013809457237337,0.056886574074074076,REF
BYPASS_20260928_V01_F01726,frame_01726.jpg,1726.0,56.303527048015866,-231.54694431755425,0.4097547742319696,0.0486400462962963,REF
BYPASS_20260928_V01_F01727,frame_01727.jpg,1727.0,58.70459747241867,-245.95265243266093,0.37199728179860997,0.047858796296296295,REF
BYPASS_20260928_V01_F01728,frame_01728.jpg,1728.0,41.29919999309209,-231.21246527115554,0.3724414935082565,0.04956597222222222,REF
BYPASS_20260928_V01_F01729,frame_01729.jpg,1729.0,4.169936223533824,-189.99990211123682,0.3596940835316976,0.032474922839506176,REF
BYPASS_20260928_V01_F01730,frame_01730.jpg,1730.0,9.028506850257799,-170.13625506163075,0.38941846953497994,0.04405864197530864,REF
BYPASS_20260928_V01_F01731,frame_01731.jpg,1731.0,14.36579108835491,-179.50639587089358,0.4682349215319127,0.040788966049382716,REF
BYPASS_20260928_V01_F01732,frame_01732.jpg,1732.0,17.12056480949235,-181.98302112239182,0.4855144684697375,0.0335841049382716,REF
BYPASS_20260928_V01_F01733,frame_01733.jpg,1733.0,23.135512720066487,-181.1516469291197,0.4751249372959137,0.03592785493827161,REF
BYPASS_20260928_V01_F01734,frame_01734.jpg,1734.0,22.413282170329182,-190.00963062966662,0.4138242366137328,0.03371913580246914,REF
BYPASS_20260928_V01_F01735,frame_01735.jpg,1735.0,21.26585680710741,-180.7682935954128,0.3502353028750714,0.041213348765432097,REF
BYPASS_20260928_V01_F01736,frame_01736.jpg,1736.0,20.282374541436155,-178.24261463128948,0.45212230343877535,0.03413387345679012,REF
BYPASS_20260928_V01_F01737,frame_01737.jpg,1737.0,16.977250289755574,-185.61866856454634,0.4917662574921125,0.037384259259259256,REF
BYPASS_20260928_V01_F01738,frame_01738.jpg,1738.0,12.556349991956608,-181.14611982914758,0.38130890633221026,0.03597608024691358,REF
BYPASS_20260928_V01_F01739,frame_01739.jpg,1739.0,7.205265893054957,-186.95089496419072,0.3645906992900519,0.02826003086419753,REF
BYPASS_20260928_V01_F01740,frame_01740.jpg,1740.0,4.917951307237217,-180.8870510326746,0.4035494033201241,0.033198302469135806,REF
BYPASS_20260928_V01_F01741,frame_01741.jpg,1741.0,2.1960846349412293,-190.47435804312133,0.4078209361176432,0.03690200617283951,REF
BYPASS_20260928_V01_F01742,frame_01742.jpg,1742.0,3.7749906655260475,-195.80140523104785,0.33188714304088074,0.04037422839506173,REF
BYPASS_20260928_V01_F01743,frame_01743.jpg,1743.0,11.392430365200397,-185.42794920232654,0.41251749786329855,0.040615354938271606,REF
BYPASS_20260928_V01_F01744,frame_01744.jpg,1744.0,15.765355655923088,-186.5382182089381,0.31226958257180676,0.04319058641975309,REF
BYPASS_20260928_V01_F01745,frame_01745.jpg,1745.0,23.508933135292466,-182.66580141031616,0.38369278893058684,0.043277391975308645,REF
BYPASS_20260928_V01_F01746,frame_01746.jpg,1746.0,28.638360718972024,-189.46976649909456,0.37325773187625555,0.037336033950617284,REF
BYPASS_20260928_V01_F01747,frame_01747.jpg,1747.0,31.27752924559414,-197.82873074311888,0.3131831898181527,0.04232253086419753,REF
BYPASS_20260928_V01_F01748,frame_01748.jpg,1748.0,17.352336398388246,-191.67612662577528,0.31514494544194066,0.04406828703703704,REF
BYPASS_20260928_V01_F01749,frame_01749.jpg,1749.0,6.936112171624899,-195.45244990254628,0.33369184246769656,0.026331018518518517,REF
BYPASS_20260928_V01_F01750,frame_01750.jpg,1750.0,1.1891018101651127,-195.50789514702777,0.37747913672600264,0.03294753086419753,REF
BYPASS_20260928_V01_F01751,frame_01751.jpg,1751.0,4.4558476443283155,-201.70911399238264,0.37264657182458005,0.030719521604938273,REF
BYPASS_20260928_V01_F01752,frame_01752.jpg,1752.0,11.315363401059415,-210.58549398753212,0.3672556886702408,0.032378472222222225,REF
BYPASS_20260928_V01_F01753,frame_01753.jpg,1753.0,19.80996938309653,-204.83819178155727,0.35644280086328956,0.028221450617283952,REF
BYPASS_20260928_V01_F01754,frame_01754.jpg,1754.0,17.76974168085468,-218.1529432300807,0.2681721056685036,0.038078703703703705,REF
BYPASS_20260928_V01_F01755,frame_01755.jpg,1755.0,37.152879371409654,-207.67288614366453,0.35849845048822004,0.0279320987654321,REF
BYPASS_20260928_V01_F01756,frame_01756.jpg,1756.0,37.88502253696117,-207.9122347486565,0.3642136198503,0.027372685185185184,REF
BYPASS_20260928_V01_F01757,frame_01757.jpg,1757.0,36.875192969346756,-207.21134301805242,0.31087222194965974,0.03518518518518519,REF
BYPASS_20260928_V01_F01758,frame_01758.jpg,1758.0,42.7086685531726,-208.21478678370406,0.30587586017302526,0.02995756172839506,REF
BYPASS_20260928_V01_F01759,frame_01759.jpg,1759.0,45.61790747823815,-210.4351247899708,0.31013622762244425,0.029726080246913582,REF
BYPASS_20260928_V01_F01760,frame_01760.jpg,1760.0,46.0916602052811,-200.89536946720713,0.3650864296489292,0.03641975308641975,REF
BYPASS_20260928_V01_F01761,frame_01761.jpg,1761.0,44.986465308600486,-206.6451731791548,0.23867927495344185,0.055825617283950614,REF
BYPASS_20260928_V01_F01762,frame_01762.jpg,1762.0,49.27371343673025,-196.91926015711672,0.35713134694982457,0.038233024691358024,REF
BYPASS_20260928_V01_F01763,frame_01763.jpg,1763.0,47.0577455416838,-200.57508225787672,0.2745103476959982,0.051687885802469136,REF
BYPASS_20260928_V01_F01764,frame_01764.jpg,1764.0,44.40655386780173,-212.33579060012664,0.19810324511778207,0.058854166666666666,REF
BYPASS_20260928_V01_F01765,frame_01765.jpg,1765.0,42.69224195989267,-219.93658502736363,0.2913466880718867,0.04350887345679012,REF
BYPASS_20260928_V01_F01766,frame_01766.jpg,1766.0,43.627066129787295,-224.14485714391955,0.20375543700324164,0.05350115740740741,REF
BYPASS_20260928_V01_F01767,frame_01767.jpg,1767.0,44.193923439824346,-224.2556109924941,0.18554152610861224,0.054378858024691355,REF
BYPASS_20260928_V01_F01768,frame_01768.jpg,1768.0,45.64578704540776,-228.8292535777706,0.1964475592713297,0.061168981481481484,REF
BYPASS_20260928_V01_F01769,frame_01769.jpg,1769.0,41.921036262172976,-228.5394799198245,0.2897858363794692,0.05716628086419753,REF
BYPASS_20260928_V01_F01770,frame_01770.jpg,1770.0,34.61948567536538,-208.00841422283386,0.2237506072462341,0.06008873456790124,REF
BYPASS_20260928_V01_F01771,frame_01771.jpg,1771.0,34.617103589011805,-188.04883279865737,0.22217384937368792,0.06378279320987654,REF
BYPASS_20260928_V01_F01772,frame_01772.jpg,1772.0,29.707938132251172,-196.37592026967033,0.18176373613101465,0.06935763888888889,REF
BYPASS_20260928_V01_F01773,frame_01773.jpg,1773.0,29.101420555220983,-182.5683143400476,0.22095819211300508,0.07297453703703703,REF
BYPASS_20260928_V01_F01774,frame_01774.jpg,1774.0,33.507512690854924,-176.14670297734435,0.24593412118193544,0.07541473765432098,REF
BYPASS_20260928_V01_F01775,frame_01775.jpg,1775.0,22.414652869197937,-175.95220815532696,0.21670272880130345,0.059924768518518516,REF
BYPASS_20260928_V01_F01776,frame_01776.jpg,1776.0,16.009476923573942,-176.56157151597614,0.23880164641656992,0.06611689814814815,REF
BYPASS_20260928_V01_F01777,frame_01777.jpg,1777.0,10.57910197233494,-187.52764625455063,0.20419810774885577,0.0609375,REF
BYPASS_20260928_V01_F01778,frame_01778.jpg,1778.0,17.448532503698573,-183.09330103118225,0.18662391562520722,0.07333140432098766,REF
BYPASS_20260928_V01_F01779,frame_01779.jpg,1779.0,15.682777548128968,-189.3037822774731,0.2230625719199946,0.07085262345679012,REF
BYPASS_20260928_V01_F01780,frame_01780.jpg,1780.0,13.480104622451051,-192.95888068889005,0.20823661147812267,0.057513503086419754,REF
BYPASS_20260928_V01_F01781,frame_01781.jpg,1781.0,18.685373379837273,-185.7410233510452,0.23920468047813134,0.06796875,REF
BYPASS_20260928_V01_F01782,frame_01782.jpg,1782.0,15.816294447115837,-191.31248766147576,0.24312594098809326,0.06172839506172839,REF
BYPASS_20260928_V01_F01783,frame_01783.jpg,1783.0,21.387049530506943,-208.41620662422082,0.0997841676812113,0.0,EVENTO
BYPASS_20260928_V01_F01784,frame_01784.jpg,1784.0,17.69632485764876,-189.1835746824806,0.3016777871935456,0.06411072530864198,REF
BYPASS_20260928_V01_F01785,frame_01785.jpg,1785.0,-5.840201739740365,-192.56144457121704,0.2783396713527632,0.05314429012345679,REF
BYPASS_20260928_V01_F01786,frame_01786.jpg,1786.0,-8.401953710194022,-182.8864113356787,0.21397854016150958,0.07701581790123457,REF
BYPASS_20260928_V01_F01787,frame_01787.jpg,1787.0,14.240833384011495,-182.22627756255582,0.16154391198982426,0.07449845679012346,REF
BYPASS_20260928_V01_F01788,frame_01788.jpg,1788.0,69.85078852559033,-218.34767842353045,0.20805666457723687,0.07001350308641975,REF
BYPASS_20260928_V01_F01789,frame_01789.jpg,1789.0,97.80879066917015,-245.0337829989244,0.27561552267015715,0.048678626543209876,REF
BYPASS_20260928_V01_F01790,frame_01790.jpg,1790.0,140.78923025221707,-245.77488292555083,0.13427350432784468,0.0,EVENTO
BYPASS_20260928_V01_F01791,frame_01791.jpg,1791.0,157.14016307542795,-236.05565561105917,0.1961887854852794,0.0711033950617284,REF
BYPASS_20260928_V01_F01792,frame_01792.jpg,1792.0,92.25192041467528,-235.5628984419507,0.28386956688798504,0.03950617283950617,REF
BYPASS_20260928_V01_F01793,frame_01793.jpg,1793.0,44.43692676054329,-238.32548174972294,0.3396368070884987,0.03722993827160494,REF
BYPASS_20260928_V01_F01794,frame_01794.jpg,1794.0,25.7988040675462,-246.27156088110178,0.34629397068494633,0.04527391975308642,REF
BYPASS_20260928_V01_F01795,frame_01795.jpg,1795.0,26.15256972493239,-246.26939960675236,0.3628737742518201,0.0453028549382716,REF
BYPASS_20260928_V01_F01796,frame_01796.jpg,1796.0,34.23440398974401,-244.11748782506038,0.32759595506445127,0.029890046296296297,REF
BYPASS_20260928_V01_F01797,frame_01797.jpg,1797.0,32.031423184069354,-243.91283923176633,0.3201550060584221,0.031983024691358025,REF
BYPASS_20260928_V01_F01798,frame_01798.jpg,1798.0,37.33363962751656,-231.14596511924216,0.36295354866687163,0.03609182098765432,REF
BYPASS_20260928_V01_F01799,frame_01799.jpg,1799.0,51.73643961421533,-222.63335510138313,0.34909033517778654,0.030362654320987656,REF
BYPASS_20260928_V01_F01800,frame_01800.jpg,1800.0,70.51896884384769,-219.9873096703003,0.3755992071128186,0.02593557098765432,REF
BYPASS_20260928_V01_F01801,frame_01801.jpg,1801.0,77.49211347972735,-215.42856110247305,0.36133770640985463,0.034847608024691355,REF
BYPASS_20260928_V01_F01802,frame_01802.jpg,1802.0,83.43832666882636,-199.79025004021688,0.3891116304162108,0.02879050925925926,REF
BYPASS_20260928_V01_F01803,frame_01803.jpg,1803.0,84.36302442621766,-209.21993358151605,0.2969210266331096,0.04048032407407407,REF
BYPASS_20260928_V01_F01804,frame_01804.jpg,1804.0,87.80214642996765,-224.8197051874574,0.3590228684154558,0.040364583333333336,REF
BYPASS_20260928_V01_F01805,frame_01805.jpg,1805.0,88.94204832745388,-243.1509074713172,0.3695776527310595,0.042650462962962966,REF
BYPASS_20260928_V01_F01806,frame_01806.jpg,1806.0,102.52762829543997,-245.61310932359584,0.29548033968901927,0.0404320987654321,REF
BYPASS_20260928_V01_F01807,frame_01807.jpg,1807.0,112.9011318532815,-246.63865931446085,0.3550442466765274,0.033400848765432097,REF
BYPASS_20260928_V01_F01808,frame_01808.jpg,1808.0,115.68244611466238,-252.46205571605793,0.3427102485556661,0.029658564814814815,REF
BYPASS_20260928_V01_F01809,frame_01809.jpg,1809.0,113.46391291437726,-249.6779801648572,0.3663974951814722,0.03460648148148148,REF
BYPASS_20260928_V01_F01810,frame_01810.jpg,1810.0,100.1457256495543,-254.5901178119961,0.2921300966062664,0.03355516975308642,REF
BYPASS_20260928_V01_F01811,frame_01811.jpg,1811.0,86.36086347391759,-252.4292134529962,0.32901923958166146,0.032455632716049385,REF
BYPASS_20260928_V01_F01812,frame_01812.jpg,1812.0,83.01353907318321,-257.55035126915374,0.3149244290995009,0.02879050925925926,REF
BYPASS_20260928_V01_F01813,frame_01813.jpg,1813.0,82.34128096608126,-265.16953985428506,0.26275913950837687,0.0378858024691358,REF
BYPASS_20260928_V01_F01814,frame_01814.jpg,1814.0,80.18698456605617,-250.8684683397663,0.23525047732724083,0.03370949074074074,REF
BYPASS_20260928_V01_F01815,frame_01815.jpg,1815.0,82.42890955282235,-236.15478679811906,0.26610580955022645,0.038647762345679015,REF
BYPASS_20260928_V01_F01816,frame_01816.jpg,1816.0,99.82686465176553,-255.45265679519278,0.23242508246574872,0.044203317901234565,REF
BYPASS_20260928_V01_F01817,frame_01817.jpg,1817.0,103.77996570176228,-266.16644941742175,0.18613541258705987,0.04406828703703704,REF
BYPASS_20260928_V01_F01818,frame_01818.jpg,1818.0,108.81769981142008,-288.05817537068936,0.2667376399776082,0.04528356481481482,REF
BYPASS_20260928_V01_F01819,frame_01819.jpg,1819.0,112.85651422379985,-297.7656162813732,0.2217978752689597,0.04296875,REF
BYPASS_20260928_V01_F01820,frame_01820.jpg,1820.0,109.72267665918082,-301.31404745259135,0.1674958950207557,0.04490740740740741,REF
BYPASS_20260928_V01_F01821,frame_01821.jpg,1821.0,114.35479400831517,-297.25069955163804,0.31796182931205375,0.04685570987654321,REF
BYPASS_20260928_V01_F01822,frame_01822.jpg,1822.0,72.80792334939875,-281.5209948594938,0.30174000866619155,0.03208912037037037,REF
BYPASS_20260928_V01_F01823,frame_01823.jpg,1823.0,2.9643142252081134,-278.31292275565147,0.26045246683521034,0.040219907407407406,REF
BYPASS_20260928_V01_F01824,frame_01824.jpg,1824.0,10.75762537740934,-281.7326623702054,0.172125964547381,0.050713734567901236,REF
BYPASS_20260928_V01_F01825,frame_01825.jpg,1825.0,29.811200559149313,-266.90399995520005,0.32451433841093086,0.043875385802469136,REF
BYPASS_20260928_V01_F01826,frame_01826.jpg,1826.0,43.39424564156829,-240.15167934703697,0.30718089239096935,0.030160108024691358,REF
BYPASS_20260928_V01_F01827,frame_01827.jpg,1827.0,56.18614741199741,-240.2740542411194,0.3572879633785766,0.03194444444444444,REF
BYPASS_20260928_V01_F01828,frame_01828.jpg,1828.0,56.67163305002771,-248.72661609829237,0.36490821220256664,0.03542631172839506,REF
BYPASS_20260928_V01_F01829,frame_01829.jpg,1829.0,56.23070964715109,-260.81645309612486,0.32431051296032504,0.03157793209876543,REF
BYPASS_20260928_V01_F01830,frame_01830.jpg,1830.0,55.396830640062376,-259.9364312588026,0.30008318961402514,0.029185956790123455,REF
BYPASS_20260928_V01_F01831,frame_01831.jpg,1831.0,52.73670833100212,-257.06547520941575,0.295228103870227,0.03214699074074074,REF
BYPASS_20260928_V01_F01832,frame_01832.jpg,1832.0,59.08302127244701,-234.85799788671258,0.36764601115827206,0.02412229938271605,REF
BYPASS_20260928_V01_F01833,frame_01833.jpg,1833.0,84.76303063580988,-232.61775835399678,0.3461392995751934,0.025298996913580247,REF
BYPASS_20260928_V01_F01834,frame_01834.jpg,1834.0,106.3135165100964,-240.97901575437749,0.37614494223653533,0.027507716049382715,REF
BYPASS_20260928_V01_F01835,frame_01835.jpg,1835.0,112.44797652372881,-271.6484950546941,0.2815723949008518,0.03309220679012346,REF
BYPASS_20260928_V01_F01836,frame_01836.jpg,1836.0,116.62135114859385,-268.1646219708766,0.32190992184627204,0.03493441358024691,REF
BYPASS_20260928_V01_F01837,frame_01837.jpg,1837.0,112.14542099751856,-270.06897868928263,0.32661252397078055,0.041338734567901235,REF
BYPASS_20260928_V01_F01838,frame_01838.jpg,1838.0,113.80671386397282,-267.68381645424256,0.27989106590365187,0.042978395061728396,REF
BYPASS_20260928_V01_F01839,frame_01839.jpg,1839.0,115.17988888817356,-272.266710746241,0.26745624012417263,0.04293981481481481,REF
BYPASS_20260928_V01_F01840,frame_01840.jpg,1840.0,122.27032802857721,-270.9975444722663,0.29795551770999107,0.04164737654320988,REF
BYPASS_20260928_V01_F01841,frame_01841.jpg,1841.0,126.05788102256193,-267.6019690420186,0.27100613095142223,0.05413773148148148,REF
BYPASS_20260928_V01_F01842,frame_01842.jpg,1842.0,76.57585029678123,-252.83221940365888,0.2805296276822502,0.044203317901234565,REF
BYPASS_20260928_V01_F01843,frame_01843.jpg,1843.0,8.02674645169472,-230.14803868029824,0.2955794122483995,0.037760416666666664,REF
BYPASS_20260928_V01_F01844,frame_01844.jpg,1844.0,4.943380503769589,-208.21220868691904,0.39900175627366996,0.02751736111111111,REF
BYPASS_20260928_V01_F01845,frame_01845.jpg,1845.0,8.298958269843354,-200.11216169296415,0.4043113256678169,0.030005787037037036,REF
BYPASS_20260928_V01_F01846,frame_01846.jpg,1846.0,-7.96756208858946,-187.59084981217387,0.3809210928869836,0.026929012345679012,REF
BYPASS_20260928_V01_F01847,frame_01847.jpg,1847.0,-4.240217330402487,-196.26663193848395,0.43571593746726894,0.02894483024691358,REF
BYPASS_20260928_V01_F01848,frame_01848.jpg,1848.0,-4.189420160178685,-184.687322859972,0.4403652317729997,0.02644675925925926,REF
BYPASS_20260928_V01_F01849,frame_01849.jpg,1849.0,-0.9700397682397011,-178.45258510209024,0.4178858072669418,0.02687114197530864,REF
BYPASS_20260928_V01_F01850,frame_01850.jpg,1850.0,-9.219774476086656,-181.9951619421303,0.3759884731269177,0.03306327160493827,REF
BYPASS_20260928_V01_F01851,frame_01851.jpg,1851.0,-5.713858457674036,-178.6712904708753,0.31929107168574394,0.03308256172839506,REF
BYPASS_20260928_V01_F01852,frame_01852.jpg,1852.0,-10.54186415136968,-189.81744332455906,0.3437839730286304,0.03127893518518519,REF
BYPASS_20260928_V01_F01853,frame_01853.jpg,1853.0,-19.492704339281374,-197.68972417189718,0.2686122454242942,0.04266975308641975,REF
BYPASS_20260928_V01_F01854,frame_01854.jpg,1854.0,-24.857792314681546,-208.70000259772584,0.1580764208310916,0.05065586419753086,REF
BYPASS_20260928_V01_F01855,frame_01855.jpg,1855.0,-30.12677000276372,-216.95739365440738,0.26496702079419737,0.05021219135802469,REF
BYPASS_20260928_V01_F01856,frame_01856.jpg,1856.0,29.543292982605095,-233.80806569616908,-0.005910716895703916,0.0,EVENTO
BYPASS_20260928_V01_F01857,frame_01857.jpg,1857.0,-58.240971121813004,-193.10405594572075,0.12615841612403775,0.0,EVENTO
BYPASS_20260928_V01_F01858,frame_01858.jpg,1858.0,-77.28366714127188,-153.33674683736194,0.30594839740682533,0.05531442901234568,REF
BYPASS_20260928_V01_F01859,frame_01859.jpg,1859.0,-59.00869558058375,-84.20760894564668,0.4585767473703549,0.04428047839506173,REF
BYPASS_20260928_V01_F01860,frame_01860.jpg,1860.0,-26.640444601054327,-47.92531423756941,0.5290238362771493,0.04555362654320988,REF
BYPASS_20260928_V01_F01861,frame_01861.jpg,1861.0,-23.008801524605218,-30.865245694188047,0.5098729497856564,0.036014660493827164,REF
BYPASS_20260928_V01_F01862,frame_01862.jpg,1862.0,-53.28668649788531,40.90620260124544,0.5185856012650478,0.04334490740740741,REF
BYPASS_20260928_V01_F01863,frame_01863.jpg,1863.0,-47.98516659571243,77.00896167441057,0.5550774979002682,0.06050347222222222,REF
BYPASS_20260928_V01_F01864,frame_01864.jpg,1864.0,-36.13334452710515,54.09439978091822,0.653028745562942,0.05520833333333333,REF
BYPASS_20260928_V01_F01865,frame_01865.jpg,1865.0,-25.263010785059436,39.17267140580455,0.6976228215076306,0.04184992283950617,REF
BYPASS_20260928_V01_F01866,frame_01866.jpg,1866.0,-7.036213353922761,44.63028290914127,0.6866860583976463,0.04219714506172839,REF
BYPASS_20260928_V01_F01867,frame_01867.jpg,1867.0,-3.6578929948302346,32.48628750175547,0.6846597640602677,0.04232253086419753,REF
BYPASS_20260928_V01_F01868,frame_01868.jpg,1868.0,-6.7010994096554555,23.407043813600865,0.6551785754568783,0.039795524691358025,REF
BYPASS_20260928_V01_F01869,frame_01869.jpg,1869.0,-15.636400371667094,17.090436810222315,0.5976195436936838,0.0378858024691358,REF
BYPASS_20260928_V01_F01870,frame_01870.jpg,1870.0,-21.633400046454966,24.047088911936527,0.5907086878647039,0.04510030864197531,REF
BYPASS_20260928_V01_F01871,frame_01871.jpg,1871.0,-32.211487676113705,24.07424488318682,0.5609000074274746,0.046739969135802466,REF
BYPASS_20260928_V01_F01872,frame_01872.jpg,1872.0,-36.897317224700714,20.578981804316328,0.5389570598249083,0.04202353395061728,REF
BYPASS_20260928_V01_F01873,frame_01873.jpg,1873.0,-39.89404369891858,5.780724630420849,0.5495587864039857,0.0478491512345679,REF
BYPASS_20260928_V01_F01874,frame_01874.jpg,1874.0,-44.54877189531669,2.572888073689711,0.5596237288581001,0.048726851851851855,REF
BYPASS_20260928_V01_F01875,frame_01875.jpg,1875.0,-46.68681081250244,21.000797565706193,0.5254397830845398,0.05217978395061729,REF
BYPASS_20260928_V01_F01876,frame_01876.jpg,1876.0,-50.37495822113681,20.955031788183135,0.5132145384211599,0.06150655864197531,REF
BYPASS_20260928_V01_F01877,frame_01877.jpg,1877.0,-49.38621257016965,11.445265049414047,0.5153197426854829,0.05251736111111111,REF
BYPASS_20260928_V01_F01878,frame_01878.jpg,1878.0,-39.81582455685964,-12.441766255076516,0.5162438505961571,0.045746527777777775,REF
BYPASS_20260928_V01_F01879,frame_01879.jpg,1879.0,-34.65074909832239,-9.065754306326824,0.5427799296967777,0.04430941358024691,REF
BYPASS_20260928_V01_F01880,frame_01880.jpg,1880.0,-34.42090742224383,-5.45377199982633,0.5653488882897812,0.037654320987654324,REF
BYPASS_20260928_V01_F01881,frame_01881.jpg,1881.0,-34.561708828781036,-9.52806581769724,0.5716000528983128,0.03641975308641975,REF
BYPASS_20260928_V01_F01882,frame_01882.jpg,1882.0,-35.09812529154647,-9.205919308479992,0.6023347030451268,0.03781828703703704,REF
BYPASS_20260928_V01_F01883,frame_01883.jpg,1883.0,-31.633066015616976,-15.228938133804263,0.606151869856281,0.03763503086419753,REF
BYPASS_20260928_V01_F01884,frame_01884.jpg,1884.0,-27.22673026440907,-30.061155191347837,0.6034539260981996,0.04282407407407408,REF
BYPASS_20260928_V01_F01885,frame_01885.jpg,1885.0,-17.750258718357088,-34.52981561125071,0.6941280955149803,0.029562114197530864,REF
BYPASS_20260928_V01_F01886,frame_01886.jpg,1886.0,-12.413862131598137,-37.43207640523167,0.6821938202704912,0.028973765432098765,REF
BYPASS_20260928_V01_F01887,frame_01887.jpg,1887.0,-9.02066217620407,-46.03149068014116,0.7499163951402829,0.03192515432098766,REF
BYPASS_20260928_V01_F01888,frame_01888.jpg,1888.0,-14.237377424902377,-47.15229905924468,0.6773144353319097,0.02802854938271605,REF
BYPASS_20260928_V01_F01889,frame_01889.jpg,1889.0,-17.06410934588604,-52.454544960439534,0.6767267459704552,0.027276234567901233,REF
BYPASS_20260928_V01_F01890,frame_01890.jpg,1890.0,-17.96796563265451,-67.63730648058123,0.699243684462559,0.031655092592592596,REF
BYPASS_20260928_V01_F01891,frame_01891.jpg,1891.0,-13.181189697028543,-67.93795199857607,0.703848769782502,0.02377507716049383,REF
BYPASS_20260928_V01_F01892,frame_01892.jpg,1892.0,-8.91992446877191,-69.47799282294324,0.7385181379171065,0.03856095679012346,REF
BYPASS_20260928_V01_F01893,frame_01893.jpg,1893.0,-7.063936152717275,-78.8251888104873,0.6991617882693255,0.02962962962962963,REF
BYPASS_20260928_V01_F01894,frame_01894.jpg,1894.0,-6.222128357712762,-86.73450431790826,0.7081956337999414,0.038744212962962966,REF
BYPASS_20260928_V01_F01895,frame_01895.jpg,1895.0,-6.782960122845225,-71.85027540501818,0.7101009177572933,0.03761574074074074,REF
BYPASS_20260928_V01_F01896,frame_01896.jpg,1896.0,-19.203559968360906,-51.05948725721143,0.6994225460806011,0.0339891975308642,REF
BYPASS_20260928_V01_F01897,frame_01897.jpg,1897.0,-13.022799175858921,-44.407742058586706,0.6988979591999525,0.025829475308641974,REF
BYPASS_20260928_V01_F01898,frame_01898.jpg,1898.0,-9.72489416979812,-34.93692606770506,0.7091953442420489,0.026957947530864196,REF
BYPASS_20260928_V01_F01899,frame_01899.jpg,1899.0,-6.550270888650829,-35.068467936968204,0.7314647580370491,0.02703510802469136,REF
BYPASS_20260928_V01_F01900,frame_01900.jpg,1900.0,4.969247322983648,-28.709377382122426,0.7181541202980795,0.02781635802469136,REF
BYPASS_20260928_V01_F01901,frame_01901.jpg,1901.0,2.5123958131448205,-43.656898373433904,0.7236958977616863,0.03017939814814815,REF
BYPASS_20260928_V01_F01902,frame_01902.jpg,1902.0,2.297250536908365,-51.54624021241159,0.7577692122371108,0.034124228395061726,REF
BYPASS_20260928_V01_F01903,frame_01903.jpg,1903.0,-4.813579162704087,-55.45888229116409,0.7331880359737961,0.02789351851851852,REF
BYPASS_20260928_V01_F01904,frame_01904.jpg,1904.0,-7.402404607495441,-57.672793011748865,0.7486053148905436,0.03209876543209877,REF
BYPASS_20260928_V01_F01905,frame_01905.jpg,1905.0,-11.96762380161232,-66.83448688385263,0.7303846088456519,0.04146412037037037,REF
BYPASS_20260928_V01_F01906,frame_01906.jpg,1906.0,-13.254108202678452,-78.74080511933224,0.6914285427258339,0.034027777777777775,REF
BYPASS_20260928_V01_F01907,frame_01907.jpg,1907.0,-12.189525007244981,-93.33977124055767,0.6927253059398981,0.04137731481481482,REF
BYPASS_20260928_V01_F01908,frame_01908.jpg,1908.0,-9.16277909059258,-97.93822855360574,0.6382599440621741,0.038580246913580245,REF
BYPASS_20260928_V01_F01909,frame_01909.jpg,1909.0,-6.475279234197359,-108.03399703071739,0.6899033462559735,0.04822530864197531,REF
BYPASS_20260928_V01_F01910,frame_01910.jpg,1910.0,-15.43124755107624,-121.20556138649195,0.5929290934845254,0.04112654320987654,REF
BYPASS_20260928_V01_F01911,frame_01911.jpg,1911.0,-13.862441341397982,-118.8088125032057,0.6531942029058198,0.03328510802469136,REF
BYPASS_20260928_V01_F01912,frame_01912.jpg,1912.0,-21.10476957141745,-123.79134454045666,0.5911047053925785,0.04689429012345679,REF
BYPASS_20260928_V01_F01913,frame_01913.jpg,1913.0,-23.824225225389824,-135.326508980882,0.5366015397472146,0.051437114197530866,REF
BYPASS_20260928_V01_F01914,frame_01914.jpg,1914.0,-21.833789366329768,-144.5859959841084,0.4903910890037631,0.038155864197530864,REF
BYPASS_20260928_V01_F01915,frame_01915.jpg,1915.0,-18.783116416378647,-158.2508271498448,0.5227389752128978,0.04547646604938271,REF
BYPASS_20260928_V01_F01916,frame_01916.jpg,1916.0,-15.533620122158766,-155.4520222543063,0.565929103191988,0.04319058641975309,REF
BYPASS_20260928_V01_F01917,frame_01917.jpg,1917.0,-16.25531671218306,-160.60764551454994,0.570574504504969,0.03698881172839506,REF
BYPASS_20260928_V01_F01918,frame_01918.jpg,1918.0,-19.649225066364693,-165.92601232237263,0.43775491214092865,0.037924382716049386,REF
BYPASS_20260928_V01_F01919,frame_01919.jpg,1919.0,-25.33613784799641,-162.8319742831618,0.4085899826921063,0.0441358024691358,REF
BYPASS_20260928_V01_F01920,frame_01920.jpg,1920.0,-20.669925690866307,-156.41894995349867,0.45274663677922,0.061275077160493824,REF
BYPASS_20260928_V01_F01921,frame_01921.jpg,1921.0,-20.613962354298593,-153.84640829782225,0.5104640850314388,0.05497685185185185,REF
BYPASS_20260928_V01_F01922,frame_01922.jpg,1922.0,-25.368923556724525,-155.1750638139097,0.5252056645758358,0.04264081790123457,REF
BYPASS_20260928_V01_F01923,frame_01923.jpg,1923.0,-20.71633234085141,-144.97568352558477,0.5831372570844344,0.054002700617283954,REF
BYPASS_20260928_V01_F01924,frame_01924.jpg,1924.0,-26.802167715089382,-148.09123561857103,0.5077036984908728,0.05777391975308642,REF
BYPASS_20260928_V01_F01925,frame_01925.jpg,1925.0,-32.40037856987402,-155.09554851929238,0.5186490264203814,0.055922067901234565,REF
BYPASS_20260928_V01_F01926,frame_01926.jpg,1926.0,-41.4917437721852,-140.25896467501286,0.5466623359256321,0.05110918209876543,REF
BYPASS_20260928_V01_F01927,frame_01927.jpg,1927.0,-47.92681306809283,-132.40025978785064,0.498835673155608,0.05252700617283951,REF
BYPASS_20260928_V01_F01928,frame_01928.jpg,1928.0,-56.11367602105517,-133.19978940001133,0.554253833235046,0.04381751543209877,REF
BYPASS_20260928_V01_F01929,frame_01929.jpg,1929.0,-58.59387170103798,-136.9157636591859,0.5756378672741077,0.04487847222222222,REF
BYPASS_20260928_V01_F01930,frame_01930.jpg,1930.0,-59.159639327095164,-139.70374043211208,0.4798548011132229,0.044203317901234565,REF
BYPASS_20260928_V01_F01931,frame_01931.jpg,1931.0,-58.61365065145574,-145.59718332324942,0.4739704464688713,0.04232253086419753,REF
BYPASS_20260928_V01_F01932,frame_01932.jpg,1932.0,-58.47155378997505,-156.4329584393972,0.3287954904414989,0.05368441358024691,REF
BYPASS_20260928_V01_F01933,frame_01933.jpg,1933.0,-56.02307353662789,-155.96912418108056,0.24349863746283967,0.0576195987654321,REF
BYPASS_20260928_V01_F01934,frame_01934.jpg,1934.0,-53.07857368042136,-147.99905694920162,0.3660191931106426,0.04600694444444445,REF
BYPASS_20260928_V01_F01935,frame_01935.jpg,1935.0,-50.02462304196072,-150.51098109034177,0.2524236384733224,0.05550733024691358,REF
BYPASS_20260928_V01_F01936,frame_01936.jpg,1936.0,-52.80074167419579,-142.67631945870406,0.43071626277617464,0.038628472222222224,REF
BYPASS_20260928_V01_F01937,frame_01937.jpg,1937.0,-53.39758629235817,-129.38303432085814,0.2734588960070669,0.05498649691358025,REF
BYPASS_20260928_V01_F01938,frame_01938.jpg,1938.0,-57.38743559677232,-128.76883750570533,0.4355482476728934,0.03748070987654321,REF
BYPASS_20260928_V01_F01939,frame_01939.jpg,1939.0,-50.06480372487994,-138.1999715081722,0.2771500547726949,0.05856481481481481,REF
BYPASS_20260928_V01_F01940,frame_01940.jpg,1940.0,-52.124386414682874,-133.671947090881,0.480822918444504,0.030073302469135803,REF
BYPASS_20260928_V01_F01941,frame_01941.jpg,1941.0,-51.35790799112783,-119.41242030955229,0.4984984642929501,0.03302469135802469,REF
BYPASS_20260928_V01_F01942,frame_01942.jpg,1942.0,-53.46421389411017,-104.78112474308756,0.49566786289215087,0.04325810185185185,REF
BYPASS_20260928_V01_F01943,frame_01943.jpg,1943.0,-53.820412585817365,-101.92885557982288,0.5147553208433552,0.04856288580246913,REF
BYPASS_20260928_V01_F01944,frame_01944.jpg,1944.0,-49.94880501738757,-108.99944207043819,0.614630777011683,0.032552083333333336,REF
BYPASS_20260928_V01_F01945,frame_01945.jpg,1945.0,-47.264604090232126,-117.63417552261203,0.5692444218529595,0.03846450617283951,REF
BYPASS_20260928_V01_F01946,frame_01946.jpg,1946.0,-46.998835561175014,-122.03578310196917,0.5810272634765248,0.03159722222222222,REF
BYPASS_20260928_V01_F01947,frame_01947.jpg,1947.0,-43.71982777827901,-122.6811912000899,0.5966015543466733,0.03851273148148148,REF
BYPASS_20260928_V01_F01948,frame_01948.jpg,1948.0,223.43268821334377,-117.77911460284372,0.5999359185313001,0.03806905864197531,REF
BYPASS_20260928_V01_F01949,frame_01949.jpg,1949.0,104.94882084135173,-8.173154220418922,0.0036964148650934668,0.0,EVENTO
BYPASS_20260928_V01_F01950,frame_01950.jpg,1950.0,-61.030322556524084,-89.17713740107894,0.02053015563223097,0.0,EVENTO
BYPASS_20260928_V01_F01951,frame_01951.jpg,1951.0,102.83084217179041,-122.7167672253401,0.5966446188496954,0.029774305555555554,REF
BYPASS_20260928_V01_F01952,frame_01952.jpg,1952.0,-34.39580920444166,-101.51610035715538,0.5424368996679046,0.022800925925925926,REF
BYPASS_20260928_V01_F01953,frame_01953.jpg,1953.0,-75.09644340166494,-80.64456986218542,0.47439468819418074,0.035570987654320985,REF
BYPASS_20260928_V01_F01954,frame_01954.jpg,1954.0,-60.361331754526276,-81.21650328606665,0.4603181818385183,0.03490547839506173,REF
BYPASS_20260928_V01_F01955,frame_01955.jpg,1955.0,-52.47490842926976,-95.40187547589673,0.49213549340212787,0.03148148148148148,REF
BYPASS_20260928_V01_F01956,frame_01956.jpg,1956.0,-49.28787105164443,-98.11513849423542,0.47415644180627514,0.03197337962962963,REF
BYPASS_20260928_V01_F01957,frame_01957.jpg,1957.0,-50.140085436845794,-104.5020088574366,0.4401930177653277,0.043624614197530866,REF
BYPASS_20260928_V01_F01958,frame_01958.jpg,1958.0,-49.83863395278041,-117.41135697390379,0.3942629329952193,0.03787615740740741,REF
BYPASS_20260928_V01_F01959,frame_01959.jpg,1959.0,-51.61731357025104,-119.63908104410365,0.3565290726261374,0.04243827160493827,REF
BYPASS_20260928_V01_F01960,frame_01960.jpg,1960.0,-52.657062045091635,-116.65050897957914,0.43470466401841906,0.03637152777777778,REF
BYPASS_20260928_V01_F01961,frame_01961.jpg,1961.0,-51.76361973269985,-119.4459060576481,0.4047989769482318,0.03900462962962963,REF
BYPASS_20260928_V01_F01962,frame_01962.jpg,1962.0,-54.95794068080281,-117.3388588857693,0.4159890549418367,0.03814621913580247,REF
BYPASS_20260928_V01_F01963,frame_01963.jpg,1963.0,-58.78258261019141,-117.04216052876373,0.45772467086344587,0.035619212962962964,REF
BYPASS_20260928_V01_F01964,frame_01964.jpg,1964.0,-55.99483789734833,-108.88967385159734,0.47482686705059474,0.027546296296296298,REF
BYPASS_20260928_V01_F01965,frame_01965.jpg,1965.0,-60.20696183387511,-99.06530544151232,0.44927947962725606,0.03479938271604938,REF
BYPASS_20260928_V01_F01966,frame_01966.jpg,1966.0,-57.5100129472973,-106.95066347446979,0.45492261891011837,0.028993055555555557,REF
BYPASS_20260928_V01_F01967,frame_01967.jpg,1967.0,-51.23735931156429,-107.67205765421772,0.4187881817052394,0.0392650462962963,REF
BYPASS_20260928_V01_F01968,frame_01968.jpg,1968.0,-44.10126637920823,-96.78025718925448,0.5242484784420626,0.026494984567901236,REF
BYPASS_20260928_V01_F01969,frame_01969.jpg,1969.0,-40.0954015536625,-95.26339645416073,0.5348308344682058,0.0212866512345679,REF
BYPASS_20260928_V01_F01970,frame_01970.jpg,1970.0,-37.32228288683197,-87.7391446451287,0.5682645538706839,0.020071373456790123,REF
BYPASS_20260928_V01_F01971,frame_01971.jpg,1971.0,-32.380214096619994,-75.48693102697564,0.46760832763012544,0.031317515432098764,REF
BYPASS_20260928_V01_F01972,frame_01972.jpg,1972.0,-26.777290549368217,-57.92514333070122,0.6079587499300639,0.020534336419753087,REF
BYPASS_20260928_V01_F01973,frame_01973.jpg,1973.0,-20.79947886298504,-47.72143496641155,0.6642573151323531,0.025173611111111112,REF
BYPASS_20260928_V01_F01974,frame_01974.jpg,1974.0,-22.554332211313692,-42.21865572289852,0.6022965136869454,0.021903935185185186,REF
BYPASS_20260928_V01_F01975,frame_01975.jpg,1975.0,-25.57268578234948,-29.942157959933553,0.5775352639916502,0.02829861111111111,REF
BYPASS_20260928_V01_F01976,frame_01976.jpg,1976.0,-24.699897659486254,-9.373903622606008,0.5625586228606142,0.03677662037037037,REF
BYPASS_20260928_V01_F01977,frame_01977.jpg,1977.0,-33.45537209100263,11.616819482112334,0.5592501406316404,0.04195601851851852,REF
BYPASS_20260928_V01_F01978,frame_01978.jpg,1978.0,-43.39776872184555,30.398218884727726,0.5495733884381659,0.039872685185185185,REF
BYPASS_20260928_V01_F01979,frame_01979.jpg,1979.0,-41.776868113891794,32.83650785054806,0.5434057027469447,0.052961033950617284,REF
BYPASS_20260928_V01_F01980,frame_01980.jpg,1980.0,-40.71913843094208,36.390094313494046,0.48935543931560754,0.04632523148148148,REF
BYPASS_20260928_V01_F01981,frame_01981.jpg,1981.0,-39.525288995101505,29.5755070140369,0.5349342858349836,0.04856288580246913,REF
BYPASS_20260928_V01_F01982,frame_01982.jpg,1982.0,-40.15265599994885,12.247346631290469,0.519893181912693,0.04341242283950617,REF
BYPASS_20260928_V01_F01983,frame_01983.jpg,1983.0,-38.117628809091514,-5.7585699120440665,0.5447325827162943,0.04196566358024691,REF
BYPASS_20260928_V01_F01984,frame_01984.jpg,1984.0,-41.41516743976899,-0.9564266411490507,0.5392973437721347,0.037528935185185186,REF
BYPASS_20260928_V01_F01985,frame_01985.jpg,1985.0,-42.818233704324626,-11.464169910557843,0.5426649802996788,0.03505979938271605,REF
BYPASS_20260928_V01_F01986,frame_01986.jpg,1986.0,-22.171133328028077,-48.75557476863,0.5961678478452894,0.024537037037037038,REF
BYPASS_20260928_V01_F01987,frame_01987.jpg,1987.0,3.562785076748895,-69.02362807307838,0.7158123881728561,0.027922453703703703,REF
BYPASS_20260928_V01_F01988,frame_01988.jpg,1988.0,-10.559334576482911,-68.70693394011079,0.6782400870028837,0.019820601851851853,REF
BYPASS_20260928_V01_F01989,frame_01989.jpg,1989.0,16.47356080556932,-69.32621618874037,0.641877039052822,0.024286265432098764,REF
BYPASS_20260928_V01_F01990,frame_01990.jpg,1990.0,214.86644801279414,-124.90531316155537,0.532289112938775,0.03575424382716049,REF
BYPASS_20260928_V01_F01991,frame_01991.jpg,1991.0,242.06023840275935,-151.99146322728217,0.46943327173774624,0.03908179012345679,REF
BYPASS_20260928_V01_F01992,frame_01992.jpg,1992.0,85.03467448152975,-166.6984960842136,0.5026608009397248,0.02771990740740741,REF
BYPASS_20260928_V01_F01993,frame_01993.jpg,1993.0,20.37097877902056,-173.02902377505262,0.4211509857648685,0.03287037037037037,REF
BYPASS_20260928_V01_F01994,frame_01994.jpg,1994.0,9.916832874963546,-169.09927481100377,0.3899624349894347,0.030198688271604938,REF
BYPASS_20260928_V01_F01995,frame_01995.jpg,1995.0,19.957356658913596,-178.85873464876622,0.38509469076439184,0.039072145061728396,REF
BYPASS_20260928_V01_F01996,frame_01996.jpg,1996.0,24.855325283519534,-186.04616940067643,0.3664448693946556,0.047357253086419755,REF
BYPASS_20260928_V01_F01997,frame_01997.jpg,1997.0,26.007929889655145,-184.0646282193173,0.3999289296291493,0.03981481481481482,REF
BYPASS_20260928_V01_F01998,frame_01998.jpg,1998.0,25.96102150732392,-176.40628152367577,0.4710211988584495,0.035416666666666666,REF
BYPASS_20260928_V01_F01999,frame_01999.jpg,1999.0,38.091163960404174,-171.05729599553572,0.4623465096509015,0.0386670524691358,REF
BYPASS_20260928_V01_F02000,frame_02000.jpg,2000.0,38.72156437655917,-170.59200878209046,0.43327636556860843,0.039573688271604936,REF
BYPASS_20260928_V01_F02001,frame_02001.jpg,2001.0,39.432860932545196,-166.39657711637406,0.413515575726827,0.03471257716049383,REF
BYPASS_20260928_V01_F02002,frame_02002.jpg,2002.0,38.86438277162176,-155.78716605538833,0.48095942043963774,0.03761574074074074,REF
BYPASS_20260928_V01_F02003,frame_02003.jpg,2003.0,26.533217361506644,-131.95980372830465,0.4639642009028682,0.0466724537037037,REF
BYPASS_20260928_V01_F02004,frame_02004.jpg,2004.0,22.59790617756036,-120.04139338027329,0.5098769937032535,0.041020447530864194,REF
BYPASS_20260928_V01_F02005,frame_02005.jpg,2005.0,15.700250046024166,-114.40359647753812,0.49426198447192154,0.0433641975308642,REF
BYPASS_20260928_V01_F02006,frame_02006.jpg,2006.0,13.223968167126685,-98.38192363436937,0.5188078783176563,0.03373842592592593,REF
BYPASS_20260928_V01_F02007,frame_02007.jpg,2007.0,22.66256805818844,-108.02231966620357,0.5042978492783912,0.04056712962962963,REF
BYPASS_20260928_V01_F02008,frame_02008.jpg,2008.0,32.022860271693304,-139.7748614569464,0.5170386894249622,0.02826003086419753,REF
BYPASS_20260928_V01_F02009,frame_02009.jpg,2009.0,33.55409071952863,-153.48963976307033,0.5234811844649139,0.034944058641975306,REF
BYPASS_20260928_V01_F02010,frame_02010.jpg,2010.0,32.38324043269637,-149.05745100796398,0.5065084270489069,0.02922453703703704,REF
BYPASS_20260928_V01_F02011,frame_02011.jpg,2011.0,30.373922445660355,-126.20755756196004,0.5936839002150076,0.03229166666666667,REF
BYPASS_20260928_V01_F02012,frame_02012.jpg,2012.0,21.12284212108335,-125.29521342884584,0.5156692448957467,0.02742091049382716,REF
BYPASS_20260928_V01_F02013,frame_02013.jpg,2013.0,21.603931124030595,-121.16991295471774,0.5719419187969632,0.026707175925925926,REF
BYPASS_20260928_V01_F02014,frame_02014.jpg,2014.0,20.440819444600407,-131.95154601540628,0.5432687558877616,0.028684413580246912,REF
BYPASS_20260928_V01_F02015,frame_02015.jpg,2015.0,25.15401101824179,-142.51128906527197,0.5342491961739682,0.022733410493827162,REF
BYPASS_20260928_V01_F02016,frame_02016.jpg,2016.0,17.426362438849623,-132.2105830331842,0.5440373910797967,0.027700617283950617,REF
BYPASS_20260928_V01_F02017,frame_02017.jpg,2017.0,8.753325435145314,-129.1413708462946,0.5317680127090878,0.03220486111111111,REF
BYPASS_20260928_V01_F02018,frame_02018.jpg,2018.0,51.83068249479652,-122.67029424302129,0.5465117987291312,0.03746141975308642,REF
BYPASS_20260928_V01_F02019,frame_02019.jpg,2019.0,78.17500890393228,-137.81461710950646,0.4927984214123384,0.038879243827160494,REF
BYPASS_20260928_V01_F02020,frame_02020.jpg,2020.0,88.3084085745769,-137.49296584087205,0.537238613764445,0.04235146604938272,REF
BYPASS_20260928_V01_F02021,frame_02021.jpg,2021.0,55.51472302794522,-134.7809621326317,0.5654803928033805,0.03559992283950617,REF
BYPASS_20260928_V01_F02022,frame_02022.jpg,2022.0,41.97745655136154,-139.89422193905008,0.5291921087989101,0.026591435185185187,REF
BYPASS_20260928_V01_F02023,frame_02023.jpg,2023.0,29.645212601164474,-146.67337494879595,0.5265469590822855,0.03657407407407407,REF
BYPASS_20260928_V01_F02024,frame_02024.jpg,2024.0,22.479876558818432,-151.50924653190214,0.5150890213471871,0.023466435185185184,REF
BYPASS_20260928_V01_F02025,frame_02025.jpg,2025.0,24.069628557512118,-146.54352988739694,0.506419077957118,0.029456018518518517,REF
BYPASS_20260928_V01_F02026,frame_02026.jpg,2026.0,21.05007475084585,-138.93872472166885,0.47459851459220603,0.02435378086419753,REF
BYPASS_20260928_V01_F02027,frame_02027.jpg,2027.0,22.570491317891992,-120.62882987385399,0.6091166401350939,0.018759645061728395,REF
BYPASS_20260928_V01_F02028,frame_02028.jpg,2028.0,17.947879046554533,-112.9690211679046,0.6083286058755568,0.01833526234567901,REF
BYPASS_20260928_V01_F02029,frame_02029.jpg,2029.0,18.24385304909518,-110.82356152376965,0.5608147999386729,0.024189814814814813,REF
BYPASS_20260928_V01_F02030,frame_02030.jpg,2030.0,14.016458620132283,-105.13252463914475,0.6077207064922945,0.02021604938271605,REF
BYPASS_20260928_V01_F02031,frame_02031.jpg,2031.0,-2.5307471179455376,-77.2887196934933,0.6975892667417173,0.014226466049382717,REF
BYPASS_20260928_V01_F02032,frame_02032.jpg,2032.0,-0.9635980485184348,-75.4545843703759,0.6742636530487626,0.012393904320987654,REF
BYPASS_20260928_V01_F02033,frame_02033.jpg,2033.0,0.5004390676054982,-79.04372280895612,0.6854393795684531,0.0130883487654321,REF
BYPASS_20260928_V01_F02034,frame_02034.jpg,2034.0,3.875217761692511,-83.94503577401096,0.6655135581522812,0.017119984567901234,REF
BYPASS_20260928_V01_F02035,frame_02035.jpg,2035.0,87.97146326215022,-89.87376085188203,0.6618300554928956,0.028404706790123458,REF
BYPASS_20260928_V01_F02036,frame_02036.jpg,2036.0,51.0174604981986,-125.43940251625023,0.012848858332928316,0.0,EVENTO
BYPASS_20260928_V01_F02037,frame_02037.jpg,2037.0,-522.5956546043911,-206.0695193342007,0.12201601678942457,0.0,EVENTO
BYPASS_20260928_V01_F02038,frame_02038.jpg,2038.0,40.109733898035785,-96.18737223305158,0.5366781947053509,0.034895833333333334,REF
BYPASS_20260928_V01_F02039,frame_02039.jpg,2039.0,-45.40301751479984,-74.54331036598887,0.5169337175510548,0.024758873456790124,REF
BYPASS_20260928_V01_F02040,frame_02040.jpg,2040.0,-41.57484703776316,-80.7867469606849,0.4749822641596382,0.023080632716049383,REF
BYPASS_20260928_V01_F02041,frame_02041.jpg,2041.0,-34.96051572209791,-66.43420262555281,0.635870377149111,0.015393518518518518,REF
BYPASS_20260928_V01_F02042,frame_02042.jpg,2042.0,-24.675648165092014,-66.83211281202148,0.6952918373508218,0.015152391975308642,REF
BYPASS_20260928_V01_F02043,frame_02043.jpg,2043.0,-22.5562669423218,-71.81121053177662,0.7119744960172677,0.02574266975308642,REF
BYPASS_20260928_V01_F02044,frame_02044.jpg,2044.0,-41.30645831802147,-66.67655067014996,0.6161091883241394,0.02553047839506173,REF
BYPASS_20260928_V01_F02045,frame_02045.jpg,2045.0,-56.81191407951752,-56.705510333021124,0.6668048536335981,0.03819444444444445,REF
BYPASS_20260928_V01_F02046,frame_02046.jpg,2046.0,-58.95532531438059,-30.87879845927432,0.6394495100150873,0.027353395061728396,REF
BYPASS_20260928_V01_F02047,frame_02047.jpg,2047.0,-60.83199124692237,-25.413367308585606,0.6533057632269683,0.027488425925925927,REF
BYPASS_20260928_V01_F02048,frame_02048.jpg,2048.0,-66.33194667163298,-40.08659457108948,0.6123521810696448,0.025395447530864198,REF
BYPASS_20260928_V01_F02049,frame_02049.jpg,2049.0,-69.61865780880669,-45.38821460056823,0.5733330341032994,0.03256172839506173,REF
BYPASS_20260928_V01_F02050,frame_02050.jpg,2050.0,-63.65664218615325,-45.25067109358841,0.5705522893387595,0.027864583333333335,REF
BYPASS_20260928_V01_F02051,frame_02051.jpg,2051.0,-64.73235797756186,-52.25741507823179,0.5821833829085032,0.018682484567901236,REF
BYPASS_20260928_V01_F02052,frame_02052.jpg,2052.0,-63.54520861244859,-54.1531208964154,0.6109797985465438,0.02275270061728395,REF
BYPASS_20260928_V01_F02053,frame_02053.jpg,2053.0,-63.97404877587206,-54.90297337302695,0.546363107510555,0.020669367283950617,REF
BYPASS_20260928_V01_F02054,frame_02054.jpg,2054.0,-66.04233792011829,-57.057243460940725,0.5412750757770773,0.030970293209876543,REF
BYPASS_20260928_V01_F02055,frame_02055.jpg,2055.0,-67.02847738103384,-51.34947476940462,0.5352058434192045,0.02292631172839506,REF
BYPASS_20260928_V01_F02056,frame_02056.jpg,2056.0,-64.39504108730782,-45.53769233694456,0.5786698428201087,0.019347993827160494,REF
BYPASS_20260928_V01_F02057,frame_02057.jpg,2057.0,-61.68165084895557,-41.65584053655758,0.6036438662328838,0.02769097222222222,REF
BYPASS_20260928_V01_F02058,frame_02058.jpg,2058.0,-64.37089162915527,-36.43342342270128,0.5796193885214534,0.02446952160493827,REF
BYPASS_20260928_V01_F02059,frame_02059.jpg,2059.0,-60.6797975893499,-31.01994566084113,0.5341758669158558,0.027883873456790123,REF
BYPASS_20260928_V01_F02060,frame_02060.jpg,2060.0,-56.82882569268867,-33.20231454985702,0.5673056116810551,0.03486689814814815,REF
BYPASS_20260928_V01_F02061,frame_02061.jpg,2061.0,-56.03901797824241,-24.366761509189445,0.5704216614917472,0.026929012345679012,REF
BYPASS_20260928_V01_F02062,frame_02062.jpg,2062.0,-60.095104236268554,-15.746016377297337,0.5413162737716863,0.03503086419753086,REF
BYPASS_20260928_V01_F02063,frame_02063.jpg,2063.0,-61.93321120047838,-12.272527025660821,0.5790484260629725,0.03052662037037037,REF
BYPASS_20260928_V01_F02064,frame_02064.jpg,2064.0,-63.773938193069,-18.973363584593585,0.5171991112055602,0.03052662037037037,REF
BYPASS_20260928_V01_F02065,frame_02065.jpg,2065.0,-70.63736009859315,-30.821684517227766,0.5772142301371068,0.025655864197530864,REF
BYPASS_20260928_V01_F02066,frame_02066.jpg,2066.0,-69.5218762910201,-30.385329738815187,0.5822369695445637,0.027575231481481482,REF
BYPASS_20260928_V01_F02067,frame_02067.jpg,2067.0,-71.27689130503418,-24.678956288420096,0.5429472379478407,0.029967206790123456,REF
BYPASS_20260928_V01_F02068,frame_02068.jpg,2068.0,-73.6332868125941,-37.07169026493568,0.4689715707743609,0.03669945987654321,REF
BYPASS_20260928_V01_F02069,frame_02069.jpg,2069.0,-79.95958705279295,-37.50250918466327,0.5210364491851242,0.03586033950617284,REF
BYPASS_20260928_V01_F02070,frame_02070.jpg,2070.0,-82.93948193013296,-43.24108689719367,0.49281658552311086,0.03895640432098765,REF
BYPASS_20260928_V01_F02071,frame_02071.jpg,2071.0,-82.05625517957131,-42.72331783581262,0.5398937454930058,0.03046875,REF
BYPASS_20260928_V01_F02072,frame_02072.jpg,2072.0,-82.25364780086318,-46.05537577823662,0.5124561275964902,0.03655478395061729,REF
BYPASS_20260928_V01_F02073,frame_02073.jpg,2073.0,-82.25982702338231,-49.429049025075955,0.5273864013545307,0.03695023148148148,REF
BYPASS_20260928_V01_F02074,frame_02074.jpg,2074.0,-84.36517525348444,-57.3094111523757,0.5710447613103891,0.036217206790123455,REF
BYPASS_20260928_V01_F02075,frame_02075.jpg,2075.0,-80.5064409953236,-58.27705097835559,0.5086477612271721,0.04032600308641975,REF
BYPASS_20260928_V01_F02076,frame_02076.jpg,2076.0,-82.53274985864408,-66.74090634466043,0.521193257967631,0.03525270061728395,REF
BYPASS_20260928_V01_F02077,frame_02077.jpg,2077.0,-68.28957742816038,-79.21745868172013,0.5321621063314839,0.03373842592592593,REF
BYPASS_20260928_V01_F02078,frame_02078.jpg,2078.0,-53.104495480874476,-94.65023173836221,0.5402561106063701,0.029928626543209876,REF
BYPASS_20260928_V01_F02079,frame_02079.jpg,2079.0,-47.33665041087417,-96.71007089197781,0.46526324800503105,0.04132908950617284,REF
BYPASS_20260928_V01_F02080,frame_02080.jpg,2080.0,-44.84772768116861,-81.63573483021167,0.49392647007365287,0.03896604938271605,REF
BYPASS_20260928_V01_F02081,frame_02081.jpg,2081.0,-52.610221645492516,-75.38182766870207,0.5425418644775579,0.03203125,REF
BYPASS_20260928_V01_F02082,frame_02082.jpg,2082.0,-55.43772431020324,-60.56388482426959,0.5799081256360183,0.026784336419753085,REF
BYPASS_20260928_V01_F02083,frame_02083.jpg,2083.0,-66.57367057893353,-65.59650605556172,0.6152203961654946,0.032725694444444446,REF
BYPASS_20260928_V01_F02084,frame_02084.jpg,2084.0,-53.484173034860135,-87.41677563761195,0.5311623290733055,0.03513695987654321,REF
BYPASS_20260928_V01_F02085,frame_02085.jpg,2085.0,-58.060696481411526,-76.02342293027527,0.5294399401287974,0.033130787037037035,REF
BYPASS_20260928_V01_F02086,frame_02086.jpg,2086.0,-22.940411726141036,-58.22462496431365,0.574643615881602,0.020380015432098764,REF
BYPASS_20260928_V01_F02087,frame_02087.jpg,2087.0,9.094563588469214,-51.50177893831929,0.6952855525193391,0.025279706790123455,REF
BYPASS_20260928_V01_F02088,frame_02088.jpg,2088.0,25.655051981043584,-62.616723146145716,0.670915080294197,0.022646604938271604,REF
BYPASS_20260928_V01_F02089,frame_02089.jpg,2089.0,22.334918131462388,-67.82367893936674,0.6878051429986953,0.023119212962962963,REF
BYPASS_20260928_V01_F02090,frame_02090.jpg,2090.0,15.615589293446504,-52.664867035631204,0.6942217379440496,0.023389274691358024,REF
BYPASS_20260928_V01_F02091,frame_02091.jpg,2091.0,18.067037905039456,-58.503117796148786,0.7264607835699011,0.026504629629629628,REF
BYPASS_20260928_V01_F02092,frame_02092.jpg,2092.0,18.320033127605797,-77.26128096296603,0.7064171224464605,0.025443672839506173,REF
BYPASS_20260928_V01_F02093,frame_02093.jpg,2093.0,22.609592002531258,-74.45326835353114,0.6921461534352951,0.02113233024691358,REF
BYPASS_20260928_V01_F02094,frame_02094.jpg,2094.0,21.112156050734285,-70.71437730830371,0.7006292834694003,0.021701388888888888,REF
BYPASS_20260928_V01_F02095,frame_02095.jpg,2095.0,21.695271071536894,-72.14461558018229,0.710106360765151,0.023244598765432098,REF
BYPASS_20260928_V01_F02096,frame_02096.jpg,2096.0,25.13665561048296,-67.13072997677202,0.728176380675516,0.019859182098765433,REF
BYPASS_20260928_V01_F02097,frame_02097.jpg,2097.0,27.98694756305764,-65.90319806792795,0.7202646535119893,0.027662037037037037,REF
BYPASS_20260928_V01_F02098,frame_02098.jpg,2098.0,29.45279236441567,-64.83747119140114,0.6977774995344657,0.023939043209876543,REF
BYPASS_20260928_V01_F02099,frame_02099.jpg,2099.0,32.98282638171557,-54.88199342754643,0.7358562348801413,0.03532986111111111,REF
BYPASS_20260928_V01_F02100,frame_02100.jpg,2100.0,31.50573455948225,-45.38422619161682,0.7752699500248756,0.03121141975308642,REF
BYPASS_20260928_V01_F02101,frame_02101.jpg,2101.0,28.20882870668163,-45.27230091839675,0.7554463587425373,0.032629243827160495,REF
BYPASS_20260928_V01_F02102,frame_02102.jpg,2102.0,28.471393878645983,-30.06182043825453,0.7497461898827259,0.03119212962962963,REF
BYPASS_20260928_V01_F02103,frame_02103.jpg,2103.0,21.102254276532648,-31.79414466525185,0.7263819732783753,0.02585841049382716,REF
BYPASS_20260928_V01_F02104,frame_02104.jpg,2104.0,21.784671477593633,-35.23866237058397,0.7385159830988189,0.024131944444444445,REF
BYPASS_20260928_V01_F02105,frame_02105.jpg,2105.0,11.618295846401566,-23.944495631514172,0.741564600997501,0.027642746913580245,REF
BYPASS_20260928_V01_F02106,frame_02106.jpg,2106.0,1.526750398445472,-23.59953150406298,0.7277483879784007,0.022096836419753088,REF
BYPASS_20260928_V01_F02107,frame_02107.jpg,2107.0,5.067291175959099,-17.5586977182802,0.7215784458466518,0.023254243827160494,REF
BYPASS_20260928_V01_F02108,frame_02108.jpg,2108.0,0.85108654784122,-4.359683918303972,0.7528992985501701,0.02048611111111111,REF
BYPASS_20260928_V01_F02109,frame_02109.jpg,2109.0,2.6782088464807714,1.5188105870070956,0.6777612539721124,0.028018904320987654,REF
BYPASS_20260928_V01_F02110,frame_02110.jpg,2110.0,3.5838123293901845,4.888112230438708,0.6854839321271873,0.02673611111111111,REF
BYPASS_20260928_V01_F02111,frame_02111.jpg,2111.0,4.103177078151134,1.9773304767270474,0.7181297694459373,0.024778163580246912,REF
BYPASS_20260928_V01_F02112,frame_02112.jpg,2112.0,5.562728277259765,-0.9275768227173273,0.7076558610539377,0.027536651234567902,REF
BYPASS_20260928_V01_F02113,frame_02113.jpg,2113.0,6.258815562572266,-10.097277910755537,0.7167137176902206,0.025366512345679014,REF
BYPASS_20260928_V01_F02114,frame_02114.jpg,2114.0,14.973604083856088,-12.487379048702536,0.71380101589509,0.03416280864197531,REF
BYPASS_20260928_V01_F02115,frame_02115.jpg,2115.0,15.473949433919188,-15.901677391385846,0.711521562087683,0.02827932098765432,REF
BYPASS_20260928_V01_F02116,frame_02116.jpg,2116.0,18.186778754802503,-14.859829094319991,0.7271434396873285,0.028896604938271606,REF
BYPASS_20260928_V01_F02117,frame_02117.jpg,2117.0,20.593887576655334,-7.264484986342893,0.7181715470773202,0.022897376543209877,REF
BYPASS_20260928_V01_F02118,frame_02118.jpg,2118.0,42.15579614805077,-6.905759914997645,0.7468474665541708,0.027295524691358024,REF
BYPASS_20260928_V01_F02119,frame_02119.jpg,2119.0,132.51476683975753,-38.069647743896326,0.6814012767356119,0.03646797839506173,REF
BYPASS_20260928_V01_F02120,frame_02120.jpg,2120.0,140.25666201381514,-47.420689315258244,0.7040775696436564,0.040769675925925924,REF
BYPASS_20260928_V01_F02121,frame_02121.jpg,2121.0,137.42020573926777,-53.132058394115575,0.6932493865489959,0.03737461419753087,REF
BYPASS_20260928_V01_F02122,frame_02122.jpg,2122.0,125.54193689425603,-63.48449613589614,0.6846326818436752,0.0402391975308642,REF
BYPASS_20260928_V01_F02123,frame_02123.jpg,2123.0,107.72957428249381,-26.2296815094424,0.7408901358092272,0.04866898148148148,REF
BYPASS_20260928_V01_F02124,frame_02124.jpg,2124.0,83.21635040416544,-59.63141210915276,0.7122065217406661,0.030680941358024693,REF
BYPASS_20260928_V01_F02125,frame_02125.jpg,2125.0,76.50812782570029,-80.26271196446555,0.6802271328590535,0.022935956790123457,REF
BYPASS_20260928_V01_F02126,frame_02126.jpg,2126.0,73.67094962766006,-105.68556974343406,0.5897126687897576,0.03060378086419753,REF
BYPASS_20260928_V01_F02127,frame_02127.jpg,2127.0,81.084533516681,-108.93438571835054,0.5390498882458534,0.03898533950617284,REF
BYPASS_20260928_V01_F02128,frame_02128.jpg,2128.0,86.59514937484221,-116.81333836306507,0.5103115180392325,0.047858796296296295,REF
BYPASS_20260928_V01_F02129,frame_02129.jpg,2129.0,84.49142555752178,-96.31526660213456,0.5538569339999446,0.045814043209876545,REF
BYPASS_20260928_V01_F02130,frame_02130.jpg,2130.0,76.6703652884251,-84.00286709556866,0.5747756978611888,0.04441550925925926,REF
BYPASS_20260928_V01_F02131,frame_02131.jpg,2131.0,80.51769520895076,-78.05452746432093,0.5795488007274675,0.04476273148148148,REF
BYPASS_20260928_V01_F02132,frame_02132.jpg,2132.0,82.48157652220479,-74.372420399594,0.5720836638668437,0.039245756172839506,REF
BYPASS_20260928_V01_F02133,frame_02133.jpg,2133.0,90.65942791902583,-74.20914412464208,0.5487597235926875,0.04643132716049383,REF
BYPASS_20260928_V01_F02134,frame_02134.jpg,2134.0,92.71603748864851,-83.31255305546068,0.5126432509333999,0.05451388888888889,REF
BYPASS_20260928_V01_F02135,frame_02135.jpg,2135.0,93.247432852836,-80.88720696572366,0.5208484221387792,0.06157407407407407,REF
BYPASS_20260928_V01_F02136,frame_02136.jpg,2136.0,94.29640766791206,-84.57658546703291,0.4918677184316847,0.05752314814814815,REF
BYPASS_20260928_V01_F02137,frame_02137.jpg,2137.0,95.29035386914941,-93.74961561279574,0.42575453843599487,0.06529706790123457,REF
BYPASS_20260928_V01_F02138,frame_02138.jpg,2138.0,102.85827623034356,-95.31190847453922,0.49306700455921665,0.06341628086419752,REF
BYPASS_20260928_V01_F02139,frame_02139.jpg,2139.0,132.8962957988467,-89.10510410721352,0.48558021827980324,0.05689621913580247,REF
BYPASS_20260928_V01_F02140,frame_02140.jpg,2140.0,165.39131361048095,-84.25684422068991,0.5105592651131713,0.0628858024691358,REF
BYPASS_20260928_V01_F02141,frame_02141.jpg,2141.0,183.6370504138561,-75.1555152797201,0.5239185570198812,0.058998842592592596,REF
BYPASS_20260928_V01_F02142,frame_02142.jpg,2142.0,193.55009093919026,-66.9535290417137,0.5256336974508968,0.04737654320987654,REF
BYPASS_20260928_V01_F02143,frame_02143.jpg,2143.0,192.06954337475258,-75.62500373259263,0.5325856509032073,0.05692515432098765,REF
BYPASS_20260928_V01_F02144,frame_02144.jpg,2144.0,192.37663091571687,-77.17063930601006,0.5275008043389261,0.05451388888888889,REF
BYPASS_20260928_V01_F02145,frame_02145.jpg,2145.0,193.28361384530828,-60.2272224231628,0.5327272212063825,0.06045524691358025,REF
BYPASS_20260928_V01_F02146,frame_02146.jpg,2146.0,183.84979141729167,-42.46316181564379,0.5377890941537457,0.061844135802469134,REF
BYPASS_20260928_V01_F02147,frame_02147.jpg,2147.0,179.4413962441787,-44.973770252960634,0.5605735022344707,0.06067708333333333,REF
BYPASS_20260928_V01_F02148,frame_02148.jpg,2148.0,179.27694795107226,-45.58879197518499,0.5653426271897776,0.053308256172839505,REF
BYPASS_20260928_V01_F02149,frame_02149.jpg,2149.0,182.71553669226978,-39.0023256583475,0.5735404915279813,0.059278549382716046,REF
BYPASS_20260928_V01_F02150,frame_02150.jpg,2150.0,182.4191489065177,-41.48691048095151,0.6230850090215235,0.054272762345679015,REF
BYPASS_20260928_V01_F02151,frame_02151.jpg,2151.0,187.20431243774286,-42.279447613596886,0.6054212627587495,0.056741898148148145,REF
BYPASS_20260928_V01_F02152,frame_02152.jpg,2152.0,186.5105966912149,-62.47981901705293,0.5953103106698873,0.046045524691358024,REF
BYPASS_20260928_V01_F02153,frame_02153.jpg,2153.0,189.69135358298132,-69.74733922177543,0.5928038143817289,0.04560185185185185,REF
BYPASS_20260928_V01_F02154,frame_02154.jpg,2154.0,86.53676891459048,-87.31159776465992,0.6976801818535652,0.03505979938271605,REF
BYPASS_20260928_V01_F02155,frame_02155.jpg,2155.0,17.907712110316083,-103.94449924747812,0.7035283771561988,0.03394097222222222,REF
BYPASS_20260928_V01_F02156,frame_02156.jpg,2156.0,12.042376010038112,-91.41617146475892,0.7195584088195989,0.03060378086419753,REF
BYPASS_20260928_V01_F02157,frame_02157.jpg,2157.0,11.303581546189264,-87.0565288591103,0.7007500562402937,0.0330150462962963,REF
BYPASS_20260928_V01_F02158,frame_02158.jpg,2158.0,16.561665723014528,-86.59164719595066,0.6787500309355465,0.025472608024691357,REF
BYPASS_20260928_V01_F02159,frame_02159.jpg,2159.0,15.627951240153322,-88.70380368761724,0.6988565547966663,0.024836033950617283,REF
BYPASS_20260928_V01_F02160,frame_02160.jpg,2160.0,18.040267800789337,-99.05585574105868,0.6765586181923195,0.0421875,REF
BYPASS_20260928_V01_F02161,frame_02161.jpg,2161.0,15.644533591101862,-114.94133847963215,0.6378332478028756,0.032725694444444446,REF
BYPASS_20260928_V01_F02162,frame_02162.jpg,2162.0,12.32478416967325,-117.89730157898964,0.6343246536490358,0.03468364197530864,REF
BYPASS_20260928_V01_F02163,frame_02163.jpg,2163.0,13.064758993525118,-101.36067529581831,0.6613668243826172,0.028250385802469136,REF
BYPASS_20260928_V01_F02164,frame_02164.jpg,2164.0,8.883753707203311,-99.13205671239166,0.658808794065758,0.03983410493827161,REF
BYPASS_20260928_V01_F02165,frame_02165.jpg,2165.0,8.605166006247828,-89.42446577650875,0.6930342460856026,0.02957175925925926,REF
BYPASS_20260928_V01_F02166,frame_02166.jpg,2166.0,-2.7763942574703435,-70.08984814904207,0.72417903608746,0.02747878086419753,REF
BYPASS_20260928_V01_F02167,frame_02167.jpg,2167.0,-30.28640194999639,-58.86142772577719,0.694883844293194,0.02768132716049383,REF
BYPASS_20260928_V01_F02168,frame_02168.jpg,2168.0,-34.26393695057641,-53.59837072308218,0.7001175572842727,0.029205246913580247,REF
BYPASS_20260928_V01_F02169,frame_02169.jpg,2169.0,-33.425485505062454,-51.63904696557961,0.7303651527122215,0.03232060185185185,REF
BYPASS_20260928_V01_F02170,frame_02170.jpg,2170.0,-44.450609703566386,-45.583050915478,0.6926745844476017,0.03619791666666667,REF
BYPASS_20260928_V01_F02171,frame_02171.jpg,2171.0,-53.0289934946324,-23.78575494589748,0.6960328074149144,0.03833912037037037,REF
BYPASS_20260928_V01_F02172,frame_02172.jpg,2172.0,-53.399245244737926,-18.211135908037562,0.6986443702085519,0.03967978395061728,REF
BYPASS_20260928_V01_F02173,frame_02173.jpg,2173.0,-51.0922296808516,-14.973242893951522,0.7282946231924458,0.04618055555555556,REF
BYPASS_20260928_V01_F02174,frame_02174.jpg,2174.0,-46.18075055263384,-8.335726847129479,0.7411281107384482,0.03271604938271605,REF
BYPASS_20260928_V01_F02175,frame_02175.jpg,2175.0,-37.63362449715089,-4.7499870535628474,0.6924953899265808,0.02700617283950617,REF
BYPASS_20260928_V01_F02176,frame_02176.jpg,2176.0,-31.762330032377662,-5.155081899490284,0.7191041235570554,0.028867669753086418,REF
BYPASS_20260928_V01_F02177,frame_02177.jpg,2177.0,-28.0774356011556,-8.33264689093744,0.716242852549494,0.02953317901234568,REF
BYPASS_20260928_V01_F02178,frame_02178.jpg,2178.0,-23.02459283390374,-6.655400298244217,0.729152066177792,0.028530092592592593,REF
BYPASS_20260928_V01_F02179,frame_02179.jpg,2179.0,-20.622701865699156,-5.773078435760425,0.7470906440858488,0.03619791666666667,REF
BYPASS_20260928_V01_F02180,frame_02180.jpg,2180.0,-15.265726366286515,-6.089642310012721,0.7502783646554123,0.03838734567901234,REF
BYPASS_20260928_V01_F02181,frame_02181.jpg,2181.0,-7.3176483542558515,-1.550513677850887,0.7219558442080463,0.02587770061728395,REF
BYPASS_20260928_V01_F02182,frame_02182.jpg,2182.0,-4.764657920283014,-7.401428440471022,0.7058090271037302,0.02768132716049383,REF
BYPASS_20260928_V01_F02183,frame_02183.jpg,2183.0,1.4789070439778413,-8.298586222392885,0.760180386349007,0.034249614197530864,REF
BYPASS_20260928_V01_F02184,frame_02184.jpg,2184.0,7.341769903596031,-6.246397204167437,0.7469335504520087,0.04497492283950617,REF
BYPASS_20260928_V01_F02185,frame_02185.jpg,2185.0,11.124038613120973,-10.775170930161124,0.6772889428668551,0.04451195987654321,REF
BYPASS_20260928_V01_F02186,frame_02186.jpg,2186.0,16.236063045880854,-10.712253940028432,0.6444842117804068,0.04268904320987654,REF
BYPASS_20260928_V01_F02187,frame_02187.jpg,2187.0,19.721949806824,-11.183621397907928,0.6773523639749598,0.04518711419753087,REF
BYPASS_20260928_V01_F02188,frame_02188.jpg,2188.0,21.301274985324085,-17.8391916489162,0.6984958004068446,0.05750385802469136,REF
BYPASS_20260928_V01_F02189,frame_02189.jpg,2189.0,23.58974280230521,-19.511195007692322,0.6362064061341463,0.05011574074074074,REF
BYPASS_20260928_V01_F02190,frame_02190.jpg,2190.0,23.430444731502405,-25.505453324531487,0.6203624926967385,0.05154320987654321,REF
BYPASS_20260928_V01_F02191,frame_02191.jpg,2191.0,29.379822951662845,-22.631679791395356,0.6261364053796838,0.04943094135802469,REF
BYPASS_20260928_V01_F02192,frame_02192.jpg,2192.0,37.07475414095441,-20.639943157893327,0.6278626553806258,0.05017361111111111,REF
BYPASS_20260928_V01_F02193,frame_02193.jpg,2193.0,44.06757507936288,-17.74938382469915,0.6404111938712037,0.05393518518518518,REF
BYPASS_20260928_V01_F02194,frame_02194.jpg,2194.0,47.878852866165744,-20.664320079911988,0.6160119854373697,0.06245177469135803,REF
BYPASS_20260928_V01_F02195,frame_02195.jpg,2195.0,49.775499865317954,-19.98730848644638,0.6175686571333143,0.04821566358024691,REF
BYPASS_20260928_V01_F02196,frame_02196.jpg,2196.0,53.65907556250539,-12.239339978986322,0.6575120325441713,0.05720486111111111,REF
BYPASS_20260928_V01_F02197,frame_02197.jpg,2197.0,50.44178307333067,-14.613738872236638,0.6530352462956934,0.05596064814814815,REF
BYPASS_20260928_V01_F02198,frame_02198.jpg,2198.0,43.70009488950075,-14.583703733505615,0.6976963288990068,0.050646219135802466,REF
BYPASS_20260928_V01_F02199,frame_02199.jpg,2199.0,24.94584647795844,-19.95429325624218,0.7616177085741067,0.03366126543209876,REF
BYPASS_20260928_V01_F02200,frame_02200.jpg,2200.0,16.617782798094936,-25.6315485846616,0.6982483484126903,0.026948302469135803,REF
BYPASS_20260928_V01_F02201,frame_02201.jpg,2201.0,21.546389187685264,-18.123648986907256,0.7758085009492474,0.03172260802469136,REF
BYPASS_20260928_V01_F02202,frame_02202.jpg,2202.0,28.93994058731525,-7.369232448226768,0.7366504477865902,0.021161265432098765,REF
BYPASS_20260928_V01_F02203,frame_02203.jpg,2203.0,35.57889360727984,-2.4890730996634147,0.7473633691116616,0.02618634259259259,REF
BYPASS_20260928_V01_F02204,frame_02204.jpg,2204.0,40.07881090189758,-9.005627412623653,0.7316775235128992,0.025607638888888888,REF
BYPASS_20260928_V01_F02205,frame_02205.jpg,2205.0,47.44050711861368,-4.08605523657809,0.7430718068723325,0.020129243827160494,REF
BYPASS_20260928_V01_F02206,frame_02206.jpg,2206.0,48.51183532282113,1.922464869205129,0.7372014141377108,0.02336033950617284,REF
BYPASS_20260928_V01_F02207,frame_02207.jpg,2207.0,48.09911582352328,2.864020066729722,0.7572921813270193,0.030748456790123457,REF
BYPASS_20260928_V01_F02208,frame_02208.jpg,2208.0,50.7961212680554,-0.22533201041494522,0.7367085842438686,0.02922453703703704,REF
BYPASS_20260928_V01_F02209,frame_02209.jpg,2209.0,53.218494800344445,-6.693632637183157,0.7327242147039484,0.021826774691358023,REF
BYPASS_20260928_V01_F02210,frame_02210.jpg,2210.0,57.64639781497789,0.3598693414460854,0.7332292846691462,0.029089506172839508,REF
BYPASS_20260928_V01_F02211,frame_02211.jpg,2211.0,73.28183091774568,15.804335629505971,0.7111416239797334,0.02795138888888889,REF
BYPASS_20260928_V01_F02212,frame_02212.jpg,2212.0,80.90865645841515,17.93772471766482,0.7236562815713293,0.03923611111111111,REF
BYPASS_20260928_V01_F02213,frame_02213.jpg,2213.0,90.64691655394532,9.95394189260756,0.7094208420058827,0.027642746913580245,REF
BYPASS_20260928_V01_F02214,frame_02214.jpg,2214.0,92.95173869352516,4.987072883858019,0.746515245202147,0.03273533950617284,REF
BYPASS_20260928_V01_F02215,frame_02215.jpg,2215.0,89.61558610067763,-2.300706617522252,0.7017634566919303,0.029513888888888888,REF
BYPASS_20260928_V01_F02216,frame_02216.jpg,2216.0,86.18755972197053,3.460792777261446,0.7137972765498691,0.028452932098765434,REF
BYPASS_20260928_V01_F02217,frame_02217.jpg,2217.0,80.27036162765631,-4.798000718757237,0.7339886565267304,0.026118827160493827,REF
BYPASS_20260928_V01_F02218,frame_02218.jpg,2218.0,81.43989474347367,-12.885729013895485,0.743259800289884,0.02740162037037037,REF
BYPASS_20260928_V01_F02219,frame_02219.jpg,2219.0,80.44005815949254,-6.2428497928186175,0.7299260612623191,0.033699845679012345,REF
BYPASS_20260928_V01_F02220,frame_02220.jpg,2220.0,79.96464337182516,-13.023236371470858,0.7302208468501951,0.028317901234567903,REF
BYPASS_20260928_V01_F02221,frame_02221.jpg,2221.0,84.11713432010589,-20.82677790020699,0.7376778501787303,0.033227237654320986,REF
BYPASS_20260928_V01_F02222,frame_02222.jpg,2222.0,84.3314603505219,-21.609807201182917,0.748984764976266,0.03099922839506173,REF
BYPASS_20260928_V01_F02223,frame_02223.jpg,2223.0,86.76520396974618,-29.067892087234014,0.75327001221386,0.02892554012345679,REF
BYPASS_20260928_V01_F02224,frame_02224.jpg,2224.0,96.58778986947888,-31.8245654735982,0.7220592962370979,0.026282793209876542,REF
BYPASS_20260928_V01_F02225,frame_02225.jpg,2225.0,103.46249782489855,-28.184069304398122,0.7057581315805883,0.031413966049382715,REF
BYPASS_20260928_V01_F02226,frame_02226.jpg,2226.0,109.64444287762075,-21.250718435833647,0.7084231728388939,0.03908179012345679,REF
BYPASS_20260928_V01_F02227,frame_02227.jpg,2227.0,106.24035571140041,-11.191340355972528,0.7221184037349843,0.03478973765432099,REF
BYPASS_20260928_V01_F02228,frame_02228.jpg,2228.0,103.12119221247863,4.179145188839641,0.705886251764533,0.03453896604938272,REF
BYPASS_20260928_V01_F02229,frame_02229.jpg,2229.0,105.61470627629049,-2.457058484577061,0.7374922617718026,0.04157986111111111,REF
BYPASS_20260928_V01_F02230,frame_02230.jpg,2230.0,108.72520584568949,-10.253507028226494,0.6881042109595404,0.034847608024691355,REF
BYPASS_20260928_V01_F02231,frame_02231.jpg,2231.0,112.64021372026372,-8.436472956104694,0.7111534914852661,0.03682484567901235,REF
BYPASS_20260928_V01_F02232,frame_02232.jpg,2232.0,109.61882682343787,-6.1511648628907665,0.6961261145862532,0.03988233024691358,REF
BYPASS_20260928_V01_F02233,frame_02233.jpg,2233.0,113.18214139649626,3.788651639924211,0.721978693170312,0.04135802469135803,REF
BYPASS_20260928_V01_F02234,frame_02234.jpg,2234.0,98.80929891809873,-3.136667928842769,0.7243570120246322,0.039872685185185185,REF
BYPASS_20260928_V01_F02235,frame_02235.jpg,2235.0,39.254237955441624,-11.305208873201906,0.7537529590689106,0.025964506172839505,REF
BYPASS_20260928_V01_F02236,frame_02236.jpg,2236.0,14.020991930328847,12.672479354881858,0.7127025252507057,0.02700617283950617,REF
BYPASS_20260928_V01_F02237,frame_02237.jpg,2237.0,-0.8421119430084048,25.754146594856138,0.7111375720412643,0.028308256172839507,REF
BYPASS_20260928_V01_F02238,frame_02238.jpg,2238.0,12.695497299139475,16.098354965446475,0.6712082748795734,0.02802854938271605,REF
BYPASS_20260928_V01_F02239,frame_02239.jpg,2239.0,26.009276547628502,-8.427023228405687,0.695570166905721,0.026986882716049383,REF
BYPASS_20260928_V01_F02240,frame_02240.jpg,2240.0,28.303694132573867,-27.10885764295199,0.6994025986871601,0.020785108024691357,REF
BYPASS_20260928_V01_F02241,frame_02241.jpg,2241.0,31.10082594645118,-32.019168939127866,0.7289229560781408,0.01730324074074074,REF
BYPASS_20260928_V01_F02242,frame_02242.jpg,2242.0,30.458992510892188,-40.91429021532741,0.7376812437434256,0.017100694444444446,REF
BYPASS_20260928_V01_F02243,frame_02243.jpg,2243.0,33.597263581960476,-37.0559847017376,0.7302576389577654,0.016502700617283952,REF
BYPASS_20260928_V01_F02244,frame_02244.jpg,2244.0,38.14828670388971,-33.325825243869104,0.7220484396557749,0.018489583333333334,REF
BYPASS_20260928_V01_F02245,frame_02245.jpg,2245.0,35.67213173474542,-35.810005831690546,0.7356857421221557,0.018875385802469134,REF
BYPASS_20260928_V01_F02246,frame_02246.jpg,2246.0,35.053340814488934,-37.06618499774777,0.7030257700402059,0.01791087962962963,REF
BYPASS_20260928_V01_F02247,frame_02247.jpg,2247.0,31.558030857520663,-35.30674513896133,0.7015521617583287,0.017602237654320986,REF
BYPASS_20260928_V01_F02248,frame_02248.jpg,2248.0,35.72463387042828,-32.580674596902924,0.7151205182075501,0.022472993827160493,REF
BYPASS_20260928_V01_F02249,frame_02249.jpg,2249.0,34.033700214671626,-41.42513501449031,0.715036149819692,0.019376929012345678,REF
BYPASS_20260928_V01_F02250,frame_02250.jpg,2250.0,33.78428550566176,-45.65308145575156,0.7233868768185745,0.020322145061728396,REF
BYPASS_20260928_V01_F02251,frame_02251.jpg,2251.0,35.997470275470135,-41.283219662259654,0.7072327577037576,0.024681712962962964,REF
BYPASS_20260928_V01_F02252,frame_02252.jpg,2252.0,34.082990211679544,-50.208013073253085,0.6759920784720668,0.020206404320987654,REF
BYPASS_20260928_V01_F02253,frame_02253.jpg,2253.0,34.223382030888814,-45.50228512679419,0.6781017271088965,0.018393132716049383,REF
BYPASS_20260928_V01_F02254,frame_02254.jpg,2254.0,33.110312571287324,-42.542501499898464,0.6918982882558563,0.021064814814814814,REF
BYPASS_20260928_V01_F02255,frame_02255.jpg,2255.0,34.58224925219119,-44.30302656268205,0.6904371679565053,0.01685956790123457,REF
BYPASS_20260928_V01_F02256,frame_02256.jpg,2256.0,41.10370182703866,-46.950133701218135,0.7045845794089046,0.01829668209876543,REF
BYPASS_20260928_V01_F02257,frame_02257.jpg,2257.0,46.128024013462465,-43.24605361516484,0.7021091552428257,0.016734182098765434,REF
BYPASS_20260928_V01_F02258,frame_02258.jpg,2258.0,47.517725631551855,-44.513099457868236,0.7478400645248684,0.019695216049382715,REF
BYPASS_20260928_V01_F02259,frame_02259.jpg,2259.0,49.9131724243571,-47.75998180691124,0.7319085723088111,0.01820023148148148,REF
BYPASS_20260928_V01_F02260,frame_02260.jpg,2260.0,47.976566434836286,-44.98609080724742,0.7320553043374309,0.030555555555555555,REF
BYPASS_20260928_V01_F02261,frame_02261.jpg,2261.0,40.72444577258,-40.30047589676764,0.6896607571178013,0.022318672839506174,REF
BYPASS_20260928_V01_F02262,frame_02262.jpg,2262.0,-6.140432060201931,-58.59611572950098,0.719241981153135,0.03440393518518518,REF
BYPASS_20260928_V01_F02263,frame_02263.jpg,2263.0,-32.09667796516365,-67.56733180732147,0.5977405473038002,0.03285108024691358,REF
BYPASS_20260928_V01_F02264,frame_02264.jpg,2264.0,-29.984677561234406,-73.9757682375236,0.6954473118723175,0.04000771604938272,REF
BYPASS_20260928_V01_F02265,frame_02265.jpg,2265.0,-22.17869504489167,-73.06582890486561,0.6396368260736819,0.02747878086419753,REF
BYPASS_20260928_V01_F02266,frame_02266.jpg,2266.0,-10.531181411732149,-79.34382813500287,0.652857655066031,0.01833526234567901,REF
BYPASS_20260928_V01_F02267,frame_02267.jpg,2267.0,8.594465110883135,-76.6011029442958,0.6749307076136272,0.018817515432098766,REF
BYPASS_20260928_V01_F02268,frame_02268.jpg,2268.0,14.050580005159048,-82.19191487641183,0.6727580929244006,0.018952546296296297,REF
BYPASS_20260928_V01_F02269,frame_02269.jpg,2269.0,15.234597448442088,-74.8333366785601,0.6814765806551333,0.025925925925925925,REF
BYPASS_20260928_V01_F02270,frame_02270.jpg,2270.0,18.078370860375486,-70.84279191513849,0.7076119017453841,0.02177854938271605,REF
BYPASS_20260928_V01_F02271,frame_02271.jpg,2271.0,16.292761621392515,-72.24976786681188,0.6547166727207325,0.020775462962962964,REF
BYPASS_20260928_V01_F02272,frame_02272.jpg,2272.0,19.33416606264356,-62.91930784827022,0.7210559063487583,0.021672453703703704,REF
BYPASS_20260928_V01_F02273,frame_02273.jpg,2273.0,20.243179746825405,-60.22220950655375,0.7174260832645275,0.018952546296296297,REF
BYPASS_20260928_V01_F02274,frame_02274.jpg,2274.0,27.23232684160891,-59.44536790176434,0.7248637283289874,0.018451003086419754,REF
BYPASS_20260928_V01_F02275,frame_02275.jpg,2275.0,36.35819375620804,-63.1197013626346,0.7024363884219417,0.01987847222222222,REF
BYPASS_20260928_V01_F02276,frame_02276.jpg,2276.0,42.062761153915034,-79.28597314067139,0.6697318940986822,0.01922260802469136,REF
BYPASS_20260928_V01_F02277,frame_02277.jpg,2277.0,49.47613620359485,-87.97958355870153,0.6515003325394643,0.01987847222222222,REF
BYPASS_20260928_V01_F02278,frame_02278.jpg,2278.0,48.03626345008317,-87.61778415103328,0.6510282592457017,0.019376929012345678,REF
BYPASS_20260928_V01_F02279,frame_02279.jpg,2279.0,41.14382078495086,-67.8816791700394,0.6694787511119136,0.019540895061728396,REF
BYPASS_20260928_V01_F02280,frame_02280.jpg,2280.0,40.32426674431338,-57.594504845049755,0.707444973492328,0.020360725308641976,REF
BYPASS_20260928_V01_F02281,frame_02281.jpg,2281.0,40.461002521184355,-55.29515116544869,0.712287645281097,0.017042824074074075,REF
BYPASS_20260928_V01_F02282,frame_02282.jpg,2282.0,46.78473035023734,-50.96522964256752,0.6944687933097651,0.020650077160493826,REF
BYPASS_20260928_V01_F02283,frame_02283.jpg,2283.0,45.55726756506573,-56.61058302599554,0.7059171514746584,0.023697916666666666,REF
BYPASS_20260928_V01_F02284,frame_02284.jpg,2284.0,45.26855044730257,-72.32553348447132,0.6738768375950095,0.023215663580246914,REF
BYPASS_20260928_V01_F02285,frame_02285.jpg,2285.0,48.87910960577727,-78.24945717067627,0.68777371690965,0.02197145061728395,REF
BYPASS_20260928_V01_F02286,frame_02286.jpg,2286.0,55.37878881490255,-81.48184280227574,0.690343881830757,0.02408371913580247,REF
BYPASS_20260928_V01_F02287,frame_02287.jpg,2287.0,56.14752261119685,-81.93336564353919,0.6939673311916399,0.021469907407407406,REF
BYPASS_20260928_V01_F02288,frame_02288.jpg,2288.0,56.84380138031915,-73.02496782122614,0.6846020928135624,0.021363811728395063,REF
BYPASS_20260928_V01_F02289,frame_02289.jpg,2289.0,52.183743311017736,-69.83723158158296,0.6755497977321531,0.01931905864197531,REF
BYPASS_20260928_V01_F02290,frame_02290.jpg,2290.0,45.814880038044436,-68.28999476895416,0.6920642518702849,0.01878858024691358,REF
BYPASS_20260928_V01_F02291,frame_02291.jpg,2291.0,42.85532097095174,-56.509881685976865,0.6921635952996619,0.020052083333333335,REF
BYPASS_20260928_V01_F02292,frame_02292.jpg,2292.0,44.4600895599159,-66.74618749026178,0.6688065865893423,0.018190586419753088,REF
BYPASS_20260928_V01_F02293,frame_02293.jpg,2293.0,47.259561560296504,-66.9517293311115,0.6778833521736993,0.019695216049382715,REF
BYPASS_20260928_V01_F02294,frame_02294.jpg,2294.0,46.2213039509337,-53.05453190604038,0.7178624836015113,0.017582947530864198,REF
BYPASS_20260928_V01_F02295,frame_02295.jpg,2295.0,46.346861107184196,-33.80089167697486,0.6810451879913424,0.017004243827160495,REF
BYPASS_20260928_V01_F02296,frame_02296.jpg,2296.0,48.526896141180316,-33.08534858781181,0.7415671557555964,0.022251157407407407,REF
BYPASS_20260928_V01_F02297,frame_02297.jpg,2297.0,47.31756850928369,-37.0614498071057,0.7176764338104813,0.01747685185185185,REF
BYPASS_20260928_V01_F02298,frame_02298.jpg,2298.0,49.949573321700626,-24.97248623990572,0.7164883142636146,0.016464120370370372,REF
BYPASS_20260928_V01_F02299,frame_02299.jpg,2299.0,52.0768699050451,-23.57719643946922,0.7083507417160788,0.017322530864197532,REF
BYPASS_20260928_V01_F02300,frame_02300.jpg,2300.0,57.151088510428366,-36.79806675067272,0.7007416473494635,0.024874614197530863,REF
BYPASS_20260928_V01_F02301,frame_02301.jpg,2301.0,58.912153732342176,-35.8782160604286,0.7284970726495907,0.02648533950617284,REF
BYPASS_20260928_V01_F02302,frame_02302.jpg,2302.0,58.72613055259333,-26.94328672582847,0.718419223803061,0.026803626543209877,REF
BYPASS_20260928_V01_F02303,frame_02303.jpg,2303.0,52.49739040638207,-26.905754943928088,0.7435997762797791,0.02355324074074074,REF
BYPASS_20260928_V01_F02304,frame_02304.jpg,2304.0,49.02611548339189,-24.413220509706264,0.7397139331440866,0.021315586419753087,REF
BYPASS_20260928_V01_F02305,frame_02305.jpg,2305.0,46.13551867442905,-39.96472074915724,0.7310745933909475,0.017804783950617284,REF
BYPASS_20260928_V01_F02306,frame_02306.jpg,2306.0,49.30169445206394,-60.12873662841713,0.7260556481502675,0.022598379629629628,REF
BYPASS_20260928_V01_F02307,frame_02307.jpg,2307.0,49.13421902355398,-63.86720136450873,0.7316294308061952,0.01691743827160494,REF
BYPASS_20260928_V01_F02308,frame_02308.jpg,2308.0,48.35460320209336,-72.7336418650215,0.7076196702174199,0.01675347222222222,REF
BYPASS_20260928_V01_F02309,frame_02309.jpg,2309.0,46.7900751231368,-85.6357662942311,0.688352280487249,0.01750578703703704,REF
BYPASS_20260928_V01_F02310,frame_02310.jpg,2310.0,43.86988355103395,-89.58373852151442,0.6860805290716666,0.021913580246913582,REF
BYPASS_20260928_V01_F02311,frame_02311.jpg,2311.0,43.65061589677191,-64.28063906061229,0.7182862765995073,0.01480516975308642,REF
BYPASS_20260928_V01_F02312,frame_02312.jpg,2312.0,47.75730033202561,-48.91643052233954,0.7430551125679488,0.01682098765432099,REF
BYPASS_20260928_V01_F02313,frame_02313.jpg,2313.0,52.57595277889993,-47.14431022690155,0.7182524083573141,0.015538194444444445,REF
BYPASS_20260928_V01_F02314,frame_02314.jpg,2314.0,56.654691724775745,-44.676871643105414,0.7408309737841289,0.020167824074074074,REF
BYPASS_20260928_V01_F02315,frame_02315.jpg,2315.0,59.37572878602512,-48.55568801560776,0.7419370571772258,0.019425154320987653,REF
BYPASS_20260928_V01_F02316,frame_02316.jpg,2316.0,64.117165955377,-41.55529598150855,0.7337597928665303,0.019724151234567902,REF
BYPASS_20260928_V01_F02317,frame_02317.jpg,2317.0,64.1962360517831,-30.81403291215304,0.7373699217666815,0.021942515432098766,REF
BYPASS_20260928_V01_F02318,frame_02318.jpg,2318.0,67.50311710020628,-29.385244491608745,0.7168971924134243,0.01964699074074074,REF
BYPASS_20260928_V01_F02319,frame_02319.jpg,2319.0,71.45570373195423,-42.150702084830755,0.7165375031070945,0.025819830246913582,REF
BYPASS_20260928_V01_F02320,frame_02320.jpg,2320.0,73.61476395382533,-46.779724472788246,0.674346191941956,0.022395833333333334,REF
BYPASS_20260928_V01_F02321,frame_02321.jpg,2321.0,74.88788776918062,-50.720962456480976,0.688867148352258,0.03214699074074074,REF
BYPASS_20260928_V01_F02322,frame_02322.jpg,2322.0,73.90495360811815,-70.13250315743053,0.6551256704845546,0.02322530864197531,REF
BYPASS_20260928_V01_F02323,frame_02323.jpg,2323.0,73.67901765467147,-75.79807192538044,0.6839231956152269,0.02189429012345679,REF
BYPASS_20260928_V01_F02324,frame_02324.jpg,2324.0,74.76957535325309,-68.7082847709336,0.715437533237316,0.02412229938271605,REF
BYPASS_20260928_V01_F02325,frame_02325.jpg,2325.0,81.8474034073972,-61.40234375950337,0.7056532013563462,0.0220679012345679,REF
BYPASS_20260928_V01_F02326,frame_02326.jpg,2326.0,83.59247685644388,-74.69466341541812,0.6835232881852138,0.028221450617283952,REF
BYPASS_20260928_V01_F02327,frame_02327.jpg,2327.0,85.36947333501462,-78.93744964623238,0.6957204737045147,0.02521219135802469,REF
BYPASS_20260928_V01_F02328,frame_02328.jpg,2328.0,88.46302358296202,-78.40027387155095,0.6906500822232093,0.02738233024691358,REF
BYPASS_20260928_V01_F02329,frame_02329.jpg,2329.0,104.89526514061723,-86.43932201734114,0.6495924831908426,0.033429783950617284,REF
BYPASS_20260928_V01_F02330,frame_02330.jpg,2330.0,125.32533570550996,-88.0264769987543,0.6581546421404239,0.029108796296296296,REF
BYPASS_20260928_V01_F02331,frame_02331.jpg,2331.0,108.39442562545159,-70.15837334025116,0.6802753940776542,0.03523341049382716,REF
BYPASS_20260928_V01_F02332,frame_02332.jpg,2332.0,52.26602058091518,-85.21169310230903,0.6416135049160616,0.02923418209876543,REF
BYPASS_20260928_V01_F02333,frame_02333.jpg,2333.0,26.894060294033466,-96.10416678217322,0.6395805599512877,0.04599729938271605,REF
BYPASS_20260928_V01_F02334,frame_02334.jpg,2334.0,21.85490421296447,-90.74180865366222,0.6400015327665541,0.03973765432098766,REF
BYPASS_20260928_V01_F02335,frame_02335.jpg,2335.0,20.07481825955091,-86.99272624040447,0.6356993960745541,0.04704861111111111,REF
BYPASS_20260928_V01_F02336,frame_02336.jpg,2336.0,21.65944845997359,-81.66227332300329,0.7003956850664115,0.036236496913580246,REF
BYPASS_20260928_V01_F02337,frame_02337.jpg,2337.0,18.391853045154704,-78.2902123706856,0.7047702405187819,0.03939043209876543,REF
BYPASS_20260928_V01_F02338,frame_02338.jpg,2338.0,7.338999736380714,-79.01032123836018,0.6730413534023144,0.03259066358024691,REF
BYPASS_20260928_V01_F02339,frame_02339.jpg,2339.0,-2.2454118540767354,-84.25223078755752,0.6488280514140188,0.04142554012345679,REF
BYPASS_20260928_V01_F02340,frame_02340.jpg,2340.0,5.349838899872623,-101.11528048281806,0.5834939812436516,0.04112654320987654,REF
BYPASS_20260928_V01_F02341,frame_02341.jpg,2341.0,14.847421553532001,-110.03703318530893,0.6031385744059528,0.04411651234567901,REF
BYPASS_20260928_V01_F02342,frame_02342.jpg,2342.0,19.098808202456127,-107.51390102606996,0.6169031765725878,0.034722222222222224,REF
BYPASS_20260928_V01_F02343,frame_02343.jpg,2343.0,23.961370755930773,-91.68831405828186,0.6495777421527439,0.02857831790123457,REF
BYPASS_20260928_V01_F02344,frame_02344.jpg,2344.0,22.050677053657324,-85.42986020127915,0.6708200167726588,0.02288773148148148,REF
BYPASS_20260928_V01_F02345,frame_02345.jpg,2345.0,27.44399167705467,-84.0704868066972,0.6848993472111078,0.026948302469135803,REF
BYPASS_20260928_V01_F02346,frame_02346.jpg,2346.0,30.235665319833487,-81.53470633851569,0.6634290795267365,0.024797453703703703,REF
BYPASS_20260928_V01_F02347,frame_02347.jpg,2347.0,40.02418234937977,-68.94333176084487,0.7068739094851929,0.02374614197530864,REF
BYPASS_20260928_V01_F02348,frame_02348.jpg,2348.0,48.84278326636422,-56.22987821306867,0.7177665135006845,0.020148533950617283,REF
BYPASS_20260928_V01_F02349,frame_02349.jpg,2349.0,50.61863210532056,-48.05089882881029,0.7135388977733659,0.02976466049382716,REF
BYPASS_20260928_V01_F02350,frame_02350.jpg,2350.0,51.86993980814046,-44.64320798604132,0.7189831458492043,0.028780864197530863,REF
BYPASS_20260928_V01_F02351,frame_02351.jpg,2351.0,52.91157735640542,-45.26878056869916,0.7220379817632981,0.03137538580246914,REF
BYPASS_20260928_V01_F02352,frame_02352.jpg,2352.0,54.679261301620585,-45.12483878653188,0.7366846209322965,0.03097993827160494,REF
BYPASS_20260928_V01_F02353,frame_02353.jpg,2353.0,52.363285181313586,-50.197083684354965,0.7272879718262473,0.021402391975308643,REF
BYPASS_20260928_V01_F02354,frame_02354.jpg,2354.0,52.866108134531856,-39.1631336432082,0.7237629356943531,0.028076774691358025,REF
BYPASS_20260928_V01_F02355,frame_02355.jpg,2355.0,51.01164522433325,-37.68981941493331,0.7281695563852051,0.024286265432098764,REF
BYPASS_20260928_V01_F02356,frame_02356.jpg,2356.0,45.481161229812415,-54.27945414622374,0.7324855109791697,0.025607638888888888,REF
BYPASS_20260928_V01_F02357,frame_02357.jpg,2357.0,41.14464764040443,-45.71902107810084,0.7369588194070039,0.023389274691358024,REF
BYPASS_20260928_V01_F02358,frame_02358.jpg,2358.0,37.272081834166045,-32.985120281380944,0.7458618483425659,0.029292052469135802,REF
BYPASS_20260928_V01_F02359,frame_02359.jpg,2359.0,31.136651856960412,-23.078821262427624,0.7194530969784584,0.02638888888888889,REF
BYPASS_20260928_V01_F02360,frame_02360.jpg,2360.0,39.667542315885356,-15.796681057800356,0.7485587432060713,0.03073881172839506,REF
BYPASS_20260928_V01_F02361,frame_02361.jpg,2361.0,40.192933719936235,-12.219169772629982,0.7179516327233962,0.03908179012345679,REF
BYPASS_20260928_V01_F02362,frame_02362.jpg,2362.0,47.88536654156994,-1.0421732478380648,0.6488766885098116,0.045543981481481484,REF
BYPASS_20260928_V01_F02363,frame_02363.jpg,2363.0,62.55214950195992,-9.123162812480842,0.7039460290361333,0.04993248456790123,REF
BYPASS_20260928_V01_F02364,frame_02364.jpg,2364.0,62.921333232666996,-31.02651882447475,0.6921323297200379,0.04458912037037037,REF
BYPASS_20260928_V01_F02365,frame_02365.jpg,2365.0,57.08327719688597,-36.26952361682126,0.755630612373352,0.043528163580246915,REF
BYPASS_20260928_V01_F02366,frame_02366.jpg,2366.0,51.79750197751238,-40.40416793120926,0.7125633930718457,0.03299575617283951,REF
BYPASS_20260928_V01_F02367,frame_02367.jpg,2367.0,43.78194473660267,-39.80875620672063,0.7108633821393237,0.0339795524691358,REF
BYPASS_20260928_V01_F02368,frame_02368.jpg,2368.0,41.93773198412592,-30.780336615349114,0.7397232384593398,0.03780864197530864,REF
BYPASS_20260928_V01_F02369,frame_02369.jpg,2369.0,39.36112342644253,-16.307380115909893,0.7171225120991837,0.03273533950617284,REF
BYPASS_20260928_V01_F02370,frame_02370.jpg,2370.0,37.34099120533389,-6.150372720098659,0.7375182628631591,0.030613425925925926,REF
BYPASS_20260928_V01_F02371,frame_02371.jpg,2371.0,24.957314505396198,-5.868485502480297,0.7375205103261971,0.03307291666666667,REF
BYPASS_20260928_V01_F02372,frame_02372.jpg,2372.0,24.79719424190438,-13.809407782238509,0.7511363682923493,0.02515432098765432,REF
BYPASS_20260928_V01_F02373,frame_02373.jpg,2373.0,27.999948264828276,-23.80991807473322,0.7803032393808718,0.025713734567901235,REF
BYPASS_20260928_V01_F02374,frame_02374.jpg,2374.0,27.301360277145477,-24.65027130100526,0.7979183985863203,0.02665895061728395,REF
BYPASS_20260928_V01_F02375,frame_02375.jpg,2375.0,32.38963211048343,-12.360917203847094,0.7727963946115823,0.028057484567901234,REF
BYPASS_20260928_V01_F02376,frame_02376.jpg,2376.0,30.529693586084136,3.8957586919740947,0.7219756809281714,0.022096836419753088,REF
BYPASS_20260928_V01_F02377,frame_02377.jpg,2377.0,31.758397500900713,50.875690071796214,0.7327008399698469,0.03174189814814815,REF
BYPASS_20260928_V01_F02378,frame_02378.jpg,2378.0,23.3694489683582,113.32821176563316,0.6217115973984754,0.05276813271604938,REF
BYPASS_20260928_V01_F02379,frame_02379.jpg,2379.0,24.139005840188673,144.16031992657463,0.5579274906052484,0.07223186728395062,REF
BYPASS_20260928_V01_F02380,frame_02380.jpg,2380.0,33.191724618460796,143.07872770201402,0.6271346008336103,0.06851851851851852,REF
BYPASS_20260928_V01_F02381,frame_02381.jpg,2381.0,46.39315876905707,134.49713597842157,0.6254867775204741,0.06516203703703703,REF
BYPASS_20260928_V01_F02382,frame_02382.jpg,2382.0,45.22329120528153,126.24363765056148,0.6207984609368407,0.06660879629629629,REF
BYPASS_20260928_V01_F02383,frame_02383.jpg,2383.0,37.850795647591184,119.54606474536924,0.6057492982458186,0.05706983024691358,REF
BYPASS_20260928_V01_F02384,frame_02384.jpg,2384.0,30.154082686826,111.01403062793368,0.6646659059289061,0.06711033950617284,REF
BYPASS_20260928_V01_F02385,frame_02385.jpg,2385.0,19.245135015704363,99.57039636199337,0.6497143398096532,0.048157793209876544,REF
BYPASS_20260928_V01_F02386,frame_02386.jpg,2386.0,20.176873297778513,104.73484736814403,0.6446647655080866,0.06078317901234568,REF
BYPASS_20260928_V01_F02387,frame_02387.jpg,2387.0,18.892426264409693,111.14878669915004,0.6607375691702336,0.0583912037037037,REF
BYPASS_20260928_V01_F02388,frame_02388.jpg,2388.0,17.036823981365842,115.28987084747374,0.6139111661616666,0.05529513888888889,REF
BYPASS_20260928_V01_F02389,frame_02389.jpg,2389.0,11.737099906892752,118.76781980089643,0.6747183242697775,0.06607831790123457,REF
BYPASS_20260928_V01_F02390,frame_02390.jpg,2390.0,13.818918259890125,126.18295309330304,0.6113354103064831,0.06652199074074074,REF
BYPASS_20260928_V01_F02391,frame_02391.jpg,2391.0,12.566837774492967,135.9535106816015,0.6023848625612848,0.06838348765432099,REF
BYPASS_20260928_V01_F02392,frame_02392.jpg,2392.0,2.3638009040938925,120.51462695119177,0.6389074766157586,0.06172839506172839,REF
BYPASS_20260928_V01_F02393,frame_02393.jpg,2393.0,0.7498920290288709,99.77685220531318,0.6676932321654425,0.058381558641975306,REF
BYPASS_20260928_V01_F02394,frame_02394.jpg,2394.0,1.8094771973215984,89.89432301217259,0.6782487523408584,0.06647376543209876,REF
BYPASS_20260928_V01_F02395,frame_02395.jpg,2395.0,-2.875285153813593,77.12715357086364,0.7239110212267181,0.061940586419753085,REF
BYPASS_20260928_V01_F02396,frame_02396.jpg,2396.0,-5.075775162771038,68.75196502048934,0.7047846304045783,0.04652777777777778,REF
BYPASS_20260928_V01_F02397,frame_02397.jpg,2397.0,-5.686599779848848,60.73232864817555,0.7009560372358487,0.04072145061728395,REF
BYPASS_20260928_V01_F02398,frame_02398.jpg,2398.0,-8.203983698831252,48.11529640977176,0.7129677451687094,0.034722222222222224,REF
BYPASS_20260928_V01_F02399,frame_02399.jpg,2399.0,-22.770848978278707,8.764280711573548,0.7234744425909019,0.025279706790123455,REF
BYPASS_20260928_V01_F02400,frame_02400.jpg,2400.0,-28.656433391579583,-8.03017857967933,0.727088455506313,0.022868441358024693,REF
BYPASS_20260928_V01_F02401,frame_02401.jpg,2401.0,-29.956056442786178,-6.5213161888465265,0.739632487738574,0.029079861111111112,REF
BYPASS_20260928_V01_F02402,frame_02402.jpg,2402.0,-30.962490664771963,2.0300982519656543,0.665724276944443,0.023042052469135803,REF
BYPASS_20260928_V01_F02403,frame_02403.jpg,2403.0,-32.947374594954,10.610978217770707,0.7207258092032538,0.028655478395061728,REF
BYPASS_20260928_V01_F02404,frame_02404.jpg,2404.0,-35.21802778181734,7.284159470143493,0.5965476837423113,0.027710262345679013,REF
BYPASS_20260928_V01_F02405,frame_02405.jpg,2405.0,-36.910340544103235,-1.094619222476382,0.5912369429329295,0.03449074074074074,REF
BYPASS_20260928_V01_F02406,frame_02406.jpg,2406.0,-37.81430564480988,-9.285585782672712,0.632793046221321,0.039641203703703706,REF
BYPASS_20260928_V01_F02407,frame_02407.jpg,2407.0,-35.822267641804416,-6.354068737419794,0.5881206718491919,0.04763695987654321,REF
BYPASS_20260928_V01_F02408,frame_02408.jpg,2408.0,-34.133684186729425,8.051789357095743,0.5121949151710228,0.03764467592592593,REF
BYPASS_20260928_V01_F02409,frame_02409.jpg,2409.0,-32.1885095228171,6.4948399034569775,0.5266033018076861,0.04329668209876543,REF
BYPASS_20260928_V01_F02410,frame_02410.jpg,2410.0,-37.28965921282179,-3.716742176894769,0.44845762767909486,0.04603587962962963,REF
BYPASS_20260928_V01_F02411,frame_02411.jpg,2411.0,-35.54901591771326,-14.615234722849976,0.4895807718053276,0.05643325617283951,REF
BYPASS_20260928_V01_F02412,frame_02412.jpg,2412.0,-37.42363114024667,-15.766547151867854,0.450587088531918,0.04969135802469136,REF
BYPASS_20260928_V01_F02413,frame_02413.jpg,2413.0,-35.08171455629315,-18.014856440270677,0.5102677560146944,0.05454282407407408,REF
BYPASS_20260928_V01_F02414,frame_02414.jpg,2414.0,-32.39048913372258,-21.92488806256972,0.4885296214509893,0.04586226851851852,REF
BYPASS_20260928_V01_F02415,frame_02415.jpg,2415.0,-32.706512967972145,-21.305279340631245,0.5001034746199479,0.05573881172839506,REF
BYPASS_20260928_V01_F02416,frame_02416.jpg,2416.0,-31.085501910233944,-14.71758906398955,0.4898034978795935,0.045987654320987656,REF
BYPASS_20260928_V01_F02417,frame_02417.jpg,2417.0,-31.994169624525483,-17.74683917061205,0.5170698533823461,0.045196759259259256,REF
BYPASS_20260928_V01_F02418,frame_02418.jpg,2418.0,-32.575221144916696,-23.64284842552061,0.5094853748509913,0.04386574074074074,REF
BYPASS_20260928_V01_F02419,frame_02419.jpg,2419.0,-33.91076252737008,-26.873511141546714,0.497554185361038,0.04056712962962963,REF
BYPASS_20260928_V01_F02420,frame_02420.jpg,2420.0,-33.54147613548335,-24.05888888953436,0.491722336963371,0.03995949074074074,REF
BYPASS_20260928_V01_F02421,frame_02421.jpg,2421.0,-29.515233522124277,-26.62369644277939,0.5202857665073725,0.04204282407407407,REF
BYPASS_20260928_V01_F02422,frame_02422.jpg,2422.0,-30.691801619365748,-35.61980284118832,0.5066881281358224,0.04186921296296296,REF
BYPASS_20260928_V01_F02423,frame_02423.jpg,2423.0,-30.21778435741004,-39.12217605065689,0.4894403843232143,0.04779128086419753,REF
BYPASS_20260928_V01_F02424,frame_02424.jpg,2424.0,-30.869706880028758,-48.175560894431754,0.5049081708178108,0.04035493827160494,REF
BYPASS_20260928_V01_F02425,frame_02425.jpg,2425.0,-19.952050686917232,-56.389780819608745,0.512729220478623,0.04142554012345679,REF
BYPASS_20260928_V01_F02426,frame_02426.jpg,2426.0,-0.886328255148328,-47.97564979336704,0.4610340486338109,0.055025077160493825,REF
BYPASS_20260928_V01_F02427,frame_02427.jpg,2427.0,0.8300369508897631,-41.704355827225925,0.47046417660183376,0.05775462962962963,REF
BYPASS_20260928_V01_F02428,frame_02428.jpg,2428.0,14.597242314954372,-32.754490318857535,0.4958987045435258,0.053858024691358024,REF
BYPASS_20260928_V01_F02429,frame_02429.jpg,2429.0,41.76015956421256,-12.38372593354211,0.5725392334255172,0.03755787037037037,REF
BYPASS_20260928_V01_F02430,frame_02430.jpg,2430.0,65.1283463366137,-12.096516586764864,0.6090403550936851,0.03732638888888889,REF
BYPASS_20260928_V01_F02431,frame_02431.jpg,2431.0,70.951452282433,-18.855995122230325,0.6011247826211247,0.035561342592592596,REF
BYPASS_20260928_V01_F02432,frame_02432.jpg,2432.0,73.2125010296327,-26.661647999958547,0.59819588072506,0.03684413580246913,REF
BYPASS_20260928_V01_F02433,frame_02433.jpg,2433.0,73.1555016610815,-15.65977057329414,0.5907913211687111,0.040692515432098765,REF
BYPASS_20260928_V01_F02434,frame_02434.jpg,2434.0,76.1412255351483,-8.519715418558377,0.5744975993662704,0.038078703703703705,REF
BYPASS_20260928_V01_F02435,frame_02435.jpg,2435.0,77.13372037369959,-15.058885435787886,0.5790330075923308,0.04935378086419753,REF
BYPASS_20260928_V01_F02436,frame_02436.jpg,2436.0,76.99722288160723,-5.619476037359732,0.5804894663669445,0.046363811728395064,REF
BYPASS_20260928_V01_F02437,frame_02437.jpg,2437.0,77.92366276660891,5.284282480393955,0.5823617523099169,0.051919367283950614,REF
BYPASS_20260928_V01_F02438,frame_02438.jpg,2438.0,78.05023846272306,2.187315097966234,0.5981126833845067,0.045196759259259256,REF
BYPASS_20260928_V01_F02439,frame_02439.jpg,2439.0,87.34896076207568,2.4549053647794494,0.6047106286257873,0.03587962962962963,REF
BYPASS_20260928_V01_F02440,frame_02440.jpg,2440.0,91.80941336301322,8.233081161288453,0.5810821612675985,0.030266203703703705,REF
BYPASS_20260928_V01_F02441,frame_02441.jpg,2441.0,117.03370276099503,15.33018559808201,0.5652283424212609,0.047135416666666666,REF
BYPASS_20260928_V01_F02442,frame_02442.jpg,2442.0,149.18828612130196,11.914479624885047,0.6068612348886184,0.03462577160493827,REF
BYPASS_20260928_V01_F02443,frame_02443.jpg,2443.0,182.5999824391463,-12.064231379498125,0.5863777998236962,0.039496527777777776,REF
BYPASS_20260928_V01_F02444,frame_02444.jpg,2444.0,199.80044535247777,-39.454215579313995,0.5501966187983384,0.03674768518518518,REF
BYPASS_20260928_V01_F02445,frame_02445.jpg,2445.0,205.74994940093273,-59.83663348691542,0.5249918454959068,0.03801118827160494,REF
BYPASS_20260928_V01_F02446,frame_02446.jpg,2446.0,214.5442313753783,-56.621278917855676,0.5390754603309396,0.034693287037037036,REF
BYPASS_20260928_V01_F02447,frame_02447.jpg,2447.0,210.6193909416565,-65.7847093611002,0.5556737356715732,0.03890817901234568,REF
BYPASS_20260928_V01_F02448,frame_02448.jpg,2448.0,181.77093759721132,-63.441471467004675,0.5180760063139009,0.03826195987654321,REF
BYPASS_20260928_V01_F02449,frame_02449.jpg,2449.0,102.83596825461152,-41.57806140315586,0.4440281717865555,0.05459104938271605,REF
BYPASS_20260928_V01_F02450,frame_02450.jpg,2450.0,5.013701644144959,-45.03307658262537,0.46117019785775076,0.04237075617283951,REF
BYPASS_20260928_V01_F02451,frame_02451.jpg,2451.0,-85.4963659870563,-18.829544502187616,0.641051357248683,0.048408564814814814,REF
