filename,nitidez,luminancia
frame_00000.jpg,1534.555693014058,136.60222029320988
frame_00001.jpg,1381.8078980713296,132.73222993827162
frame_00002.jpg,1390.2021763353046,129.34594714506173
frame_00003.jpg,1391.3624881307658,127.80144097222222
frame_00004.jpg,1417.5167623069653,130.2051601080247
frame_00005.jpg,1420.265545644954,132.08943479938273
frame_00006.jpg,1497.7504760491533,135.2849961419753
frame_00007.jpg,1406.259385144938,135.7219212962963
frame_00008.jpg,1420.3199041473772,141.44166280864198
frame_00009.jpg,1340.283858695794,139.7635686728395
frame_00010.jpg,1414.4980203981,142.17563464506173
frame_00011.jpg,1422.3156601834846,141.85080054012346
frame_00012.jpg,1499.6433938442476,141.87336419753086
frame_00013.jpg,1438.6878040895065,143.29393711419752
frame_00014.jpg,1462.6371581813896,142.56999421296297
frame_00015.jpg,1423.5246237007595,141.5960725308642
frame_00016.jpg,1501.755692406623,136.49717399691357
frame_00017.jpg,1478.7595891303574,136.60158179012345
frame_00018.jpg,1428.2358471049924,136.35540316358023
frame_00019.jpg,1411.0326927720978,136.56588734567902
frame_00020.jpg,1550.0339826203985,135.52080439814816
frame_00021.jpg,1519.4933328027212,134.75097608024691
frame_00022.jpg,1561.403634541451,135.0725597993827
frame_00023.jpg,1533.4005807534434,134.94156057098766
frame_00024.jpg,1509.558519515041,134.77240547839506
frame_00025.jpg,1437.4619240611994,134.48283179012347
frame_00026.jpg,1513.8811360496647,133.31424575617285
frame_00027.jpg,1544.985297388328,131.59905285493826
frame_00028.jpg,1428.5977175314918,127.43595486111111
frame_00029.jpg,1470.6340971121379,126.13538387345679
frame_00030.jpg,1518.7192453698347,126.83064236111112
frame_00031.jpg,1535.6714212191357,126.22784915123457
frame_00032.jpg,1474.0386714433496,125.10384066358024
frame_00033.jpg,1582.3487941099006,128.10378472222223
frame_00034.jpg,1532.4308426878374,129.9579899691358
frame_00035.jpg,1483.417326845686,129.90496913580247
frame_00036.jpg,1407.3382573545232,127.58565200617284
frame_00037.jpg,1482.5694630084752,129.60772183641976
frame_00038.jpg,1488.878560387281,136.62588541666668
frame_00039.jpg,1605.113408321843,135.47086419753086
frame_00040.jpg,1602.0749186099083,134.2109548611111
frame_00041.jpg,1587.1979741613227,134.99595100308642
frame_00042.jpg,1498.131385057563,138.91264467592592
frame_00043.jpg,1486.3765281346298,135.98980902777777
frame_00044.jpg,1445.5086599722197,132.46660686728396
frame_00045.jpg,1542.8898147333082,132.82147183641976
frame_00046.jpg,1461.4113360585059,134.26284336419752
frame_00047.jpg,1335.705133005368,135.3162673611111
frame_00048.jpg,1423.1965379648684,133.4628510802469
frame_00049.jpg,1484.1025504754516,135.1549749228395
frame_00050.jpg,1338.8304249605233,132.03849151234567
frame_00051.jpg,1288.8974224194103,132.3716936728395
frame_00052.jpg,1229.7345857370635,132.9084375
frame_00053.jpg,1417.8952869539783,141.27238040123456
frame_00054.jpg,1381.769510244302,143.51697723765432
frame_00055.jpg,1391.9772588242456,143.30644868827162
frame_00056.jpg,1330.3073928668475,145.05784915123456
frame_00057.jpg,1312.1055384630176,142.52129050925927
frame_00058.jpg,1325.2272396679914,145.59729938271605
frame_00059.jpg,1387.811126044747,145.66858410493828
frame_00060.jpg,1339.2931157045384,144.51731674382717
frame_00061.jpg,1251.1988204578868,144.94180362654322
frame_00062.jpg,1350.8132198776348,143.86039158950618
frame_00063.jpg,1333.88973626823,143.02087577160495
frame_00064.jpg,1367.1426927371347,138.702706404321
frame_00065.jpg,1201.240003519242,131.44946952160493
frame_00066.jpg,1126.955244056048,139.71908564814814
frame_00067.jpg,999.1541584939501,144.032918595679
frame_00068.jpg,1161.3442831260836,144.51459104938272
frame_00069.jpg,1055.916463435538,145.27660300925925
frame_00070.jpg,1032.1518611336014,143.60960455246914
frame_00071.jpg,907.4874367153528,143.05587577160495
frame_00072.jpg,954.7481818053612,142.74975308641976
frame_00073.jpg,984.1596455498756,143.8580613425926
frame_00074.jpg,1060.8127893051746,142.4790374228395
frame_00075.jpg,1107.0069635592895,139.91413773148147
frame_00076.jpg,996.9452015633001,138.22893711419752
frame_00077.jpg,830.3951563025083,139.88128472222223
frame_00078.jpg,854.5167431990259,139.80592785493826
frame_00079.jpg,858.0056133055265,142.84017168209877
frame_00080.jpg,890.042134467696,148.3208526234568
frame_00081.jpg,888.3749446357049,151.03194058641975
frame_00082.jpg,931.669500261187,149.37625964506174
frame_00083.jpg,892.8199010105731,147.85367669753086
frame_00084.jpg,914.4352398356197,147.53025462962964
frame_00085.jpg,940.3919694537881,146.38544753086418
frame_00086.jpg,963.3444660694731,147.6957561728395
frame_00087.jpg,1021.4746759080609,146.46987268518518
frame_00088.jpg,1052.8679225377969,146.43640432098766
frame_00089.jpg,989.5453548806652,144.93575810185186
frame_00090.jpg,1200.5106996752495,144.1655825617284
frame_00091.jpg,1190.0934526920291,144.93543981481483
frame_00092.jpg,1152.679151234434,145.0913213734568
frame_00093.jpg,1079.3153779376917,136.5735648148148
frame_00094.jpg,1145.7304416760112,130.32389853395063
frame_00095.jpg,1165.9551572111568,132.07089699074075
frame_00096.jpg,1213.0343051454022,136.59845679012346
frame_00097.jpg,1135.9341830701776,137.04640625
frame_00098.jpg,1150.0616624060347,140.9357175925926
frame_00099.jpg,1085.7609412479403,145.7392322530864
frame_00100.jpg,1154.6999512016432,146.75515625
frame_00101.jpg,1143.2710400723702,146.74824459876544
frame_00102.jpg,1275.4397722278145,144.67224537037038
frame_00103.jpg,1216.6665856674047,144.89522762345678
frame_00104.jpg,1220.8745377864786,145.2635300925926
frame_00105.jpg,1199.0539492262517,145.06857060185186
frame_00106.jpg,1239.038308904085,136.6465586419753
frame_00107.jpg,1251.8348602265303,135.09055555555557
frame_00108.jpg,1260.9813104459554,133.47884452160494
frame_00109.jpg,1193.2526050518536,132.89456018518518
frame_00110.jpg,1257.5705368217498,132.82216435185185
frame_00111.jpg,1169.8645934799047,133.0223360339506
frame_00112.jpg,1231.2761364730982,131.82621334876544
frame_00113.jpg,1207.303639349708,130.08908179012346
frame_00114.jpg,1251.1643343521341,128.24257908950617
frame_00115.jpg,1190.690242826694,127.78226080246914
frame_00116.jpg,1240.3473139213809,129.9691087962963
frame_00117.jpg,1139.6240394139938,130.09031057098767
frame_00118.jpg,1158.7966008401768,130.43784722222222
frame_00119.jpg,1144.4260538942233,134.4253375771605
frame_00120.jpg,1168.0131692846724,137.20819830246913
frame_00121.jpg,1186.2487342606735,136.3491261574074
frame_00122.jpg,1168.9583352493921,136.75340277777778
frame_00123.jpg,1261.2935914961367,136.5776523919753
frame_00124.jpg,1223.8060084635083,137.29240162037038
frame_00125.jpg,1231.1845661113011,134.30387731481483
frame_00126.jpg,1084.9077498949764,133.7714023919753
frame_00127.jpg,1135.0729954054643,134.0079976851852
frame_00128.jpg,1093.191027640302,134.32736111111112
frame_00129.jpg,1120.4254666268812,134.70667438271605
frame_00130.jpg,1105.5575166095662,136.9099112654321
frame_00131.jpg,1185.6550119019905,138.8564313271605
frame_00132.jpg,1175.140505494377,139.347081404321
frame_00133.jpg,1218.9341348647397,139.22246720679013
frame_00134.jpg,1227.9259585340897,138.42480902777777
frame_00135.jpg,1239.4887536414535,139.17004050925925
frame_00136.jpg,1170.3743435581557,136.89093171296295
frame_00137.jpg,1256.882465275977,130.36263695987654
frame_00138.jpg,1283.0150347863887,132.921768904321
frame_00139.jpg,1201.546815398862,135.1982638888889
frame_00140.jpg,1167.4452223526052,137.16487847222223
frame_00141.jpg,1171.1566302958497,137.61792631172838
frame_00142.jpg,1151.9743923744472,140.03141203703703
frame_00143.jpg,1057.1218287615702,138.9421662808642
frame_00144.jpg,1078.0330393497086,137.09986689814815
frame_00145.jpg,1087.5978271785787,136.33757716049382
frame_00146.jpg,1085.4611200324914,136.91261188271605
frame_00147.jpg,1123.917912200166,138.21310185185186
frame_00148.jpg,1240.4567600857833,137.42074652777777
frame_00149.jpg,1234.41053151461,138.12485339506173
frame_00150.jpg,1177.0587692867743,137.95650270061728
frame_00151.jpg,1175.1959257967894,133.66128279320986
frame_00152.jpg,1200.9735898093636,133.08476466049382
frame_00153.jpg,1295.3390145568835,131.68333912037036
frame_00154.jpg,1102.2309761180197,131.81468557098765
frame_00155.jpg,1118.7264325662495,130.35327160493827
frame_00156.jpg,1015.1175709801377,129.58405285493828
frame_00157.jpg,1075.5396657235601,132.44290316358024
frame_00158.jpg,1089.7310847241279,133.86276427469136
frame_00159.jpg,1127.0420554698217,134.9017322530864
frame_00160.jpg,1023.050967807638,132.53386766975308
frame_00161.jpg,948.4737526400345,129.2184413580247
frame_00162.jpg,890.6427874464164,133.23884452160493
frame_00163.jpg,916.6386264660491,135.62734953703705
frame_00164.jpg,892.1132342445978,137.6262847222222
frame_00165.jpg,967.9973598641595,137.80553047839507
frame_00166.jpg,1045.2779075706555,137.21758680555556
frame_00167.jpg,994.6903105200496,136.52349922839505
frame_00168.jpg,1016.4057004063395,136.6039313271605
frame_00169.jpg,981.9576150798606,134.62746720679013
frame_00170.jpg,1051.3809040155572,133.3374826388889
frame_00171.jpg,1011.4639580554093,133.65296296296296
frame_00172.jpg,1006.3788480941142,134.4595138888889
frame_00173.jpg,963.9617839385276,135.2926736111111
frame_00174.jpg,1005.3563464302404,133.98156057098765
frame_00175.jpg,954.0640874464166,133.80417052469136
frame_00176.jpg,990.0986168950187,133.37706790123457
frame_00177.jpg,965.7739680807397,133.36240354938272
frame_00178.jpg,892.5230978811675,136.61117862654322
frame_00179.jpg,993.2315136643396,137.04155285493826
frame_00180.jpg,890.1678676263501,138.04925347222223
frame_00181.jpg,947.3651046421288,136.5432735339506
frame_00182.jpg,926.5869315647,137.41435570987653
frame_00183.jpg,1000.5215505968295,140.4357523148148
frame_00184.jpg,964.4301286624109,142.5379263117284
frame_00185.jpg,973.0050539217893,142.680262345679
frame_00186.jpg,906.6852971802443,140.14477816358024
frame_00187.jpg,997.0706374005985,138.53239004629629
frame_00188.jpg,957.0354683999162,141.2861824845679
frame_00189.jpg,1089.7498306469456,140.96581018518518
frame_00190.jpg,1068.2408853405746,139.43185570987654
frame_00191.jpg,1114.5366107252157,139.2482889660494
frame_00192.jpg,1057.891386644771,139.26868441358025
frame_00193.jpg,1023.4065810837081,139.44021797839505
frame_00194.jpg,942.3443733662335,139.81440586419754
frame_00195.jpg,948.914568708707,139.98963348765432
frame_00196.jpg,938.6872568715112,141.11946566358026
frame_00197.jpg,982.6876185069943,139.77212191358024
frame_00198.jpg,941.2555760043331,140.64413966049383
frame_00199.jpg,970.7932980216757,140.11854938271605
frame_00200.jpg,922.1873404550465,143.88786651234568
frame_00201.jpg,1008.7778066920316,143.7637635030864
frame_00202.jpg,956.2890124421255,143.57507716049383
frame_00203.jpg,966.0847664391706,141.5203587962963
frame_00204.jpg,974.0652912486992,141.35262924382715
frame_00205.jpg,988.3218895075979,142.9425597993827
frame_00206.jpg,997.2437874713626,143.48382908950617
frame_00207.jpg,1143.8679316839346,143.09564814814814
frame_00208.jpg,1174.9841437721443,142.99239583333335
frame_00209.jpg,1243.2856495768076,139.19111304012347
frame_00210.jpg,1113.6647877211071,135.66105709876544
frame_00211.jpg,1060.200732979666,136.71231481481482
frame_00212.jpg,1109.9094733586983,133.58100308641974
frame_00213.jpg,1041.3114107679376,131.99630787037037
frame_00214.jpg,1008.6296019259164,133.2044386574074
frame_00215.jpg,987.9744203850014,132.87979552469136
frame_00216.jpg,1078.9114370683499,132.49373456790124
frame_00217.jpg,1122.0153589588297,132.15735339506173
frame_00218.jpg,1127.6768577043802,133.77677083333333
frame_00219.jpg,1102.061244560126,134.23963155864197
frame_00220.jpg,1161.1578119570036,133.39316550925926
frame_00221.jpg,1101.6422263037773,133.2564737654321
frame_00222.jpg,1139.5661689689634,133.93085648148147
frame_00223.jpg,1200.3779511471332,136.1813676697531
frame_00224.jpg,1201.759390780091,134.86480709876543
frame_00225.jpg,1029.7436092353098,131.83505401234567
frame_00226.jpg,1050.1951478036906,130.79343557098767
frame_00227.jpg,1033.6014000875757,133.44495177469136
frame_00228.jpg,1174.1204449195495,133.63638695987655
frame_00229.jpg,1152.6788985422525,132.64137152777778
frame_00230.jpg,1194.4189739904684,131.31946180555556
frame_00231.jpg,1010.0844080498756,135.40246141975308
frame_00232.jpg,997.1129957352415,136.47959683641974
frame_00233.jpg,965.6160722707449,138.2432638888889
frame_00234.jpg,1046.643494654995,137.74258294753088
frame_00235.jpg,1014.6837530540872,140.60732638888888
frame_00236.jpg,995.6006226849472,142.07690200617284
frame_00237.jpg,1097.2534430440649,142.95812692901234
frame_00238.jpg,1028.4629242198214,146.3426311728395
frame_00239.jpg,1001.3882802579727,144.087918595679
frame_00240.jpg,912.7762919719595,146.00657214506174
frame_00241.jpg,948.2001037962096,143.62980709876544
frame_00242.jpg,973.3874784024702,143.30311535493829
frame_00243.jpg,1035.547651861482,144.64956597222223
frame_00244.jpg,1015.4335162098622,145.05742283950616
frame_00245.jpg,980.5242714182851,145.85318287037038
frame_00246.jpg,915.8181596792961,145.01749228395062
frame_00247.jpg,997.5343310941905,146.3042226080247
frame_00248.jpg,990.6524846899381,149.87618055555555
frame_00249.jpg,1018.6569390932174,150.69027391975308
frame_00250.jpg,1020.6581654925551,154.6485050154321
frame_00251.jpg,1026.0962750720664,155.5479899691358
frame_00252.jpg,1052.1082361394508,153.90212191358026
frame_00253.jpg,1084.0309451472247,152.02797839506172
frame_00254.jpg,1066.1983349428942,151.4944077932099
frame_00255.jpg,1051.9047041634478,148.129012345679
frame_00256.jpg,931.9250898683836,143.74046875
frame_00257.jpg,1010.0121010873323,145.15334297839507
frame_00258.jpg,997.8881497444913,148.83275848765433
frame_00259.jpg,1038.214710844384,147.67235339506172
frame_00260.jpg,959.6587673200862,147.99093364197532
frame_00261.jpg,991.3097335087157,145.38119791666668
frame_00262.jpg,908.3152717391614,143.9433275462963
frame_00263.jpg,963.0368034068166,148.62537229938272
frame_00264.jpg,959.9544836953211,146.45416859567902
frame_00265.jpg,934.8540776606046,147.5150675154321
frame_00266.jpg,986.3029485022763,147.50091242283952
frame_00267.jpg,988.3083388316733,146.96791473765433
frame_00268.jpg,915.6110414844673,144.67921682098765
frame_00269.jpg,851.5111631823548,149.10564043209877
frame_00270.jpg,870.2787215059719,148.7418460648148
frame_00271.jpg,832.5113693568012,149.40881365740742
frame_00272.jpg,877.5815753189869,148.60012345679013
frame_00273.jpg,911.6585884065015,147.9740277777778
frame_00274.jpg,1004.3888710156037,147.6090875771605
frame_00275.jpg,974.8289941937586,147.36726080246913
frame_00276.jpg,1050.034500323195,147.26583912037037
frame_00277.jpg,1085.3496640805843,146.54528935185186
frame_00278.jpg,1135.7648722028391,147.1749363425926
frame_00279.jpg,1210.2135615452582,146.57500192901236
frame_00280.jpg,1093.9996622870904,145.35338541666667
frame_00281.jpg,1023.6098214377421,145.7380999228395
frame_00282.jpg,1035.0480323644808,144.30763310185185
frame_00283.jpg,1036.130382093749,144.80618055555556
frame_00284.jpg,1023.0140543544442,146.21065200617284
frame_00285.jpg,1057.9187127500422,147.65572723765433
frame_00286.jpg,1028.058421728523,147.9912037037037
frame_00287.jpg,1025.7611170658054,145.98867669753088
frame_00288.jpg,945.4067323207213,146.2181635802469
frame_00289.jpg,1056.5715421803404,145.97061535493827
frame_00290.jpg,1002.2994153706526,145.87800925925927
frame_00291.jpg,1077.4573837553346,144.40639274691358
frame_00292.jpg,1072.7704359459394,145.18758101851853
frame_00293.jpg,1115.5849969412614,146.72285108024693
frame_00294.jpg,1070.3489610160748,147.49755787037037
frame_00295.jpg,1090.602638874585,147.30824845679012
frame_00296.jpg,1035.0864601149867,147.51419174382715
frame_00297.jpg,973.8548562279973,147.0566801697531
frame_00298.jpg,1102.139220593219,147.3564660493827
frame_00299.jpg,1036.8974346698294,147.34752314814816
frame_00300.jpg,1093.9802795184096,146.4338638117284
frame_00301.jpg,952.2284837118686,146.3849112654321
frame_00302.jpg,982.9042225111236,145.87636959876542
frame_00303.jpg,937.8317107525435,146.60371527777778
frame_00304.jpg,1004.5648995626232,146.48124421296296
frame_00305.jpg,967.3671103323021,146.2994965277778
frame_00306.jpg,1042.7058650396286,147.50620949074073
frame_00307.jpg,1087.2797945794753,146.18305941358025
frame_00308.jpg,1224.8874737461415,138.67170910493826
frame_00309.jpg,1267.2088557264544,134.3372048611111
frame_00310.jpg,1268.0447395155165,131.73391396604939
frame_00311.jpg,1082.5135126595865,134.07394675925926
frame_00312.jpg,1196.9392022527431,138.1071836419753
frame_00313.jpg,1138.5692223078222,137.64194830246913
frame_00314.jpg,1233.1295505377982,138.8431037808642
frame_00315.jpg,1221.4651218456925,142.15580054012347
frame_00316.jpg,1176.1526540398374,144.027081404321
frame_00317.jpg,1158.4982831575196,139.95595293209877
frame_00318.jpg,1105.0598746003516,138.08452932098766
frame_00319.jpg,1130.9262986586077,138.5098823302469
frame_00320.jpg,1203.4359698763137,139.0821161265432
frame_00321.jpg,1144.3494567204605,139.69609953703704
frame_00322.jpg,1128.7371562950957,138.63523341049384
frame_00323.jpg,1141.7004339714815,139.24392168209877
frame_00324.jpg,1156.2483859589183,139.54533179012347
frame_00325.jpg,1073.0234471982733,137.90007330246914
frame_00326.jpg,1074.1117335130136,138.81010995370372
frame_00327.jpg,1013.4021921159325,140.2084625771605
frame_00328.jpg,981.4717546774827,141.55944637345678
frame_00329.jpg,1032.7965737333677,145.92909915123457
frame_00330.jpg,975.9619434765895,147.4640914351852
frame_00331.jpg,1062.2736269602099,149.2225
frame_00332.jpg,994.6969332223816,150.26302469135803
frame_00333.jpg,1025.1342396976418,149.25938271604937
frame_00334.jpg,1037.7936967869407,143.68836033950618
frame_00335.jpg,905.7993822585638,132.49736689814816
frame_00336.jpg,926.9105872083227,134.71671296296296
frame_00337.jpg,830.1789220292618,146.98127314814815
frame_00338.jpg,916.6122032620813,149.56651041666666
frame_00339.jpg,903.0338282212681,151.90836419753086
frame_00340.jpg,898.1546937856624,147.39679591049384
frame_00341.jpg,793.7822260685773,150.89054398148147
frame_00342.jpg,794.1381197092667,148.1906037808642
frame_00343.jpg,761.3559932436341,151.02909529320988
frame_00344.jpg,807.7895845054726,151.31634066358023
frame_00345.jpg,773.3346456295812,151.1467264660494
frame_00346.jpg,806.7272737482521,152.64413194444444
frame_00347.jpg,814.9856857330744,153.0941763117284
frame_00348.jpg,799.7442354118107,153.2304610339506
frame_00349.jpg,809.5085095093126,154.28543209876543
frame_00350.jpg,789.7528583675672,154.93421875
frame_00351.jpg,861.28577021167,154.2932638888889
frame_00352.jpg,810.2682090799289,154.49043209876544
frame_00353.jpg,829.1929975241958,151.26023533950618
frame_00354.jpg,794.6975366190512,151.83900848765433
frame_00355.jpg,870.7880047403547,150.4615914351852
frame_00356.jpg,837.2797714824065,151.1508487654321
frame_00357.jpg,833.4592156953581,149.75302276234567
frame_00358.jpg,890.1546618396668,148.00604938271604
frame_00359.jpg,831.1870169429762,147.20441550925926
frame_00360.jpg,822.0125886440117,147.24880594135803
frame_00361.jpg,810.1906517989231,143.69501157407407
frame_00362.jpg,771.8486924524378,145.29334876543209
frame_00363.jpg,764.03803068067,144.1572202932099
frame_00364.jpg,778.0835442770813,143.93828703703704
frame_00365.jpg,836.2381891744301,144.07525462962963
frame_00366.jpg,824.405481621454,145.74419560185186
frame_00367.jpg,796.1473033925464,143.23837384259258
frame_00368.jpg,882.7612884777084,144.9987422839506
frame_00369.jpg,972.4243480312022,140.7032600308642
frame_00370.jpg,950.428457988876,137.95985725308643
frame_00371.jpg,945.9858010424367,135.95405478395062
frame_00372.jpg,916.5512487816262,139.93980709876544
frame_00373.jpg,1016.4529281592338,139.6840914351852
frame_00374.jpg,903.46071660183,141.16396990740742
frame_00375.jpg,914.7514323816276,144.20262538580246
frame_00376.jpg,885.2076968339751,146.04414544753087
frame_00377.jpg,912.6012271909772,148.57998842592593
frame_00378.jpg,841.9914403158219,150.53664544753087
frame_00379.jpg,856.3111484309362,151.41710069444446
frame_00380.jpg,850.6941051413498,151.9999826388889
frame_00381.jpg,921.4819903256309,150.3192611882716
frame_00382.jpg,920.7469366131305,151.19163580246914
frame_00383.jpg,898.4639964259542,151.17487075617285
frame_00384.jpg,754.4650749321233,150.0678298611111
frame_00385.jpg,808.8303331502522,152.39018711419754
frame_00386.jpg,773.1571299575465,152.87314236111112
frame_00387.jpg,779.1804239260491,149.88865162037038
frame_00388.jpg,801.6163733838566,148.6244000771605
frame_00389.jpg,818.474148787844,142.47297453703703
frame_00390.jpg,951.7107341282139,135.07148341049384
frame_00391.jpg,874.9756291145973,136.38347029320988
frame_00392.jpg,752.712730314548,139.48155092592592
frame_00393.jpg,793.9881352671347,147.52027199074075
frame_00394.jpg,796.1600345748337,150.15818287037038
frame_00395.jpg,841.5182742271895,150.25482831790123
frame_00396.jpg,948.3218048739117,149.16366705246912
frame_00397.jpg,1005.5513328031195,148.74391203703703
frame_00398.jpg,1080.2809428644364,142.50777584876542
frame_00399.jpg,1008.3185224512588,141.48403935185186
frame_00400.jpg,1061.9715131994312,141.5588387345679
frame_00401.jpg,949.8441924037398,139.36637924382717
frame_00402.jpg,1068.9845291513018,144.26947337962963
frame_00403.jpg,1039.7522433056092,147.19929398148147
frame_00404.jpg,1084.6472145703394,146.14684799382715
frame_00405.jpg,1114.4533014317553,145.27001736111112
frame_00406.jpg,1146.5499495703787,144.72796489197532
frame_00407.jpg,1113.2057953308934,144.16721257716048
frame_00408.jpg,1175.5092147231273,143.02213541666666
frame_00409.jpg,1144.6854687916607,141.39802083333333
frame_00410.jpg,1199.7649575605228,142.8381037808642
frame_00411.jpg,1163.5648544865285,140.05339699074074
frame_00412.jpg,1121.8887600951311,134.5223649691358
frame_00413.jpg,1047.4301198956152,133.21521219135803
frame_00414.jpg,993.1421770752922,142.85599344135804
frame_00415.jpg,1045.008916463938,145.27082175925926
frame_00416.jpg,1048.1779047925204,147.01271797839507
frame_00417.jpg,1016.1466338207626,147.56741319444444
frame_00418.jpg,999.7781473717208,146.06626929012344
frame_00419.jpg,986.8323975862305,146.3579861111111
frame_00420.jpg,955.2494363102041,146.87025462962964
frame_00421.jpg,999.3467615523391,147.8633275462963
frame_00422.jpg,1020.1289244510314,148.46690972222223
frame_00423.jpg,1081.2334893060047,148.2099112654321
frame_00424.jpg,1187.3444448835921,146.20769097222222
frame_00425.jpg,1174.9122746847938,145.34598186728394
frame_00426.jpg,1237.5457077159151,143.50324652777778
frame_00427.jpg,1269.864480449367,142.16917824074073
frame_00428.jpg,1281.4290458233872,144.01223186728396
frame_00429.jpg,1338.6490103946041,144.12391975308643
frame_00430.jpg,1380.7132791113827,141.66159915123455
frame_00431.jpg,1158.3802657695421,138.4882561728395
frame_00432.jpg,1160.5709291060837,137.4484664351852
frame_00433.jpg,1150.2538329389574,138.58395833333333
frame_00434.jpg,1247.346896856186,138.3599247685185
frame_00435.jpg,1250.5735383926888,138.03666280864198
frame_00436.jpg,1145.1397378573993,137.5632426697531
frame_00437.jpg,1151.79519824263,137.1808063271605
frame_00438.jpg,1079.1903873847912,136.90134837962964
frame_00439.jpg,1125.6836552467798,138.5471277006173
frame_00440.jpg,1155.4897897081796,141.21181327160494
frame_00441.jpg,1152.2494219167918,142.2593788580247
frame_00442.jpg,1057.0560181661722,141.61540895061728
frame_00443.jpg,1095.8872079239393,142.6225347222222
frame_00444.jpg,1048.31078248884,142.94514853395063
frame_00445.jpg,1189.8817666266432,142.10141203703705
frame_00446.jpg,1128.8548701337052,142.65472800925926
frame_00447.jpg,1248.7840712351767,140.44415702160495
frame_00448.jpg,1188.5840941221047,132.3776909722222
frame_00449.jpg,1338.6044427640607,133.67784143518517
frame_00450.jpg,1313.866880658938,133.38357638888888
frame_00451.jpg,1328.1703668128573,133.48721450617285
frame_00452.jpg,1239.2851475371122,136.45933834876544
frame_00453.jpg,1205.4145765359428,136.78132523148147
frame_00454.jpg,1047.7615805641142,139.6787615740741
frame_00455.jpg,1131.786688254097,149.71936921296296
frame_00456.jpg,1094.0397915487674,152.52722222222224
frame_00457.jpg,1108.0457984795926,155.23243827160493
frame_00458.jpg,1030.2592941542553,158.85508101851852
frame_00459.jpg,1072.0733448023836,161.40014660493827
frame_00460.jpg,1092.6471313128673,161.55324266975308
frame_00461.jpg,1151.4671356951683,161.09800925925927
frame_00462.jpg,1088.5582678054054,160.49785493827162
frame_00463.jpg,1127.0316694543537,159.42974537037037
frame_00464.jpg,1058.3458640367649,157.2980613425926
frame_00465.jpg,1096.1025503065841,154.92271026234567
frame_00466.jpg,1089.8368868860164,153.61001543209878
frame_00467.jpg,1083.5549752401407,152.24286072530865
frame_00468.jpg,1063.988281407402,151.72100115740741
frame_00469.jpg,1057.0492042350722,152.74217206790124
frame_00470.jpg,1091.5417884630176,153.9338040123457
frame_00471.jpg,1060.2295331087248,155.57803240740742
frame_00472.jpg,1089.9580056945715,157.34484953703705
frame_00473.jpg,1117.567768161234,156.49979552469136
frame_00474.jpg,1261.1317012120483,142.83466628086418
frame_00475.jpg,1182.1870304104302,142.85444444444445
frame_00476.jpg,1187.00729627858,140.953543595679
frame_00477.jpg,1190.221853759933,139.38392554012347
frame_00478.jpg,1249.3504200995787,141.63241512345678
frame_00479.jpg,1199.192905049666,143.05262731481483
frame_00480.jpg,1264.5819988881049,143.9272164351852
frame_00481.jpg,1196.554858147204,142.29302083333334
frame_00482.jpg,1177.0348366364658,141.09996334876544
frame_00483.jpg,1136.7032290591271,141.5378800154321
frame_00484.jpg,1286.6677759813815,144.24440200617283
frame_00485.jpg,1256.734224262685,145.10129050925926
frame_00486.jpg,1254.720294614424,144.9866377314815
frame_00487.jpg,1213.5533936325915,145.73924575617283
frame_00488.jpg,1222.6502796241782,146.70008101851852
frame_00489.jpg,1207.4740258456354,148.42052662037037
frame_00490.jpg,1246.0044018602916,146.80025655864196
frame_00491.jpg,1277.3849130159774,146.73490933641975
frame_00492.jpg,1309.6937040167184,145.67506558641975
frame_00493.jpg,1329.2383828171296,142.80771219135804
frame_00494.jpg,1433.3394242271888,140.73306712962963
frame_00495.jpg,1447.2296607241033,141.12932098765432
frame_00496.jpg,1382.686184264737,141.79293788580247
frame_00497.jpg,1371.5084540692637,140.48800540123457
frame_00498.jpg,1323.2886266748428,141.59484375
frame_00499.jpg,1375.112018085548,139.99194058641976
frame_00500.jpg,1381.9418412639811,140.54313657407408
frame_00501.jpg,1407.594786068479,140.85291087962963
frame_00502.jpg,1314.9961554389179,138.37590084876544
frame_00503.jpg,1448.353471441672,138.52569444444444
frame_00504.jpg,1450.0370860575279,139.50434606481483
frame_00505.jpg,1455.0954652145338,139.51055555555556
frame_00506.jpg,1307.6145441124597,139.08825424382715
frame_00507.jpg,1327.2982020554696,137.53176311728396
frame_00508.jpg,1273.0589763088108,138.4863213734568
frame_00509.jpg,1325.8908968578198,137.90117669753087
frame_00510.jpg,1225.6229363473215,136.14095293209877
frame_00511.jpg,1347.9293483358097,136.77713155864197
frame_00512.jpg,1435.278177348926,135.39868055555556
frame_00513.jpg,1357.0558515145726,138.8025038580247
frame_00514.jpg,1392.580682151452,138.80380979938272
frame_00515.jpg,1282.5100818960855,139.1917399691358
frame_00516.jpg,1352.1171383648064,140.34809027777777
frame_00517.jpg,1223.8461749345943,142.21310956790123
frame_00518.jpg,1281.548470690887,141.3266222993827
frame_00519.jpg,1211.0508601690954,144.20299575617284
frame_00520.jpg,1375.083868148252,146.70400077160494
frame_00521.jpg,1262.6922229801296,146.25381172839505
frame_00522.jpg,1339.3447001106165,145.44482831790123
frame_00523.jpg,1352.937924855946,144.3128935185185
frame_00524.jpg,1427.2044780321069,142.20461612654321
frame_00525.jpg,1325.0953771372592,141.3279147376543
frame_00526.jpg,1443.1230465092578,141.8780362654321
frame_00527.jpg,1421.856056436099,141.99777199074074
frame_00528.jpg,1446.1110939425998,140.96120563271606
frame_00529.jpg,1376.0754998326843,141.36760802469135
frame_00530.jpg,1309.9641647228855,141.70032793209876
frame_00531.jpg,1406.4973491730218,142.332606095679
frame_00532.jpg,1309.0051177858359,141.079793595679
frame_00533.jpg,1366.8161977865434,140.6655401234568
frame_00534.jpg,1270.4314968331894,139.43499807098766
frame_00535.jpg,1335.086765774796,136.25670910493827
frame_00536.jpg,1335.671666720012,136.63136959876545
frame_00537.jpg,1330.5775117001594,135.21073302469136
frame_00538.jpg,1158.3325919807855,132.09015046296295
frame_00539.jpg,1041.6156618111484,128.44882137345678
frame_00540.jpg,1065.3798660106681,131.60543595679013
frame_00541.jpg,981.4798255440488,133.5028935185185
frame_00542.jpg,988.5031655084222,134.28853202160494
frame_00543.jpg,995.4246777745293,135.04421489197532
frame_00544.jpg,1029.2981744605754,134.97640817901234
frame_00545.jpg,987.4269072345661,135.0564872685185
frame_00546.jpg,1065.1915867198222,134.63909722222223
frame_00547.jpg,1064.5304388101167,134.744012345679
frame_00548.jpg,1074.3239067924421,134.69729552469136
frame_00549.jpg,1059.0127825859602,134.77424961419754
frame_00550.jpg,1086.395644595368,134.0620987654321
frame_00551.jpg,1054.4424335066428,133.94317901234567
frame_00552.jpg,1212.13734167226,134.21925347222222
frame_00553.jpg,1200.4280785068584,133.37868827160494
frame_00554.jpg,1110.5408587854458,131.98272955246912
frame_00555.jpg,977.0731151091642,131.5585397376543
frame_00556.jpg,981.6408785512547,131.3012249228395
frame_00557.jpg,948.9797798494977,131.69927662037037
frame_00558.jpg,974.8034948386864,131.70495177469135
frame_00559.jpg,973.0424375512024,131.34509066358024
frame_00560.jpg,1023.8052406602312,131.1782773919753
frame_00561.jpg,1030.2771749480241,132.65113425925927
frame_00562.jpg,1121.399201379586,132.00982638888888
frame_00563.jpg,1136.6128722393655,132.85987847222222
frame_00564.jpg,1201.873256014932,134.43573688271604
frame_00565.jpg,1104.7629650184333,133.26689621913582
frame_00566.jpg,1178.2449052550367,133.77662037037038
frame_00567.jpg,1154.7020925378035,134.35032793209876
frame_00568.jpg,1225.1872649301833,134.10294560185184
frame_00569.jpg,1250.521168851537,134.32448495370372
frame_00570.jpg,1092.6400304170384,133.5491898148148
frame_00571.jpg,1146.177551388889,135.39416859567902
frame_00572.jpg,1198.5306871140635,134.96075810185187
frame_00573.jpg,1173.8116684367105,135.50559027777777
frame_00574.jpg,1103.0726872509995,134.54791087962963
frame_00575.jpg,1179.3806868484216,134.95557291666665
frame_00576.jpg,1306.9052296819589,136.86005979938273
frame_00577.jpg,1272.580158291356,136.36150077160494
frame_00578.jpg,1272.8513848950602,135.4890663580247
frame_00579.jpg,1271.2799575402798,137.25590277777778
frame_00580.jpg,1318.9085026762666,137.39282986111112
frame_00581.jpg,1320.5304281739254,136.98402777777778
frame_00582.jpg,1339.9997934345558,136.3625
frame_00583.jpg,1257.4428330406733,136.2902912808642
frame_00584.jpg,1307.498065221991,136.80506172839506
frame_00585.jpg,1333.0357720049708,136.58306520061728
frame_00586.jpg,1357.8981518543383,136.6773360339506
frame_00587.jpg,1346.0438135025506,136.59762538580247
frame_00588.jpg,1432.18594311503,137.0657947530864
frame_00589.jpg,1402.1353837405354,137.3382561728395
frame_00590.jpg,1475.4603107598366,137.96716049382715
frame_00591.jpg,1411.9524822592443,137.42058063271605
frame_00592.jpg,1436.9884167994946,138.36477044753087
frame_00593.jpg,1412.1640850908182,139.47499807098765
frame_00594.jpg,1413.8587157902127,140.59657021604937
frame_00595.jpg,1407.596685848134,143.1933101851852
frame_00596.jpg,1470.7765701231563,146.74210069444445
frame_00597.jpg,1523.681287634193,145.77814236111112
frame_00598.jpg,1444.1374453621395,145.326768904321
frame_00599.jpg,1534.1567283376678,139.31518904320987
frame_00600.jpg,1412.8502337897332,140.99770833333332
frame_00601.jpg,1376.1251926411157,140.14292052469136
frame_00602.jpg,1304.4361997866029,139.60674575617284
frame_00603.jpg,1354.0639270639092,136.05934799382717
frame_00604.jpg,1279.4810306013362,134.65863425925926
frame_00605.jpg,1260.729455175409,133.7722125771605
frame_00606.jpg,1339.7791773429126,134.12559413580246
frame_00607.jpg,1350.167181431555,135.65936921296296
frame_00608.jpg,1451.21101628726,137.54672839506173
frame_00609.jpg,1463.5380391017347,139.95543788580247
frame_00610.jpg,1419.567695773822,136.85702932098766
frame_00611.jpg,1402.8783977743692,132.31982445987654
frame_00612.jpg,1261.2596921021084,131.74337191358023
frame_00613.jpg,1241.972232637683,137.83976851851853
frame_00614.jpg,1371.3724870497142,137.56818094135804
frame_00615.jpg,1321.7690327626635,138.7215451388889
frame_00616.jpg,1291.9710303228685,137.94561342592593
frame_00617.jpg,1208.3947819971904,139.07497685185186
frame_00618.jpg,1281.2741261573142,138.7157523148148
frame_00619.jpg,1363.3749178964115,139.18659915123456
frame_00620.jpg,1306.1041377310312,140.0469174382716
frame_00621.jpg,1345.4864349883399,140.7032098765432
frame_00622.jpg,1267.7202672628707,142.6679147376543
frame_00623.jpg,1255.7835411165968,143.3343364197531
frame_00624.jpg,1275.8386267315866,144.52197337962963
frame_00625.jpg,1288.9988003230762,144.54251543209875
frame_00626.jpg,1390.9598871326807,144.5322337962963
frame_00627.jpg,1384.3625464301622,144.4256423611111
frame_00628.jpg,1333.9365180812722,144.31218171296297
frame_00629.jpg,1457.1560205010217,143.2975848765432
frame_00630.jpg,1422.5742102363868,142.70735146604937
frame_00631.jpg,1452.958846466659,141.40112654320987
frame_00632.jpg,1540.0643093487442,139.79861304012346
frame_00633.jpg,1510.1255028975042,138.3804436728395
frame_00634.jpg,1621.6752573902459,137.0240875771605
frame_00635.jpg,1433.3562835338219,136.34124807098766
frame_00636.jpg,1353.5576548790582,137.5927199074074
frame_00637.jpg,1512.021865343682,131.03467013888888
frame_00638.jpg,1248.7788191867076,134.36693672839507
frame_00639.jpg,1391.5804400253385,134.2318402777778
frame_00640.jpg,1298.7569105423509,134.89916087962962
frame_00641.jpg,1413.0610349239614,133.035881558642
frame_00642.jpg,1401.2931136509737,132.7951639660494
frame_00643.jpg,1312.7978729311299,138.24411651234567
frame_00644.jpg,1407.5955168828439,140.80898919753088
frame_00645.jpg,1200.6801422374965,137.84682098765433
frame_00646.jpg,1315.0460858455706,139.18282214506172
frame_00647.jpg,1286.3641062387142,141.73860918209877
frame_00648.jpg,1309.5978536826128,141.75280092592592
frame_00649.jpg,1498.407549894976,138.2147723765432
frame_00650.jpg,1433.4564702126515,135.18975115740741
frame_00651.jpg,1492.54701204263,135.2021990740741
frame_00652.jpg,1583.2942708022401,135.41223186728396
frame_00653.jpg,1641.6488975849797,135.72337191358025
frame_00654.jpg,1468.2764691221053,137.9834548611111
frame_00655.jpg,1498.0165307033128,138.91709683641974
frame_00656.jpg,1570.7926080239617,136.21533757716048
frame_00657.jpg,1589.2120400301876,136.43156442901235
frame_00658.jpg,1303.2630102599007,135.20699266975308
frame_00659.jpg,1420.5944333894035,144.91451195987653
frame_00660.jpg,1316.899979455032,146.09637731481482
frame_00661.jpg,1334.4102728235168,139.3605536265432
frame_00662.jpg,1390.865777635241,135.45937692901234
frame_00663.jpg,1324.3951542280943,137.53904320987655
frame_00664.jpg,1334.0259443091124,143.72318479938272
frame_00665.jpg,1333.833427794921,144.3613676697531
frame_00666.jpg,1336.9611878852663,143.7777199074074
frame_00667.jpg,1371.3118904255348,143.2411651234568
frame_00668.jpg,1407.698052551282,143.48572337962963
frame_00669.jpg,1499.8615808571378,143.26284915123458
frame_00670.jpg,1417.3965545550886,142.90126350308643
frame_00671.jpg,1475.0786849805816,141.06558834876543
frame_00672.jpg,1421.5595738905463,140.87274112654322
frame_00673.jpg,1437.6569668950524,139.48847608024693
frame_00674.jpg,1441.4302416793444,141.27825424382715
frame_00675.jpg,1481.0683306826677,141.8625925925926
frame_00676.jpg,1395.414351280055,140.3763811728395
frame_00677.jpg,1471.2494824612252,140.24578703703705
frame_00678.jpg,1401.1377594251865,140.77073302469137
frame_00679.jpg,1488.3090516117377,140.91668981481482
frame_00680.jpg,1496.36459615239,141.70502314814814
frame_00681.jpg,1481.4616516572837,142.09245949074074
frame_00682.jpg,1440.4134490514348,142.99252700617285
frame_00683.jpg,1410.4699643578322,139.43761959876542
frame_00684.jpg,1345.6511297344152,136.168387345679
frame_00685.jpg,1396.5350725237045,135.35596836419754
frame_00686.jpg,1402.2576851163594,137.308175154321
frame_00687.jpg,1530.930335405053,136.98106481481483
frame_00688.jpg,1436.6104909566798,139.47322916666667
frame_00689.jpg,1428.2611431124735,139.42969135802468
frame_00690.jpg,1453.5711396583506,139.86208912037037
frame_00691.jpg,1488.0660699498242,139.53052854938272
frame_00692.jpg,1392.2054057071637,139.3312962962963
frame_00693.jpg,1476.5810697491424,141.23878279320988
frame_00694.jpg,1516.5570322011104,141.524268904321
frame_00695.jpg,1604.9511760650053,141.81542052469135
frame_00696.jpg,1587.6799065228265,139.78904899691358
frame_00697.jpg,1448.0595927982945,135.61715856481482
frame_00698.jpg,1400.7270447852025,135.21677662037038
frame_00699.jpg,1499.862480950274,134.80829668209876
frame_00700.jpg,1398.19025663293,136.54383294753086
frame_00701.jpg,1454.6542016693659,139.2097550154321
frame_00702.jpg,1437.2670042984491,139.10260802469136
frame_00703.jpg,1539.743907198297,141.6715952932099
frame_00704.jpg,1490.0338478434915,141.64513695987654
frame_00705.jpg,1545.002477308147,141.4756539351852
frame_00706.jpg,1411.8194195116582,133.21693287037036
frame_00707.jpg,1435.3744533559457,127.01651234567902
frame_00708.jpg,1448.6333606031042,125.83857060185186
frame_00709.jpg,1516.7067274004148,129.39339120370371
frame_00710.jpg,1591.5888043783182,129.3413985339506
frame_00711.jpg,1515.4729146737968,129.70729166666666
frame_00712.jpg,1498.7027913354857,130.0250675154321
frame_00713.jpg,1438.5724432667942,129.11582947530863
frame_00714.jpg,1482.398319335636,126.10768132716049
frame_00715.jpg,1470.5542857195328,125.71123456790123
frame_00716.jpg,1512.4325268505975,126.43981481481481
frame_00717.jpg,1479.9526013655463,124.88400848765433
frame_00718.jpg,1537.5387628466863,124.06947145061729
frame_00719.jpg,1511.642452577494,122.26161265432098
frame_00720.jpg,1532.971697230736,121.47484567901235
frame_00721.jpg,1407.584394972865,121.61665702160494
frame_00722.jpg,1394.5102359607752,125.47501543209877
frame_00723.jpg,1332.3472888220842,125.44496913580247
frame_00724.jpg,1392.8570664265521,124.33505401234568
frame_00725.jpg,1380.0345289008912,124.21468171296296
frame_00726.jpg,1361.6677449678637,123.78168016975309
frame_00727.jpg,1502.974282707919,124.01580439814815
frame_00728.jpg,1443.7316599509911,125.28442322530864
frame_00729.jpg,1337.5727911603014,125.8135050154321
frame_00730.jpg,1391.6661920246054,124.29329089506173
frame_00731.jpg,1445.8164309623403,125.52552662037037
frame_00732.jpg,1425.2442244029849,126.16417052469136
frame_00733.jpg,1391.5357552225628,125.98337770061728
frame_00734.jpg,1438.7965720849884,125.2367862654321
frame_00735.jpg,1492.7235128547202,126.97618441358024
frame_00736.jpg,1543.9741603187724,125.33707947530864
frame_00737.jpg,1389.0300681553078,123.64139853395062
frame_00738.jpg,1359.2154989546682,125.47308256172839
frame_00739.jpg,1291.8965343886298,126.4819425154321
frame_00740.jpg,1300.7017546745062,126.57861111111112
frame_00741.jpg,1231.2514459553215,127.84439814814814
frame_00742.jpg,1167.1317146262,129.57928433641976
frame_00743.jpg,1195.9018242372028,129.90935956790125
frame_00744.jpg,1182.7235286907505,130.01798032407407
frame_00745.jpg,1265.4927640327278,130.69829668209877
frame_00746.jpg,1219.5586769652111,129.8396161265432
frame_00747.jpg,1285.9610162491904,130.53704089506172
frame_00748.jpg,1350.18534899035,131.4444425154321
frame_00749.jpg,1367.6371556014556,130.95445601851853
frame_00750.jpg,1367.0490124842672,131.7970486111111
frame_00751.jpg,1295.4838933048945,130.4685763888889
frame_00752.jpg,1278.1866602789526,130.78623649691357
frame_00753.jpg,1349.7090232507906,131.37059799382715
frame_00754.jpg,1323.3768920714579,131.62141396604937
frame_00755.jpg,1338.96524255767,130.9655864197531
frame_00756.jpg,1373.9245848763048,133.06286072530864
frame_00757.jpg,1423.0561558545373,132.24249421296295
frame_00758.jpg,1433.4163384907029,132.90663966049382
frame_00759.jpg,1475.833270495623,132.63457561728396
frame_00760.jpg,1456.9001749560468,134.65362461419753
frame_00761.jpg,1601.7749322578748,134.9762326388889
frame_00762.jpg,1529.4010787822338,137.26740933641975
frame_00763.jpg,1653.0530606280836,138.79940779320987
frame_00764.jpg,1626.1038409328053,138.51854552469135
frame_00765.jpg,1746.009539283965,138.12110725308642
frame_00766.jpg,1670.4066515679774,136.55657986111112
frame_00767.jpg,1740.952690636874,132.74539158950617
frame_00768.jpg,1579.1499027198743,130.45503472222222
frame_00769.jpg,1592.377505362595,131.69988811728396
frame_00770.jpg,1585.1839813229594,132.3618499228395
frame_00771.jpg,1690.7405666232605,132.23421682098765
frame_00772.jpg,1707.4501668131131,130.97334297839507
frame_00773.jpg,1630.2952075255264,132.3181211419753
frame_00774.jpg,1648.5887349535694,132.11418209876544
frame_00775.jpg,1606.8627676369736,133.71809220679012
frame_00776.jpg,1537.864382880358,133.9658024691358
frame_00777.jpg,1522.7886676793642,134.1266763117284
frame_00778.jpg,1574.9984141484981,134.1756500771605
frame_00779.jpg,1579.1825060261383,134.86717399691358
frame_00780.jpg,1655.5600983527447,133.946612654321
frame_00781.jpg,1623.642663536844,137.53149112654322
frame_00782.jpg,1679.4906210215756,139.0617399691358
frame_00783.jpg,1568.4533066984918,140.40097800925926
frame_00784.jpg,1664.6399232435238,140.6103163580247
frame_00785.jpg,1686.325023444998,140.54164351851853
frame_00786.jpg,1792.7216449824098,139.10843557098767
frame_00787.jpg,1804.1817517667398,138.04527199074073
frame_00788.jpg,1817.5446038540804,137.91264274691358
frame_00789.jpg,1769.6736199664676,133.87177854938273
frame_00790.jpg,1699.204103931955,128.75662422839505
frame_00791.jpg,1606.3447931695068,127.5295061728395
frame_00792.jpg,1552.6372344821077,126.49018904320988
frame_00793.jpg,1449.8952914689432,124.55778356481481
frame_00794.jpg,1514.2592700421367,124.61500964506173
frame_00795.jpg,1581.047549238874,125.07092785493828
frame_00796.jpg,1504.1867779457293,123.49835648148148
frame_00797.jpg,1517.088741937205,120.87116512345679
frame_00798.jpg,1550.847067391817,126.38443672839506
frame_00799.jpg,1618.5058405550399,127.15625192901234
frame_00800.jpg,1537.0001785850907,128.39477430555556
frame_00801.jpg,1462.623622154573,128.17671296296297
frame_00802.jpg,1434.597345067206,128.65663966049382
frame_00803.jpg,1500.2391573773407,128.9095351080247
frame_00804.jpg,1438.9138454459198,128.92733217592593
frame_00805.jpg,1446.5376549852429,131.22867476851852
frame_00806.jpg,1437.077544073463,132.35802662037037
frame_00807.jpg,1437.84523872492,129.11933256172838
frame_00808.jpg,1412.890480014479,128.27013695987654
frame_00809.jpg,1409.208155407531,127.76162808641975
frame_00810.jpg,1500.6767099964768,132.1821624228395
frame_00811.jpg,1390.6180655563535,130.56502700617284
frame_00812.jpg,1409.6513703844776,130.57197337962964
frame_00813.jpg,1401.3463349328024,129.6649787808642
frame_00814.jpg,1391.2256184074183,130.2303800154321
frame_00815.jpg,1326.8267549960076,131.3933101851852
frame_00816.jpg,1349.4903500948099,131.9110223765432
frame_00817.jpg,1349.025373793738,132.51964891975308
frame_00818.jpg,1410.1687181755235,133.82940200617284
frame_00819.jpg,1360.505361795776,132.77092785493826
frame_00820.jpg,1439.6118531357167,133.17862075617285
frame_00821.jpg,1401.726944846307,133.99771219135803
frame_00822.jpg,1380.5755862747756,134.11558063271605
frame_00823.jpg,1385.1669128599892,134.54383680555554
frame_00824.jpg,1414.5463126785517,136.83680169753086
frame_00825.jpg,1503.619066132839,138.8378587962963
frame_00826.jpg,1605.686166367636,139.00525462962963
frame_00827.jpg,1715.6128331732928,137.6316589506173
frame_00828.jpg,1741.505079436669,137.26021026234568
frame_00829.jpg,1700.4936796694005,135.61812307098765
frame_00830.jpg,1780.8603894709265,135.1492650462963
frame_00831.jpg,1642.4011641556015,135.72108024691357
frame_00832.jpg,1750.786490702931,130.57538194444444
frame_00833.jpg,1349.4279250161608,167.07757908950617
frame_00834.jpg,1737.2644693365596,136.38706404320988
frame_00835.jpg,1684.5224800534768,136.73713348765432
frame_00836.jpg,1538.628204889209,138.04940393518518
frame_00837.jpg,1574.1979984010293,138.0464911265432
frame_00838.jpg,1741.9404435560123,132.4264448302469
frame_00839.jpg,1452.0633086057728,125.50405285493827
frame_00840.jpg,1264.5469240039984,123.15773919753086
frame_00841.jpg,1332.365546499914,118.55293209876544
frame_00842.jpg,1657.3881610468968,123.77462191358025
frame_00843.jpg,1771.6335409712367,131.48228780864198
frame_00844.jpg,1799.0948991874325,132.20790702160494
frame_00845.jpg,1855.0180560287854,130.55433449074073
frame_00846.jpg,1746.6546873235275,131.72779899691358
frame_00847.jpg,1795.630969930683,130.2058661265432
frame_00848.jpg,1850.8964673436928,131.61536844135802
frame_00849.jpg,1914.6451343156864,132.0623900462963
frame_00850.jpg,1897.986896013639,131.5459201388889
frame_00851.jpg,1992.8471362000266,132.42695023148147
frame_00852.jpg,1925.7244862879038,131.53467206790123
frame_00853.jpg,2025.8175071132,130.02233217592592
frame_00854.jpg,2058.030881292867,131.40712191358026
frame_00855.jpg,1744.0020987600694,129.85255787037036
frame_00856.jpg,1819.5404284903477,128.65670910493827
frame_00857.jpg,1863.7811267734855,129.1108352623457
frame_00858.jpg,1958.8611082403615,126.30704861111111
frame_00859.jpg,1661.3658965928487,126.5952237654321
frame_00860.jpg,1794.4351773982714,130.45707561728395
frame_00861.jpg,1812.7402302266376,135.06072145061728
frame_00862.jpg,1775.6370290209145,135.91485146604938
frame_00863.jpg,1902.1739019632464,137.06183063271604
frame_00864.jpg,1920.1786120469799,135.8708487654321
frame_00865.jpg,1917.452676798503,133.04115354938273
frame_00866.jpg,1865.948262653115,134.556925154321
frame_00867.jpg,1812.7205947310833,133.66920524691358
frame_00868.jpg,1919.6974452589125,130.73616705246914
frame_00869.jpg,1840.9120062349825,129.78495949074073
frame_00870.jpg,1879.6895619723637,128.59731674382715
frame_00871.jpg,1823.816267219617,127.40969135802469
frame_00872.jpg,1911.0710190401226,128.13166473765432
frame_00873.jpg,1955.9211716129423,128.65921682098767
frame_00874.jpg,1989.269766299425,126.83564043209877
frame_00875.jpg,1928.0992204345366,125.14192322530864
frame_00876.jpg,1801.4340910346134,122.59373842592592
frame_00877.jpg,1820.6892170786318,124.35478587962963
frame_00878.jpg,1695.6776686899716,124.98239197530864
frame_00879.jpg,1662.3414096076724,124.12483603395061
frame_00880.jpg,1757.2115272059807,125.51039737654321
frame_00881.jpg,1741.5498389974261,125.88980516975309
frame_00882.jpg,1704.2503854776178,124.78096643518519
frame_00883.jpg,1552.909188022605,126.60833333333333
frame_00884.jpg,1619.0332653221594,127.81679976851852
frame_00885.jpg,1627.5136572133006,130.76170717592592
frame_00886.jpg,1559.4287259026917,129.64166666666668
frame_00887.jpg,1530.4279224537,130.93187692901233
frame_00888.jpg,1548.4226926458043,132.90650077160493
frame_00889.jpg,1594.6624315099994,133.66293595679014
frame_00890.jpg,1608.540076628884,134.29480902777777
frame_00891.jpg,1540.387848572795,134.28511766975308
frame_00892.jpg,1505.939700117166,135.3707696759259
frame_00893.jpg,1446.8865599705493,136.53116319444445
frame_00894.jpg,1469.2492437914236,136.40651813271606
frame_00895.jpg,1497.7686013060086,136.69865547839507
frame_00896.jpg,1566.2199188671102,136.84648919753087
frame_00897.jpg,1552.5345016069748,135.81882523148147
frame_00898.jpg,1571.9893448063092,135.92871527777777
frame_00899.jpg,1596.850778642247,135.24701581790123
frame_00900.jpg,1713.8565752206307,132.13607638888888
frame_00901.jpg,1618.9185569886806,126.07789351851852
frame_00902.jpg,1746.7832384418675,127.18168402777778
frame_00903.jpg,1791.1577575713404,127.15977430555556
frame_00904.jpg,1652.7942088604634,126.93937114197531
frame_00905.jpg,1666.0303239599073,125.22693479938272
frame_00906.jpg,1618.34352969339,122.31403163580246
frame_00907.jpg,1529.3997182541125,125.9008063271605
frame_00908.jpg,1587.4960068522769,130.70415895061728
frame_00909.jpg,1527.7306832320562,132.66005787037037
frame_00910.jpg,1486.2026376202616,136.15690200617283
frame_00911.jpg,1435.3713695815593,136.61595293209876
frame_00912.jpg,1524.2881688307184,138.54271026234568
frame_00913.jpg,1419.7115972222223,139.11623842592593
frame_00914.jpg,1472.1568230534695,139.175675154321
frame_00915.jpg,1491.338034771784,138.14142361111112
frame_00916.jpg,1464.8807470657578,139.92537808641976
frame_00917.jpg,1397.299833790398,133.64017939814815
frame_00918.jpg,1376.7063962190764,135.48099729938272
frame_00919.jpg,1460.930348028027,136.05103973765432
frame_00920.jpg,1448.8263207552204,139.4983410493827
frame_00921.jpg,1497.7402871226368,139.50206597222223
frame_00922.jpg,1515.9966068034262,136.93706597222223
frame_00923.jpg,1519.1307550225165,136.4971064814815
frame_00924.jpg,1612.0189327221185,135.5295910493827
frame_00925.jpg,1490.487140398605,135.63162037037037
frame_00926.jpg,1529.7307081049325,135.58670524691357
frame_00927.jpg,1487.5838699117796,135.82483217592593
frame_00928.jpg,1429.0476290051415,135.8125887345679
frame_00929.jpg,1430.1755243841299,136.06829282407406
frame_00930.jpg,1516.0495726859554,138.38993827160493
frame_00931.jpg,1555.177223133409,136.2810763888889
frame_00932.jpg,1416.148283788065,134.56923418209877
frame_00933.jpg,1453.994579239004,136.55272569444443
frame_00934.jpg,1396.7322489067594,132.71255015432098
frame_00935.jpg,1527.9362614130846,132.2260725308642
frame_00936.jpg,1701.0013433479883,124.32295524691358
frame_00937.jpg,1546.0466374197447,124.15411072530864
frame_00938.jpg,1458.4786720792729,126.04132523148148
frame_00939.jpg,1404.964194110853,127.98532214506173
frame_00940.jpg,1552.1702020921414,126.96838927469136
frame_00941.jpg,1591.4998904749662,128.68756172839505
frame_00942.jpg,1614.1052369455283,130.1387114197531
frame_00943.jpg,1444.0920890239156,131.14312885802468
frame_00944.jpg,1460.9650932248653,133.1283024691358
frame_00945.jpg,1447.215260787194,134.9849575617284
frame_00946.jpg,1421.632760094328,137.31944058641974
frame_00947.jpg,1486.9766513288753,137.83563078703705
frame_00948.jpg,1462.0090283343186,133.29131944444444
frame_00949.jpg,1506.9709268060042,133.78708912037038
frame_00950.jpg,1519.199190398862,132.68340084876544
frame_00951.jpg,1543.7564322593826,132.98100308641975
frame_00952.jpg,1489.369373148148,133.80637731481482
frame_00953.jpg,1567.3124356384692,133.52511574074074
frame_00954.jpg,1624.5743242017227,132.9960860339506
frame_00955.jpg,1636.0162986539779,133.0840162037037
frame_00956.jpg,1735.5254275165241,132.05145833333333
frame_00957.jpg,1632.00156402392,133.29377893518517
frame_00958.jpg,1652.7293591359244,133.74501543209877
frame_00959.jpg,1741.2991842056601,132.88861111111112
frame_00960.jpg,1828.079743721835,128.61839891975308
frame_00961.jpg,1780.029569393704,126.2835050154321
frame_00962.jpg,1758.3741070073122,123.43646219135802
frame_00963.jpg,1739.8010476337113,124.0307600308642
frame_00964.jpg,1787.4762004926686,122.1363387345679
frame_00965.jpg,1868.2072645708158,121.55107445987655
frame_00966.jpg,1832.9082961312438,121.77675925925926
frame_00967.jpg,1694.121784686049,122.0898263888889
frame_00968.jpg,1701.7317103449504,121.6355787037037
frame_00969.jpg,1601.7482587994768,122.48606481481481
frame_00970.jpg,1677.7331805362653,121.19139274691358
frame_00971.jpg,1619.7182770168752,119.54517168209877
frame_00972.jpg,1616.2519742971572,118.70844907407407
frame_00973.jpg,1577.5971314089613,120.60624035493827
frame_00974.jpg,1578.5009597834824,120.26976466049383
frame_00975.jpg,1584.6771942876794,119.04895061728395
frame_00976.jpg,1564.5189986737444,118.60798032407408
frame_00977.jpg,1463.5148673453336,117.62577546296296
frame_00978.jpg,1502.9293605609264,117.45124035493828
frame_00979.jpg,1460.3426238293603,115.4369849537037
frame_00980.jpg,1358.1372905078265,118.69250192901235
frame_00981.jpg,1385.7937101332086,118.76078317901235
frame_00982.jpg,1390.799643483987,124.0108236882716
frame_00983.jpg,1471.6947699088328,130.26680941358023
frame_00984.jpg,1411.8440907049262,131.4638040123457
frame_00985.jpg,1329.835085608481,133.1374537037037
frame_00986.jpg,1310.7494601201668,134.9069174382716
frame_00987.jpg,1386.0409806132916,134.50538194444445
frame_00988.jpg,1343.316811215328,134.59141782407409
frame_00989.jpg,1274.9125578024941,134.4937924382716
frame_00990.jpg,1316.8131033612704,129.81071180555554
frame_00991.jpg,1447.687791218335,125.7900848765432
frame_00992.jpg,1374.2438451957735,122.66848958333334
frame_00993.jpg,1508.8315273656265,122.57588541666667
frame_00994.jpg,1421.070897930506,122.54496720679012
frame_00995.jpg,1432.1563715261361,124.24694830246914
frame_00996.jpg,1551.3058598572532,125.0209336419753
frame_00997.jpg,1405.085649618986,124.46902199074074
frame_00998.jpg,1467.1885349594043,124.45627700617284
frame_00999.jpg,1371.1396857615077,125.63862654320988
frame_01000.jpg,1386.0731153834558,127.55774884259259
frame_01001.jpg,1290.4736186913558,128.6188387345679
frame_01002.jpg,1347.1325850595276,130.34592978395062
frame_01003.jpg,1365.9562190429092,132.52961805555555
frame_01004.jpg,1321.2983717326422,132.5211824845679
frame_01005.jpg,1372.0894081428398,133.98813850308642
frame_01006.jpg,1450.0692328094042,135.2629089506173
frame_01007.jpg,1450.854976958959,135.34609182098765
frame_01008.jpg,1452.3339518804855,136.1690702160494
frame_01009.jpg,1432.2714822187925,136.7454436728395
frame_01010.jpg,1449.6190875573307,136.43433063271604
frame_01011.jpg,1377.3978665069837,136.56086226851852
frame_01012.jpg,1424.1129721547925,136.80159143518517
frame_01013.jpg,1440.4672279871966,136.90112461419753
frame_01014.jpg,1551.9359681937865,136.00560185185185
frame_01015.jpg,1486.2364245253675,136.48917438271604
frame_01016.jpg,1577.5913489131408,133.60665316358023
frame_01017.jpg,1568.5135985760885,133.63144675925926
frame_01018.jpg,1565.748147784132,134.02239969135803
frame_01019.jpg,1540.9205667339997,134.37989776234568
frame_01020.jpg,1470.2269208610628,133.70451195987656
frame_01021.jpg,1494.4765681181893,131.84716242283952
frame_01022.jpg,1525.6625781876598,131.5732600308642
frame_01023.jpg,1485.480891487158,131.04913580246912
frame_01024.jpg,1523.0383619358488,127.86573688271605
frame_01025.jpg,1446.1768361444522,126.56689814814816
frame_01026.jpg,1487.8868276975213,133.85886188271604
frame_01027.jpg,1497.0315140657003,134.7569849537037
frame_01028.jpg,1524.8143067980686,134.90866705246913
frame_01029.jpg,1503.109386413085,135.56846836419754
frame_01030.jpg,1544.8027849393995,135.50170910493827
frame_01031.jpg,1501.1263591695915,135.56447337962962
frame_01032.jpg,1531.961548166233,134.8737422839506
frame_01033.jpg,1481.964695155083,134.73530285493828
frame_01034.jpg,1594.621103352135,133.49257716049382
frame_01035.jpg,1536.2701178023392,134.49434799382715
frame_01036.jpg,1567.9915029269744,133.59477430555555
frame_01037.jpg,1497.9212197780778,128.91315007716048
frame_01038.jpg,1484.0233253809802,129.9377102623457
frame_01039.jpg,1546.7173225058439,132.19940200617285
frame_01040.jpg,1514.1289929855948,132.32641203703704
frame_01041.jpg,1571.3562731409436,131.99940972222223
frame_01042.jpg,1547.4677843267416,131.40625385802468
frame_01043.jpg,1706.7732336504885,125.75074266975308
frame_01044.jpg,1568.2519379441155,124.470418595679
frame_01045.jpg,1606.0882090816256,123.39998842592593
frame_01046.jpg,1561.495493272733,124.02465084876543
frame_01047.jpg,1590.5019162834835,124.35969521604939
frame_01048.jpg,1559.450385776213,125.1154050925926
frame_01049.jpg,1580.1023006268952,126.27493441358024
frame_01050.jpg,1658.137788784665,125.72785300925926
frame_01051.jpg,1594.2528953388749,125.59487075617284
frame_01052.jpg,1556.1291688294782,127.9389949845679
frame_01053.jpg,1527.2907605987173,129.45614390432098
frame_01054.jpg,1626.4635646896033,129.67847608024692
frame_01055.jpg,1661.7779399669923,131.23815393518518
frame_01056.jpg,1690.838300944978,131.31903549382716
frame_01057.jpg,1869.6600367795977,130.26397183641976
frame_01058.jpg,1835.6033478277031,131.41952160493827
frame_01059.jpg,1863.2991814750183,129.20171296296297
frame_01060.jpg,1897.7602198788147,127.4004263117284
frame_01061.jpg,1898.7317012033968,125.83511766975309
frame_01062.jpg,1655.9782638810152,124.35404320987654
frame_01063.jpg,1704.242779595098,123.75724922839507
frame_01064.jpg,1669.9420153739902,126.02576003086419
frame_01065.jpg,1727.3597267044634,127.00186535493827
frame_01066.jpg,1621.4014154699496,126.13420717592592
frame_01067.jpg,1512.6840372395804,127.1038175154321
frame_01068.jpg,1463.8706879139002,121.58722800925926
frame_01069.jpg,1687.6317367021359,123.74021026234568
frame_01070.jpg,1718.9668482635163,123.40226466049383
frame_01071.jpg,1526.0302231580906,122.38913387345679
frame_01072.jpg,1534.48072239324,121.97255594135802
frame_01073.jpg,1486.7150118674117,119.57670331790123
frame_01074.jpg,1528.7430941828968,120.90925347222222
frame_01075.jpg,1577.5122322457596,121.94992091049383
frame_01076.jpg,1565.0835356778528,124.51792052469136
frame_01077.jpg,1446.0130552720977,124.10514274691359
frame_01078.jpg,1421.4262726031989,121.63483024691358
frame_01079.jpg,1381.126920168714,120.09518904320987
frame_01080.jpg,1344.0338588663085,119.82704861111111
frame_01081.jpg,1439.0969859072545,120.74022183641975
frame_01082.jpg,1406.6993879043634,119.49371527777778
frame_01083.jpg,1489.0385932550616,120.44240354938272
frame_01084.jpg,1450.2511428088326,119.12348958333334
frame_01085.jpg,1500.6545652287143,118.45115162037037
frame_01086.jpg,1443.991050599419,121.55956597222222
frame_01087.jpg,1351.7066936099532,123.34921682098765
frame_01088.jpg,1365.1001463219827,124.25848572530865
frame_01089.jpg,1288.830449559509,123.30583140432098
frame_01090.jpg,1359.0571384387708,123.82948688271605
frame_01091.jpg,1369.0733719041991,125.11807484567902
frame_01092.jpg,1431.50918609895,126.22946952160494
frame_01093.jpg,1426.3290690749814,126.56663773148148
frame_01094.jpg,1377.4516002743483,127.45873456790123
frame_01095.jpg,1455.4793791378509,128.15953125
frame_01096.jpg,1333.9069030956148,126.56390625
frame_01097.jpg,1372.2044909535869,126.06357445987655
frame_01098.jpg,1389.5649394504424,125.34717399691358
frame_01099.jpg,1331.5747241102097,127.63393711419754
frame_01100.jpg,1279.3743750562587,127.7508950617284
frame_01101.jpg,1267.2565523427638,127.92625771604938
frame_01102.jpg,1327.23829153315,128.45803047839507
frame_01103.jpg,1430.1159509273396,129.33904513888888
frame_01104.jpg,1513.3543383484644,128.22309799382717
frame_01105.jpg,1563.4889620104798,128.1094637345679
frame_01106.jpg,1777.220406074587,133.60202546296296
frame_01107.jpg,1642.251012213268,135.4958912037037
frame_01108.jpg,1580.3781622435986,135.9553086419753
frame_01109.jpg,1518.6110834038263,139.0848225308642
frame_01110.jpg,1609.9180347697184,140.36458333333334
frame_01111.jpg,1503.7424847799098,141.86588927469137
frame_01112.jpg,1518.0176548038958,142.33213541666666
frame_01113.jpg,1451.8630122908899,142.969893904321
frame_01114.jpg,1567.077925732489,144.02409336419754
frame_01115.jpg,1601.25755069846,143.3590509259259
frame_01116.jpg,1536.3957725229898,144.99536651234567
frame_01117.jpg,1564.281979263114,145.48813078703705
frame_01118.jpg,1568.8713464312345,143.18926311728396
frame_01119.jpg,1573.799695392425,143.42718171296298
frame_01120.jpg,1543.6426631475551,142.5342476851852
frame_01121.jpg,1462.6243749256375,142.5402584876543
frame_01122.jpg,1491.7887599737044,144.10893711419754
frame_01123.jpg,1512.3719922268501,144.12029513888888
frame_01124.jpg,1569.7510472155197,144.1445486111111
frame_01125.jpg,1604.8335196429377,138.85755979938273
frame_01126.jpg,1672.6884926911823,137.876824845679
frame_01127.jpg,1603.3001133840974,131.26296103395063
frame_01128.jpg,1582.830988117284,126.41814814814815
frame_01129.jpg,1475.5902601070718,131.4322048611111
frame_01130.jpg,1585.053626936421,133.5752912808642
frame_01131.jpg,1624.493274636568,132.27128665123456
frame_01132.jpg,1584.2658854077326,131.5821161265432
frame_01133.jpg,1493.4252168664743,130.6563175154321
frame_01134.jpg,1491.9594583260073,133.74408564814814
frame_01135.jpg,1577.7389895650222,134.19063850308643
frame_01136.jpg,1623.6601472545472,134.07395254629628
frame_01137.jpg,1606.1194818072106,134.13860146604938
frame_01138.jpg,1675.2621859758422,132.8040335648148
frame_01139.jpg,1585.0531906422325,136.1772048611111
frame_01140.jpg,1634.8004475191947,134.92832947530863
frame_01141.jpg,1579.769929668076,132.78712770061728
frame_01142.jpg,1555.460295329274,131.28294945987653
frame_01143.jpg,1643.831957783025,130.03967592592593
frame_01144.jpg,1653.340552203361,129.84138310185185
frame_01145.jpg,1716.2911728144861,130.91865354938273
frame_01146.jpg,1625.2300225363413,130.2077199074074
frame_01147.jpg,1626.1238184060794,129.14549961419752
frame_01148.jpg,1649.9549920023976,128.22949074074074
frame_01149.jpg,1703.484989633937,131.71826967592594
frame_01150.jpg,1506.0072228899944,137.2334799382716
frame_01151.jpg,1502.8224708218427,138.40199652777778
frame_01152.jpg,1484.831976736018,136.0318364197531
frame_01153.jpg,1540.4843770137934,139.24021026234567
frame_01154.jpg,1538.4376927255657,139.66117669753086
frame_01155.jpg,1451.040814268916,140.18686535493828
frame_01156.jpg,1450.4807793075913,138.44320987654322
frame_01157.jpg,1549.6819344342844,138.75909915123458
frame_01158.jpg,1596.4740561556596,138.20246913580246
frame_01159.jpg,1606.6213398811246,139.41717592592593
frame_01160.jpg,1529.7093248444737,135.17310185185184
frame_01161.jpg,1391.9357116081294,128.88746720679012
frame_01162.jpg,1516.5613109078358,121.61862654320987
frame_01163.jpg,1423.8747407249634,134.11213927469134
frame_01164.jpg,1402.7864640484752,135.92314814814816
frame_01165.jpg,1391.8137135609568,138.90191936728394
frame_01166.jpg,1465.3048769360973,139.3783063271605
frame_01167.jpg,1450.5377068374517,138.63796296296297
frame_01168.jpg,1465.6458632329907,138.12033564814814
frame_01169.jpg,1469.9259593883032,138.28176311728396
frame_01170.jpg,1564.575153630648,134.36903163580246
frame_01171.jpg,1510.1496612478356,128.14653742283951
frame_01172.jpg,1514.3730316738472,127.54386959876543
frame_01173.jpg,1601.8363875759544,127.83960455246914
frame_01174.jpg,1506.1864525406363,130.58313850308642
frame_01175.jpg,1475.6352669194885,134.40215470679013
frame_01176.jpg,1402.5077941524992,135.14559799382715
frame_01177.jpg,1334.8996352076576,134.45582175925927
frame_01178.jpg,1361.4886004966274,134.81715470679012
frame_01179.jpg,1412.197217663308,134.11534722222223
frame_01180.jpg,1417.2295686674784,133.86846836419753
frame_01181.jpg,1408.5741136288145,133.24765625
frame_01182.jpg,1425.0438398796175,132.0316165123457
frame_01183.jpg,1476.286875521604,129.70833333333334
frame_01184.jpg,1471.4264974223236,131.37165316358025
frame_01185.jpg,1464.857868016916,131.2301813271605
frame_01186.jpg,1419.9369868793679,131.7936824845679
frame_01187.jpg,1495.814068429912,131.96735918209876
frame_01188.jpg,1426.961925064643,129.52624035493827
frame_01189.jpg,1327.8390516170214,133.9130574845679
frame_01190.jpg,1419.7869600009428,132.87096836419752
frame_01191.jpg,1403.8483799082499,132.51175925925926
frame_01192.jpg,1478.0153144945036,130.8687538580247
frame_01193.jpg,1464.4501905981751,129.03242091049384
frame_01194.jpg,1379.3902260801872,128.49082175925926
frame_01195.jpg,1395.9780449316395,127.86157986111111
frame_01196.jpg,1413.2508601221907,125.4866300154321
frame_01197.jpg,1457.4665788049729,126.06763117283951
frame_01198.jpg,1634.7773101400817,122.25230902777778
frame_01199.jpg,1485.925944872161,118.21673225308642
frame_01200.jpg,1415.447815524616,115.67374614197531
frame_01201.jpg,1335.8029731990496,117.04333526234568
frame_01202.jpg,1337.1940308746762,118.8602700617284
frame_01203.jpg,1280.0225171711531,123.83948302469136
frame_01204.jpg,1313.0957971889072,126.41867862654321
frame_01205.jpg,1323.713122791147,128.1782388117284
frame_01206.jpg,1476.278483386143,128.23587962962964
frame_01207.jpg,1442.7727989301986,127.97575231481481
frame_01208.jpg,1413.3012305198185,128.23672067901234
frame_01209.jpg,1385.5454635029523,128.75848572530865
frame_01210.jpg,1458.7375113481257,128.79564429012345
frame_01211.jpg,1373.2946103369907,129.1854224537037
frame_01212.jpg,1429.1921695842645,129.45249228395062
frame_01213.jpg,1427.1608945633845,129.93891203703703
frame_01214.jpg,1471.5308837634275,128.92456790123458
frame_01215.jpg,1483.0754734679833,129.34000964506174
frame_01216.jpg,1545.3131034455162,129.20039158950618
frame_01217.jpg,1492.9451578441137,129.92957561728394
frame_01218.jpg,1495.7599030910603,129.5936612654321
frame_01219.jpg,1443.8498803830012,129.6483699845679
frame_01220.jpg,1441.2160435702224,129.19778935185184
frame_01221.jpg,1507.7531471142474,129.63578703703703
frame_01222.jpg,1481.5695525935357,129.36621527777777
frame_01223.jpg,1580.0947786897568,129.04793016975307
frame_01224.jpg,1522.7877623830052,129.0799787808642
frame_01225.jpg,1700.2351080241556,122.68432677469136
frame_01226.jpg,1591.167123220487,122.314112654321
frame_01227.jpg,1656.590837932505,121.94470100308642
frame_01228.jpg,1683.0790137288484,121.56006172839506
frame_01229.jpg,1632.6090830616602,121.47801697530865
frame_01230.jpg,1630.7487197254873,121.09836033950617
frame_01231.jpg,1569.8470199089807,120.77054976851852
frame_01232.jpg,1606.539021896668,121.43728973765432
frame_01233.jpg,1638.9767666607686,121.56434220679013
frame_01234.jpg,1568.306757322176,123.73064043209877
frame_01235.jpg,1490.1758506921185,125.90448688271604
frame_01236.jpg,1514.805616667366,124.99995563271605
frame_01237.jpg,1471.6225606271903,125.01557677469135
frame_01238.jpg,1572.4089828252265,125.11412229938271
frame_01239.jpg,1563.3057540904847,125.33877121913581
frame_01240.jpg,1548.8019082359301,124.96594521604938
frame_01241.jpg,1590.7598493569365,127.04670910493827
frame_01242.jpg,1698.528588699645,130.1725462962963
frame_01243.jpg,1580.9272570754226,131.60745756172838
frame_01244.jpg,1648.3562447380682,130.32655285493829
frame_01245.jpg,1652.8189778447543,129.2547800925926
frame_01246.jpg,1717.8593150844265,126.84987847222222
frame_01247.jpg,1643.572282014814,128.41757330246912
frame_01248.jpg,1554.5380413558812,132.58907407407406
frame_01249.jpg,1613.1091644143512,131.95409915123457
frame_01250.jpg,1555.0874119641599,132.6340277777778
frame_01251.jpg,1635.2481769386422,133.18798611111112
frame_01252.jpg,1650.991262189836,134.40079668209876
frame_01253.jpg,1566.4964668206856,131.40573881172838
frame_01254.jpg,1568.171420320087,128.18729552469136
frame_01255.jpg,1641.6949836395306,127.64347608024691
frame_01256.jpg,1553.6949456481082,130.31713348765433
frame_01257.jpg,1623.030645631766,133.52838927469136
frame_01258.jpg,1513.985344892639,136.89340663580248
frame_01259.jpg,1625.9022462622372,135.96585262345678
frame_01260.jpg,1642.000294688604,136.6465239197531
frame_01261.jpg,1642.0311611501681,136.69074652777778
frame_01262.jpg,1691.3001053240416,137.39205439814816
frame_01263.jpg,1595.0936014571148,137.39472608024693
frame_01264.jpg,1485.828810299125,137.03307677469135
frame_01265.jpg,1606.5346903759214,135.0232175925926
frame_01266.jpg,1471.8007141058424,135.87566936728396
frame_01267.jpg,1490.9223702015781,137.8634201388889
frame_01268.jpg,1496.2748716646804,138.03649884259258
frame_01269.jpg,1613.6442172964496,137.43706597222223
frame_01270.jpg,1697.5611601398032,134.9181288580247
frame_01271.jpg,1562.4398647175908,135.05186921296297
frame_01272.jpg,1618.4807863553922,135.6998823302469
frame_01273.jpg,1474.3074414222656,133.95425347222223
frame_01274.jpg,1424.8355330975614,134.85906442901234
frame_01275.jpg,1495.9634915870606,134.8319598765432
frame_01276.jpg,1470.876707793742,135.4797685185185
frame_01277.jpg,1429.694037815727,135.6600887345679
frame_01278.jpg,1471.8715230645544,134.36659529320988
frame_01279.jpg,1439.3865226085568,134.73120563271604
frame_01280.jpg,1378.5130071708018,137.46065393518518
frame_01281.jpg,1354.9329156015087,137.4905111882716
frame_01282.jpg,1425.6632597593698,137.05094907407408
frame_01283.jpg,1403.6968321270724,138.00830439814814
frame_01284.jpg,1515.9011065650568,138.9445061728395
frame_01285.jpg,1494.9183566924673,139.68955825617283
frame_01286.jpg,1476.1287490771556,139.04795717592592
frame_01287.jpg,1497.8484021076097,138.42005594135802
frame_01288.jpg,1496.501778080075,138.5341724537037
frame_01289.jpg,1413.3632013181546,139.80459490740742
frame_01290.jpg,1499.0383706955906,138.90639081790124
frame_01291.jpg,1457.3217972723182,139.49090084876542
frame_01292.jpg,1512.5820379714437,139.6942361111111
frame_01293.jpg,1483.9227081200552,139.74357253086418
frame_01294.jpg,1542.1976295354086,139.5592573302469
frame_01295.jpg,1519.650812317812,139.6778086419753
frame_01296.jpg,1590.8531982420948,138.85827932098766
frame_01297.jpg,1557.375760473808,138.14059220679013
frame_01298.jpg,1532.8832631290572,139.01099537037038
frame_01299.jpg,1586.3655175225174,139.57884452160494
frame_01300.jpg,1522.036628049209,138.68253665123456
frame_01301.jpg,1568.9723066165116,138.12181327160494
frame_01302.jpg,1606.4380671004224,138.07447530864198
frame_01303.jpg,1599.1734209015485,137.0985011574074
frame_01304.jpg,1489.1378283006948,136.70495177469135
frame_01305.jpg,1597.8971349263425,135.38924961419752
frame_01306.jpg,1572.9136836282778,135.25160300925927
frame_01307.jpg,1531.9380384942112,136.9991010802469
frame_01308.jpg,1632.9021295667437,137.9151736111111
frame_01309.jpg,1649.8964124746328,134.22039544753088
frame_01310.jpg,1673.5533946863422,132.21274305555556
frame_01311.jpg,1588.731982555384,131.73378279320988
frame_01312.jpg,1605.249683230985,131.06064429012346
frame_01313.jpg,1595.327050005344,132.43280285493827
frame_01314.jpg,1611.8568052068895,134.4208526234568
frame_01315.jpg,1634.1569488071934,136.2062364969136
frame_01316.jpg,1745.2919016191656,134.6967611882716
frame_01317.jpg,1667.2729614617235,133.9603510802469
frame_01318.jpg,1656.0148346526835,133.4023225308642
frame_01319.jpg,1627.5903037993464,132.74093942901234
frame_01320.jpg,1720.2313588940835,132.04430941358024
frame_01321.jpg,1731.6830625310754,130.69471643518517
frame_01322.jpg,1731.6019366690025,129.40858217592591
frame_01323.jpg,1791.7303358106817,126.6950848765432
frame_01324.jpg,1705.5137171960698,129.25010030864198
frame_01325.jpg,1669.0734300932136,132.0800462962963
frame_01326.jpg,1758.4306692043895,131.35079282407406
frame_01327.jpg,1743.7906692904655,130.51891203703704
frame_01328.jpg,1760.714072261144,130.3134259259259
frame_01329.jpg,1686.253692369115,128.94081790123457
frame_01330.jpg,1734.721856404321,128.44785686728395
frame_01331.jpg,1704.4352664759053,129.3384722222222
frame_01332.jpg,1742.5357363854444,129.0054899691358
frame_01333.jpg,1715.7570206719538,130.44936149691358
frame_01334.jpg,1708.860052960673,130.01108603395062
frame_01335.jpg,1684.955885175168,130.67511188271604
frame_01336.jpg,1605.1777114454135,131.33373456790125
frame_01337.jpg,1731.4149487409584,131.4142476851852
frame_01338.jpg,1714.815417459645,132.250831404321
frame_01339.jpg,1704.652567535343,131.46128665123456
frame_01340.jpg,1719.3813230266767,129.83678047839507
frame_01341.jpg,1789.9043023309755,130.36073688271605
frame_01342.jpg,1766.1925778270743,131.70809027777779
frame_01343.jpg,1799.3244716001159,131.55057291666665
frame_01344.jpg,1768.1738583863776,131.69863425925925
frame_01345.jpg,1905.067577850648,131.71587577160494
frame_01346.jpg,1799.7875208996845,131.1506925154321
frame_01347.jpg,1769.753149116639,130.4123051697531
frame_01348.jpg,1773.687327141204,130.31254822530863
frame_01349.jpg,1795.634476755387,130.73673418209876
frame_01350.jpg,1744.3150925043437,130.12067322530865
frame_01351.jpg,1776.6677730766437,129.74644675925927
frame_01352.jpg,1779.1864838248598,129.72492669753086
frame_01353.jpg,1784.8893338077132,127.83034529320987
frame_01354.jpg,1642.2674140603563,128.50290702160493
frame_01355.jpg,1740.9351191388348,131.05984953703702
frame_01356.jpg,1635.0311104839998,131.71682098765433
frame_01357.jpg,1587.6973856035802,135.0637673611111
frame_01358.jpg,1727.8768385873768,134.4445949074074
frame_01359.jpg,1655.8900269567418,134.66622685185186
frame_01360.jpg,1682.719571163885,134.3361651234568
frame_01361.jpg,1674.069081751409,134.45198302469134
frame_01362.jpg,1748.8821443606155,133.97389853395063
frame_01363.jpg,1784.717790774465,134.20768711419754
frame_01364.jpg,1710.6874699837606,134.30078703703703
frame_01365.jpg,1740.3401742507663,134.1553125
frame_01366.jpg,1656.1658555362658,135.0026774691358
frame_01367.jpg,1777.735907474551,135.76985146604937
frame_01368.jpg,1726.9429028405893,130.66042824074074
frame_01369.jpg,1588.0893665358296,130.43427083333333
frame_01370.jpg,1544.3308862241388,126.69361111111111
frame_01371.jpg,1541.4153043981335,123.20940779320988
frame_01372.jpg,1573.5020501130573,133.47821180555556
frame_01373.jpg,1571.2575493102852,134.33017939814815
frame_01374.jpg,1590.6472847945602,133.64983989197532
frame_01375.jpg,1643.359972377243,134.14911651234567
frame_01376.jpg,1773.2026806410522,133.59893325617284
frame_01377.jpg,1749.1123712776605,136.01439429012345
frame_01378.jpg,1769.6522630011707,130.395362654321
frame_01379.jpg,1880.4048309180157,127.23563657407408
frame_01380.jpg,1918.5966185804366,122.46429012345679
frame_01381.jpg,1739.7475745639144,123.27219521604938
frame_01382.jpg,1758.9171254023202,121.18216049382715
frame_01383.jpg,1740.9766023528596,122.98860339506173
frame_01384.jpg,1761.9392392159837,124.98040509259259
frame_01385.jpg,1666.9850848490223,126.86534722222223
frame_01386.jpg,1764.8901997231462,126.05666666666667
frame_01387.jpg,1740.318587034165,127.10855324074075
frame_01388.jpg,1743.4077318344036,128.69059413580246
frame_01389.jpg,1708.971315906846,129.52815586419754
frame_01390.jpg,1762.6096769803185,126.63681327160494
frame_01391.jpg,1673.4318621814116,126.23196180555556
frame_01392.jpg,1802.5450443641544,125.66868827160494
frame_01393.jpg,1656.1852416134254,121.65067901234568
frame_01394.jpg,1687.2678301503288,123.41252700617284
frame_01395.jpg,1660.1856457448873,131.37929783950617
frame_01396.jpg,1752.8218181061588,129.6211574074074
frame_01397.jpg,1726.8487575760025,131.09226658950618
frame_01398.jpg,1767.3210612936373,131.77101080246914
frame_01399.jpg,1677.0538734073593,133.51994405864198
frame_01400.jpg,1696.2077098509087,133.3881462191358
frame_01401.jpg,1621.4149252371376,133.13065007716048
frame_01402.jpg,1711.9264988049017,127.37890432098766
frame_01403.jpg,1800.5128646583355,125.79140625
frame_01404.jpg,1808.728753643317,125.63533179012346
frame_01405.jpg,1642.1729653848854,125.00912037037037
frame_01406.jpg,1636.356231321787,126.08751543209877
frame_01407.jpg,1633.4536130400636,127.37017939814815
frame_01408.jpg,1723.9999633808827,127.24917631172839
frame_01409.jpg,1757.3909119325153,125.8830150462963
frame_01410.jpg,1821.1229090911816,126.38461805555555
frame_01411.jpg,1676.2976898603017,124.45820987654321
frame_01412.jpg,1766.9320251818122,121.94270640432099
frame_01413.jpg,1778.7011764381857,121.44582947530864
frame_01414.jpg,1780.8254659044053,121.38406057098766
frame_01415.jpg,1721.842710272333,122.91738811728395
frame_01416.jpg,1856.556623875398,122.96837191358024
frame_01417.jpg,1865.2534659227915,124.39363425925926
frame_01418.jpg,1684.6553836199723,124.60824652777778
frame_01419.jpg,1568.3246087962366,120.81714891975308
frame_01420.jpg,1791.367608979136,120.23960648148149
frame_01421.jpg,1841.9014175582986,121.01984182098765
frame_01422.jpg,1937.2438745032755,120.5259587191358
frame_01423.jpg,1880.7605986463423,120.84033950617284
frame_01424.jpg,1797.9413189014479,121.44524691358025
frame_01425.jpg,1869.3133869737155,121.59342978395061
frame_01426.jpg,1746.062951510926,122.43564814814815
frame_01427.jpg,1837.8347472145376,123.09927083333334
frame_01428.jpg,1724.9056625021394,123.60953896604939
frame_01429.jpg,1587.6935534943668,123.26893325617284
frame_01430.jpg,1635.7253788463552,120.02002314814816
frame_01431.jpg,1631.5826560482244,124.80758101851852
frame_01432.jpg,1692.965931139915,124.46331404320988
frame_01433.jpg,1730.3427977623455,127.5578163580247
frame_01434.jpg,1692.4206448321527,127.81849922839505
frame_01435.jpg,1731.729425081388,127.44726080246913
frame_01436.jpg,1657.624561014527,126.3741300154321
frame_01437.jpg,1688.9869498956866,126.02664930555555
frame_01438.jpg,1571.3467108986185,124.07892361111111
frame_01439.jpg,1674.7002905083061,123.08753472222222
frame_01440.jpg,1633.1708846107679,128.36739197530864
frame_01441.jpg,1590.2447950263474,130.2575
frame_01442.jpg,1569.6831198538239,132.96923225308643
frame_01443.jpg,1595.9636147824262,132.86103587962964
frame_01444.jpg,1710.9889676152172,132.3719425154321
frame_01445.jpg,1760.8277492283353,132.86177083333334
frame_01446.jpg,1745.1065941786553,132.5709375
frame_01447.jpg,1794.2886569463496,132.68123456790124
frame_01448.jpg,1883.145192717845,132.3075462962963
frame_01449.jpg,1823.3227329494366,127.79752700617284
frame_01450.jpg,1872.5377227669744,126.38923418209876
frame_01451.jpg,1759.5882572407027,120.79723186728395
frame_01452.jpg,1646.1049243652976,126.7891936728395
frame_01453.jpg,1577.8264429606786,126.06852237654321
frame_01454.jpg,1514.9738961594646,126.31090856481481
frame_01455.jpg,1487.5219962933459,130.03337770061728
frame_01456.jpg,1516.525163405192,129.64381944444443
frame_01457.jpg,1604.2453509849868,129.17363040123456
frame_01458.jpg,1453.5220713838726,130.41074652777777
frame_01459.jpg,1483.6265406587584,130.81073688271604
frame_01460.jpg,1459.9266503081062,129.2217110339506
frame_01461.jpg,1363.3182582907011,130.40077546296297
frame_01462.jpg,1472.4681813205964,130.17223186728395
frame_01463.jpg,1462.3543203872787,129.3340335648148
frame_01464.jpg,1490.9205512673725,128.30621527777777
frame_01465.jpg,1679.663816224508,131.27380787037038
frame_01466.jpg,1619.88412205641,130.80052083333334
frame_01467.jpg,1499.399189243073,131.44093171296296
frame_01468.jpg,1574.1760667073574,131.39997106481482
frame_01469.jpg,1642.458791836929,131.20322530864198
frame_01470.jpg,1603.9799250162498,128.53594521604938
frame_01471.jpg,1772.3583728108686,127.99140046296296
frame_01472.jpg,1596.9726729635488,125.94022569444445
frame_01473.jpg,1529.1456777548558,125.93638695987654
frame_01474.jpg,1395.646517428254,125.88028935185186
frame_01475.jpg,1396.1880988667012,128.76332561728395
frame_01476.jpg,1245.3244914480115,131.9216763117284
frame_01477.jpg,1346.1099671592747,134.85460455246914
frame_01478.jpg,1244.2839221107681,137.76534915123457
frame_01479.jpg,1293.765858795344,137.90797067901235
frame_01480.jpg,1355.34857795591,137.0605401234568
frame_01481.jpg,1377.0820944251543,137.57875771604938
frame_01482.jpg,1297.0463297445333,137.2586574074074
frame_01483.jpg,1332.6461699325914,136.63651041666665
frame_01484.jpg,1481.331922607965,135.80868634259258
frame_01485.jpg,1407.6315757417726,135.91314429012345
frame_01486.jpg,1372.2876891644842,136.80652199074075
frame_01487.jpg,1420.7008748561577,136.60835841049382
frame_01488.jpg,1395.1129070205295,136.66228202160494
frame_01489.jpg,1380.3326485209977,137.01847029320987
frame_01490.jpg,1399.4460058351285,136.63405864197532
frame_01491.jpg,1430.4636706957872,137.11310185185187
frame_01492.jpg,1539.6157175110852,134.44094714506173
frame_01493.jpg,1573.0984522343053,133.65817708333333
frame_01494.jpg,1452.9392697722426,133.72613040123457
frame_01495.jpg,1459.710727028644,133.15166087962962
frame_01496.jpg,1346.483404304016,133.08440200617284
frame_01497.jpg,1416.764251130601,133.49899305555556
frame_01498.jpg,1427.102062856834,134.86744598765432
frame_01499.jpg,1466.9125425237678,136.55581018518518
frame_01500.jpg,1444.7013893079989,138.47760030864197
frame_01501.jpg,1563.9951096075495,136.39609375
frame_01502.jpg,1506.714362104136,136.15015625
frame_01503.jpg,1535.9116338733972,134.45711419753087
frame_01504.jpg,1460.0405339665583,133.59116319444445
frame_01505.jpg,1483.0018980575917,134.1628761574074
frame_01506.jpg,1566.8049401266378,133.90157407407406
frame_01507.jpg,1597.6920199415183,133.2640837191358
frame_01508.jpg,1535.8052719288187,133.08511188271606
frame_01509.jpg,1482.3048995622216,132.8176639660494
frame_01510.jpg,1572.2502006157954,131.62312692901236
frame_01511.jpg,1575.5856224785864,132.1036689814815
frame_01512.jpg,1498.0291848077181,131.29243827160494
frame_01513.jpg,1680.2033610561846,133.31983024691357
frame_01514.jpg,1641.4479180008666,133.66447916666667
frame_01515.jpg,1529.5115701388895,128.12887731481482
frame_01516.jpg,1498.1815023145764,127.6630787037037
frame_01517.jpg,1561.711228394526,129.44636188271605
frame_01518.jpg,1560.3774904978134,129.63143325617284
frame_01519.jpg,1603.5417472945599,130.53015046296295
frame_01520.jpg,1653.690372438071,129.1693074845679
frame_01521.jpg,1483.379551880873,127.75384066358025
frame_01522.jpg,1398.476325696018,126.92599729938271
frame_01523.jpg,1336.1050574940793,124.83249228395061
frame_01524.jpg,1364.7777000943065,125.85290702160493
frame_01525.jpg,1300.231124757352,126.45980324074074
frame_01526.jpg,1392.5599937700597,125.90638310185186
frame_01527.jpg,1287.3705861238373,123.95503086419752
frame_01528.jpg,1455.1711669772694,128.68456597222223
frame_01529.jpg,1373.2716350387198,127.31854552469136
frame_01530.jpg,1311.4405022508683,128.996774691358
frame_01531.jpg,1251.2043730217765,131.26193094135803
frame_01532.jpg,1341.4900626256842,130.63479166666667
frame_01533.jpg,1321.8449858806864,132.4429012345679
frame_01534.jpg,1352.908022996146,134.18578317901233
frame_01535.jpg,1232.8583967600296,130.01816550925926
frame_01536.jpg,1309.8221371291086,129.78924575617285
frame_01537.jpg,1319.1963375107025,130.30848572530863
frame_01538.jpg,1194.5635925936494,129.1191010802469
frame_01539.jpg,1203.173520032164,131.4003973765432
frame_01540.jpg,1257.7768421201033,131.3731674382716
frame_01541.jpg,1205.7627727741005,131.82298032407408
frame_01542.jpg,1270.3310258194576,131.97436342592593
frame_01543.jpg,1342.1099786835164,131.75659529320987
frame_01544.jpg,1335.2720874756492,131.51499421296296
frame_01545.jpg,1369.9041967521,131.0675212191358
frame_01546.jpg,1321.8929706575195,130.67260416666667
frame_01547.jpg,1207.5839695405232,126.37696759259259
frame_01548.jpg,1250.1054632857715,126.89995563271604
frame_01549.jpg,1260.472222350287,129.3065200617284
frame_01550.jpg,1186.9891915822384,129.7777199074074
frame_01551.jpg,1212.5342588104622,129.50680362654322
frame_01552.jpg,1166.5886559070648,129.73809220679013
frame_01553.jpg,1190.741110191165,129.57467978395061
frame_01554.jpg,1241.7814553786964,129.70762538580246
frame_01555.jpg,1157.8286467274513,130.0341936728395
frame_01556.jpg,1187.2398070672702,130.82909336419752
frame_01557.jpg,1143.1178389744891,133.14747106481482
frame_01558.jpg,1178.6359051532277,133.4083989197531
frame_01559.jpg,1147.7710491668925,133.88597222222222
frame_01560.jpg,1163.6521798954902,133.34818094135804
frame_01561.jpg,1263.2407619985424,134.65921682098767
frame_01562.jpg,1217.6559490136992,134.92740547839506
frame_01563.jpg,1223.3011747685152,134.54409529320986
frame_01564.jpg,1416.2589395000068,134.0225675154321
frame_01565.jpg,1382.6473861662093,133.6755960648148
frame_01566.jpg,1407.023574881398,132.5589023919753
frame_01567.jpg,1429.45124777163,133.55175925925926
frame_01568.jpg,1359.4602209418695,135.25459297839507
frame_01569.jpg,1386.514880176049,135.81917245370371
frame_01570.jpg,1432.9458367448235,137.7408063271605
frame_01571.jpg,1320.9857692608157,135.21840663580247
frame_01572.jpg,1313.2127761338154,133.8505227623457
frame_01573.jpg,1408.5723673089415,138.4974826388889
frame_01574.jpg,1422.9393543487172,138.12477430555555
frame_01575.jpg,1428.9561080094497,138.19952546296295
frame_01576.jpg,1431.3573165712842,138.2963175154321
frame_01577.jpg,1447.616999475918,128.10333719135804
frame_01578.jpg,1421.1494599032424,124.13847222222222
frame_01579.jpg,1506.191542903909,126.64479359567902
frame_01580.jpg,1482.7848679460067,125.40681905864197
frame_01581.jpg,1486.9902018300463,124.07338155864197
frame_01582.jpg,1458.696742118106,122.68820601851851
frame_01583.jpg,1413.744366341935,123.48961612654321
frame_01584.jpg,1349.7268278097454,126.26834297839507
frame_01585.jpg,1414.364697792974,128.3375675154321
frame_01586.jpg,1412.1803070922022,129.15526427469135
frame_01587.jpg,1375.7091859941165,129.1031423611111
frame_01588.jpg,1366.3334638353015,129.24244791666666
frame_01589.jpg,1321.3434206304858,129.79840084876543
frame_01590.jpg,1408.1210994655771,129.2279899691358
frame_01591.jpg,1341.1406808440106,129.76942708333334
frame_01592.jpg,1378.9571481666014,130.72098572530865
frame_01593.jpg,1432.7272446349311,133.52171296296297
frame_01594.jpg,1449.6150327957073,135.48472222222222
frame_01595.jpg,1454.7654375276256,135.15717978395062
frame_01596.jpg,1485.7170592704529,134.56885802469137
frame_01597.jpg,1526.7777735624352,135.625987654321
frame_01598.jpg,1597.9985160401798,135.2138734567901
frame_01599.jpg,1552.4602747551228,135.68173611111112
frame_01600.jpg,1681.439472931577,136.20888888888888
frame_01601.jpg,1618.0017142572733,129.81397183641974
frame_01602.jpg,1482.8818055412517,127.92302662037036
frame_01603.jpg,1362.522336816775,122.88858796296296
frame_01604.jpg,1525.7794072096833,129.67353973765432
frame_01605.jpg,1573.9433431723533,130.28552662037038
frame_01606.jpg,1515.8258043831295,130.3866647376543
frame_01607.jpg,1442.3351447284342,131.82570987654321
frame_01608.jpg,1329.9835057915589,130.7553337191358
frame_01609.jpg,1407.4440349694182,135.70664158950618
frame_01610.jpg,1379.1790806226538,137.45152584876544
frame_01611.jpg,1477.0965669519064,137.03266975308642
frame_01612.jpg,1404.6182304969557,137.4176639660494
frame_01613.jpg,1407.5774788551523,139.08642168209877
frame_01614.jpg,1316.5484716371743,138.88900077160494
frame_01615.jpg,1356.0393322996708,137.73995563271606
frame_01616.jpg,1324.281497331399,137.92289544753086
frame_01617.jpg,1360.3586209994396,137.67852430555556
frame_01618.jpg,1442.3465888720955,136.76886574074075
frame_01619.jpg,1370.724847549883,135.35236111111112
frame_01620.jpg,1364.9563276870276,138.0790798611111
frame_01621.jpg,1381.9009203719445,137.85075038580246
frame_01622.jpg,1381.8756309474159,138.0655613425926
frame_01623.jpg,1387.363483361063,138.6011786265432
frame_01624.jpg,1395.6028925354212,139.2173784722222
frame_01625.jpg,1300.2431417775845,136.3789853395062
frame_01626.jpg,1310.479579835376,129.78096064814815
frame_01627.jpg,1287.6935642513486,129.3398649691358
frame_01628.jpg,1454.078150594183,127.34144675925926
frame_01629.jpg,1571.1373921795812,127.5555574845679
frame_01630.jpg,1568.3523267703902,129.55521026234567
frame_01631.jpg,1467.4356163369328,132.8686824845679
frame_01632.jpg,1489.5837801539758,133.34081018518518
frame_01633.jpg,1383.5906805781801,133.7485223765432
frame_01634.jpg,1409.4860535493833,133.19236304012347
frame_01635.jpg,1410.698778392144,132.21725887345679
frame_01636.jpg,1526.192622906184,132.54767168209875
frame_01637.jpg,1501.3769922053461,133.24129050925927
frame_01638.jpg,1530.2840573363053,132.89151041666668
frame_01639.jpg,1366.4516017445023,133.7374864969136
frame_01640.jpg,1445.7282165411464,133.6867650462963
frame_01641.jpg,1410.3504711671592,134.71491319444445
frame_01642.jpg,1306.2643664965683,135.7750038580247
frame_01643.jpg,1309.799207419192,135.58249228395061
frame_01644.jpg,1311.3845423596674,136.61951774691357
frame_01645.jpg,1335.762124642999,137.56487654320986
frame_01646.jpg,1342.162056956768,136.6114699074074
frame_01647.jpg,1352.7610273236523,137.28657214506174
frame_01648.jpg,1475.9548904103638,138.54220100308643
frame_01649.jpg,1509.9855693019083,138.64163387345678
frame_01650.jpg,1518.86995602803,138.1109375
frame_01651.jpg,1476.6622665178231,135.9907349537037
frame_01652.jpg,1399.8285962335701,138.01171489197532
frame_01653.jpg,1386.2999144529315,138.47152584876542
frame_01654.jpg,1395.4789887152783,138.18922067901235
frame_01655.jpg,1407.9431978094394,138.22457368827162
frame_01656.jpg,1438.2368576320087,138.0985976080247
frame_01657.jpg,1445.5466860884237,138.72023148148148
frame_01658.jpg,1392.0622288751563,132.9812885802469
frame_01659.jpg,1344.004970830293,128.86230324074074
frame_01660.jpg,1465.7082375912119,127.38695987654322
frame_01661.jpg,1391.5444405601636,127.84085648148148
frame_01662.jpg,1483.4841648522302,126.97701195987655
frame_01663.jpg,1422.781734351688,126.83257523148148
frame_01664.jpg,1380.850248366409,131.96879436728395
frame_01665.jpg,1395.8314500866231,136.19236304012347
frame_01666.jpg,1406.0941883487653,137.39790895061728
frame_01667.jpg,1440.57515985975,136.85003086419752
frame_01668.jpg,1408.483490311119,134.3641763117284
frame_01669.jpg,1436.5311541620083,134.09070216049383
frame_01670.jpg,1336.0488477884085,133.27728202160495
frame_01671.jpg,1398.1950775887906,132.84203703703704
frame_01672.jpg,1415.7092775937135,132.64144290123457
frame_01673.jpg,1481.4819837199059,132.81700810185185
frame_01674.jpg,1478.5392840542681,133.17074459876542
frame_01675.jpg,1473.0114613816493,128.46671875
frame_01676.jpg,1534.0738769658924,125.63230709876544
frame_01677.jpg,1463.4751983143435,127.10664930555555
frame_01678.jpg,1480.663357679579,126.43992669753086
frame_01679.jpg,1557.6342722720212,124.30838541666667
frame_01680.jpg,1477.6703312266577,124.62793209876543
frame_01681.jpg,1535.5071081447186,125.04708526234568
frame_01682.jpg,1459.7449429438009,132.24599922839505
frame_01683.jpg,1526.2476779147132,132.62190586419754
frame_01684.jpg,1616.1858379043188,131.1642110339506
frame_01685.jpg,1652.4847703831979,129.8476022376543
frame_01686.jpg,1568.9972522266664,125.12864969135802
frame_01687.jpg,1471.888292723601,125.431925154321
frame_01688.jpg,1482.5040282540438,124.4597048611111
frame_01689.jpg,1569.1152096728322,126.41752893518519
frame_01690.jpg,1526.2456489668473,128.8228375771605
frame_01691.jpg,1568.5377290626814,128.41965084876543
frame_01692.jpg,1583.362734508587,128.60097800925925
frame_01693.jpg,1594.6070423337803,128.076043595679
frame_01694.jpg,1442.158240957695,128.69092399691357
frame_01695.jpg,1493.8467628728083,131.96495949074074
frame_01696.jpg,1481.8500715674145,130.79535686728394
frame_01697.jpg,1555.4304611208418,130.80065972222224
frame_01698.jpg,1589.5647816165124,131.42967399691358
frame_01699.jpg,1574.6062643550517,132.04742669753085
frame_01700.jpg,1593.925414867145,127.0078337191358
frame_01701.jpg,1558.32858752834,124.18735725308642
frame_01702.jpg,1583.1747414198803,124.4319463734568
frame_01703.jpg,1503.7706725287208,124.61714891975309
frame_01704.jpg,1524.145671227472,124.62174189814814
frame_01705.jpg,1437.2260429504383,123.05971643518518
frame_01706.jpg,1453.4687747270773,123.79392168209877
frame_01707.jpg,1522.7387514912293,123.93965470679012
frame_01708.jpg,1517.7507894445484,124.04676311728394
frame_01709.jpg,1585.1023812585586,123.31907600308642
frame_01710.jpg,1643.3371141092814,124.05399112654321
frame_01711.jpg,1651.9785914686413,126.3070524691358
frame_01712.jpg,1674.4610265234694,122.7483661265432
frame_01713.jpg,1614.3111822648411,123.0862750771605
frame_01714.jpg,1583.165985073281,122.30987461419753
frame_01715.jpg,1570.8041640454383,124.3964737654321
frame_01716.jpg,1513.430949589534,126.32796875
frame_01717.jpg,1527.1780394527639,126.58575617283951
frame_01718.jpg,1553.396969092842,128.5622897376543
frame_01719.jpg,1467.3691488488887,127.04061342592593
frame_01720.jpg,1509.4301105874051,125.6861361882716
frame_01721.jpg,1396.889998549486,124.83915123456791
frame_01722.jpg,1503.6604095976065,128.5782137345679
frame_01723.jpg,1583.8777284979092,130.84032214506172
frame_01724.jpg,1602.2603125816815,131.8463213734568
frame_01725.jpg,1640.2026088148127,129.75690779320988
frame_01726.jpg,1668.508787608206,124.83955439814815
frame_01727.jpg,1696.8396315936347,128.37594907407407
frame_01728.jpg,1640.7687396404297,131.48646604938273
frame_01729.jpg,1723.8370774702034,132.4807638888889
frame_01730.jpg,1840.7902934605136,132.18830054012346
frame_01731.jpg,1725.9060677693253,132.08624421296295
frame_01732.jpg,1619.065127160669,133.09629436728395
frame_01733.jpg,1666.7081647855077,132.48094714506172
frame_01734.jpg,1594.63059000405,132.82995177469135
frame_01735.jpg,1533.097124542693,134.22776813271605
frame_01736.jpg,1674.018163204923,133.80129822530864
frame_01737.jpg,1558.4269113124517,134.4207137345679
frame_01738.jpg,1532.0166415875385,133.34001350308642
frame_01739.jpg,1568.8696238031157,133.65372685185184
frame_01740.jpg,1580.3261097535983,133.77682098765433
frame_01741.jpg,1626.2805080123073,134.4574537037037
frame_01742.jpg,1702.8499763050602,133.9536149691358
frame_01743.jpg,1722.8218437980915,133.97203125
frame_01744.jpg,1740.586742946007,134.10176890432098
frame_01745.jpg,1739.9668801496553,133.87231095679013
frame_01746.jpg,1739.2992517611133,131.84437692901236
frame_01747.jpg,1710.7386464581043,132.01375964506173
frame_01748.jpg,1672.6867294479482,131.11132330246915
frame_01749.jpg,1833.0670733462255,130.8183487654321
frame_01750.jpg,1930.985492193301,130.88826581790124
frame_01751.jpg,1954.236334040504,129.77868827160495
frame_01752.jpg,2046.7336546317392,128.03396797839505
frame_01753.jpg,1808.7157256075047,125.62608410493827
frame_01754.jpg,1736.1909031437503,134.51037615740742
frame_01755.jpg,1627.2735518877193,141.37292438271604
frame_01756.jpg,1760.369632054109,141.9880825617284
frame_01757.jpg,1679.2901043641964,140.97521219135803
frame_01758.jpg,1682.1346385152178,141.5065914351852
frame_01759.jpg,1783.4022225160957,133.25825231481483
frame_01760.jpg,1843.9923861503132,130.6510223765432
frame_01761.jpg,1790.9936790337458,129.5490335648148
frame_01762.jpg,1819.9497066453134,130.05640046296296
frame_01763.jpg,1760.3440563664403,132.21449459876544
frame_01764.jpg,1843.8739483190468,132.33970100308642
frame_01765.jpg,1746.1957535986796,133.7615798611111
frame_01766.jpg,1853.4893182331518,136.5277797067901
frame_01767.jpg,1752.8384340610849,139.33029706790123
frame_01768.jpg,1719.5562675499605,141.72428819444445
frame_01769.jpg,1763.9248133930012,145.9285763888889
frame_01770.jpg,1725.759065650184,147.94596450617283
frame_01771.jpg,1869.2828740416855,145.80895640432098
frame_01772.jpg,1794.916740820982,145.45551311728394
frame_01773.jpg,1775.941653589567,146.60510609567902
frame_01774.jpg,1737.2065834994094,147.63747299382717
frame_01775.jpg,1782.1654543013249,146.60304976851853
frame_01776.jpg,1787.3993520066151,146.0146990740741
frame_01777.jpg,1803.857582955565,145.34719521604939
frame_01778.jpg,1813.1783117199075,141.04461419753088
frame_01779.jpg,1766.031325521488,142.26052662037037
frame_01780.jpg,1768.290836953208,140.38302854938271
frame_01781.jpg,1823.3711280085408,143.53517168209876
frame_01782.jpg,1793.4779532477933,142.96130594135803
frame_01783.jpg,1932.8879092182979,142.99093942901234
frame_01784.jpg,1893.7719457545318,142.03773533950618
frame_01785.jpg,1988.14523810576,139.06735918209876
frame_01786.jpg,1766.1514403005808,136.01693094135803
frame_01787.jpg,1791.0491254661742,137.25717206790122
frame_01788.jpg,1878.7745888837046,136.2447588734568
frame_01789.jpg,1605.2328916429972,133.48468171296295
frame_01790.jpg,1678.4202287700132,129.94215470679012
frame_01791.jpg,1618.0676128494522,142.90393325617285
frame_01792.jpg,1754.1338011828889,143.85164930555555
frame_01793.jpg,1815.5716573712352,143.60367476851852
frame_01794.jpg,1843.0399162022159,141.10181712962964
frame_01795.jpg,1858.6355805683825,135.7803086419753
frame_01796.jpg,1628.9249325549374,134.753180941358
frame_01797.jpg,1809.3581497120617,130.53789544753087
frame_01798.jpg,1782.22644772256,130.98310956790124
frame_01799.jpg,1741.5312731180074,131.4082773919753
frame_01800.jpg,1700.3493788376477,131.19985146604938
frame_01801.jpg,1594.5009728000296,130.77119212962964
frame_01802.jpg,1653.5856433798551,124.42476273148148
frame_01803.jpg,1801.028985285923,125.42489583333334
frame_01804.jpg,1796.5985122357386,127.73457175925925
frame_01805.jpg,1809.6681021746601,126.76414158950617
frame_01806.jpg,1703.293157255047,126.08316165123456
frame_01807.jpg,1441.677815911401,130.0698688271605
frame_01808.jpg,1430.3940635607746,133.17365933641975
frame_01809.jpg,1386.8121865825135,132.77568287037036
frame_01810.jpg,1376.9391658754703,132.07912615740742
frame_01811.jpg,1318.5030357831788,131.42227816358024
frame_01812.jpg,1350.818989229547,128.04447916666666
frame_01813.jpg,1395.8565175733033,127.37420910493827
frame_01814.jpg,1529.5899741172934,125.51934606481481
frame_01815.jpg,1535.6278864735705,131.71709297839507
frame_01816.jpg,1647.998363131926,130.1245524691358
frame_01817.jpg,1595.3846555246516,127.89960069444444
frame_01818.jpg,1497.1928960500459,124.95496141975309
frame_01819.jpg,1496.3224394234715,126.3455362654321
frame_01820.jpg,1536.548896523726,125.43931327160495
frame_01821.jpg,1579.366310676722,124.68641010802469
frame_01822.jpg,1567.3417188137646,125.78361111111111
frame_01823.jpg,1485.170295933341,126.79332947530864
frame_01824.jpg,1516.474093716209,125.1185474537037
frame_01825.jpg,1461.503517847647,125.70192708333333
frame_01826.jpg,1506.4409842695254,126.59387924382716
frame_01827.jpg,1488.0076155671288,127.77894483024691
frame_01828.jpg,1522.8508555512094,130.7228163580247
frame_01829.jpg,1404.222436273198,134.51594521604937
frame_01830.jpg,1400.7131190195262,134.36851273148147
frame_01831.jpg,1460.498229266239,133.76475308641974
frame_01832.jpg,1491.9915390227552,133.29930169753086
frame_01833.jpg,1403.6391510511776,133.94590856481483
frame_01834.jpg,1483.7523936142395,133.5631886574074
frame_01835.jpg,1426.6596332247937,133.28473572530865
frame_01836.jpg,1413.2016943060155,134.1585513117284
frame_01837.jpg,1366.5017002939808,134.0760976080247
frame_01838.jpg,1437.9052717696745,132.84387538580248
frame_01839.jpg,1344.375557981374,131.23881172839506
frame_01840.jpg,1355.8438487696594,130.56298804012346
frame_01841.jpg,1335.7037340320499,130.41282793209876
frame_01842.jpg,1380.438067300145,130.1444463734568
frame_01843.jpg,1588.221379152106,127.8126350308642
frame_01844.jpg,1495.4512876574017,127.47023533950617
frame_01845.jpg,1526.1836399400179,127.72257908950617
frame_01846.jpg,1607.3765097125438,127.19829475308642
frame_01847.jpg,1540.1246468578197,127.53687307098765
frame_01848.jpg,1614.6236439698116,127.09168981481481
frame_01849.jpg,1653.0240949649767,127.64859375
frame_01850.jpg,1633.119467759238,127.88013695987654
frame_01851.jpg,1670.6922570966226,125.95436535493828
frame_01852.jpg,1689.566086857766,126.89804976851852
frame_01853.jpg,1862.4534937592728,125.46990354938272
frame_01854.jpg,1993.8306712712758,125.86353202160494
frame_01855.jpg,2248.0034807122543,125.00939043209877
frame_01856.jpg,2239.720560916569,123.69673225308642
frame_01857.jpg,2250.642853375772,119.18157214506172
frame_01858.jpg,2087.2833708826306,119.33199459876543
frame_01859.jpg,2001.0940633090988,116.9635686728395
frame_01860.jpg,1808.6604122769577,117.34122685185186
frame_01861.jpg,1805.0144867469107,116.96743055555555
frame_01862.jpg,1709.519523531238,115.62906442901235
frame_01863.jpg,1746.3847705171859,116.31180748456791
frame_01864.jpg,1731.6274077784412,118.5368962191358
frame_01865.jpg,1725.1705020075412,118.98012924382716
frame_01866.jpg,1691.1936495884736,119.49809606481482
frame_01867.jpg,1697.8522685142168,118.6152739197531
frame_01868.jpg,1802.1627279593934,118.60639853395061
frame_01869.jpg,1514.2244859848881,118.50061342592592
frame_01870.jpg,1490.691298026748,121.5946412037037
frame_01871.jpg,1553.076605710933,125.87346836419754
frame_01872.jpg,1576.5097611834162,126.91742862654321
frame_01873.jpg,1715.8310180781793,127.6812037037037
frame_01874.jpg,1730.2757626188215,127.3635050154321
frame_01875.jpg,1747.982922163146,125.75871141975308
frame_01876.jpg,1780.235297350819,125.48342399691359
frame_01877.jpg,1662.766332754569,125.46358410493828
frame_01878.jpg,1712.2837599772656,125.95706597222222
frame_01879.jpg,1700.6603510961884,126.83059606481481
frame_01880.jpg,1634.1050230942624,129.91669945987655
frame_01881.jpg,1628.9332262445103,129.83989197530863
frame_01882.jpg,1613.7523297365258,128.87582561728394
frame_01883.jpg,1640.8210884773066,129.70940779320986
frame_01884.jpg,1744.084619763532,129.3267264660494
frame_01885.jpg,1739.9508979474733,128.77360146604937
frame_01886.jpg,1827.5436797885795,128.6278800154321
frame_01887.jpg,1718.8766836812551,126.41152584876544
frame_01888.jpg,1610.4374585266776,125.07961805555556
frame_01889.jpg,1660.240005710945,125.09311535493828
frame_01890.jpg,1809.5289870029778,123.82033950617284
frame_01891.jpg,1807.5348229161302,124.98317129629629
frame_01892.jpg,1717.2974121891218,124.5674286265432
frame_01893.jpg,1716.4722735845542,124.38868827160493
frame_01894.jpg,1692.9289599600997,125.08761766975309
frame_01895.jpg,1729.2766981981451,125.59937114197531
frame_01896.jpg,1729.5729032384152,125.93117283950617
frame_01897.jpg,1748.5126560854944,125.59471450617283
frame_01898.jpg,1666.6326266360736,125.36475308641975
frame_01899.jpg,1711.6883473318871,125.58365933641976
frame_01900.jpg,1757.461320651804,125.60377700617283
frame_01901.jpg,1788.7124669162322,126.4513850308642
frame_01902.jpg,1743.1999992800102,126.51230324074074
frame_01903.jpg,1763.6738749581705,127.15529320987655
frame_01904.jpg,1821.8744069956456,127.0381712962963
frame_01905.jpg,1965.8845919291937,127.5419888117284
frame_01906.jpg,1957.178302261886,127.46729552469135
frame_01907.jpg,1942.669074157393,127.43875578703704
frame_01908.jpg,2057.5899321225775,126.72788966049383
frame_01909.jpg,1963.593212032985,127.24178819444444
frame_01910.jpg,1971.64465853793,127.61375964506173
frame_01911.jpg,2000.4828688909256,126.41854552469135
frame_01912.jpg,2017.8243133463204,127.6515663580247
frame_01913.jpg,2007.5770058721419,127.46712962962962
frame_01914.jpg,2035.581664749026,126.4068576388889
frame_01915.jpg,1978.3683148618347,126.84926118827161
frame_01916.jpg,1887.6715500610512,128.12657021604937
frame_01917.jpg,1937.3429388454865,129.54409529320986
frame_01918.jpg,1867.153818903234,130.6255574845679
frame_01919.jpg,1850.7717524688342,130.01588541666666
frame_01920.jpg,1876.395541984652,131.08187307098765
frame_01921.jpg,1956.8074323204676,128.55412422839507
frame_01922.jpg,1969.8281033932608,127.95272183641976
frame_01923.jpg,1979.2093063890798,128.74045331790123
frame_01924.jpg,2048.728652427842,128.2916724537037
frame_01925.jpg,2019.551265517773,127.7945100308642
frame_01926.jpg,1834.5682545330449,127.15004436728395
frame_01927.jpg,1800.6061991512352,127.3383024691358
frame_01928.jpg,1872.1621489992913,126.51380594135803
frame_01929.jpg,1936.6828996783154,126.32763695987654
frame_01930.jpg,2044.7581517250223,125.9160050154321
frame_01931.jpg,2111.6406393689986,125.20758680555555
frame_01932.jpg,2128.9161953687294,126.69604938271605
frame_01933.jpg,2223.9136077051985,128.4550289351852
frame_01934.jpg,2062.46340614387,127.90241898148147
frame_01935.jpg,2043.0579098815401,127.50679591049382
frame_01936.jpg,1996.3188560056249,127.26205825617284
frame_01937.jpg,1884.762880998391,128.33538966049383
frame_01938.jpg,1908.1929921580252,127.43995177469135
frame_01939.jpg,1952.3897470574188,125.90665702160494
frame_01940.jpg,2009.9421905028255,126.07639467592593
frame_01941.jpg,1971.1923261629408,124.24089891975309
frame_01942.jpg,2102.9599378809808,123.34942322530864
frame_01943.jpg,1963.5078407049257,123.5703549382716
frame_01944.jpg,2065.902441240126,123.71297646604938
frame_01945.jpg,2023.921096873032,122.88543981481482
frame_01946.jpg,2049.440168047485,122.23061342592592
frame_01947.jpg,1954.8751143099223,118.35163773148147
frame_01948.jpg,1878.4551046364022,116.68868827160493
frame_01949.jpg,1878.9585331447192,116.06750771604938
frame_01950.jpg,1868.2352227899707,116.50978395061729
frame_01951.jpg,1888.1524249597792,125.19114776234568
frame_01952.jpg,1963.77340925095,124.70414930555556
frame_01953.jpg,2077.612693556798,124.0219212962963
frame_01954.jpg,2006.0482177153847,123.10239004629629
frame_01955.jpg,1912.0305803103768,123.56403356481482
frame_01956.jpg,1864.3228984748753,122.60968557098765
frame_01957.jpg,1883.4121808279363,122.36639853395062
frame_01958.jpg,1839.0197624599311,120.83204668209876
frame_01959.jpg,1879.2236589195231,120.12508101851851
frame_01960.jpg,1945.5487806741385,122.13049382716049
frame_01961.jpg,1980.2500288022643,121.44759837962962
frame_01962.jpg,1972.5268715521547,122.45357060185185
frame_01963.jpg,1887.5170629082745,123.39049768518518
frame_01964.jpg,1929.7352344240585,122.70969714506172
frame_01965.jpg,1909.0261960646812,121.1881423611111
frame_01966.jpg,1894.7271437042161,120.36886766975309
frame_01967.jpg,1925.1286137601544,128.22125
frame_01968.jpg,1929.5072768230355,140.38232445987654
frame_01969.jpg,1917.8837402924094,141.92905285493828
frame_01970.jpg,1927.95004687571,141.51023919753086
frame_01971.jpg,1864.847231316429,139.22599922839507
frame_01972.jpg,1781.5466684660926,137.8647299382716
frame_01973.jpg,1770.4418123999174,132.19695794753088
frame_01974.jpg,1715.445597471353,128.0286014660494
frame_01975.jpg,1782.7515390510541,126.40117669753086
frame_01976.jpg,1696.4279330732595,125.599324845679
frame_01977.jpg,1799.48663928517,125.47775462962963
frame_01978.jpg,1749.5987158674632,125.48451388888888
frame_01979.jpg,1732.9855554411843,126.71634645061728
frame_01980.jpg,1646.8998597451698,128.53351851851852
frame_01981.jpg,1557.9425401941542,128.12020061728396
frame_01982.jpg,1667.714733521888,128.0009336419753
frame_01983.jpg,1586.3956262989534,127.50826388888889
frame_01984.jpg,1632.6394058088124,126.95828896604938
frame_01985.jpg,1631.2444598758138,124.4744637345679
frame_01986.jpg,1699.358839486883,127.50030864197531
frame_01987.jpg,1614.6481808395342,129.67632908950617
frame_01988.jpg,1644.8601874678166,129.9932773919753
frame_01989.jpg,1721.4512062209312,129.59004436728395
frame_01990.jpg,1655.909431864188,129.79721450617285
frame_01991.jpg,1804.0893803818108,132.71853587962963
frame_01992.jpg,1795.9048574131077,132.2986863425926
frame_01993.jpg,1818.8707899787657,128.8688676697531
frame_01994.jpg,1710.3645882328906,129.08584683641976
frame_01995.jpg,1755.2711950165842,130.27725308641976
frame_01996.jpg,1675.7306024882919,128.8198398919753
frame_01997.jpg,1623.6367248756708,128.20539930555555
frame_01998.jpg,1771.643678947509,127.45625578703704
frame_01999.jpg,1761.5717390407651,126.32931327160493
frame_02000.jpg,1696.0151059236707,126.6310050154321
frame_02001.jpg,1722.0760189620573,127.81130594135803
frame_02002.jpg,1713.9629498625873,128.48625192901235
frame_02003.jpg,1654.2964037836628,129.84404899691359
frame_02004.jpg,1642.438999056834,128.72464313271604
frame_02005.jpg,1698.0276152262784,128.3245351080247
frame_02006.jpg,1726.4620836467384,129.06789544753087
frame_02007.jpg,1863.971969585369,130.2919888117284
frame_02008.jpg,1803.7121758398903,128.50486304012347
frame_02009.jpg,1857.3256852682357,128.1914853395062
frame_02010.jpg,1837.0673760086786,128.65758680555555
frame_02011.jpg,1841.5150575339505,129.99344714506174
frame_02012.jpg,1866.9778317808207,127.4101523919753
frame_02013.jpg,1759.6543533518225,126.8317399691358
frame_02014.jpg,1712.8932282137669,126.86913387345679
frame_02015.jpg,1737.1735412236492,127.36201581790124
frame_02016.jpg,1756.3711974210141,127.64601080246914
frame_02017.jpg,1685.7477565398835,127.90290702160493
frame_02018.jpg,1594.221497667588,127.8705999228395
frame_02019.jpg,1544.6710919897419,126.38588927469135
frame_02020.jpg,1565.7808018436212,127.18982445987655
frame_02021.jpg,1637.3337395480535,127.41251543209877
frame_02022.jpg,1819.9741823113106,126.58773726851852
frame_02023.jpg,1858.269441997721,125.77956018518519
frame_02024.jpg,1983.2686647481332,125.43552662037037
frame_02025.jpg,2030.9837844005865,126.48817322530864
frame_02026.jpg,1958.2824588312117,126.96335262345679
frame_02027.jpg,1872.954640992927,128.6536824845679
frame_02028.jpg,1924.680887045551,129.760993441358
frame_02029.jpg,1770.7740097190037,127.50711419753087
frame_02030.jpg,1736.9235889908725,129.04058063271606
frame_02031.jpg,1744.9581034903072,127.0892611882716
frame_02032.jpg,1785.90155454269,128.3401485339506
frame_02033.jpg,1753.5360671977674,127.45077546296297
frame_02034.jpg,1814.0123344900117,125.1674961419753
frame_02035.jpg,1775.66348656812,123.81971064814815
frame_02036.jpg,1878.3990817863125,114.8257388117284
frame_02037.jpg,1853.2876273618344,121.86518325617284
frame_02038.jpg,1675.3149350959347,127.72081790123457
frame_02039.jpg,1698.8603409107202,130.44795910493826
frame_02040.jpg,1727.6870140888757,133.59672839506172
frame_02041.jpg,1675.24916002692,134.04048032407408
frame_02042.jpg,1842.3900212548435,132.32451195987653
frame_02043.jpg,1893.045788824555,131.3212962962963
frame_02044.jpg,1874.6860876675235,130.6899961419753
frame_02045.jpg,1836.149733032547,128.9830362654321
frame_02046.jpg,1791.3564974223234,125.89046875
frame_02047.jpg,1844.2063351846496,126.4612924382716
frame_02048.jpg,1687.8286432696186,126.91390817901235
frame_02049.jpg,1793.191373451417,128.00091242283952
frame_02050.jpg,1713.5793891024946,127.78714699074074
frame_02051.jpg,1867.59705315277,125.9046412037037
frame_02052.jpg,1775.1249596089783,126.26960841049383
frame_02053.jpg,1871.9308022714124,126.96105902777778
frame_02054.jpg,1808.6937395230184,126.14397762345679
frame_02055.jpg,1739.505688648741,122.99917438271605
frame_02056.jpg,1695.1306623145963,130.24645061728395
frame_02057.jpg,1719.6004136805338,130.1874922839506
frame_02058.jpg,1761.1597056031853,129.87561342592593
frame_02059.jpg,1712.3096399760088,129.93221450617284
frame_02060.jpg,1744.5909819818592,129.70063464506174
frame_02061.jpg,1784.9476518686968,129.46459683641976
frame_02062.jpg,1782.0450805934058,129.4144135802469
frame_02063.jpg,1719.7760375485786,129.61350694444445
frame_02064.jpg,1775.1366242683443,129.48376543209878
frame_02065.jpg,1825.6237128277983,129.3474575617284
frame_02066.jpg,1817.0203737118486,129.38485146604938
frame_02067.jpg,1896.8674594259046,128.55475308641977
frame_02068.jpg,1767.335751670323,129.17634645061727
frame_02069.jpg,1823.5578577712074,129.84482060185186
frame_02070.jpg,1787.4274517746576,128.55101658950616
frame_02071.jpg,1733.9348645833184,127.86788194444445
frame_02072.jpg,1702.0579460519511,127.38695023148148
frame_02073.jpg,1781.6677026062766,133.5227912808642
frame_02074.jpg,1813.8359778886957,138.0287924382716
frame_02075.jpg,1863.0925517445507,138.1902874228395
frame_02076.jpg,1812.1140537208348,130.20892168209878
frame_02077.jpg,1819.908998204813,128.96151041666667
frame_02078.jpg,1778.6208268330056,128.70722608024693
frame_02079.jpg,1742.9704168214312,129.4444637345679
frame_02080.jpg,1851.8034677523917,129.6376601080247
frame_02081.jpg,1807.521324311256,127.91425347222223
frame_02082.jpg,1834.6391692988718,124.60159336419753
frame_02083.jpg,1786.4670590989847,124.41259452160494
frame_02084.jpg,1680.7716745512032,122.9341763117284
frame_02085.jpg,1587.1087556052944,125.31003086419753
frame_02086.jpg,1552.3048707655169,123.20618634259259
frame_02087.jpg,1414.0467927576158,126.67228587962963
frame_02088.jpg,1409.097877201839,126.95608024691359
frame_02089.jpg,1389.760063150089,125.50307484567901
frame_02090.jpg,1399.0723092018318,123.96253086419753
frame_02091.jpg,1466.2373328271312,123.40647569444444
frame_02092.jpg,1443.2651688849978,123.09719714506173
frame_02093.jpg,1392.5087878017623,124.01609953703704
frame_02094.jpg,1402.679995688654,123.29005594135802
frame_02095.jpg,1536.641170375714,120.20026234567901
frame_02096.jpg,1547.0789489764172,117.16265625
frame_02097.jpg,1505.8182068243243,115.05428240740741
frame_02098.jpg,1477.785075552533,114.30462191358025
frame_02099.jpg,1591.9776606478472,112.86928047839505
frame_02100.jpg,1558.456112746303,113.2722762345679
frame_02101.jpg,1574.397475153234,116.85174575617285
frame_02102.jpg,1527.0403586758966,120.2544888117284
frame_02103.jpg,1515.5841220973687,119.34850694444444
frame_02104.jpg,1421.2427770704135,125.07407214506173
frame_02105.jpg,1400.1844402777785,124.17154513888889
frame_02106.jpg,1415.189539934783,124.6982388117284
frame_02107.jpg,1524.4525917494832,122.69956597222222
frame_02108.jpg,1554.5249861871848,122.17878665123457
frame_02109.jpg,1531.417821596365,124.15133487654322
frame_02110.jpg,1543.7229099439655,124.92222029320988
frame_02111.jpg,1523.9629263512868,123.82264660493827
frame_02112.jpg,1489.5375567111735,122.41735725308642
frame_02113.jpg,1538.270827392954,121.89718942901234
frame_02114.jpg,1522.133891031997,120.25687885802469
frame_02115.jpg,1574.2102984482167,121.47617091049382
frame_02116.jpg,1603.0141459383428,122.75810763888889
frame_02117.jpg,1536.5302264226461,122.18318094135803
frame_02118.jpg,1428.6274999075347,121.49156635802468
frame_02119.jpg,1475.3688283173656,124.06613425925926
frame_02120.jpg,1521.819208364408,123.1808487654321
frame_02121.jpg,1488.843870330704,122.87891396604938
frame_02122.jpg,1354.104062622037,122.58852237654321
frame_02123.jpg,1560.5534221512196,119.74226466049383
frame_02124.jpg,1569.5008561050226,121.46790702160494
frame_02125.jpg,1593.7086265140033,118.82719714506173
frame_02126.jpg,1727.4166703734518,120.96792438271605
frame_02127.jpg,1743.0424548281237,121.65329668209877
frame_02128.jpg,1806.0554764571154,121.3252662037037
frame_02129.jpg,1797.8107026460816,124.69220486111111
frame_02130.jpg,1788.2804264263054,128.27864776234568
frame_02131.jpg,1741.295459205404,130.0642399691358
frame_02132.jpg,1728.803212542495,131.73135802469136
frame_02133.jpg,1605.4324748254924,131.98971836419753
frame_02134.jpg,1644.197877918878,133.81176311728396
frame_02135.jpg,1602.547109846477,133.3375038580247
frame_02136.jpg,1704.9891447094121,133.50366512345678
frame_02137.jpg,1623.623501199069,133.96654513888888
frame_02138.jpg,1515.3513087809206,135.79749421296296
frame_02139.jpg,1599.8806780277425,136.15607831790123
frame_02140.jpg,1579.9201174486868,135.94240162037036
frame_02141.jpg,1569.624620389422,135.10296682098766
frame_02142.jpg,1560.4413615597252,135.91433641975308
frame_02143.jpg,1604.9470062733055,135.50369405864197
frame_02144.jpg,1580.8862449754547,135.57435956790124
frame_02145.jpg,1607.7610199411317,135.45664930555554
frame_02146.jpg,1711.4960199838492,133.5799961419753
frame_02147.jpg,1692.263864872652,132.19032407407408
frame_02148.jpg,1719.6498651948425,132.8025713734568
frame_02149.jpg,1737.4520658756376,133.83656442901236
frame_02150.jpg,1665.7350140045962,134.99784915123456
frame_02151.jpg,1739.2973393694415,133.7863811728395
frame_02152.jpg,1706.80361302717,135.89992669753087
frame_02153.jpg,1743.0885940581068,135.14240547839506
frame_02154.jpg,1679.2826845937973,138.23254050925925
frame_02155.jpg,1730.275023008101,140.95136574074073
frame_02156.jpg,1676.0841623360295,141.84621720679013
frame_02157.jpg,1750.9047553070131,142.90539158950617
frame_02158.jpg,1676.9669325063549,143.809425154321
frame_02159.jpg,1733.7626248492363,142.50484953703705
frame_02160.jpg,1737.7355976222543,140.73968557098766
frame_02161.jpg,1751.9933232453689,134.0207349537037
frame_02162.jpg,1640.509471332718,127.51435956790124
frame_02163.jpg,1570.9898581885648,126.38176697530864
frame_02164.jpg,1450.7793395242575,127.52682098765432
frame_02165.jpg,1378.7062172722813,126.09918016975308
frame_02166.jpg,1491.8509069192562,124.19726466049383
frame_02167.jpg,1479.04321943676,121.04680555555555
frame_02168.jpg,1522.12444377902,120.20043209876543
frame_02169.jpg,1583.9527760427231,141.98743055555556
frame_02170.jpg,1621.3544570490965,143.7669637345679
frame_02171.jpg,1685.3195578446168,141.06988425925925
frame_02172.jpg,1766.6707340016858,139.51499228395062
frame_02173.jpg,1778.186059962143,139.61312885802468
frame_02174.jpg,1691.2574980674115,141.45322723765432
frame_02175.jpg,1670.6439400252057,142.6828086419753
frame_02176.jpg,1678.8192908307278,142.94974922839506
frame_02177.jpg,1758.882024338763,144.7959587191358
frame_02178.jpg,1754.3994056707602,139.83472415123458
frame_02179.jpg,1726.9010336599222,132.949787808642
frame_02180.jpg,1657.1240705099228,131.71835455246912
frame_02181.jpg,1683.344657919668,132.51601273148148
frame_02182.jpg,1689.764671181747,127.98963927469136
frame_02183.jpg,1685.9327164494148,127.85134837962963
frame_02184.jpg,1703.1680626499747,134.54159529320987
frame_02185.jpg,1714.408885914862,135.07489197530865
frame_02186.jpg,1513.3155662024976,135.3509837962963
frame_02187.jpg,1547.218752356785,135.57952932098766
frame_02188.jpg,1615.9431736491556,136.10660686728394
frame_02189.jpg,1654.2789481517054,137.8331674382716
frame_02190.jpg,1579.129995211703,138.97591049382717
frame_02191.jpg,1625.7631087034035,132.20071180555556
frame_02192.jpg,1586.3694593792723,135.43055941358026
frame_02193.jpg,1551.7806512767056,140.2343499228395
frame_02194.jpg,1621.0984096003933,140.40316165123457
frame_02195.jpg,1590.902185731605,140.8504610339506
frame_02196.jpg,1627.3737377230823,141.15810570987654
frame_02197.jpg,1712.1771873847358,139.58657986111112
frame_02198.jpg,1668.1014599400064,132.58885802469135
frame_02199.jpg,1696.658691389446,129.58109567901235
frame_02200.jpg,1723.5479579731175,130.47850694444443
frame_02201.jpg,1808.0049758798107,131.63606095679012
frame_02202.jpg,1743.0498639307698,129.9115200617284
frame_02203.jpg,1663.385213421267,129.18124035493827
frame_02204.jpg,1664.526727742051,128.4736111111111
frame_02205.jpg,1564.6700173316365,128.67563464506173
frame_02206.jpg,1595.3001920915258,126.92080632716049
frame_02207.jpg,1574.7547472826786,128.11443094135802
frame_02208.jpg,1540.1875948292607,128.05491705246914
frame_02209.jpg,1564.3180737493537,130.04476080246914
frame_02210.jpg,1634.8472876636642,130.6316261574074
frame_02211.jpg,1526.5005783550375,130.47631944444444
frame_02212.jpg,1584.1894331006467,129.56373070987655
frame_02213.jpg,1601.3692349441783,129.43785686728395
frame_02214.jpg,1610.296450074656,129.00052662037038
frame_02215.jpg,1661.3703200954865,130.01838541666666
frame_02216.jpg,1776.584800426701,128.22608024691357
frame_02217.jpg,1739.1031868689588,127.18702353395062
frame_02218.jpg,1798.9622592484086,129.3396450617284
frame_02219.jpg,1793.3360047461704,131.17509066358025
frame_02220.jpg,1719.0937952843992,133.93260416666666
frame_02221.jpg,1771.2090560163756,132.10530671296297
frame_02222.jpg,1783.1141550624513,128.7441010802469
frame_02223.jpg,1827.6948756622016,128.5035300925926
frame_02224.jpg,1737.1084945898194,126.3641300154321
frame_02225.jpg,1695.3085463104035,125.55773533950617
frame_02226.jpg,1652.9806059067928,125.25639081790123
frame_02227.jpg,1634.9121946368086,125.69429976851852
frame_02228.jpg,1630.8405892923408,128.3065837191358
frame_02229.jpg,1819.0973912236486,126.8731211419753
frame_02230.jpg,1853.3476251647364,127.16392361111112
frame_02231.jpg,1614.099904470962,124.04929976851852
frame_02232.jpg,1557.3057019567411,122.6606462191358
frame_02233.jpg,1617.000068894375,128.8724922839506
frame_02234.jpg,1567.2515739901114,131.37920717592593
frame_02235.jpg,1565.316969576227,129.1368287037037
frame_02236.jpg,1506.735653250352,126.75302854938272
frame_02237.jpg,1602.765013228288,127.91361111111111
frame_02238.jpg,1611.6170134355673,134.18489583333334
frame_02239.jpg,1575.8319154175379,134.71483796296297
frame_02240.jpg,1626.2025502128126,137.68955439814815
frame_02241.jpg,1714.2746571475222,140.66222029320988
frame_02242.jpg,1778.5875093549807,140.65199845679012
frame_02243.jpg,1779.9468314348296,140.70253472222223
frame_02244.jpg,1714.6229823598821,138.47093942901233
frame_02245.jpg,1638.6533146414681,136.8302199074074
frame_02246.jpg,1571.5064863666707,141.20630401234567
frame_02247.jpg,1554.5446221871214,139.44708719135804
frame_02248.jpg,1582.5902870285486,141.78763695987655
frame_02249.jpg,1621.6290906092675,142.3717148919753
frame_02250.jpg,1665.7888481270566,142.84404706790124
frame_02251.jpg,1763.2508156096953,140.38781828703705
frame_02252.jpg,1654.9938735236765,130.62235725308642
frame_02253.jpg,1768.2292505557489,130.3226176697531
frame_02254.jpg,1821.9501034208672,132.26710841049382
frame_02255.jpg,1735.6572462263364,131.98696566358024
frame_02256.jpg,1672.8081693024478,131.37262538580248
frame_02257.jpg,1783.3975648618348,131.7123977623457
frame_02258.jpg,1645.8327229467586,130.30214313271605
frame_02259.jpg,1571.6089885656859,128.37246720679013
frame_02260.jpg,1600.5960725308048,127.37434413580247
frame_02261.jpg,1663.2888635262127,134.97601658950617
frame_02262.jpg,1667.3899689457444,133.5068614969136
frame_02263.jpg,1690.568225886449,132.83235146604937
frame_02264.jpg,1703.9624187846346,135.51197337962964
frame_02265.jpg,1707.0180927396461,137.6782600308642
frame_02266.jpg,1763.2877829115366,136.06404899691358
frame_02267.jpg,1811.1635685627546,135.2840663580247
frame_02268.jpg,1785.600690286347,134.71968942901233
frame_02269.jpg,1696.6676347092287,132.42068094135803
frame_02270.jpg,1621.2696482253089,131.05999421296298
frame_02271.jpg,1733.0454113261453,130.64043788580247
frame_02272.jpg,1698.1828897352095,130.17435570987655
frame_02273.jpg,1732.066276915616,130.12710455246915
frame_02274.jpg,1839.6949803106747,129.37072530864197
frame_02275.jpg,1685.319952291715,128.29862461419754
frame_02276.jpg,1646.8840549839363,129.32561535493826
frame_02277.jpg,1655.8460792366232,126.12070601851852
frame_02278.jpg,1638.804462752643,126.52971064814815
frame_02279.jpg,1625.74775155927,128.2484085648148
frame_02280.jpg,1571.1230769567428,131.4162924382716
frame_02281.jpg,1602.0223506510413,132.96942901234567
frame_02282.jpg,1575.104496513931,132.95246334876543
frame_02283.jpg,1559.9373144095891,133.6153260030864
frame_02284.jpg,1620.3856386027187,133.62078317901234
frame_02285.jpg,1840.7016731167985,132.57570408950616
frame_02286.jpg,1782.2523266145956,132.6858834876543
frame_02287.jpg,1758.4846402534272,128.7672337962963
frame_02288.jpg,1574.9933723362958,129.36075424382716
frame_02289.jpg,1466.3419571635682,130.3614274691358
frame_02290.jpg,1412.6759399915072,132.52879436728395
frame_02291.jpg,1371.7561175554272,136.51676504629629
frame_02292.jpg,1480.192837943673,135.72934413580248
frame_02293.jpg,1437.3137055660002,134.1312924382716
frame_02294.jpg,1404.713283626432,137.6395775462963
frame_02295.jpg,1454.3834521985384,136.8171122685185
frame_02296.jpg,1504.5409524710412,136.73518518518517
frame_02297.jpg,1566.9023196493679,135.78445794753085
frame_02298.jpg,1739.5650920493736,134.07222222222222
frame_02299.jpg,1691.3106746008875,132.69370563271605
frame_02300.jpg,1558.4130749078213,133.76189043209877
frame_02301.jpg,1646.8517898861667,133.7257600308642
frame_02302.jpg,1705.2685105916917,132.47797839506174
frame_02303.jpg,1644.0398385124597,132.66141010802468
frame_02304.jpg,1703.4083149205499,133.61963734567902
frame_02305.jpg,1630.6085136309587,136.28864583333333
frame_02306.jpg,1724.348166370826,138.85547260802468
frame_02307.jpg,1653.9538202667716,138.18697530864196
frame_02308.jpg,1697.7389341059172,139.25210262345678
frame_02309.jpg,1753.2583046873654,139.83842978395063
frame_02310.jpg,1684.0326357803062,140.5406500771605
frame_02311.jpg,1712.402898370818,140.13449074074074
frame_02312.jpg,1636.2208947487848,141.00157600308643
frame_02313.jpg,1676.7265545408557,140.89804591049383
frame_02314.jpg,1717.5557353264644,140.66787422839505
frame_02315.jpg,1746.2919675562405,141.64929012345678
frame_02316.jpg,1641.2453248435368,131.6223900462963
frame_02317.jpg,1704.0518032144846,131.27624614197532
frame_02318.jpg,1795.2632976583602,127.61726466049383
frame_02319.jpg,1926.2031058143607,126.84364969135802
frame_02320.jpg,1683.6885742451698,126.58785686728395
frame_02321.jpg,1732.4162295093638,127.23227816358025
frame_02322.jpg,1842.0448171959401,126.8698186728395
frame_02323.jpg,1847.3353179588037,127.40979552469136
frame_02324.jpg,1828.8812293299147,127.94802469135803
frame_02325.jpg,1804.6460663931186,126.95164544753086
frame_02326.jpg,1807.0961765396219,129.30911265432098
frame_02327.jpg,1820.597777295525,132.44096836419754
frame_02328.jpg,1941.0472755640433,130.76176890432097
frame_02329.jpg,1966.6013653805237,131.3022588734568
frame_02330.jpg,1885.6954718523612,131.06612268518518
frame_02331.jpg,1935.5492195124928,132.40706211419754
frame_02332.jpg,1918.1211067946442,134.06927662037037
frame_02333.jpg,1756.1614707311637,136.93278356481483
frame_02334.jpg,1943.6647116569352,136.08047067901234
frame_02335.jpg,1877.0321333923946,137.45189429012345
frame_02336.jpg,1848.5239045971068,138.2473861882716
frame_02337.jpg,1837.3936361831784,138.81234760802468
frame_02338.jpg,1877.8110390511542,138.93493441358024
frame_02339.jpg,1939.4937438758293,140.02660493827162
frame_02340.jpg,1875.790318028883,137.37494791666666
frame_02341.jpg,1772.4447194751622,137.98179205246913
frame_02342.jpg,1815.876201678236,134.79802083333334
frame_02343.jpg,1791.7425336848419,135.97405092592592
frame_02344.jpg,1946.6817670311211,135.76699845679013
frame_02345.jpg,1867.6134073516466,136.4240952932099
frame_02346.jpg,1816.4907821805552,136.23423225308642
frame_02347.jpg,1857.949103274316,135.9610686728395
frame_02348.jpg,1933.8419322654108,135.77496527777777
frame_02349.jpg,1879.379607330247,135.76863425925927
frame_02350.jpg,1963.8113318600463,135.0833699845679
frame_02351.jpg,1924.9694687240421,133.77103202160495
frame_02352.jpg,1884.9354598572531,127.40199652777778
frame_02353.jpg,1834.0438265866092,125.39248456790123
frame_02354.jpg,1744.2389738953393,123.68652391975309
frame_02355.jpg,1765.397839153175,126.70900848765432
frame_02356.jpg,1844.0780255232114,130.5451813271605
frame_02357.jpg,1832.8647500407092,129.98712577160495
frame_02358.jpg,1709.8872944476443,129.83855516975308
frame_02359.jpg,1778.1016758440276,134.51700810185184
frame_02360.jpg,1766.3326368594035,134.75946759259259
frame_02361.jpg,1766.9501828949255,135.62292438271604
frame_02362.jpg,1754.3695281582063,135.61757908950617
frame_02363.jpg,1702.1515629284313,138.77094521604937
frame_02364.jpg,1870.9624266266662,138.67227044753088
frame_02365.jpg,1730.7546908109314,127.44791473765432
frame_02366.jpg,1761.654563587377,129.6761053240741
frame_02367.jpg,1699.6376422831133,132.91516203703705
frame_02368.jpg,1665.3340696921202,135.57173418209877
frame_02369.jpg,1600.069830642357,132.00795717592592
frame_02370.jpg,1703.8936434898822,133.8735763888889
frame_02371.jpg,1533.5538811594433,135.15588927469136
frame_02372.jpg,1548.7348897562151,132.43199652777778
frame_02373.jpg,1505.2692394965243,133.10998070987654
frame_02374.jpg,1497.0874775191323,134.56145640432098
frame_02375.jpg,1519.2376085012845,134.93136188271606
frame_02376.jpg,1630.093180067494,134.48247299382717
frame_02377.jpg,1583.3597202717726,132.92429783950618
frame_02378.jpg,1504.1898557077186,124.55581983024692
frame_02379.jpg,1430.4088533402721,122.82565393518519
frame_02380.jpg,1482.8970342134746,121.46649884259259
frame_02381.jpg,1485.7795993800037,124.36101466049382
frame_02382.jpg,1537.0459702849896,123.15606674382715
frame_02383.jpg,1509.9335420453106,124.18568287037037
frame_02384.jpg,1511.1327856869925,126.5155574845679
frame_02385.jpg,1538.52061339443,127.04713155864198
frame_02386.jpg,1405.9034901614973,126.47088541666666
frame_02387.jpg,1378.72683973515,125.49470486111112
frame_02388.jpg,1426.5017646435215,127.02196180555555
frame_02389.jpg,1386.768558159689,126.12343942901235
frame_02390.jpg,1400.260763854595,125.24176697530864
frame_02391.jpg,1411.9598205455552,126.58407021604938
frame_02392.jpg,1453.2432516807376,125.82445408950618
frame_02393.jpg,1564.7996043195437,126.62452160493827
frame_02394.jpg,1595.134004740514,128.56128665123458
frame_02395.jpg,1530.4846932439323,129.15625
frame_02396.jpg,1555.3647438485345,128.6441936728395
frame_02397.jpg,1548.4825675353438,128.9291049382716
frame_02398.jpg,1618.0499549610736,129.20151813271605
frame_02399.jpg,1559.4156942994662,131.8365239197531
frame_02400.jpg,1591.4271735953005,133.52692322530865
frame_02401.jpg,1525.0544549702877,130.41847222222222
frame_02402.jpg,1584.5955568754853,129.73897183641975
frame_02403.jpg,1608.4998187207632,131.01220100308643
frame_02404.jpg,1763.5142731384876,131.08508680555556
frame_02405.jpg,1721.3579703872783,131.3829436728395
frame_02406.jpg,1842.5119393791463,130.10527970679013
frame_02407.jpg,1779.341901229746,131.8876176697531
frame_02408.jpg,1646.5099007505253,131.41430169753087
frame_02409.jpg,1758.1403105061513,130.8634375
frame_02410.jpg,1705.695815950729,130.7104938271605
frame_02411.jpg,1703.7628904641153,130.16146412037037
frame_02412.jpg,1694.764898466733,130.36821566358026
frame_02413.jpg,1761.1816217263352,131.87466435185186
frame_02414.jpg,1663.6600203582211,134.92613425925927
frame_02415.jpg,1670.3654709761631,138.14971643518518
frame_02416.jpg,1697.714052092249,139.99932291666667
frame_02417.jpg,1687.4701633736477,143.6735898919753
frame_02418.jpg,1654.9056982395828,145.36240933641974
frame_02419.jpg,1629.4100552644027,145.4764236111111
frame_02420.jpg,1642.1667609339129,145.29008294753086
frame_02421.jpg,1640.9699047029803,145.50890046296297
frame_02422.jpg,1671.2920345958503,145.69171296296295
frame_02423.jpg,1677.0516896475747,146.23291280864197
frame_02424.jpg,1652.043479858953,146.6264949845679
frame_02425.jpg,1728.7448441485694,145.48737847222222
frame_02426.jpg,1694.2191630636996,145.46880208333334
frame_02427.jpg,1730.1425209294828,144.42013695987654
frame_02428.jpg,1764.9630661450256,143.5162075617284
frame_02429.jpg,1628.894045186519,141.67892361111112
frame_02430.jpg,1701.0275713627245,139.3053973765432
frame_02431.jpg,1755.5810281634876,142.6853047839506
frame_02432.jpg,1755.3417328851906,140.78188464506172
frame_02433.jpg,1673.842750127648,142.08607060185184
frame_02434.jpg,1672.6175933691848,141.67387152777778
frame_02435.jpg,1807.8809894993703,139.68718171296297
frame_02436.jpg,1756.3987803091559,139.42071180555556
frame_02437.jpg,1609.9808759855675,140.70652970679012
frame_02438.jpg,1756.3798720078871,141.41135416666665
frame_02439.jpg,1566.4913574013194,139.74013695987654
frame_02440.jpg,1507.6795001205294,136.33343942901234
frame_02441.jpg,1459.7169258062509,136.25634837962963
frame_02442.jpg,1594.498941712331,137.7515625
frame_02443.jpg,1639.4185763883534,139.54760223765433
frame_02444.jpg,1631.6224081093499,138.19853587962962
frame_02445.jpg,1597.8415834458551,138.0196277006173
frame_02446.jpg,1659.0115488855456,136.74449459876544
frame_02447.jpg,1661.1114996295428,136.28448302469135
frame_02448.jpg,1481.5728991992771,137.84806712962964
frame_02449.jpg,1443.355050022802,140.11791473765433
frame_02450.jpg,1509.0658538922594,138.42057291666666
frame_02451.jpg,1580.3061347736036,126.34298611111112
